<?xml version="1.0" encoding="UTF-8"?>
<window type="dialog" id="1999">
  <defaultcontrol>8000</defaultcontrol>
  <include>OpenClose_Animation</include>
  <coordinates>
    <origin x="160" y="175"/>
  </coordinates>
  <controls>
    <control type="image">
      <left>-1920</left>
      <top>-1080</top>
      <width>5760</width>
      <height>3240</height>
      <animation effect="fade" start="0" end="100" time="300">WindowOpen</animation>
      <animation effect="fade" start="100" end="0" time="200">WindowClose</animation>
      <texture colordiffuse="B0FFFFFF">colors/black.png</texture>
    </control>
    <control type="button">
      <left>-1920</left>
      <top>-1080</top>
      <width>5760</width>
      <height>3240</height>
      <texturefocus/>
      <texturenofocus/>
      <onclick>Action(close)</onclick>
    </control>
    <include content="DialogBackgroundCommons">
      <param name="width" value="1600"/>
      <param name="height" value="810"/>
      <param name="header_label" value="Happy Xmas 2021!"/>
      <param name="header_id" value="999"/>
    </include>
    <control type="group">
      <top>130</top>
      <width>1600</width>
      <height>70</height>
      <centerleft>50%</centerleft>
      <control type="group">
        <width>394</width>
        <height>540</height>
        <control type="image">
          <top>0</top>
          <left>20</left>
          <width>100%</width>
          <height>100%</height>
          <texture background="true">special://skin/extras/home-images/xmas-tree.png</texture>
          <visible>true</visible>
        </control>
      </control>
      <control type="textbox">
        <label>$LOCALIZE[31424]</label>
        <left>700</left>
        <width>390</width>
        <height>390</height>
        <align>center</align>
      </control>
      <control type="button" id="8000">
        <top>540</top>
        <left>700</left>
        <width>400</width>
        <height>70</height>
        <align>center</align>
        <label>$LOCALIZE[31425]</label>
        <texturefocus border="20" colordiffuse="$VAR[ColorHighlight]">common/box.png</texturefocus>
        <texturenofocus/>
        <onclick>Skin.SetString(xmasmode,1)</onclick>
        <onclick>Dialog.Close(1999)</onclick>
      </control>
    </control>
    <control type="button" id="1000">
      <description>button template</description>
      <left>0</left>
      <width>312</width>
      <height>70</height>
      <align>left</align>
      <texturefocus/>
      <texturenofocus/>
    </control>
  </controls>
</window>
