<?xml version="1.0" encoding="UTF-8"?>
<window>
  <defaultcontrol always="true">21</defaultcontrol>
  <include>OpenClose_Animation</include>
  <controls>
    <control type="group">
      <centertop>50%</centertop>
      <height>660</height>
      <centerleft>50%</centerleft>
      <width>545</width>
      <include content="DialogBackgroundCommons">
        <param name="width" value="545"/>
        <param name="height" value="660"/>
        <param name="header_label" value="$LOCALIZE[31161]"/>
        <param name="header_id" value=""/>
      </include>
      <control type="image">
        <left>72</left>
        <top>166</top>
        <width>389</width>
        <height>60</height>
        <texture colordiffuse="32FFFFFF" border="5">common/box.png</texture>
      </control>
      <control type="label" id="4">
        <description>Edit Text</description>
        <left>62</left>
        <top>155</top>
        <width>389</width>
        <height>80</height>
        <font>font37</font>
        <align>center</align>
        <aligny>center</aligny>
      </control>
      <control type="textbox" id="1">
        <left>20</left>
        <top>80</top>
        <width>505</width>
        <height>90</height>
        <textcolor>$VAR[ColorHighlight]</textcolor>
        <align>center</align>
        <aligny>center</aligny>
      </control>
      <control type="group">
        <left>70</left>
        <top>254</top>
        <control type="button" id="11">
          <description>1 button</description>
          <left>0</left>
          <top>0</top>
          <width>96</width>
          <height>90</height>
          <include>KeyboardButton</include>
          <label>12311</label>
          <onleft>23</onleft>
          <onright>12</onright>
          <onup>20</onup>
          <ondown>14</ondown>
        </control>
        <control type="button" id="12">
          <description>2 button</description>
          <left>102</left>
          <top>0</top>
          <width>96</width>
          <height>90</height>
          <include>KeyboardButton</include>
          <label>12312</label>
          <onleft>11</onleft>
          <onright>13</onright>
          <onup>10</onup>
          <ondown>15</ondown>
        </control>
        <control type="button" id="13">
          <description>3 button</description>
          <left>204</left>
          <top>0</top>
          <width>96</width>
          <height>90</height>
          <include>KeyboardButton</include>
          <label>12313</label>
          <onleft>12</onleft>
          <onright>23</onright>
          <onup>22</onup>
          <ondown>16</ondown>
        </control>
        <control type="button" id="23">
          <description>Backspace button</description>
          <left>306</left>
          <top>0</top>
          <width>90</width>
          <height>186</height>
          <include>KeyboardButton</include>
          <textwidth>180</textwidth>
          <label>20181</label>
          <angle>270</angle>
          <onleft>13</onleft>
          <onright>11</onright>
          <onup>21</onup>
          <ondown>21</ondown>
        </control>
        <control type="button" id="14">
          <description>4 button</description>
          <left>0</left>
          <top>96</top>
          <width>96</width>
          <height>90</height>
          <include>KeyboardButton</include>
          <label>12314</label>
          <onleft>23</onleft>
          <onright>15</onright>
          <onup>11</onup>
          <ondown>17</ondown>
        </control>
        <control type="button" id="15">
          <description>5 button</description>
          <left>102</left>
          <top>96</top>
          <width>96</width>
          <height>90</height>
          <include>KeyboardButton</include>
          <label>12315</label>
          <onleft>14</onleft>
          <onright>16</onright>
          <onup>12</onup>
          <ondown>18</ondown>
        </control>
        <control type="button" id="16">
          <description>6 button</description>
          <left>204</left>
          <top>96</top>
          <width>96</width>
          <height>90</height>
          <include>KeyboardButton</include>
          <label>12316</label>
          <onleft>15</onleft>
          <onright>23</onright>
          <onup>13</onup>
          <ondown>19</ondown>
        </control>
        <control type="button" id="17">
          <description>7 button</description>
          <left>0</left>
          <top>192</top>
          <width>96</width>
          <height>90</height>
          <include>KeyboardButton</include>
          <label>12317</label>
          <onleft>21</onleft>
          <onright>18</onright>
          <onup>14</onup>
          <ondown>20</ondown>
        </control>
        <control type="button" id="18">
          <description>8 button</description>
          <left>102</left>
          <top>192</top>
          <width>96</width>
          <height>90</height>
          <include>KeyboardButton</include>
          <label>12318</label>
          <onleft>17</onleft>
          <onright>19</onright>
          <onup>15</onup>
          <ondown>10</ondown>
        </control>
        <control type="button" id="19">
          <description>9 button</description>
          <left>204</left>
          <top>192</top>
          <width>96</width>
          <height>90</height>
          <include>KeyboardButton</include>
          <label>12319</label>
          <onleft>18</onleft>
          <onright>21</onright>
          <onup>16</onup>
          <ondown>22</ondown>
        </control>
        <control type="button" id="21">
          <description>Done button</description>
          <left>306</left>
          <top>192</top>
          <width>90</width>
          <height>186</height>
          <include>KeyboardButton</include>
          <textwidth>180</textwidth>
          <label>20177</label>
          <angle>270</angle>
          <onleft>19</onleft>
          <onright>17</onright>
          <onup>23</onup>
          <ondown>23</ondown>
        </control>
        <control type="button" id="20">
          <description>prev button</description>
          <left>0</left>
          <top>288</top>
          <width>96</width>
          <height>90</height>
          <label>&lt;</label>
          <include>KeyboardButton</include>
          <onleft>21</onleft>
          <onright>10</onright>
          <onup>17</onup>
          <ondown>11</ondown>
        </control>
        <control type="button" id="10">
          <description>0 button</description>
          <left>102</left>
          <top>288</top>
          <width>96</width>
          <height>90</height>
          <include>KeyboardButton</include>
          <label>12310</label>
          <onleft>20</onleft>
          <onright>22</onright>
          <onup>18</onup>
          <ondown>12</ondown>
        </control>
        <control type="button" id="22">
          <description>next button</description>
          <left>204</left>
          <top>288</top>
          <width>96</width>
          <height>90</height>
          <label>&gt;</label>
          <include>KeyboardButton</include>
          <onleft>10</onleft>
          <onright>21</onright>
          <onup>19</onup>
          <ondown>13</ondown>
        </control>
      </control>
    </control>
  </controls>
</window>
