<?xml version="1.0" encoding="utf-8"?>
<window>
  <defaultcontrol always="true">9000</defaultcontrol>
  <backgroundcolor>Background</backgroundcolor>
  <include>OpenClose_Animation</include>
  <controls>
    <include>DefaultBackground</include>
    <control type="multiimage">
      <include>FullScreenDimensions</include>
      <aspectratio>scale</aspectratio>
      <fadetime>600</fadetime>
      <animation effect="zoom" center="auto" end="102,102" time="0" condition="Integer.IsGreater(System.StereoscopicMode,0)">conditional</animation>
      <animation effect="fade" start="0" end="100" time="400">WindowOpen</animation>
      <animation effect="fade" start="100" end="0" time="300">WindowClose</animation>
      <animation effect="fade" time="400">VisibleChange</animation>
      <imagepath background="true" colordiffuse="30FFFFFF">$INFO[Skin.String(HomeFanart.path)]settings$INFO[Skin.String(HomeFanart.ext)]</imagepath>
      <visible>!Player.HasMedia + !String.IsEmpty(Skin.String(HomeFanart.path))</visible>
    </control>
    <control type="group">
      <width>1400</width>
      <height>833</height>
      <left>260</left>
      <top>100</top>
      <control type="image">
        <texture colordiffuse="dialog_bg_100" border="5">common/box.png</texture>
        <bordertexture border="24">common/shadow-dialog-24.png</bordertexture>
        <bordersize>24</bordersize>
        <width>1500</width>
        <height>900</height>
        <top>-20</top>
        <left>-50</left>
      </control>
      <control type="label">
        <top>30</top>
        <left>10</left>
        <label>$LOCALIZE[10034]</label>
        <include>BreadcrumbsLabel</include>
      </control>
      <control type="image">
        <description>Dialog Header image</description>
        <left>490</left>
        <top>135</top>
        <right>0</right>
        <width>3</width>
        <height>600</height>
        <texture colordiffuse="$VAR[ColorHighlight]" border="2">common/separator-grey-vertical.png</texture>
      </control>
      <control type="group" id="9100">
        <left>472</left>
        <control type="panel" id="2">
          <top>148</top>
          <left>30</left>
          <visible>Container(9000).Hasfocus(2)</visible>
          <right>0</right>
          <bottom>137</bottom>
          <onleft>9000</onleft>
          <onright>9000</onright>
          <onup>2</onup>
          <ondown>2</ondown>
          <scrolltime>200</scrolltime>
          <itemlayout height="390" width="354">
            <control type="image">
              <top>5</top>
              <width>320</width>
              <height>380</height>
              <texture>dialogs/dialog-bg-nobo.png</texture>
              <bordertexture border="21">overlays/shadow.png</bordertexture>
              <bordersize>20</bordersize>
            </control>
            <control type="image">
              <left>51</left>
              <top>38</top>
              <width>215</width>
              <height>215</height>
              <aspectratio>scale</aspectratio>
              <texture fallback="DefaultUser.png">$INFO[Listitem.Icon]</texture>
            </control>
            <control type="label">
              <left>10</left>
              <top>255</top>
              <width>305</width>
              <height>100</height>
              <align>center</align>
              <aligny>top</aligny>
              <label>$INFO[ListItem.Label]</label>
            </control>
            <control type="label">
              <left>10</left>
              <top>290</top>
              <width>305</width>
              <height>100</height>
              <font>font_tiny10</font>
              <align>center</align>
              <aligny>top</aligny>
              <label>$LOCALIZE[31029]:</label>
              <visible>!String.IsEqual(Listitem.Label,$LOCALIZE[20058])</visible>
            </control>
            <control type="label">
              <left>10</left>
              <top>321</top>
              <width>305</width>
              <height>100</height>
              <font>font_tiny10</font>
              <align>center</align>
              <aligny>top</aligny>
              <label fallback="13170">$INFO[ListItem.Label2]</label>
              <visible>!String.Contains(Listitem.Label,$LOCALIZE[20058])</visible>
            </control>
          </itemlayout>
          <focusedlayout height="390" width="354">
            <control type="group">
              <animation effect="zoom" start="100" end="105" time="200" tween="sine" easing="inout" center="160,190">Focus</animation>
              <animation effect="zoom" start="105" end="100" time="200" tween="sine" easing="inout" center="160,190">UnFocus</animation>
              <control type="image">
                <top>5</top>
                <width>320</width>
                <height>380</height>
                <texture>dialogs/dialog-bg-nobo.png</texture>
                <bordertexture border="21">overlays/shadow.png</bordertexture>
                <bordersize>20</bordersize>
              </control>
              <control type="group">
                <top>5</top>
                <width>320</width>
                <height>380</height>
                <bordersize>20</bordersize>
                <include>Animation_FocusTextureFade</include>
                <control type="image">
                  <texture colordiffuse="$VAR[ColorHighlight]" border="5">common/white.png</texture>
                </control>
                <control type="image">
                  <texture colordiffuse="$VAR[ColorGradient]" border="5">common/white-gradient.png</texture>
                </control>
              </control>
              <control type="image">
                <left>51</left>
                <top>38</top>
                <width>215</width>
                <height>215</height>
                <aspectratio>scale</aspectratio>
                <texture fallback="DefaultUser.png">$INFO[Listitem.Icon]</texture>
              </control>
              <control type="label">
                <left>10</left>
                <top>255</top>
                <width>305</width>
                <height>100</height>
                <align>center</align>
                <aligny>top</aligny>
                <label>$INFO[ListItem.Label]</label>
              </control>
              <control type="label">
                <left>10</left>
                <top>290</top>
                <width>305</width>
                <height>100</height>
                <font>font_tiny10</font>
                <align>center</align>
                <aligny>top</aligny>
                <label>$LOCALIZE[31029]:</label>
                <visible>!String.Contains(Listitem.Label,$LOCALIZE[20058])</visible>
              </control>
              <control type="label">
                <left>10</left>
                <top>321</top>
                <width>305</width>
                <height>100</height>
                <font>font_tiny10</font>
                <align>center</align>
                <aligny>top</aligny>
                <label fallback="13170">$INFO[ListItem.Label2]</label>
                <visible>!String.Contains(Listitem.Label,$LOCALIZE[20058])</visible>
              </control>
            </control>
          </focusedlayout>
        </control>
        <include content="DefaultSettingButtonGradient">
          <param name="id" value="9001"/>
          <top>163</top>
          <height>80</height>
          <width>910</width>
          <right>0</right>
          <visible>ControlGroup(9001).HasFocus()</visible>
        </include>
        <control type="grouplist" id="9001">
          <visible>Container(9000).Hasfocus(1)</visible>
          <right>0</right>
          <height>735</height>
          <top>163</top>
          <onleft>9000</onleft>
          <onright>9000</onright>
          <onup>9001</onup>
          <ondown>9001</ondown>
          <control type="radiobutton" id="4">
            <label>$LOCALIZE[31057]</label>
            <include>DefaultSettingButton</include>
          </control>
          <control type="button" id="5">
            <label>$LOCALIZE[31058]</label>
            <label2>[B]$INFO[System.ProfileAutoLogin][/B]</label2>
            <include>DefaultSettingButton</include>
            <enable>!Window.IsVisible(ProfileSettings) + !System.HasLoginScreen</enable>
          </control>
        </control>
      </control>
      <control type="group">
        <control type="list" id="9000">
          <left>0</left>
          <top>130</top>
          <width>470</width>
          <height>567</height>
          <onleft>9100</onleft>
          <onright>9100</onright>
          <onup>9000</onup>
          <ondown>9000</ondown>
          <scrolltime>300</scrolltime>
          <itemlayout height="85" width="470">
            <control type="label">
              <left>30</left>
              <right>30</right>
              <bottom>0</bottom>
              <label>$INFO[ListItem.Label]</label>
              <font>font37</font>
              <aligny>center</aligny>
            </control>
          </itemlayout>
          <focusedlayout height="85" width="470">
            <control type="group">
              <right>0</right>
              <bottom>0</bottom>
              <control type="image">
                <texture colordiffuse="$VAR[ColorHighlight]" border="10">common/white.png</texture>
              </control>
              <control type="image">
                <texture colordiffuse="$VAR[ColorGradient]" border="10">common/white-gradient.png</texture>
              </control>
              <animation effect="fade" start="100" end="50" time="40" condition="!Control.HasFocus(9000)">Conditional</animation>
            </control>
            <control type="label">
              <left>30</left>
              <right>30</right>
              <bottom>0</bottom>
              <label>$INFO[ListItem.Label]</label>
              <font>font37</font>
              <aligny>center</aligny>
            </control>
          </focusedlayout>
          <content>
            <item id="1">
              <label>$LOCALIZE[128]</label>
              <onclick>noop</onclick>
              <icon/>
            </item>
            <item id="2">
              <label>$LOCALIZE[13200]</label>
              <onclick>noop</onclick>
              <icon/>
            </item>
          </content>
        </control>
      </control>
    </control>
    <include content="TopBar">
      <!-- <param name="breadcrumbs_label" value="$LOCALIZE[10034]" /> -->
    </include>
    <include>BottomBar</include>
  </controls>
</window>
