<?xml version="1.0" encoding="UTF-8"?>
<includes>
  <include name="View_503_NowPlaying">
    <control type="group">
      <left>596</left>
      <visible>Control.IsVisible(503)</visible>
      <control type="fixedlist" id="503">
        <left>0</left>
        <right>594</right>
        <top>list_y_offset</top>
        <bottom>list_y_offset</bottom>
        <movement>3</movement>
        <focusposition>4</focusposition>
        <scrolltime tween="cubic" easing="out">500</scrolltime>
        <orientation>vertical</orientation>
        <pagecontrol>60</pagecontrol>
        <onright>SetFocus(9000)</onright>
        <onleft>60</onleft>
        <onup>503</onup>
        <ondown>503</ondown>
        <viewtype label="$LOCALIZE[31000]">list</viewtype>
        <include content="View_Forced">
          <param name="string" value="$LOCALIZE[31000]"/>
        </include>
        <focusedlayout height="list_item_height">
          <control type="group">
            <left>0</left>
            <right>0</right>
            <top>0</top>
            <bottom>0</bottom>
            <control type="image">
              <texture colordiffuse="$VAR[ColorHighlight]" border="10">common/box.png</texture>
            </control>
            <control type="image">
              <texture colordiffuse="$VAR[ColorGradient]" border="10">common/box-gradient.png</texture>
            </control>
            <visible>Control.HasFocus(503)</visible>
          </control>
          <control type="label">
            <left>130</left>
            <right>70</right>
            <top>0</top>
            <bottom>0</bottom>
            <aligny>center</aligny>
            <scroll>true</scroll>
            <font>font27</font>
            <textcolor>white</textcolor>
            <label>$INFO[ListItem.Year]</label>
          </control>
          <control type="label">
            <left>240</left>
            <right>70</right>
            <top>0</top>
            <bottom>0</bottom>
            <aligny>center</aligny>
            <font>font27</font>
            <textcolor>white</textcolor>
            <label>$VAR[ListLabelVarExtended]</label>
          </control>
          <control type="label">
            <top>0</top>
            <bottom>0</bottom>
            <left>100</left>
            <right>20</right>
            <align>right</align>
            <aligny>center</aligny>
            <font>font12</font>
            <textcolor>white</textcolor>
            <label>$VAR[ListLabel2Var]</label>
            <animation effect="fade" start="70" end="100" time="300" reversible="false">Focus</animation>
          </control>
          <control type="image">
            <left>201</left>
            <centertop>50%</centertop>
            <width>32</width>
            <height>32</height>
            <texture>$VAR[ListWatchedIconVar]</texture>
            <animation effect="fade" start="30" end="100" time="300" reversible="false">Focus</animation>
          </control>
          <control type="image">
            <left>201</left>
            <centertop>50%</centertop>
            <width>32</width>
            <height>32</height>
            <texture colordiffuse="$VAR[ColorHighlight]">$VAR[ListWatchedIconVar]</texture>
            <animation effect="fade" start="0" end="100" time="300" reversible="false">Focus</animation>
            <animation effect="fade" time="150">VisibleChange</animation>
            <visible>!Control.HasFocus(503)</visible>
          </control>
        </focusedlayout>
        <itemlayout height="list_item_height">
          <control type="label">
            <left>130</left>
            <right>70</right>
            <top>0</top>
            <bottom>0</bottom>
            <aligny>center</aligny>
            <scroll>true</scroll>
            <font>font27</font>
            <textcolor>b3ededed</textcolor>
            <label>$INFO[ListItem.Year]</label>
          </control>
          <control type="label">
            <left>240</left>
            <right>70</right>
            <top>0</top>
            <bottom>0</bottom>
            <aligny>center</aligny>
            <font>font27</font>
            <textcolor>b3ededed</textcolor>
            <label>$VAR[ListLabelVarExtended]</label>
          </control>
          <control type="label">
            <left>20</left>
            <right>20</right>
            <top>0</top>
            <bottom>0</bottom>
            <align>right</align>
            <aligny>center</aligny>
            <font>font12</font>
            <textcolor>b3ededed</textcolor>
            <label>$VAR[ListLabel2Var]</label>
          </control>
          <control type="image">
            <left>201</left>
            <centertop>50%</centertop>
            <width>32</width>
            <height>32</height>
            <texture colordiffuse="white">$VAR[ListWatchedIconVar]</texture>
          </control>
        </itemlayout>
      </control>
      <include content="Object_Scrollbar_Vert">
        <param name="visible" value="Control.IsVisible(50)" />
        <param name="left" value="0"/>
      </include>
      <control type="group">
        <control type="group">
          <right>-20</right>
          <width>634</width>
          <include content="ContentPanel">
            <param name="left" value="0"/>
            <param name="top" value="-20"/>
            <param name="width" value="656"/>
            <param name="flipx" value="true"/>
          </include>
          <include content="RightListPanel">
            <param name="list_id" value="503"/>
          </include>
        </control>
      </control>
    </control>
  </include>
</includes>
