<?xml version="1.0" encoding="UTF-8"?>
<window type="window" id="1112">
    <defaultcontrol always="true">9099</defaultcontrol>
    <onload>SetProperty(BackgroundStyle,$INFO[Skin.String(BackgroundStyle)])</onload>
    <onload>SetProperty(ForegroundStyle,$INFO[Skin.String(ForegroundStyle)])</onload>

    <onunload condition="!String.IsEqual(Window.Property(BackgroundStyle),Skin.String(BackgroundStyle)) | !String.IsEqual(Window.Property(ForegroundStyle),Skin.String(ForegroundStyle))">AlarmClock(reloadskin,ReloadSkin(),00:01,silent)</onunload>

    <controls>
        <include>Background_Main</include>
        <include>Object_Overlay</include>
        <include content="Dialog_Background">
            <include>Animation_SlideIn_Dialog</include>
            <include>Dimension_Info</include>
            <include>Dialog_Overlay_Buttons</include>
            <!-- Left Options -->
            <control type="group">
                <top>0</top>
                <bottom>grid_x04</bottom>
                <width>680</width>
                <control type="grouplist" id="7000">
                    <onright>8000</onright>
                    <include content="Dialog_Settings_Label">
                        <param name="id" value="7900" />
                        <param name="control" value="label" />
                        <label>$LOCALIZE[33068] / $LOCALIZE[31040] $LOCALIZE[39123]</label>
                    </include>
                    <include content="Dialog_Settings_Button">
                        <param name="id" value="7001" />
                        <param name="control" value="radiobutton" />
                        <label>$LOCALIZE[16018]</label>
                        <label2>        $LOCALIZE[31038]        </label2>
                        <onclick>Skin.Reset(TMDbHelper.EnableBlur)</onclick>
                        <onclick>Skin.SetString(BackgroundStyle,None)</onclick>
                        <selected>Skin.String(BackgroundStyle,None)</selected>
                    </include>
                    <include content="Dialog_Settings_Button">
                        <param name="id" value="7002" />
                        <param name="control" value="radiobutton" />
                        <label>$LOCALIZE[31326]</label>
                        <label2>        $LOCALIZE[31038]        </label2>
                        <onclick>Skin.Reset(TMDbHelper.EnableBlur)</onclick>
                        <onclick>Skin.SetString(BackgroundStyle,Image)</onclick>
                        <selected>Skin.String(BackgroundStyle,Image)</selected>
                    </include>
                    <include content="Dialog_Settings_Button">
                        <param name="id" value="7003" />
                        <param name="control" value="radiobutton" />
                        <label>$LOCALIZE[20445]</label>
                        <label2>        $LOCALIZE[31036]        </label2>
                        <onclick>Skin.Reset(TMDbHelper.EnableBlur)</onclick>
                        <onclick>Skin.SetString(BackgroundStyle,Fanart)</onclick>
                        <selected>Skin.String(BackgroundStyle,Fanart)</selected>
                    </include>
                    <include content="Dialog_Settings_Button">
                        <param name="id" value="7004" />
                        <param name="control" value="radiobutton" />
                        <label>$LOCALIZE[31009]</label>
                        <label2>        $LOCALIZE[31037]        </label2>
                        <onclick>Skin.SetBool(TMDbHelper.EnableBlur)</onclick>
                        <onclick>Skin.SetString(BackgroundStyle,Blur)</onclick>
                        <selected>Skin.String(BackgroundStyle,Blur)</selected>
                    </include>
                    <control type="group" id="7901">
                        <height>40</height>
                        <control type="image">
                            <height>1</height>
                            <centertop>50%</centertop>
                            <texture colordiffuse="dialog_fg_12">common/white.png</texture>
                            <left>40</left>
                            <right>40</right>
                        </control>
                    </control>
                    <include content="Dialog_Settings_Button">
                        <param name="id" value="7006" />
                        <param name="control" value="radiobutton" />
                        <label>$LOCALIZE[16018]</label>
                        <label2>        $LOCALIZE[31038]        </label2>
                        <onclick>Skin.SetString(ForegroundStyle,None)</onclick>
                        <selected>Skin.String(ForegroundStyle,None)</selected>
                        <enable>!Skin.String(BackgroundStyle,Fanart)</enable>
                    </include>
                    <include content="Dialog_Settings_Button">
                        <param name="id" value="7007" />
                        <param name="control" value="radiobutton" />
                        <label>$LOCALIZE[31010]</label>
                        <label2>        $LOCALIZE[31036]        </label2>
                        <onclick>Skin.SetString(ForegroundStyle,ClearArt)</onclick>
                        <selected>Skin.String(ForegroundStyle,ClearArt)</selected>
                        <enable>!Skin.String(BackgroundStyle,Fanart)</enable>
                    </include>
                    <include content="Dialog_Settings_Button">
                        <param name="id" value="7008" />
                        <param name="control" value="radiobutton" />
                        <label>$LOCALIZE[31041]</label>
                        <label2>        $LOCALIZE[31165]        </label2>
                        <onclick>Skin.SetString(ForegroundStyle,FlixArt)</onclick>
                        <selected>Skin.String(ForegroundStyle,FlixArt)</selected>
                        <enable>!Skin.String(BackgroundStyle,Fanart)</enable>
                    </include>
                    <include content="Dialog_Settings_Button">
                        <param name="id" value="7009" />
                        <param name="control" value="radiobutton" />
                        <label>$LOCALIZE[31012]</label>
                        <label2>        $LOCALIZE[31165]        </label2>
                        <onclick>Skin.SetString(ForegroundStyle,KeyArt)</onclick>
                        <selected>Skin.String(ForegroundStyle,KeyArt)</selected>
                        <enable>!Skin.String(BackgroundStyle,Fanart)</enable>
                    </include>
                </control>
            </control>

            <!-- Middle Options -->
            <control type="group">
                <left>680</left>
                <include content="Object_Separator">
                    <top>40</top>
                    <bottom>40</bottom>
                </include>
                <control type="group">
                    <top>0</top>
                    <bottom>grid_x04</bottom>
                    <right>dialog_buttongroup_w</right>
                    <control type="grouplist" id="8000">
                        <onleft>7000</onleft>
                        <onright>9000</onright>
                        <include content="Dialog_Settings_Label">
                            <param name="id" value="8901" />
                            <param name="control" value="label" />
                            <label>$LOCALIZE[33063]</label>
                        </include>
                        <include content="Dialog_Settings_Button">
                            <param name="id" value="8001" />
                            <param name="control" value="radiobutton" />
                            <label>$LOCALIZE[31126]</label>
                            <label2>        $LOCALIZE[31038]        </label2>
                            <onclick>Skin.Reset(TMDbHelper.EnableCrop)</onclick>
                            <onclick>Skin.SetBool(UseLightFont)</onclick>
                            <selected>!Skin.HasSetting(TMDbHelper.EnableCrop) + Skin.HasSetting(UseLightFont)</selected>
                        </include>
                        <include content="Dialog_Settings_Button">
                            <param name="id" value="8003" />
                            <param name="control" value="radiobutton" />
                            <label>$LOCALIZE[31127]</label>
                            <label2>        $LOCALIZE[31038]        </label2>
                            <onclick>Skin.Reset(TMDbHelper.EnableCrop)</onclick>
                            <onclick>Skin.Reset(UseLightFont)</onclick>
                            <selected>!Skin.HasSetting(TMDbHelper.EnableCrop) + !Skin.HasSetting(UseLightFont)</selected>
                        </include>
                        <include content="Dialog_Settings_Button">
                            <param name="id" value="8002" />
                            <param name="control" value="radiobutton" />
                            <label>$LOCALIZE[31014]</label>
                            <label2>        $LOCALIZE[31037]        </label2>
                            <onclick>Skin.SetBool(TMDbHelper.EnableCrop)</onclick>
                            <selected>Skin.HasSetting(TMDbHelper.EnableCrop)</selected>
                        </include>
                        <control type="group" id="8903">
                            <top>0</top>
                            <height>40</height>
                            <control type="image">
                                <height>1</height>
                                <centertop>50%</centertop>
                                <texture colordiffuse="dialog_fg_12">common/white.png</texture>
                                <left>40</left>
                                <right>40</right>
                            </control>
                        </control>
                        <include content="Dialog_Settings_Button" description="Wrap long titles">
                            <param name="id" value="8025" />
                            <param name="control" value="radiobutton" />
                            <label>$LOCALIZE[31340]</label>
                            <onclick>Skin.ToggleSetting(Titles.EnableWrapping)</onclick>
                            <selected>Skin.HasSetting(Titles.EnableWrapping)</selected>
                        </include>
                        <include content="Dialog_Settings_Button" description="Simple background (information)">
                            <param name="id" value="8021" />
                            <param name="control" value="radiobutton" />
                            <label>$LOCALIZE[31176] ([LOWERCASE]$LOCALIZE[19033][/LOWERCASE])</label>
                            <onclick>Skin.ToggleSetting(Info.EnableSimpleBackground)</onclick>
                            <selected>Skin.HasSetting(Info.EnableSimpleBackground)</selected>
                        </include>
                        <include content="Dialog_Settings_Button" description="Simple background (standard widgets)">
                            <param name="id" value="8022" />
                            <param name="control" value="radiobutton" />
                            <label>$LOCALIZE[31176] ([LOWERCASE]$LOCALIZE[31103][/LOWERCASE])</label>
                            <onclick>Skin.ToggleSetting(Widgets.DisableSimpleBackground)</onclick>
                            <selected>!Skin.HasSetting(Widgets.DisableSimpleBackground)</selected>
                        </include>
                        <include content="Dialog_Settings_Button" description="Simple background (expanded widgets)">
                            <param name="id" value="8023" />
                            <param name="control" value="radiobutton" />
                            <label>$LOCALIZE[31176] ([LOWERCASE]$LOCALIZE[31327][/LOWERCASE])</label>
                            <onclick>Skin.ToggleSetting(Widgets.DisableExpandedBackground)</onclick>
                            <selected>Skin.HasSetting(Widgets.DisableExpandedBackground) + !Skin.HasSetting(Widgets.DisableSimpleBackground)</selected>
                            <enable>!Skin.HasSetting(Widgets.DisableSimpleBackground)</enable>
                        </include>
                        <include content="Dialog_Settings_Button" description="Extra fanart">
                            <param name="id" value="8024" />
                            <param name="control" value="radiobutton" />
                            <label>$LOCALIZE[31226]</label>
                            <onclick>Skin.ToggleSetting(Background.ExtraFanart)</onclick>
                            <selected>Skin.HasSetting(Background.ExtraFanart)</selected>
                            <enable>Skin.String(BackgroundStyle,Fanart)</enable>
                        </include>

                    </control>
                </control>

            </control>

            <control type="group">
                <right>400</right>
                <visible>ControlGroup(9000).HasFocus() + !Control.HasFocus(9099) + !Control.HasFocus(9098)</visible>
                <include>Animation_FadeIn</include>
                <include>Animation_FadeOut</include>
                <control type="image">
                    <texture colordiffuse="dialog_bg_100" border="20" flipx="true">common/dialog_overlay.png</texture>
                </control>
                <control type="group">
                    <right>40</right>
                    <top>40</top>
                    <left>40</left>
                    <bottom>40</bottom>
                    <control type="image">
                        <aspectratio>scale</aspectratio>
                        <texture background="true">special://skin/extras/screenshots/blur.jpg</texture>
                    </control>
                    <control type="image">
                        <aspectratio>scale</aspectratio>
                        <fadetime>600</fadetime>
                        <texture background="true">$INFO[Window.Property(PreviewImage)]</texture>
                    </control>
                    <control type="image">
                        <include content="Dimension_Padding"><param name="pad" value="-10" /></include>
                        <texture colordiffuse="dialog_bg_100" border="20">common/selectbox.png</texture>
                    </control>
                </control>
            </control>

            <!-- Right Buttons -->
            <include content="Dialog_Group">
                <control type="group">
                    <right>0</right>
                    <width>dialog_button_w</width>


                    <control type="grouplist" id="9000">
                        <onleft>8000</onleft>
                        <itemgap>20</itemgap>
                        <top>-40</top>
                        <include content="Dialog_Settings_Label">
                            <param name="id" value="9901" />
                            <param name="control" value="label" />
                            <label>$LOCALIZE[33063]</label>
                            <textoffsetx>0</textoffsetx>
                        </include>
                        <control type="button" id="9099" description="Close">
                            <height>grid_x08</height>
                            <label>$LOCALIZE[15067]</label>
                            <onclick>Action(Close)</onclick>
                        </control>
                        <control type="button" id="9098" description="Colors">
                            <height>grid_x08</height>
                            <label>$LOCALIZE[31227]</label>
                            <onclick>ActivateWindow(1111)</onclick>
                        </control>
                        <include content="Dialog_Settings_Label">
                            <param name="id" value="9900" />
                            <param name="control" value="label" />
                            <label>$LOCALIZE[31052]</label>
                            <textoffsetx>0</textoffsetx>
                            <top>20</top>
                        </include>

                        <control type="button" id="9001" description="Classic">
                            <height>grid_x08</height>
                            <label>$LOCALIZE[31051]</label>
                            <onclick>Skin.Reset(TMDbHelper.EnableBlur)</onclick>
                            <onclick>Skin.SetString(BackgroundStyle,Fanart)</onclick>
                            <onclick>Skin.SetString(ForegroundStyle,None)</onclick>
                            <onclick>Skin.Reset(Glass.BorderOutline)</onclick>
                            <onclick>Close</onclick>
                            <onfocus>SetProperty(PreviewImage,special://skin/extras/screenshots/classic.jpg)</onfocus>
                        </control>

                        <control type="button" id="9002" description="Blur">
                            <height>grid_x08</height>
                            <label>$LOCALIZE[31009]</label>
                            <onclick>Skin.SetBool(TMDbHelper.EnableBlur)</onclick>
                            <onclick>Skin.SetString(BackgroundStyle,Blur)</onclick>
                            <onclick>Skin.SetString(ForegroundStyle,None)</onclick>
                            <onclick>Skin.Reset(Glass.BorderOutline)</onclick>
                            <onclick>Close</onclick>
                            <onfocus>SetProperty(PreviewImage,special://skin/extras/screenshots/blur.jpg)</onfocus>
                        </control>

                        <control type="button" id="9003" description="Flixart">
                            <height>grid_x08</height>
                            <label>$LOCALIZE[31041]</label>
                            <onclick>Skin.SetBool(TMDbHelper.EnableBlur)</onclick>
                            <onclick>Skin.SetString(BackgroundStyle,Blur)</onclick>
                            <onclick>Skin.SetString(ForegroundStyle,FlixArt)</onclick>
                            <onclick>Skin.Reset(Glass.BorderOutline)</onclick>
                            <onclick>Close</onclick>
                            <onfocus>SetProperty(PreviewImage,special://skin/extras/screenshots/flixart.jpg)</onfocus>
                        </control>

                        <control type="button" id="9004" description="KeyArt">
                            <height>grid_x08</height>
                            <label>$LOCALIZE[31012]</label>
                            <onclick>Skin.SetBool(TMDbHelper.EnableBlur)</onclick>
                            <onclick>Skin.SetString(BackgroundStyle,Blur)</onclick>
                            <onclick>Skin.SetString(ForegroundStyle,KeyArt)</onclick>
                            <onclick>Skin.Reset(Glass.BorderOutline)</onclick>
                            <onclick>Close</onclick>
                            <onfocus>SetProperty(PreviewImage,special://skin/extras/screenshots/keyart.jpg)</onfocus>
                        </control>

                    </control>
                </control>
            </include>

        </include>

        <include>Furniture_Top</include>
    </controls>
</window>