<?xml version="1.0" encoding="UTF-8"?>
<window type="window" id="1132">
    <defaultcontrol>4900</defaultcontrol>
    <controls>
        <include>Defs_TMDbHelper_Loader</include>
        <include>Background_ExtraFanart</include>
        <include>Background_Main</include>

        <include>skinshortcuts-template-hub-widgets</include>

        <include>Hub_Furniture</include>

        <control type="group">
            <visible>!$EXP[Exp_InfoDialogs]</visible>
            <include content="Furniture_Top_Left">
                <param name="label">$INFO[Window(Home).Property(CustomHubHeader)]</param>
            </include>
        </control>

    </controls>
</window>