<?xml version="1.0" encoding="UTF-8"?>
<window type="window" id="1130">
    <defaultcontrol>4900</defaultcontrol>
    <controls>
        <include>Defs_TMDbHelper_Loader</include>
        <include>Background_ExtraFanart</include>
        <include>Background_Main</include>

        <include content="Hub_Grouplist">

            <param name="l_window_id">1114</param>
            <param name="r_window_id">1114</param>

            <param name="mainwidget_content">special://skin/extras/playlists/RandomMovies.xsp</param>

            <param name="submenu_label">Library</param>
            <param name="submenu_content">videodb://movies/</param>

            <include content="Hub_Widget_SideStack">
                <param name="id">500</param>
                <param name="label">$LOCALIZE[535]</param>
                <param name="target">videos</param>
            </include>
            <include content="Hub_Widget_SideStack">
                <param name="id">510</param>
                <param name="label">$LOCALIZE[515]</param>
                <param name="target">videos</param>
            </include>
            <include content="Hub_Widget_SideStack">
                <param name="id">520</param>
                <param name="label">$LOCALIZE[20339]</param>
                <param name="target">videos</param>
            </include>
            <include content="Hub_Widget_SideStack">
                <param name="id">530</param>
                <param name="label">$LOCALIZE[572]</param>
                <param name="target">videos</param>
            </include>
            <include content="Hub_Widget_SideStack">
                <param name="id">540</param>
                <param name="label">$LOCALIZE[345]</param>
                <param name="target">videos</param>
            </include>
            <include content="Hub_Widget_SideStack">
                <param name="id">550</param>
                <param name="label">IMDb</param>
                <param name="target">videos</param>
            </include>
        </include>

        <include content="Widget_SideStack_NodeList">
            <param name="id">5000</param>
            <param name="nodeid">5002</param>
            <content target="videos">special://skin/extras/hub/movies/lists/</content>
        </include>
        <include content="Widget_SideStack_NodeList">
            <param name="id">5100</param>
            <param name="nodeid">5102</param>
            <content sortby="label" target="videos">videodb://movies/genres/</content>
        </include>
        <include content="Widget_SideStack_NodeList">
            <param name="id">5200</param>
            <param name="nodeid">5202</param>
            <content sortby="label" target="videos">videodb://movies/directors/</content>
        </include>
        <include content="Widget_SideStack_NodeList">
            <param name="id">5300</param>
            <param name="nodeid">5302</param>
            <content sortby="label" target="videos">videodb://movies/studios/</content>
        </include>
        <include content="Widget_SideStack_NodeList">
            <param name="id">5400</param>
            <param name="nodeid">5402</param>
            <content sortby="label" sortorder="descending" target="videos">special://skin/extras/hub/movies/years/</content>
        </include>
        <include content="Widget_SideStack_NodeList">
            <param name="id">5500</param>
            <param name="nodeid">5502</param>
            <content target="videos">special://skin/extras/hub/movies/awards/</content>
        </include>

        <include>Hub_Furniture</include>

        <control type="group">
            <visible>!$EXP[Exp_InfoDialogs]</visible>
            <include content="Furniture_Top_Left">
                <param name="label">$LOCALIZE[342]</param>
            </include>
        </control>

    </controls>
</window>