<?xml version="1.0" encoding="UTF-8"?>
<window type="dialog" id="1113">
    <defaultcontrol always="true">61</defaultcontrol>
    <onload>SetProperty(TMDbHelper.ContextMenu,1)</onload>
    <controls>
        <include>Defs_TMDbHelper_Loader</include>
        <include content="Object_Overlay">
            <param name="delay" value="300" />
        </include>
        <control type="group">
            <include content="Animation_SlideIn_Dialog">
                <param name="windowopen_delay" value="600" />
            </include>
            <include>Animation_FadeOut</include>
            <width>1440</width>
            <include>Dimension_Context</include>
            <include>Dialog_ContextMenu_Header</include>

            <!-- Poster Image -->
            <control type="group">
                <include content="Dialog_Background">
                    <param name="overlay" value="true" />
                    <param name="overlay_texture" value="$VAR[Image_ContextFanart]" />
                    <control type="group">
                        <visible>$EXP[Exp_ContextMenu_HasPoster]</visible>
                        <include content="Dialog_Context_Image">
                            <param name="diffuse" value="diffuse/poster_w435_h640.png" />
                            <param name="icon" value="$VAR[Image_ContextPoster]" />
                            <param name="right" value="925" />
                        </include>
                    </control>
                    <control type="group">
                        <visible>!$EXP[Exp_ContextMenu_HasPoster]</visible>
                        <include content="Dialog_Context_Image">
                            <param name="diffuse" value="diffuse/square_w435_h435.png" />
                            <param name="aspectratio" value="keep" />
                            <param name="icon" value="$VAR[Image_ContextPoster]" />
                            <param name="right" value="925" />
                            <param name="height">435</param>
                        </include>
                    </control>
                </include>
            </control>

            <!-- Menu -->
            <control type="group">
                <right>0</right>
                <width>925</width>
                <include content="Object_Control">
                    <param name="control" value="textbox" />
                    <top>40</top>
                    <left>40</left>
                    <bottom>20</bottom>
                    <right>40</right>
                    <align>left</align>
                    <textcolor>dialog_fg_70</textcolor>
                    <font>font_midi_plot</font>
                    <label fallback="19055">$INFO[Container(99950).ListItem.Tagline,[B]$LOCALIZE[202][/B][CR],[CR][CR]]$VAR[Label_Overlay_Plot,[B]$LOCALIZE[31028][/B][CR],]$VAR[Label_OverlayCritics]$VAR[Label_OverlayAwardsWon]$VAR[Label_OverlayAwardsNominated]</label>
                    <pagecontrol>61</pagecontrol>
                    <autoscroll delay="8000" time="4000" repeat="12000">false</autoscroll>
                </include>
                <include content="Dialog_Scrollbar">
                    <right>0</right>
                    <top>0</top>
                    <onright>Close</onright>
                    <onleft>Close</onleft>
                    <showonepage>true</showonepage>
                    <visible allowhiddenfocus="true">false</visible>
                </include>
            </control>
        </control>

    </controls>
</window>