<?xml version="1.0" encoding="UTF-8"?>
<window type="dialog">
    <defaultcontrol always="true">6</defaultcontrol>
    <controls>
        <include>Object_Overlay</include>
        <include content="Dialog_Background">
            <include>Animation_SlideIn_Dialog</include>
            <include>Dimension_DialogColors</include>
            <include>Dialog_Overlay_Buttons</include>
            <include content="Dialog_Header">
                <param name="id">9001</param>
                <label>$INFO[Control.GetLabel(1)] - $INFO[Container(6).ListItem.Label] $INFO[Container(6).ListItem.Label2]</label>
            </include>
            <include content="Dialog_Group">
                <control type="group">
                    <right>dialog_button_w</right>
                    <control type="group">
                        <right>grid_x04</right>
                        <control type="panel" id="6">
                            <pagecontrol>61</pagecontrol>
                            <onright>61</onright>
                            <viewtype label="100">icon</viewtype>
                            <itemlayout height="grid_x08" width="grid_x08">
                                <control type="image">
                                    <include content="Dimension_Padding"><param name="pad">1</param></include>
                                    <texture>common/white.png</texture>
                                    <colordiffuse>$INFO[ListItem.Label2]</colordiffuse>
                                </control>
                            </itemlayout>
                            <focusedlayout height="grid_x08" width="grid_x08">
                                <control type="image">
                                    <include content="Dimension_Padding"><param name="pad">1</param></include>
                                    <texture>common/white.png</texture>
                                    <colordiffuse>$INFO[ListItem.Label2]</colordiffuse>
                                </control>
                            </focusedlayout>
                        </control>

                        <!-- Selection Box -->
                        <control type="group">
                            <left>-30</left>
                            <top>-30</top>
                            <width>140</width>
                            <height>140</height>
                            <visible>Control.Hasfocus(6)</visible>
                            <animation effect="slide" end="0,80" condition="Container(6).Row(1)">Conditional</animation>
                            <animation effect="slide" end="0,160" condition="Container(6).Row(2)">Conditional</animation>
                            <animation effect="slide" end="0,240" condition="Container(6).Row(3)">Conditional</animation>
                            <animation effect="slide" end="0,320" condition="Container(6).Row(4)">Conditional</animation>
                            <animation effect="slide" end="0,400" condition="Container(6).Row(5)">Conditional</animation>
                            <animation effect="slide" end="0,480" condition="Container(6).Row(6)">Conditional</animation>
                            <animation effect="slide" end="0,560" condition="Container(6).Row(7)">Conditional</animation>
                            <animation effect="slide" end="0,640" condition="Container(6).Row(8)">Conditional</animation>
                            <animation effect="slide" end="0,720" condition="Container(6).Row(9)">Conditional</animation>
                            <animation effect="slide" end="80" condition="Container(6).Column(1)">Conditional</animation>
                            <animation effect="slide" end="160" condition="Container(6).Column(2)">Conditional</animation>
                            <animation effect="slide" end="240" condition="Container(6).Column(3)">Conditional</animation>
                            <animation effect="slide" end="320" condition="Container(6).Column(4)">Conditional</animation>
                            <animation effect="slide" end="400" condition="Container(6).Column(5)">Conditional</animation>
                            <animation effect="slide" end="480" condition="Container(6).Column(6)">Conditional</animation>
                            <animation effect="slide" end="560" condition="Container(6).Column(7)">Conditional</animation>
                            <animation effect="slide" end="640" condition="Container(6).Column(8)">Conditional</animation>
                            <animation effect="slide" end="720" condition="Container(6).Column(9)">Conditional</animation>
                            <animation effect="slide" end="800" condition="Container(6).Column(10)">Conditional</animation>
                            <animation effect="slide" end="880" condition="Container(6).Column(11)">Conditional</animation>
                            <animation effect="slide" end="960" condition="Container(6).Column(12)">Conditional</animation>
                            <animation effect="slide" end="1040" condition="Container(6).Column(13)">Conditional</animation>
                            <include content="Object_Control">
                                <param name="control" value="group" />
                                <include content="Dimension_Padding"><param name="pad">10</param></include>
                                <control type="image">
                                    <include>Texture_Shadow_20</include>
                                    <texture border="20" colordiffuse="ccffffff">common/box.png</texture>
                                </control>
                            </include>
                            <control type="image">
                                <bordersize>20</bordersize>
                                <texture colordiffuse="$INFO[Container(6).ListItem.Label2]" border="12">common/box.png</texture>
                            </control>

                        </control>

                        <include content="Dialog_Scrollbar">
                            <onright>9000</onright>
                            <onleft>6</onleft>
                        </include>
                    </control>
                </control>
            </include>
            <include content="Dialog_Group">
                <control type="group">
                    <right>0</right>
                    <width>dialog_button_w</width>
                    <control type="grouplist" id="9000">
                        <onleft>61</onleft>
                        <itemgap>20</itemgap>
                        <control type="button" id="7" description="Cancel">
                            <height>grid_x08</height>
                            <label>222</label>
                        </control>
                    </control>
                </control>
            </include>
        </include>
        <control type="label" id="1"><visible allowhiddenfocus="true">false</visible><left>-1000</left><width>1</width><height>1</height></control>
    </controls>
</window>