<?xml version="1.0" encoding="UTF-8"?>
<window>
    <defaultcontrol always="true">999</defaultcontrol>
    <onload>CancelAlarm(osd_timeout,true)</onload>
    <include>Animation_Fullscreen_Media</include>
    <controls>
        <control type="slider" id="999">
            <centerleft>50%</centerleft>
            <width>1760</width>
            <height>112</height>
            <centerbottom>486</centerbottom>
            <info>Player.Progress</info>
            <action>seek</action>
            <texturesliderbar colordiffuse="00ffffff">progress/slider_bg.png</texturesliderbar>
            <textureslidernib />
            <textureslidernibfocus colordiffuse="main_fg_100">progress/slider_nib.png</textureslidernibfocus>
            <onup>Close</onup>
            <ondown>Close</ondown>
        </control>

        <include content="OSD_CastInfo_ExpandGroup">
            <control type="group">
                <include>OSD_CastInfo_DirectorWriter</include>
                <include>OSD_CastInfo_Information</include>
            </control>
        </include>

    </controls>
</window>
