<?xml version="1.0" encoding="UTF-8"?>
<window>
    <controls>
        <include condition="!Window.IsVisible(videoosd) + !String.IsEqual(Window(Home).Property(DialogSettings.Style),mediafilter)">Object_Overlay</include>

        <!-- Standard -->
        <include content="Dialog_Background" condition="!String.IsEqual(Window(Home).Property(DialogSettings.Style),mediafilter)">
            <visible>!Window.IsVisible(DialogSubtitles.xml)</visible>
            <visible>!Window.IsVisible(DialogSlider.xml)</visible>
            <include>Animation_SlideIn_Dialog</include>
            <include condition="Window.IsVisible(videoosd)">Dimension_DialogSelect_OSD</include>
            <include condition="!Window.IsVisible(videoosd)">Dimension_DialogSelect</include>
            <include>Dialog_Overlay_Buttons</include>
            <include content="Dialog_Header">
                <param name="id" value="2" />
                <include content="Object_Align" condition="Window.IsVisible(videoosd)">
                    <param name="align">left</param>
                </include>
            </include>
            <include content="Dialog_Group">
                <control type="group">
                    <right>0</right>
                    <width>dialog_button_w</width>
                    <control type="grouplist" id="9000">
                        <onleft>61</onleft>
                        <itemgap>20</itemgap>
                        <control type="button" id="28" description="OK">
                            <height>grid_x08</height>
                        </control>
                        <control type="button" id="29" description="Cancel">
                            <height>grid_x08</height>
                        </control>
                        <control type="button" id="30" description="Clear">
                            <height>grid_x08</height>
                        </control>
                    </control>
                </control>
                <control type="group">
                    <right>dialog_button_w</right>
                    <control type="group">
                        <right>grid_x04</right>
                        <control type="grouplist" id="5">
                            <left>-grid_x04</left>
                            <pagecontrol>61</pagecontrol>
                            <onright>61</onright>
                        </control>
                        <include content="Dialog_Scrollbar">
                            <onright>9000</onright>
                            <onleft>5</onleft>
                        </include>
                    </control>
                </control>
            </include>
        </include>


        <!-- Media Filter -->
        <include content="Dialog_Background" condition="String.IsEqual(Window(Home).Property(DialogSettings.Style),mediafilter)">
            <include content="Animation_SlideIn_Dialog">
                <param name="windowopen_delay">800</param>
            </include>
            <include>Dimension_DialogAdvFilter</include>
            <include content="Dialog_Header">
                <param name="id" value="2" />
                <visible>!String.IsEqual(Window(Home).Property(DialogSettings.Style),mediafilter)</visible>
            </include>
            <include>Dialog_Nib</include>
            <include content="Object_MenuHeader">
                <param name="label" value="$INFO[Control.GetLabel(2)]" />
            </include>
            <include content="Object_Control">
                <param name="control">group</param>
                <top>grid_x04</top>
                <control type="group">
                    <bottom>grid_x16</bottom>
                    <control type="grouplist" id="5">
                        <top>grid_x08</top>
                        <bottom>grid_x02</bottom>
                        <orientation>vertical</orientation>
                        <ondown>9000</ondown>
                        <onup>9000</onup>
                        <onleft>Close</onleft>
                        <onright>Close</onright>
                    </control>
                </control>
                <control type="group">
                    <height>grid_x16</height>
                    <bottom>0</bottom>
                    <include>Dialog_Overlay_V</include>
                    <include>Object_Separator_V</include>
                    <control type="grouplist" id="9000">
                        <height>grid_x08</height>
                        <orientation>horizontal</orientation>
                        <itemgap>20</itemgap>
                        <onup>-71</onup>
                        <ondown>-80</ondown>
                        <left>grid_x04</left>
                        <right>grid_x04</right>
                        <bottom>grid_x04</bottom>
                        <include content="Object_Control">
                            <param name="id" value="28" />
                            <param name="control" value="button" />
                            <width>250</width>
                        </include>
                        <include content="Object_Control">
                            <param name="id" value="29" />
                            <param name="control" value="button" />
                            <width>250</width>
                        </include>
                        <include content="Object_Control">
                            <param name="id" value="30" />
                            <param name="control" value="button" />
                            <width>250</width>
                        </include>
                    </control>
                </control>

            </include>
        </include>


        <include content="Dialog_Settings_Button">
            <param name="id" value="7" />
            <param name="control" value="button" />
            <description>Default Setting Button</description>
        </include>

        <include content="Dialog_Settings_Button">
            <param name="id" value="8" />
            <param name="control" value="radiobutton" />
            <description>Default Setting Button</description>
        </include>

        <include content="Dialog_Settings_Button">
            <param name="id" value="9" />
            <param name="control" value="spincontrolex" />
            <description>Default Setting Button</description>
        </include>

        <include content="Dialog_Settings_Button">
            <param name="id" value="11" />
            <param name="control" value="image" />
            <description>Default Setting Button</description>
            <visible>false</visible>
        </include>

        <include content="Dialog_Settings_Button">
            <param name="id" value="12" />
            <param name="control" value="edit" />
            <description>Default Setting Button</description>
        </include>

        <include content="Dialog_Settings_Button">
            <param name="id" value="13" />
            <param name="control" value="sliderex" />
            <description>Default Setting Button</description>
        </include>

        <include content="Dialog_Settings_Label">
            <param name="id" value="14" />
            <param name="control" value="label" />
            <description>Default Setting Label</description>
        </include>
    </controls>
</window>
