<?xml version="1.0" encoding="UTF-8"?>
<window>
    <controls>
        <include condition="!Window.IsVisible(videoosd)">Object_Overlay</include>
        <include content="Dialog_Background">
            <visible>!Window.IsVisible(DialogSlider.xml)</visible>
            <include>Animation_SlideIn_Dialog</include>
            <include condition="Window.IsVisible(videoosd)">Dimension_DialogSelect_OSD</include>
            <include condition="!Window.IsVisible(videoosd)">Dimension_Info</include>
            <include>Dialog_Overlay_Buttons</include>
            <control type="group">
                <left>settings_category_w</left>
                <include>Dialog_Overlay</include>
                <include>Object_Separator</include>
            </control>
            <include content="Dialog_Header" description="Service Name">
                <param name="id" value="100" />
                <align>left</align>
                <include content="Object_Top" condition="!Window.IsVisible(videoosd)">
                    <param name="top">-160</param>
                </include>
            </include>
            <include content="Dialog_Group">
                <control type="group">
                    <right>0</right>
                    <width>dialog_button_w</width>

                    <control type="grouplist" id="9000">
                        <onleft>61</onleft>
                        <itemgap>20</itemgap>
                        <control type="button" id="9001" description="Close">
                            <label>$LOCALIZE[15067]</label>
                            <height>grid_x08</height>
                            <onclick>Close</onclick>
                        </control>
                        <control type="button" id="160" description="Manual Search">
                            <label>$LOCALIZE[413]</label>
                            <height>grid_x08</height>
                        </control>
                    </control>


                    <control type="image" id="110" description="Service Logo">
                        <height>dialog_button_w</height>
                        <bottom>0</bottom>
                        <aspectratio aligny="bottom">keep</aspectratio>
                    </control>
                </control>
            </include>

            <control type="group">
                <top>grid_x04</top>
                <bottom>grid_x04</bottom>
                <include content="List_DialogSelect">
                    <param name="id" value="150" />
                    <onright>120</onright>
                    <width>settings_category_w</width>
                </include>

                <include content="List_DialogSelect">
                    <param name="id" value="120" />
                    <param name="itemlayout_include" value="Layout_DialogSubtitles" />
                    <param name="item_height" value="120" />
                    <onleft>150</onleft>
                    <onright>61</onright>
                    <pagecontrol>61</pagecontrol>
                    <left>settings_category_w</left>
                    <right>dialog_buttongroup_w</right>
                </include>

                <control type="label" id="130" description="Textbox">
                    <height>40</height>
                    <font>font_tiny</font>
                    <align>center</align>
                    <textoffsetx>30</textoffsetx>
                    <left>settings_category_w</left>
                    <right>dialog_buttongroup_w</right>
                    <top>-40</top>
                </control>

                <control type="label" id="140" description="Textbox">
                    <height>40</height>
                    <font>font_tiny</font>
                    <align>right</align>
                    <textoffsetx>30</textoffsetx>
                    <left>settings_category_w</left>
                    <right>dialog_buttongroup_w</right>
                    <bottom>-40</bottom>
                </control>

                <control type="label" description="Filename">
                    <height>40</height>
                    <font>font_tiny</font>
                    <align>left</align>
                    <label>$INFO[Player.FileName]</label>
                    <textoffsetx>30</textoffsetx>
                    <left>settings_category_w</left>
                    <right>dialog_buttongroup_w</right>
                    <bottom>-40</bottom>
                </control>

                <include content="Dialog_Scrollbar">
                    <onright>9000</onright>
                    <onleft>120</onleft>
                    <centerright>dialog_buttongroup_w</centerright>
                </include>
            </control>
        </include>


    </controls>
</window>
