<?xml version="1.0" encoding="UTF-8"?>
<window>
    <defaultcontrol>450</defaultcontrol>
    <controls>

        <include>Object_Overlay</include>
        <include content="Dialog_Background">
            <include>Animation_SlideIn_Dialog</include>
            <include>Dimension_DialogSelect</include>
            <include>Dialog_Overlay_Buttons</include>
            <visible>!Control.IsVisible(451)</visible>
            <include content="Dialog_Header">
                <param name="id" value="411" />
            </include>
            <include content="Dialog_Header">
                <param name="id" value="9901" />
                <visible>String.IsEmpty(Control.GetLabel(411))</visible>
                <label>$LOCALIZE[424]</label>
            </include>
            <include content="Dialog_Group">
                <control type="group">
                    <right>0</right>
                    <width>dialog_button_w</width>
                    <control type="grouplist" id="9000">
                        <onleft>61</onleft>
                        <itemgap>20</itemgap>
                        <control type="button" id="413" description="OK">
                            <height>grid_x08</height>
                            <label>$LOCALIZE[186]</label>
                            <visible>Control.IsEnabled(413)</visible>
                        </control>
                        <control type="button" id="414" description="Cancel">
                            <height>grid_x08</height>
                            <label>$LOCALIZE[222]</label>
                            <visible>Control.IsEnabled(414)</visible>
                        </control>
                        <control type="button" id="415" description="Make Folder">
                            <height>grid_x08</height>
                            <label>$LOCALIZE[119]</label>
                            <visible>Control.IsEnabled(415)</visible>
                        </control>
                    </control>

                    <control type="image">
                        <bottom>0</bottom>
                        <aspectratio aligny="bottom">keep</aspectratio>
                        <texture background="true">$INFO[Container(450).ListITem.Icon]</texture>
                        <visible>!String.StartsWith(Container(450).ListITem.Icon,Default)</visible>
                    </control>
                    <control type="image">
                        <bottom>0</bottom>
                        <aspectratio aligny="bottom">keep</aspectratio>
                        <texture background="true" colordiffuse="dialog_fg_70">$INFO[Container(450).ListITem.Icon]</texture>
                        <visible>String.StartsWith(Container(450).ListITem.Icon,Default)</visible>
                    </control>
                </control>

                <control type="group">
                    <right>dialog_button_w</right>
                    <control type="group">
                        <right>grid_x04</right>
                        <include content="List_DialogSelect">
                            <param name="id" value="450" />
                            <param name="detailed" value="True" />
                            <param name="item_height" value="grid_x16" />
                            <left>-grid_x04</left>
                            <pagecontrol>61</pagecontrol>
                            <onright>61</onright>
                        </include>

                        <include content="Dialog_Scrollbar">
                            <onright>9000</onright>
                            <onleft>450</onleft>
                        </include>
                    </control>
                </control>
            </include>
        </include>


        <include content="Dialog_Background">
            <include>Animation_SlideIn_Dialog</include>
            <centerleft>50%</centerleft>
            <centertop>600</centertop>
            <width>1480</width>
            <height>880</height>
            <include>Dialog_Overlay_Buttons</include>
            <visible>Control.IsVisible(451)</visible>
            <include content="Dialog_Header">
                <param name="id" value="9411" />
                <label>$INFO[Control.GetLabel(411)]</label>
            </include>
            <include content="Dialog_Group">
                <control type="group">
                    <right>0</right>
                    <width>dialog_button_w</width>
                    <control type="grouplist" id="9000">
                        <onleft>62</onleft>
                        <itemgap>20</itemgap>
                        <control type="button" id="9413" description="OK">
                            <height>grid_x08</height>
                            <label>$LOCALIZE[186]</label>
                            <onclick>SendClick(413)</onclick>
                            <visible>Control.IsEnabled(413)</visible>
                        </control>
                        <control type="button" id="9414" description="Cancel">
                            <height>grid_x08</height>
                            <label>$LOCALIZE[222]</label>
                            <onclick>SendClick(414)</onclick>
                            <visible>Control.IsEnabled(414)</visible>
                        </control>
                        <control type="button" id="9415" description="Make Folder">
                            <height>grid_x08</height>
                            <label>$LOCALIZE[119]</label>
                            <onclick>SendClick(415)</onclick>
                            <visible>Control.IsEnabled(415)</visible>
                        </control>
                        <control type="radiobutton" id="416" description="Flip Image">
                            <height>grid_x08</height>
                            <label>$LOCALIZE[749]</label>
                            <visible>Control.IsEnabled(416)</visible>
                        </control>
                    </control>
                    <control type="image">
                        <bottom>0</bottom>
                        <aspectratio aligny="bottom">keep</aspectratio>
                        <texture background="true">$INFO[Container(451).ListITem.Icon]</texture>
                        <visible>!String.StartsWith(Container(451).ListITem.Icon,Default)</visible>
                    </control>
                    <control type="image">
                        <bottom>0</bottom>
                        <aspectratio aligny="bottom">keep</aspectratio>
                        <texture background="true" colordiffuse="dialog_fg_70">$INFO[Container(451).ListITem.Icon]</texture>
                        <visible>String.StartsWith(Container(451).ListITem.Icon,Default)</visible>
                    </control>
                </control>

                <control type="group">
                    <right>dialog_button_w</right>
                    <control type="group">
                        <right>grid_x04</right>
                        <include content="List_AddonBrowser" condition="!Window.IsVisible(script-skinshortcuts.xml)">
                            <param name="id" value="451" />
                            <param name="item_h" value="340" />
                            <param name="itemlayout_h" value="380" />
                            <param name="item_w" value="280" />
                            <param name="itemlayout_w" value="320" />
                            <include content="Dimension_Padding">
                                <param name="pad" value="-grid_x04" />
                            </include>
                            <onright>62</onright>
                            <pagecontrol>62</pagecontrol>
                        </include>
                        <include content="List_AddonBrowser" condition="Window.IsVisible(script-skinshortcuts.xml)">
                            <param name="id" value="451" />
                            <param name="item_h" value="150" />
                            <param name="itemlayout_h" value="190" />
                            <param name="item_w" value="152" />
                            <param name="itemlayout_w" value="192" />
                            <param name="detailed" value="true" />
                            <right>40</right>
                            <include content="Dimension_Padding">
                                <param name="pad" value="-grid_x04" />
                            </include>
                            <onright>62</onright>
                            <pagecontrol>62</pagecontrol>
                        </include>

                        <include content="Dialog_Scrollbar">
                            <param name="id" value="62" />
                            <onright>9000</onright>
                            <onleft>450</onleft>
                        </include>
                    </control>
                </control>


            </include>
        </include>
    </controls>
</window>
