<?xml version="1.0" encoding="UTF-8"?>
<includes>
    <expression name="Exp_View_50_Include">False</expression>
    <expression name="Exp_View_500_Include">False</expression>
    <expression name="Exp_View_501_Include">False</expression>
    <expression name="Exp_View_502_Include">False</expression>
    <expression name="Exp_View_507_Include">False</expression>
    <expression name="Exp_View_508_Include">False</expression>
    <expression name="Exp_View_51_Include">False</expression>
    <expression name="Exp_View_510_Include">False</expression>
    <expression name="Exp_View_511_Include">False</expression>
    <expression name="Exp_View_512_Include">False</expression>
    <expression name="Exp_View_517_Include">False</expression>
    <expression name="Exp_View_52_Include">False</expression>
    <expression name="Exp_View_520_Include">False</expression>
    <expression name="Exp_View_521_Include">False</expression>
    <expression name="Exp_View_522_Include">False</expression>
    <expression name="Exp_View_527_Include">False</expression>
    <expression name="Exp_View_550_Include">False</expression>
    <expression name="Exp_View_552_Include">False</expression>
    <expression name="Exp_View_540_Include">False</expression>
    <expression name="Exp_View_558_Include">False</expression>
    <expression name="Exp_View_56_Include">False</expression>
    <expression name="Exp_View_560_Include">False</expression>
    <expression name="Exp_View_57_Include">False</expression>
    <expression name="Exp_View_570_Include">False</expression>
    <expression name="Exp_View_572_Include">False</expression>
    <expression name="Exp_View_58_Include">False</expression>
    <expression name="Exp_View_580_Include">False</expression>
    <expression name="Exp_View_581_Include">False</expression>
</includes>