<?xml version="1.0" encoding="UTF-8"?>
<includes>
    <include name="View_Furniture_List_Bottom">
        <include content="Object_Control" condition="$EXP[Exp_View_501_Include] | $EXP[Exp_View_511_Include] | $EXP[Exp_View_521_Include] | $EXP[Exp_View_507_Include] | $EXP[Exp_View_517_Include] | $EXP[Exp_View_527_Include] | $EXP[Exp_View_552_Include] | $EXP[Exp_View_551_Include]">
            <param name="control">group</param>
            <visible>$EXP[Exp_ListViews] | Control.IsVisible(552)</visible>
            <include condition="$EXP[Exp_View_501_Include]">View_501_Square_List</include>
            <include condition="$EXP[Exp_View_507_Include]">View_507_Square_Infolist</include>
            <include condition="$EXP[Exp_View_511_Include]">View_511_Landscape_List</include>
            <include condition="$EXP[Exp_View_517_Include]">View_517_Landscape_Infolist</include>
            <include condition="$EXP[Exp_View_521_Include]">View_521_Poster_List</include>
            <include condition="$EXP[Exp_View_527_Include]">View_527_Poster_Infolist</include>
            <include condition="$EXP[Exp_View_551_Include]">View_551_Basic_Playlist</include>
            <include condition="$EXP[Exp_View_552_Include]">View_552_MediaInfo_Combined</include>
        </include>
        <include content="Object_Control" condition="$EXP[Exp_View_508_Include] | $EXP[Exp_View_558_Include] | $EXP[Exp_View_581_Include] | $EXP[Exp_View_557_Include]">
            <param name="control">group</param>
            <visible>$EXP[Exp_BigListViews]</visible>
            <include condition="$EXP[Exp_View_508_Include]">View_508_Square_Playlist</include>
            <include condition="$EXP[Exp_View_557_Include]">View_557_MediaInfo_Playlist</include>
            <include condition="$EXP[Exp_View_558_Include]">View_558_MediaInfo_List</include>
            <include condition="$EXP[Exp_View_581_Include]">View_581_BigPoster_List</include>
        </include>
    </include>
    <include name="View_List_SortLine">
        <control type="group">
            <height>grid_x04</height>
            <left>grid_x04</left>
            <right>grid_x04</right>
            <control type="group">
                <visible>[String.IsEqual(ListItem.DBType,movie) | String.IsEqual(ListItem.DBType,tvshow) | [String.IsEqual(ListItem.DBType,episode) + !String.IsEmpty(ListItem.Episode)] | String.IsEqual(ListItem.DBType,season) | String.IsEqual(ListItem.DBType,set) | String.IsEqual(ListItem.DBType,song) | String.IsEqual(ListItem.DBType,album)]</visible>
                <height>grid_x02</height>
                <control type="label">
                    <font>font_tiny</font>
                    <textcolor>main_fg_30</textcolor>
                    <label>##</label>
                    <width>grid_x08</width>
                    <align>left</align>
                </control>
                <control type="label">
                    <font>font_tiny</font>
                    <textcolor>main_fg_30</textcolor>
                    <label>$LOCALIZE[369]</label>
                    <align>left</align>
                    <left>grid_x12</left>
                </control>
                <control type="label">
                    <font>font_tiny</font>
                    <textcolor>main_fg_30</textcolor>
                    <label>$LOCALIZE[557]</label>
                    <align>left</align>
                    <left>grid_x68</left>
                    <visible>$PARAM[detailed]</visible>
                    <visible>[String.IsEqual(ListItem.DBType,song) | String.IsEqual(ListItem.DBType,album) | String.IsEqual(ListItem.DBType,artist)]</visible>
                </control>
                <control type="label">
                    <font>font_tiny</font>
                    <textcolor>main_fg_30</textcolor>
                    <label>$LOCALIZE[180]</label>
                    <align>right</align>
                    <visible>[String.IsEqual(ListItem.DBType,song) | String.IsEqual(ListItem.DBType,album)]</visible>
                </control>
                <control type="label">
                    <font>font_tiny</font>
                    <textcolor>main_fg_30</textcolor>
                    <label>$LOCALIZE[563]</label>
                    <align>right</align>
                    <visible>![String.IsEqual(ListItem.DBType,song) | String.IsEqual(ListItem.DBType,album)]</visible>
                </control>
            </control>

            <control type="group">
                <height>grid_x02</height>
                <visible>![String.IsEqual(ListItem.DBType,movie) | String.IsEqual(ListItem.DBType,tvshow) | [String.IsEqual(ListItem.DBType,episode) + !String.IsEmpty(ListItem.Episode)] | String.IsEqual(ListItem.DBType,season) | String.IsEqual(ListItem.DBType,set) | String.IsEqual(ListItem.DBType,song) | String.IsEqual(ListItem.DBType,album)]</visible>
                <control type="label">
                    <font>font_tiny</font>
                    <textcolor>main_fg_30</textcolor>
                    <label>$INFO[Container.SortMethod,$LOCALIZE[31016]: ,]$INFO[Container.SortOrder, - ,][CAPITALIZE]$INFO[Container.Content,  •  ,][/CAPITALIZE]</label>
                    <align>left</align>
                </control>
            </control>

            <control type="image">
                <texture colordiffuse="main_fg_12">common/white.png</texture>
                <height>1</height>
                <bottom>grid_x01</bottom>
            </control>
        </control>
    </include>

    <include name="View_List_NewTemplate">
        <param name="id">501</param>
        <param name="icon">$INFO[ListItem.Icon]</param>
        <param name="width">grid_x44</param>
        <param name="viewtype_label">$LOCALIZE[31121]</param>
        <param name="diffuse">diffuse/square_w480_h480.png</param>
        <param name="include">List_MediaList</param>
        <param name="controltype">list</param>
        <param name="movement">3</param>
        <param name="focusposition">1</param>
        <param name="flipside">false</param>
        <param name="detailed">false</param>
        <param name="scrollbar_id">64</param>
        <param name="hasimage">true</param>
        <param name="top">grid_x24</param>
        <param name="poster_top">0</param>
        <param name="poster_visible">true</param>
        <param name="hasline">true</param>
        <param name="hasview">true</param>
        <param name="spacing">grid_x04</param>
        <param name="reposition_include">Items_Null</param>
        <definition>
            <control type="group">
                <visible>Control.IsVisible($PARAM[id])</visible>
                <include>Dimension_View</include>
                <control type="group">
                    <top>$PARAM[top]</top>

                    <include content="Object_Control" condition="$PARAM[hasimage]">
                        <param name="control">group</param>
                        <include content="Object_Right" condition="$PARAM[flipside]">
                            <param name="right">0</param>
                        </include>
                        <include content="Object_Left" condition="!$PARAM[flipside]">
                            <param name="left">0</param>
                        </include>
                        <visible>$PARAM[poster_visible]</visible>
                        <top>$PARAM[poster_top]</top>
                        <width>$PARAM[width]</width>
                        <include content="Object_BigPoster">
                            <param name="icon">$PARAM[icon]</param>
                            <param name="diffuse">$PARAM[diffuse]</param>
                        </include>
                    </include>

                    <control type="group">
                        <include content="Object_Right" condition="$PARAM[flipside]">
                            <param name="right">$PARAM[width]</param>
                        </include>
                        <include content="Object_Left" condition="!$PARAM[flipside]">
                            <param name="left">$PARAM[width]</param>
                        </include>
                        <control type="group">
                            <include content="Object_Right" condition="!$PARAM[flipside]">
                                <param name="right">-grid_x04</param>
                            </include>
                            <include content="Object_Left" condition="$PARAM[flipside]">
                                <param name="left">-grid_x04</param>
                            </include>
                            <left>$PARAM[spacing]</left>
                            <right>$PARAM[spacing]</right>
                            <include condition="$PARAM[hasline]" content="View_List_SortLine">
                                <param name="detailed">$PARAM[detailed]</param>
                            </include>
                            <include content="$PARAM[include]">
                                <param name="id">$PARAM[id]</param>
                                <param name="controltype">$PARAM[controltype]</param>
                                <param name="detailed">$PARAM[detailed]</param>
                                <focusposition>$PARAM[focusposition]</focusposition>
                                <movement>$PARAM[movement]</movement>
                                <left>-grid_x04</left>
                                <right>-grid_x04</right>
                                <top>20</top>
                                <bottom>-20</bottom>
                                <include content="Object_Visible" condition="$PARAM[hasview]">
                                    <param name="visible">$EXP[Exp_View_Special] + $EXP[Exp_View_$PARAM[id]]</param>
                                </include>
                                <viewtype label="$PARAM[viewtype_label]">list</viewtype>
                                <onleft>$PARAM[scrollbar_id]</onleft>
                                <onright>menu</onright>
                                <pagecontrol>$PARAM[scrollbar_id]</pagecontrol>
                                <onfocus>ClearProperty(TMDbHelper.WidgetContainer)</onfocus>
                                <include content="$PARAM[reposition_include]">
                                    <param name="id">$PARAM[id]</param>
                                    <param name="slide_y">$PARAM[reposition_slide_y]</param>
                                </include>
                            </include>
                        </control>
                    </control>

                </control>
            </control>
        </definition>
    </include>

    <include name="View_501_Square_List">
        <include content="View_List_NewTemplate">
            <param name="id">501</param>
            <param name="icon">$INFO[ListItem.Icon]</param>
            <param name="width">grid_x44</param>
            <param name="viewtype_label">$LOCALIZE[31121]</param>
            <param name="diffuse">diffuse/square_w440_h440.png</param>
            <param name="include">List_MediaList</param>
            <param name="controltype">fixedlist</param>
            <param name="movement">3</param>
            <param name="focusposition">1</param>
            <param name="detailed">true</param>
            <param name="reposition_include">Animation_Reposition</param>
        </include>
    </include>

    <include name="View_511_Landscape_List">
        <include content="View_List_NewTemplate">
            <param name="id">511</param>
            <param name="icon">$VAR[Image_Landscape]</param>
            <param name="width">780</param>
            <param name="viewtype_label">$LOCALIZE[31122]</param>
            <param name="diffuse">diffuse/landscape_w780_h440.png</param>
            <param name="include">List_MediaList</param>
            <param name="controltype">fixedlist</param>
            <param name="movement">3</param>
            <param name="focusposition">1</param>
            <param name="flipside">false</param>
            <param name="detailed">false</param>
            <param name="poster_top">0</param>
            <param name="reposition_include">Animation_Reposition</param>
        </include>
    </include>

    <include name="View_521_Poster_List">
        <include content="View_List_NewTemplate">
            <param name="id">521</param>
            <param name="icon">$VAR[Image_Poster]</param>
            <param name="width">grid_x30</param>
            <param name="viewtype_label">$LOCALIZE[31343]</param>
            <param name="diffuse">diffuse/poster_w320_h480.png</param>
            <param name="include">List_MediaList</param>
            <param name="controltype">fixedlist</param>
            <param name="movement">3</param>
            <param name="focusposition">1</param>
            <param name="detailed">true</param>
            <param name="reposition_include">Animation_Reposition</param>
        </include>
    </include>

    <include name="View_507_Square_Infolist">
        <include content="View_List_NewTemplate">
            <param name="id">507</param>
            <param name="icon">$INFO[ListItem.Icon]</param>
            <param name="width">440</param>
            <param name="viewtype_label">$LOCALIZE[31143]</param>
            <param name="diffuse">diffuse/square_w440_h440.png</param>
            <param name="include">List_Infolist</param>
            <param name="controltype">fixedlist</param>
            <param name="movement">1</param>
            <param name="focusposition">1</param>
            <param name="flipside">true</param>
            <param name="detailed">true</param>
            <param name="top">200</param>
            <param name="poster_top">grid_x04</param>
            <param name="hasimage">true</param>
            <param name="hasline">false</param>
            <param name="spacing">40</param>
        </include>
    </include>

    <include name="View_517_Landscape_Infolist">
        <include content="View_List_NewTemplate">
            <param name="id">517</param>
            <param name="icon">$VAR[Image_Landscape]</param>
            <param name="width">780</param>
            <param name="viewtype_label">$LOCALIZE[31144]</param>
            <param name="diffuse">diffuse/landscape_w780_h440.png</param>
            <param name="include">List_Infolist</param>
            <param name="controltype">fixedlist</param>
            <param name="movement">1</param>
            <param name="focusposition">1</param>
            <param name="flipside">true</param>
            <param name="detailed">true</param>
            <param name="top">200</param>
            <param name="poster_top">grid_x04</param>
            <param name="hasimage">true</param>
            <param name="hasline">false</param>
            <param name="spacing">40</param>
        </include>
    </include>

    <include name="View_527_Poster_Infolist">
        <include content="View_List_NewTemplate">
            <param name="id">527</param>
            <param name="icon">$VAR[Image_Poster]</param>
            <param name="width">grid_x30</param>
            <param name="viewtype_label">$LOCALIZE[31344]</param>
            <param name="diffuse">diffuse/poster_w320_h480.png</param>
            <param name="include">List_Infolist</param>
            <param name="controltype">fixedlist</param>
            <param name="movement">1</param>
            <param name="focusposition">1</param>
            <param name="flipside">true</param>
            <param name="detailed">true</param>
            <param name="top">200</param>
            <param name="poster_top">grid_x04</param>
            <param name="hasimage">true</param>
            <param name="hasline">false</param>
            <param name="spacing">40</param>
        </include>
    </include>

    <include name="View_581_BigPoster_List">
        <include content="View_List_NewTemplate">
            <param name="id">581</param>
            <param name="icon">$VAR[Image_Poster]</param>
            <param name="diffuse">diffuse/poster_w460_h680.png</param>
            <param name="width">460</param>
            <param name="viewtype_label">$LOCALIZE[31345]</param>
            <param name="include">List_MediaList</param>
            <param name="controltype">fixedlist</param>
            <param name="movement">6</param>
            <param name="focusposition">1</param>
            <param name="flipside">false</param>
            <param name="detailed">false</param>
            <param name="hasimage">true</param>
            <param name="top">0</param>
            <param name="scrollbar_id">63</param>
            <param name="reposition_include">Animation_Reposition</param>
        </include>
    </include>

    <include name="View_508_Square_Playlist">
        <include content="View_List_NewTemplate">
            <param name="id">508</param>
            <param name="width">460</param>
            <param name="viewtype_label">$LOCALIZE[31193]</param>
            <param name="include">List_PlayList</param>
            <param name="controltype">fixedlist</param>
            <param name="focusposition">1</param>
            <param name="movement">4</param>
            <param name="flipside">false</param>
            <param name="detailed">false</param>
            <param name="hasimage">false</param>
            <param name="hasline">false</param>
            <param name="top">-60</param>
            <param name="scrollbar_id">63</param>
            <param name="spacing">20</param>
            <param name="reposition_include">Animation_Reposition</param>
            <param name="reposition_slide_y">-grid_x12</param>
        </include>
        <control type="group">
            <visible>Control.IsVisible(508)</visible>
            <width>infodialog_left_w</width>
            <include>DialogInfo_MusicArt</include>
            <include content="Object_BigPoster">
                <param name="diffuse">diffuse/square_w460_h460.png</param>
                <centerleft>50%</centerleft>
                <top>view_top</top>
                <width>infodialog_poster_w</width>
                <height>infodialog_poster_w</height>
            </include>
        </control>
    </include>

    <include name="View_551_Basic_Playlist">
        <control type="group">
            <visible>Control.IsVisible(551)</visible>
            <include>Dimension_View</include>
            <include content="List_PlayList">
                <param name="id">551</param>
                <param name="controltype">fixedlist</param>
                <param name="detailed">false</param>
                <focusposition>1</focusposition>
                <movement>2</movement>
                <left>-grid_x06</left>
                <width>1020</width>
                <top>200</top>
                <bottom>-20</bottom>
                <visible>$EXP[Exp_View_Special] + $EXP[Exp_View_551]</visible>
                <viewtype label="$LOCALIZE[31362]">list</viewtype>
                <onleft>63</onleft>
                <onright>menu</onright>
                <pagecontrol>63</pagecontrol>
                <onfocus>ClearProperty(TMDbHelper.WidgetContainer)</onfocus>
                <include content="Animation_Reposition">
                    <param name="id">551</param>
                    <param name="slide_y">-grid_x12</param>
                </include>
            </include>
        </control>
    </include>

    <include name="View_557_MediaInfo_Playlist">
        <control type="group">
            <visible>Control.IsVisible(557)</visible>
            <include>Dimension_View</include>
            <control type="group">
                <left>info_landscape_w</left>
                <include content="List_PlayList">
                    <param name="id">557</param>
                    <param name="controltype">fixedlist</param>
                    <param name="detailed">false</param>
                    <focusposition>1</focusposition>
                    <movement>4</movement>
                    <left>-grid_x02</left>
                    <right>-grid_x08</right>
                    <top>-40</top>
                    <bottom>-20</bottom>
                    <visible>$EXP[Exp_View_Special] + $EXP[Exp_View_557]</visible>
                    <viewtype label="$LOCALIZE[31363]">list</viewtype>
                    <onleft>63</onleft>
                    <onright>menu</onright>
                    <pagecontrol>63</pagecontrol>
                    <onfocus>ClearProperty(TMDbHelper.WidgetContainer)</onfocus>
                    <include content="Animation_Reposition">
                        <param name="id">557</param>
                        <param name="slide_y">-grid_x12</param>
                    </include>
                </include>
            </control>
            <control type="group">
                <left>0</left>
                <width>info_landscape_w</width>
                <include content="View_Wall_MediaInfo">
                    <param name="line_id">99550</param>
                </include>
            </control>
        </control>
    </include>

    <include name="View_558_MediaInfo_List">
        <include content="View_List_NewTemplate">
            <param name="id">558</param>
            <param name="icon">$VAR[Image_Landscape]</param>
            <param name="width">820</param>
            <param name="viewtype_label">$LOCALIZE[31276]</param>
            <param name="include">List_MediaList</param>
            <param name="controltype">fixedlist</param>
            <param name="focusposition">1</param>
            <param name="movement">6</param>
            <param name="flipside">false</param>
            <param name="detailed">false</param>
            <param name="hasimage">false</param>
            <param name="top">0</param>
            <param name="scrollbar_id">63</param>
            <param name="reposition_include">Animation_Reposition</param>
        </include>
        <control type="group">
            <visible>Control.IsVisible(558)</visible>
            <include>Dimension_View</include>
            <control type="group">
                <left>0</left>
                <width>820</width>
                <control type="group">
                    <top>0</top>
                    <control type="group">
                        <right>602.86</right>
                        <include content="Object_BigPoster">
                            <param name="diffuse" value="diffuse/poster_w217_h320.png" />
                            <param name="icon">$VAR[Image_Poster]</param>
                            <height>320</height>
                            <width>view_poster_item_w</width>
                        </include>
                    </control>
                    <control type="group">
                        <right>0</right>
                        <width>562.86</width>
                        <height>320</height>
                        <include content="Object_BigPoster">
                            <param name="diffuse" value="diffuse/landscape_w560_h320.png" />
                            <param name="icon">$VAR[Image_Landscape]</param>
                        </include>
                        <control type="image">
                            <texture background="true">$INFO[Container(99950).ListItem.Art(cropimage)]</texture>
                            <aspectratio aligny="bottom" align="left">keep</aspectratio>
                            <bordersize>40</bordersize>
                            <width>60%</width>
                            <visible>String.IsEqual(ListItem.DBType,episode)</visible>
                        </control>
                    </control>
                </control>

                <include content="Info_Panel">
                    <param name="title">false</param>
                    <param name="shortline">true</param>
                    <param name="line_id">99558</param>
                    <param name="plotheight">info_plot_mediainfo_h</param>
                    <param name="plotwidth">100%</param>
                    <top>360</top>
                </include>
            </control>
        </control>
    </include>



</includes>