<?xml version="1.0" encoding="UTF-8"?>
<window>
    <include content="Object_DefaultControl" condition="Window.IsVisible(interfacesettings)">
        <param name="defaultcontrol">30002</param>
        <param name="always">true</param>
    </include>
    <include content="Object_DefaultControl" condition="Window.IsVisible(mediasettings)">
        <param name="defaultcontrol">30003</param>
        <param name="always">true</param>
    </include>
    <include content="Object_DefaultControl" condition="Window.IsVisible(playersettings)">
        <param name="defaultcontrol">30004</param>
        <param name="always">true</param>
    </include>
    <include content="Object_DefaultControl" condition="Window.IsVisible(systemsettings)">
        <param name="defaultcontrol">30005</param>
        <param name="always">true</param>
    </include>
    <include content="Object_DefaultControl" condition="Window.IsVisible(servicesettings)">
        <param name="defaultcontrol">30006</param>
        <param name="always">true</param>
    </include>
    <include content="Object_DefaultControl" condition="Window.IsVisible(pvrsettings)">
        <param name="defaultcontrol">30007</param>
        <param name="always">true</param>
    </include>
    <controls>
        <include content="Background_Main">
            <param name="plain_background">true</param>
        </include>
        <include content="Dialog_SettingsCategory_Background">
            <include content="Dialog_SettingsCategory_ChangerGroup">
                <include content="Dialog_SettingsCategory_LeftGroup">
                    <param name="header_id" value="2" />
                    <control type="grouplist" id="3">
                        <top>grid_x08</top>
                        <bottom>grid_x08</bottom>
                        <width>settings_category_w</width>
                        <onleft>30000</onleft>
                        <onup>3</onup>
                        <onright>5</onright>
                        <ondown>20</ondown>
                    </control>
                    <include>Dialog_Settings_Level</include>
                    <!-- Right Settings -->
                    <include content="Dialog_SettingsCategory_RightGroup">
                        <control type="grouplist" id="5">
                            <onleft>3</onleft>
                            <onright>61</onright>
                            <pagecontrol>61</pagecontrol>
                            <bottom>grid_x08</bottom>
                        </control>
                    </include>
                </include>
            </include>
        </include>

        <include content="View_Furniture_Top">
            <param name="powermenu_button">true</param>
        </include>


        <include content="Dialog_Settings_Button">
            <param name="id" value="10" />
            <param name="control" value="togglebutton" />
            <include>Texture_Highlight_ToggleButton_Settings</include>
            <focusedcolor>$VAR[ColorSettingsToggleButtonText]</focusedcolor>
            <altfocusedcolor>$VAR[ColorSettingsToggleButtonText]</altfocusedcolor>
            <width>settings_category_w</width>
            <description>Default Category Button</description>
        </include>

        <include content="Dialog_Settings_Button">
            <param name="id" value="7" />
            <param name="control" value="button" />
            <description>Default Setting Button</description>
        </include>

        <include content="Dialog_Settings_Button">
            <param name="id" value="8" />
            <param name="control" value="radiobutton" />
            <description>Default Setting Button</description>
            <textwidth>settings_radiobutton_text_w</textwidth>
        </include>

        <include content="Dialog_Settings_Button">
            <param name="id" value="9" />
            <param name="control" value="spincontrolex" />
            <description>Default Setting Button</description>
            <textwidth>settings_radiobutton_text_w</textwidth>
        </include>

        <include content="Dialog_Settings_Button">
            <param name="id" value="12" />
            <param name="control" value="edit" />
            <description>Default Setting Button</description>
        </include>

        <include content="Dialog_Settings_Button">
            <param name="id" value="13" />
            <param name="control" value="sliderex" />
            <description>Default Setting Button</description>
            <textwidth>settings_slider_text_w</textwidth>
        </include>

        <include content="Dialog_Settings_Label">
            <param name="id" value="14" />
            <param name="control" value="label" />
            <description>Default Setting Label</description>
        </include>

        <include content="Dialog_Settings_Button">
            <param name="id" value="15" />
            <param name="control" value="colorbutton" />
            <description>Default Setting Button</description>
        </include>
    </controls>

</window>
