<?xml version="1.0" encoding="UTF-8"?>
<window id="11">
	<defaultcontrol always="true">8</defaultcontrol>
	<controls>

		<control type="videowindow" id="20">
			<description>videowindow</description>
		</control>

		<control type="mover" id="8">
			<description>top left mover</description>
			<left>0</left>
			<top>0</top>
			<width>192</width>
			<height>192</height>
			<texturefocus>calibrate/CalibrateTopLeft.png</texturefocus>
			<texturenofocus/>
		</control>

		<control type="mover" id="9">
			<description>right bottom mover</description>
			<right>0</right>
			<bottom>0</bottom>
			<width>192</width>
			<height>192</height>
			<texturefocus>calibrate/CalibrateBottomRight.png</texturefocus>
			<texturenofocus/>
		</control>

		<control type="mover" id="10">
			<description>subtitle position mover</description>
			<left>300</left>
			<bottom>0</bottom>
			<width>768</width>
			<height>192</height>
			<texturefocus>calibrate/CalibrateSubtitles.png</texturefocus>
			<texturenofocus/>
		</control>

		<control type="resize" id="11">
			<description>pixel aspect ratio box</description>
			<left>0</left>
			<top>348</top>
			<width>384</width>
			<height>384</height>
			<texturefocus>calibrate/CalibratePixelRatio.png</texturefocus>
			<texturenofocus/>
		</control>

		<control type="label" id="2">
			<description>coordinates label</description>
			<left>30</left>
			<top>0</top>
			<width>1860</width>
			<align>center</align>
            <font>font_main</font>
            <textcolor>main_fg_100</textcolor>
			<label/>
		</control>

		<control type="label" id="3">
			<description>help information</description>
			<left>30</left>
			<top>100</top>
			<width>1860</width>
			<align>center</align>
            <font>font_main</font>
            <textcolor>main_fg_100</textcolor>
			<label/>
		</control>

	</controls>

</window>