<?xml version="1.0" encoding="UTF-8"?>
<window>
    <defaultcontrol always="true">30009</defaultcontrol>
    <controls>
        <include content="Background_Main">
            <param name="plain_background">true</param>
        </include>
        <include content="Dialog_SettingsCategory_Background">
            <include content="Dialog_SettingsCategory_ChangerGroup">
                <param name="changer_onright" value="9000" />
                <include content="Dialog_SettingsCategory_LeftGroup">
                    <param name="header_condition" value="false" />
                    <param name="grouplist_id">9000</param>
                    <control type="grouplist" id="9000">
                        <width>settings_category_w</width>
                        <onleft>30000</onleft>
                        <onup>-</onup>
                        <onright>9001</onright>
                        <ondown>20</ondown>
                        <include content="Dialog_Settings_Label">
                            <param name="control" value="label" />
                            <param name="id" value="9002" />
                            <label>$LOCALIZE[13200]</label>
                        </include>
                        <include content="Dialog_Settings_Button">
                            <param name="id" value="4" />
                            <param name="control" value="radiobutton" />
                            <include>Texture_Highlight_ToggleButton_Settings</include>
                            <focusedcolor>$VAR[ColorSettingsToggleButtonText]</focusedcolor>
                            <width>settings_category_w</width>
                            <description>Default Category Button</description>
                            <label>$LOCALIZE[10029]</label>
                        </include>
                        <include content="Dialog_Settings_Label">
                            <param name="control" value="label" />
                            <param name="id" value="9003" />
                            <label>$LOCALIZE[33084]</label>
                            <enable>!System.HasLoginScreen</enable>
                            <disabledcolor>dialog_fg_30</disabledcolor>
                        </include>
                        <include content="Dialog_Settings_Button">
                            <param name="id" value="5" />
                            <param name="control" value="button" />
                            <include>Texture_Highlight_ToggleButton_Settings</include>
                            <focusedcolor>$VAR[ColorSettingsToggleButtonText]</focusedcolor>
                            <description>Default Category Button</description>
                            <label>$INFO[System.ProfileAutoLogin]</label>
                            <enable>!System.HasLoginScreen</enable>
                        </include>
                    </control>

                    <include content="Dialog_SettingsCategory_RightGroup">
                        <param name="scrollbar_onleft" value="9001" />
                        <param name="info_condition" value="false" />
                        <control type="grouplist" id="9001">
                            <onup>-</onup>
                            <ondown>-</ondown>
                            <include content="Dialog_Settings_Label">
                                <param name="control" value="label" />
                                <param name="id" value="9002" />
                                <label>$LOCALIZE[24020]</label>
                            </include>
                            <control type="panel" id="2">
                                <height>640</height>
                                <onleft>9000</onleft>
                                <onright>61</onright>
                                <pagecontrol>61</pagecontrol>
                                <itemlayout height="grid_x16">
                                    <control type="group">
                                        <left>grid_x04</left>
                                        <control type="group">
                                            <left>-10</left>
                                            <include content="Object_ListItem_Iconic">
                                                <param name="fallback" value="DefaultUser.png" />
                                            </include>
                                        </control>
                                    </control>
                                </itemlayout>
                                <focusedlayout height="grid_x16">
                                    <control type="image">
                                        <include>Texture_Highlight</include>
                                    </control>
                                    <control type="group">
                                        <left>grid_x04</left>
                                        <control type="group">
                                            <left>-10</left>
                                            <include content="Object_ListItem_Iconic">
                                                <param name="color" value="$VAR[ColorSelected]" />
                                                <param name="fallback" value="DefaultUser.png" />
                                            </include>
                                        </control>
                                    </control>
                                </focusedlayout>
                            </control>
                        </control>
                    </include>

                </include>
            </include>
        </include>

        <include content="View_Furniture_Top">
            <param name="powermenu_button">true</param>
        </include>
    </controls>

</window>
