<?xml version="1.0" encoding="UTF-8"?>
<window type="window">
    <defaultcontrol>10</defaultcontrol>
    <controls>
        <include content="Background_Main">
            <param name="plain_background">true</param>
        </include>
        <include content="Dialog_Background">
            <include>Animation_SlideIn_Dialog</include>
            <include>Dimension_Info</include>
            <include>Dialog_Overlay_Buttons</include>
            <!-- Left Options -->
            <control type="group">
                <top>0</top>
                <bottom>grid_x04</bottom>
                <width>grid_x68</width>
                <control type="grouplist" id="7000">
                    <onright>10</onright>
                    <include content="Dialog_Settings_Label">
                        <param name="id" value="7900" />
                        <param name="control" value="label" />
                        <label>$LOCALIZE[33063]</label>
                    </include>
                    <include content="Dialog_Settings_Button">
                        <param name="id" value="22" />
                        <param name="control" value="button" />
                        <label>$LOCALIZE[467]</label>
                    </include>
                    <include content="Dialog_Settings_Button">
                        <param name="id" value="12" />
                        <param name="control" value="button" />
                        <label>$LOCALIZE[551]</label>
                    </include>
                    <control type="group" id="79001">
                        <height>40</height>
                        <control type="image">
                            <centertop>50%</centertop>
                            <left>40</left>
                            <right>40</right>
                            <texture colordiffuse="dialog_fg_12">common/white.png</texture>
                            <height>1</height>
                        </control>
                    </control>
                    <include content="Dialog_Settings_Button">
                        <param name="id" value="16" />
                        <param name="control" value="button" />
                        <label>$LOCALIZE[21424]</label>
                    </include>
                    <include content="Dialog_Settings_Button">
                        <param name="id" value="17" />
                        <param name="control" value="button" />
                        <label>$LOCALIZE[21427]</label>
                    </include>
                    <include content="Dialog_Settings_Button">
                        <param name="id" value="18" />
                        <param name="control" value="button" />
                        <label>$LOCALIZE[21429]</label>
                    </include>
                    <include content="Dialog_Settings_Button">
                        <param name="id" value="19" />
                        <param name="control" value="button" />
                        <label>$LOCALIZE[31015]</label>
                    </include>
                    <include content="Dialog_Settings_Button">
                        <param name="id" value="23" />
                        <param name="control" value="button" />
                        <label>$LOCALIZE[21458]</label>
                    </include>
                    <include content="Dialog_Settings_Button">
                        <param name="id" value="24" />
                        <param name="control" value="radiobutton" />
                        <label>$LOCALIZE[20395]</label>
                    </include>
                </control>
            </control>

            <!-- Middle Options -->
            <control type="group">
                <left>680</left>
                <include content="Object_Separator">
                    <top>grid_x04</top>
                    <bottom>grid_x04</bottom>
                </include>
                <control type="group">
                    <top>0</top>
                    <bottom>grid_x04</bottom>
                    <right>dialog_buttongroup_w</right>
                    <include content="Dialog_Settings_Label">
                        <param name="id" value="8900" />
                        <param name="control" value="label" />
                        <label>$LOCALIZE[31132]</label>
                    </include>
                    <include content="List_DialogSelect">
                        <param name="id" value="10" />
                        <param name="itemlayout_include" value="Layout_DialogBasic" />
                        <top>grid_x08</top>
                        <onleft>7000</onleft>
                        <onright>9000</onright>
                        <bottom>grid_x12</bottom>
                    </include>
                    <control type="textbox">
                        <bottom>0</bottom>
                        <aligny>center</aligny>
                        <height>grid_x12</height>
                        <label>$LOCALIZE[31133]</label>
                        <font>font_mini_plot</font>
                        <textcolor>dialog_fg_70</textcolor>
                        <left>grid_x04</left>
                        <right>grid_x04</right>
                    </control>
                </control>
            </control>


            <!-- Right Buttons -->
            <include content="Dialog_Group">
                <control type="group">
                    <right>0</right>
                    <width>dialog_button_w</width>
                    <control type="grouplist" id="9000">
                        <onleft>10</onleft>
                        <itemgap>20</itemgap>
                        <control type="button" id="20" description="OK">
                            <height>grid_x08</height>
                            <label>$LOCALIZE[186]</label>
                        </control>
                        <control type="button" id="21" description="Cancel">
                            <height>grid_x08</height>
                            <label>$LOCALIZE[222]</label>
                        </control>
                    </control>
                </control>
            </include>

        </include>

        <include>Furniture_Top</include>
    </controls>
</window>