[
    {
        "label": "Movies (TMDb)",
        "icon": "special://skin/extras/icons/film.png",
        "path": "DefaultSearch-TMDBMovies",
        "target": "videos",
        "widget_style": "Poster",
        "guid": "guid-0ecd77ca"
    },
    {
        "label": "TV Shows (TMDb)",
        "icon": "special://skin/extras/icons/tv.png",
        "path": "DefaultSearch-TMDBShows",
        "target": "videos",
        "widget_style": "Poster",
        "guid": "guid-2a12f293"
    },
    {
        "label": "Movies",
        "icon": "special://skin/extras/icons/film.png",
        "path": "DefaultSearch-Movies",
        "target": "videos",
        "widget_style": "Poster",
        "guid": "guid-e78edaff"
    },
    {
        "label": "TV Shows",
        "icon": "special://skin/extras/icons/tv.png",
        "path": "DefaultSearch-TvShows",
        "target": "videos",
        "widget_style": "Poster",
        "guid": "guid-06883803"
    }
]