[
    {
        "label": "Your Lists",
        "icon": "image://%2fdata%2fuser%2f0%2forg.xbmc.kodi%2fcache%2fapk%2fassets%2faddons%2fplugin.video.themoviedb.helper%2f%2fresources%2ficons%2ftrakt%2fmylists.png/",
        "path": "plugin://plugin.video.themoviedb.helper/?info=trakt_mylists&tmdb_type=both&widget=true&reload=$INFO[Window(Home).Property(TMDbHelper.Widgets.Reload)]&reload=$INFO[Window(Home).Property(TMDbHelper.Widgets.Reload)]",
        "target": "videos",
        "submenu": [],
        "widgets": [],
        "guid": "guid-e73be449"
    }
]