<addon id="skin.aeon.tajo" name="Aeon Tajo" provider-name="manfeed" version="5.4.0">
	<requires>
		<import addon="xbmc.gui" version="5.15.0"/>
		<import addon="script.skinshortcuts" version="0.4.5"/>
		<import addon="service.library.data.provider" version="0.0.7"/>
		<import addon="script.embuary.helper" version="2.0.6"/>
	</requires>
	<extension debugging="false" effectslowdown="0.75" point="xbmc.gui.skin">
		<res aspect="16:9" default="true" folder="1080i" height="1080" width="1920"/>
	</extension>
	<extension point="xbmc.addon.metadata">
		<platform>all</platform>
		<license>CC BY-NC-SA 4.0</license>
		<forum/>
		<website>https://github.com/manfeed/skin.aeon.tajo</website>
		<email/>
		<source>https://github.com/manfeed/skin.aeon.tajo</source>
		<assets>
			<icon>resources/icon.png</icon>
			<fanart>resources/fanart.jpg</fanart>
			<screenshot>resources/screenshot-01.jpg</screenshot>
			<screenshot>resources/screenshot-02.jpg</screenshot>
			<screenshot>resources/screenshot-03.jpg</screenshot>
			<screenshot>resources/screenshot-04.jpg</screenshot>
			<screenshot>resources/screenshot-05.jpg</screenshot>
			<screenshot>resources/screenshot-06.jpg</screenshot>
			<screenshot>resources/screenshot-07.jpg</screenshot>
			<screenshot>resources/screenshot-08.jpg</screenshot>
			<screenshot>resources/screenshot-09.jpg</screenshot>
			<screenshot>resources/screenshot-10.jpg</screenshot>
		</assets>
		<news>Updated for Kodi v19 Matrix</news>
		<summary lang="en_AU">Aeon Tajo</summary>
		<summary lang="en_GB">Aeon Tajo</summary>
		<summary lang="en_NZ">Aeon Tajo</summary>
		<summary lang="en_US">Aeon Tajo</summary>
		<summary lang="es_ES">Aeon Tajo</summary>
		<summary lang="es_MX">Aeon Tajo</summary>
		<summary lang="fr_FR">Aeon Tajo</summary>
		<summary lang="gl_ES">Aeon Tajo</summary>
		<summary lang="id_ID">Aeon Tajo</summary>
		<summary lang="it_IT">Aeon Tajo</summary>
		<summary lang="ja_JP">Aeon Tajo</summary>
		<summary lang="pt_BR">Aeon Tajo</summary>
		<summary lang="ru_RU">Aeon Tajo</summary>
		<summary lang="sk_SK">Aeon Tajo</summary>
		<summary lang="zh_CN">Aeon Tajo</summary>
		<description lang="de_DE">Aeon Tajo: Ändert alles, so dass sich nichts ändert. Inspiriert von Aeon Nox 5 (Danke an BigNoid).</description>
		<description lang="en_AU">Aeon Tajo: Changes everything so that nothing changes. Inspired on Aeon Nox 5 (thanks to BigNoid).</description>
		<description lang="en_GB">Aeon Tajo: Changes everything so that nothing changes. Inspired on Aeon Nox 5 (thanks to BigNoid).</description>
		<description lang="en_NZ">Aeon Tajo: Changes everything so that nothing changes. Inspired on Aeon Nox 5 (thanks to BigNoid).</description>
		<description lang="en_US">Aeon Tajo: Changes everything so that nothing changes. Inspired on Aeon Nox 5 (thanks to BigNoid).</description>
		<description lang="es_ES">Aeon Tajo: Cambia todo para que nada cambie. Inspirado en Aeon Nox 5 (gracias a BigNoid).</description>
		<description lang="es_MX">Aeon Tajo: Cambia todo para que nada cambie. Inspirado en Aeon Nox 5 (gracias a BigNoid).</description>
		<description lang="fr_FR">Aeon Tajo : Change tout pour que rien ne change. Inspiré de Aeon Nox 5 (merci à BigNoid).</description>
		<description lang="gl_ES">Aeon Tajo: Cambia todo para que nada cambie. Inspirado no Aeon Nox 5 (grazas a BigNoid).</description>
		<description lang="id_ID">Aeon Tajo: Mengubah segalanya sehingga tidak ada yang berubah. Terinspirasi pada Aeon Nox 5 (terima kasih kepada BigNoid).</description>
		<description lang="it_IT">Aeon Tajo: cambia tutto in modo che nulla cambi. Ispirato ad Aeon Nox 5 (grazie a BigNoid).</description>
		<description lang="ja_JP">Aeon Tajo: しなやかにすべてを変えます。Aeon Nox 5にインスパイアされました(BigNoidに感謝)。</description>
		<description lang="pt_BR">Aeon Tajo: muda tudo, para que nada mude. Inspirado em Aeon Nox 5 (obrigado BigNoid).</description>
		<description lang="ru_RU">Aeon Tajo: Меняет всё так, что ничего не меняется. Вдохновлен Aeon Nox 5 (спасибо BigNoid).</description>
		<description lang="zh_CN">Aeon Tajo：所有的改变带来不变的感受。灵感源自 Aeon Nox 5（感谢 BigNoid）。</description>
		<disclaimer lang="en_AU">Mouse control is supported, althoug not recommended. It may not work correctly in all cases.</disclaimer>
		<disclaimer lang="en_GB">Mouse control is supported, althoug not recommended. It may not work correctly in all cases.</disclaimer>
		<disclaimer lang="en_NZ">Mouse control is supported, althoug not recommended. It may not work correctly in all cases.</disclaimer>
		<disclaimer lang="en_US">Mouse control is supported, although not recommended. It may not work correctly in all cases.</disclaimer>
		<disclaimer lang="es_ES">Control con el ratón no recomendado. Puede no funcionar bien en algunos casos.</disclaimer>
		<disclaimer lang="es_MX">El control por ratón está soportado, aunque no recomendado. Puede no funcionar correctamente en todos los casos.</disclaimer>
		<disclaimer lang="fr_FR">Le contrôle de la souris est pris en charge, bien que non recommandé. Cela peut ne pas fonctionner correctement dans tous les cas.</disclaimer>
		<disclaimer lang="gl_ES">Compatíbel co control mediante o rato, porén non recomendado. Pode non funcionar correctamente en tódolos casos.</disclaimer>
		<disclaimer lang="id_ID">Kontrol mouse didukung, meskipun tidak disarankan. Ini mungkin tidak bekerja dengan benar dalam semua kasus.</disclaimer>
		<disclaimer lang="it_IT">Il controllo del mouse è supportato, anche se non consigliato. Potrebbe non funzionare correttamente in tutti i casi.</disclaimer>
		<disclaimer lang="ja_JP">マウスでのコントロールをサポートしていますがお勧めしません。またすべての状況で正しく動作するとは限りません。</disclaimer>
		<disclaimer lang="pt_BR">Compatível com controle por mouse, apesar de não ser recomendado. Pode não funcionar corretamente em todos os casos.</disclaimer>
		<disclaimer lang="ru_RU">Поддерживается управление мышью, хотя и не рекомендуется. Это может работать некорректно во всех случаях.</disclaimer>
		<disclaimer lang="sk_SK">Ovládanie myšou je podporované, aj keď sa neodporúča. Nemusí fungovať správne vo všetkých prípadoch.</disclaimer>
		<disclaimer lang="zh_CN">支持鼠标控制，但不建议使用。它可能不会在所有情况下都正常工作。</disclaimer>
	</extension>
</addon>