<?xml version="1.0" encoding="UTF-8" standalone="yes"?>
<addon id="repository.atom" name="Atom Repository" version="3.6.0" provider-name="soundsofmath">
    <extension point="xbmc.addon.repository" name="Atom Repository">
        <dir>
            <info compressed="false">https://raw.githubusercontent.com/soundsofmath/repository.atom/master/matrix/zips/addons.xml</info>
            <checksum>https://raw.githubusercontent.com/soundsofmath/repository.atom/master/matrix/zips/addons.xml.md5</checksum>
            <datadir zip="true">https://raw.githubusercontent.com/soundsofmath/repository.atom/master/matrix/zips/</datadir>
        </dir>
        <dir minversion="19.0.0" maxversion="19.9.0">
            <info compressed="false">https://raw.githubusercontent.com/soundsofmath/repository.atom/master/repo/zips/addons.xml</info>
            <checksum>https://raw.githubusercontent.com/soundsofmath/repository.atom/master/repo/zips/addons.xml.md5</checksum>
            <datadir zip="true">https://raw.githubusercontent.com/soundsofmath/repository.atom/master/repo/zips/</datadir>
        </dir>
        <dir minversion="19.0.0" maxversion="19.9.0">
            <info compressed="false">https://raw.githubusercontent.com/soundsofmath/repository.atom/master/leia/zips/addons.xml</info>
            <checksum>https://raw.githubusercontent.com/soundsofmath/repository.atom/master/leia/zips/addons.xml.md5</checksum>
            <datadir zip="true">https://raw.githubusercontent.com/soundsofmath/repository.atom/master/leia/zips/</datadir>
        </dir>
    </extension>
    <extension point="xbmc.addon.metadata">
        <summary>Atom Repository</summary>
        <description>Simple Atom Repository</description>
        <disclaimer></disclaimer>
        <platform>all</platform>
        <assets>
            <icon>icon.png</icon>
            <fanart>fanart.jpg</fanart>
        </assets>
    </extension>
</addon>
