<?xml version="1.0" encoding="UTF-8"?>
<shortcuts>
    <shortcut>
        <label>$LOCALIZE[568]</label>
        <label2 />
        <icon />
        <thumb />
        <action>ActivateWindow(PVR,pvr://channels/tv/*,return)</action>
    </shortcut>
    <shortcut>
        <label>$LOCALIZE[19017]</label>
        <label2 />
        <icon />
        <thumb />
        <action>ActivateWindow(PVR,pvr://recordings/tv/active?view=flat,return)</action>
    </shortcut>
    <shortcut>
        <label>$LOCALIZE[19173]</label>
        <label2 />
        <icon />
        <thumb />
        <action>ActivateWindow(PVR,pvr://channels/tv,return)</action>
    </shortcut>
</shortcuts>
