<?xml version='1.0' encoding='UTF-8'?>
<shortcuts>
    <shortcut>
        <label>342</label>
        <label2>Common Shortcut</label2>
        <defaultID>movies</defaultID>
        <icon>special://skin/extras/icons/film.png</icon>
        <action>ActivateWindow(Videos,MovieTitles,return)</action>
    </shortcut>
    <shortcut>
        <label>20343</label>
        <label2>Common Shortcut</label2>
        <defaultID>tvshows</defaultID>
        <icon>special://skin/extras/icons/tv.png</icon>
        <action>ActivateWindow(Videos,TVShowTitles,return)</action>
    </shortcut>
    <shortcut>
        <label>2</label>
        <label2>Common Shortcut</label2>
        <defaultID>music</defaultID>
        <icon>special://skin/extras/icons/songs.png</icon>
        <action>ActivateWindow(Music)</action>
    </shortcut>
    <shortcut>
        <label>31085</label>
        <label2>Common Shortcut</label2>
        <defaultID>livetv</defaultID>
        <icon>special://skin/extras/icons/livetv.png</icon>
        <action>ActivateWindow(TVChannels)</action>
        <visible>PVR.HasTVChannels</visible>
    </shortcut>
    <shortcut>
        <label>3</label>
        <label2>Common Shortcut</label2>
        <defaultID>videos</defaultID>
        <icon>special://skin/extras/icons/video.png</icon>
        <action>ActivateWindow(Videos)</action>
        <visible>!Library.HasContent(Movies) + !Library.HasContent(TVShows)</visible>
    </shortcut>
</shortcuts>
