<?xml version="1.0" encoding="UTF-8"?>
<shortcuts>
    <shortcut>
        <label>$LOCALIZE[20382]</label>
        <label2 />
        <icon />
        <thumb />
        <action>ActivateWindow(Music,musicdb://recentlyaddedalbums/,return)</action>
    </shortcut>
    <shortcut>
        <label>$LOCALIZE[31089]</label>
        <label2 />
        <icon />
        <thumb />
        <action>ActivateWindow(Music,musicdb://recentlyplayedalbums/,return)</action>
    </shortcut>
</shortcuts>
