<?xml version='1.0' encoding='UTF-8'?>
<shortcuts>
    <shortcut>
        <icon>special://skin/extras/icons/sun.png</icon>
        <label>$LOCALIZE[8]</label>
        <label2>Power Shortcut</label2>
        <action>ActivateWindow(weather)</action>
    </shortcut>
    <shortcut>
        <icon>special://skin/extras/icons/favourites2.png</icon>
        <label>$LOCALIZE[1036]</label>
        <label2>Power Shortcut</label2>
        <action>ActivateWindow(favourites)</action>
    </shortcut>
    <shortcut>
        <icon>special://skin/extras/icons/filebox.png</icon>
        <label>$LOCALIZE[7]</label>
        <label2>Power Shortcut</label2>
        <action>ActivateWindow(filemanager)</action>
    </shortcut>
    <shortcut>
        <icon>special://skin/extras/icons/addon.png</icon>
        <label>$LOCALIZE[24001]</label>
        <label2>Power Shortcut</label2>
        <action>ActivateWindow(addonbrowser)</action>
    </shortcut>
    <shortcut>
        <icon>special://skin/extras/icons/settings.png</icon>
        <label>$LOCALIZE[5]</label>
        <label2>Power Shortcut</label2>
        <action>ActivateWindow(interfacesettings)</action>
    </shortcut>
    <shortcut>
        <icon>special://skin/extras/icons/power.png</icon>
        <label>$LOCALIZE[13009]</label>
        <label2>Power Shortcut</label2>
        <action>Quit()</action>
    </shortcut>
</shortcuts>
