﻿<?xml version="1.0" encoding="UTF-8"?>
<addon id="script.autoruns.alt"
       name="Autoruns"
       version="25.3.25"
       provider-name="[COLOR springgreen]Tech[/COLOR] [COLOR green]E.[/COLOR] [COLOR lime]Coyote[/COLOR]">
    <requires>
        <import addon="xbmc.python" version="3.0.0"/>
    </requires>
    <extension point="xbmc.python.pluginsource" library="default.py">
        <provides>executable</provides>
    </extension>
    <extension point="xbmc.service" library="service.py" />
    <extension point="xbmc.addon.metadata">
        <platform>all</platform>
        <summary lang="en">Disable startup services on Kodi</summary>
        <summary lang="pt">Desactive serviços do arranque no Kodi</summary>
        <description lang="en">You can disable startup services, improving Kodi internal speed.</description>
        <description lang="pt">Pode desactivar serviços do arranque, melhorando a velocidade interna do Kodi.</description>
        <disclaimer lang="en">Opensource addon not endorsed with Team Kodi.</disclaimer>
        <disclaimer lang="pt">Addon opensource não afliado com a Equipa Kodi.</disclaimer>
        <forum>https://t.me/+3cns4YYJWh03N2Ex</forum>
        <website>https://tinyurl.com/TheL48</website>
        <email></email>
        <source></source>
        <news></news>
        <assets>
        <icon>icon.png</icon>
        <icon>fanart.jpg</icon>
        </assets>
    </extension>
</addon>