<?xml version="1.0" encoding="UTF-8"?>
<overrides>
    <!-- set default path to choose icons from -->
    <thumbnailBrowseDefault>special://skin/extras/icons/</thumbnailBrowseDefault>
    <widgetPlaylists>True</widgetPlaylists>
    <backgroundBrowse>True</backgroundBrowse>
    <widgetRename>True</widgetRename>
    <widget label="8">Weather</widget>
    <widget label="5">Settings</widget>
    <!-- Trick for shutdown menu -->
    <groupoverride group="shutdown" condition="Window.IsActive(DialogButtonMenu.xml)">Close</groupoverride>
    <!-- Warning to Remove Settings -->
    <warn heading="31349" message="31350">ActivateWindow(Settings)</warn>
    <override action="Skin.SetString(SearchTerm)">
        <action>Skin.Reset(SearchTerm)</action>
        <action>Skin.SetString(SearchTerm)</action>
        <action>ActivateWindow(1121)</action>
    </override>
    <!-- Widget Target -->
    <property property="widgetTarget">videos</property>
    <property property="widgetTarget">music</property>
    <property property="widgetTarget">pictures</property>
    <property property="widgetTarget">programs</property>
    <propertySettings property="widgetTarget" buttonID="506" title="Widget Content Type"/>
    <!-- Widget Sort -->
    <property property="widgetSortBy">name</property>
    <property property="widgetSortBy">random</property>
    <property property="widgetSortBy">dateadded</property>
    <property property="widgetSortBy">lastplayed</property>
    <property property="widgetSortBy">playcount</property>
    <property property="widgetSortBy">year</property>
    <property property="widgetSortBy">rating</property>
    <property property="widgetSortBy">userrating</property>
    <property property="widgetSortBy">votes</property>
    <property property="widgetSortBy">genre</property>
    <property property="widgetSortBy">country</property>
    <property property="widgetSortBy">studio</property>
    <property property="widgetSortBy">playlistorder</property>
    <property property="widgetSortBy">episodenumber</property>
    <property property="widgetSortBy">season</property>
    <property property="widgetSortBy">numberofepisodes</property>
    <property property="widgetSortBy">numberofwatchedepisodes</property>
    <property property="widgetSortBy">tvshowstatus</property>
    <property property="widgetSortBy">tvshowtitle</property>
    <property property="widgetSortBy">file</property>
    <property property="widgetSortBy">title</property>
    <property property="widgetSortBy">tracknumber</property>
    <property property="widgetSortBy">time</property>
    <property property="widgetSortBy">artist</property>
    <property property="widgetSortBy">album</property>
    <property property="widgetSortBy">lastupdated</property>
    <property property="widgetSortBy">lastused</property>
    <propertySettings property="widgetSortBy" buttonID="502" title="Widget Sort Method"/>
    <!-- Widget Direction -->
    <property property="widgetSortDirection">ascending</property>
    <property property="widgetSortDirection">descending</property>
    <propertySettings property="widgetSortDirection" buttonID="503" title="Widget Sort Direction"/>
    <!-- Widget Limit -->
    <property property="widgetLimit" label="10 ">$NUMBER[10]</property>
    <property property="widgetLimit" label="25 ">$NUMBER[25]</property>
    <property property="widgetLimit" label="50 ">$NUMBER[50]</property>
    <property property="widgetLimit" label="100 ">$NUMBER[100]</property>
    <propertySettings property="widgetLimit" buttonID="504" title="Widget Item Limit"/>
    <!-- Widget Aspect -->
    <property property="widgetAspect">Poster</property>
    <property property="widgetAspect">Square</property>
    <property property="widgetAspect">Landscape</property>
    <property property="widgetAspect">Fanart</property>
    <property property="widgetAspect">Prime</property>
    <propertySettings property="widgetAspect" buttonID="505" title="Widget Aspect"/>
    <!-- Search Item Default Properties -->
    <propertydefault labelID="artists" group="searchmenu" property="widgetAspect">Square</propertydefault>
    <propertydefault labelID="albums" group="searchmenu" property="widgetAspect">Square</propertydefault>
    <propertydefault labelID="songs" group="searchmenu" property="widgetAspect">Square</propertydefault>
    <propertydefault labelID="add-ons" group="searchmenu" property="widgetAspect">Square</propertydefault>
    <propertydefault labelID="musicvideos" group="searchmenu" property="widgetAspect">Square</propertydefault>
    <propertydefault labelID="musicvideoartists" group="searchmenu" property="widgetAspect">Square</propertydefault>
    <propertydefault labelID="youtube" group="searchmenu" property="widgetAspect">Landscape</propertydefault>
    <propertydefault labelID="episodes" group="searchmenu" property="widgetAspect">Landscape</propertydefault>
    <!-- Icon Overrides -->
    <icon labelID="livetv">special://skin/extras/icons/livetv.png</icon>
    <icon labelID="radio">special://skin/extras/icons/radio.png</icon>
    <icon labelID="weather">special://skin/extras/icons/sun.png</icon>
    <icon labelID="submenu">special://skin/extras/icons/playlist.png</icon>
    <icon labelID="settings">special://skin/extras/icons/settings.png</icon>
    <icon labelID="13200">special://skin/extras/icons/actor.png</icon>
    <icon labelID="10007">special://skin/extras/icons/sysinfo.png</icon>
    <icon labelID="1036">special://skin/extras/icons/favourites2.png</icon>
    <icon labelID="626">special://skin/extras/icons/recentlyadded.png</icon>
    <icon labelID="10504">special://skin/extras/icons/top100.png</icon>
    <icon labelID="10505">special://skin/extras/icons/top100.png</icon>
    <icon labelID="480">special://skin/extras/icons/eye.png</icon>
    <icon labelID="3">special://skin/extras/icons/film.png</icon>
    <icon labelID="19020">special://skin/extras/icons/livetv.png</icon>
    <icon labelID="2">special://skin/extras/icons/songs.png</icon>
    <icon labelID="1">special://skin/extras/icons/pictures.png</icon>
    <icon labelID="10511">special://skin/extras/icons/sysinfo.png</icon>
    <icon labelID="systeminfo">special://skin/extras/icons/sysinfo.png</icon>
    <icon labelID="8">special://skin/extras/icons/sun.png</icon>
    <icon labelID="31163">special://skin/extras/icons/playlist.png</icon>
    <icon labelID="24001">special://skin/extras/icons/addons.png</icon>
    <icon labelID="14036">special://skin/extras/icons/network.png</icon>
    <icon labelID="13000">special://skin/extras/icons/configure.png</icon>
    <icon labelID="20077">special://skin/extras/icons/year.png</icon>
    <icon labelID="13013">special://skin/extras/icons/power.png</icon>
    <icon labelID="13005">special://skin/extras/icons/power.png</icon>
    <icon labelID="13016">special://skin/extras/icons/power.png</icon>
    <icon labelID="13009">special://skin/extras/icons/power.png</icon>
    <icon labelID="13010">special://skin/extras/icons/power.png</icon>
    <icon labelID="13011">special://skin/extras/icons/power.png</icon>
    <icon labelID="20126">special://skin/extras/icons/power.png</icon>
    <icon labelID="360">special://skin/extras/icons/eye.png</icon>
    <icon labelID="13014">special://skin/extras/icons/sort-up.png</icon>
    <icon labelID="20045">special://skin/extras/icons/artist.png</icon>
    <icon labelID="600">special://skin/extras/icons/cd.png</icon>
    <icon labelID="32046">special://skin/extras/icons/update.png</icon>
    <icon labelID="32047">special://skin/extras/icons/update.png</icon>
    <icon labelID="32055">special://skin/extras/icons/wand.png</icon>
    <icon labelID="32056">special://skin/extras/icons/wand.png</icon>
    <icon image="DefaultShortcut.png">special://skin/extras/icons/shortcut.png</icon>
    <icon image="Events.png">special://skin/extras/icons/clipboard.png</icon>
    <icon image="DefaultVideo.png">special://skin/extras/icons/video.png</icon>
    <icon image="DefaultMovies.png">special://skin/extras/icons/film.png</icon>
    <icon image="DefaultTVShows.png">special://skin/extras/icons/tv.png</icon>
    <icon image="DefaultAudio.png">special://skin/extras/icons/songs.png</icon>
    <icon image="DefaultMusicAlbums.png">special://skin/extras/icons/songs.png</icon>
    <icon image="DefaultMusicVideos.png">special://skin/extras/icons/musicvideo.png</icon>
    <icon image="DefaultPicture.png">special://skin/extras/icons/pictures.png</icon>
    <icon image="DefaultProgram.png">special://skin/extras/icons/addons.png</icon>
    <icon image="DefaultDVDFull.png">special://skin/extras/icons/cd.png</icon>
    <icon image="DefaultFolder.png">special://skin/extras/icons/folder.png</icon>
    <icon image="UnknownUser.png">special://skin/extras/icons/actor.png</icon>
    <icon image="DefaultVideoPlaylists.png">special://skin/extras/icons/playlist.png</icon>
    <icon image="DefaultMusicPlaylists.png">special://skin/extras/icons/playlist.png</icon>
    <icon image="DefaultRecentlyAddedMovies.png">special://skin/extras/icons/recentlyadded.png</icon>
    <icon image="DefaultActor.png">special://skin/extras/icons/artist.png</icon>
    <icon image="DefaultCountry.png">special://skin/extras/icons/world.png</icon>
    <icon image="DefaultDirector.png">special://skin/extras/icons/director.png</icon>
    <icon image="DefaultGenre.png">special://skin/extras/icons/genre.png</icon>
    <icon image="DefaultMusicGenre.png">special://skin/extras/icons/audiogenre.png</icon>
    <icon image="DefaultSets.png">special://skin/extras/icons/sets.png</icon>
    <icon image="DefaultStudios.png">special://skin/extras/icons/director.png</icon>
    <icon image="DefaultTags.png">special://skin/extras/icons/tags.png</icon>
    <icon image="DefaultMovieTitle.png">special://skin/extras/icons/film.png</icon>
    <icon image="DefaultTVShowTitle.png">special://skin/extras/icons/tv.png</icon>
    <icon image="DefaultMusicVideoTitle.png">special://skin/extras/icons/musicvideo.png</icon>
    <icon image="DefaultYear.png">special://skin/extras/icons/year.png</icon>
    <icon image="DefaultRecentlyAddedEpisodes.png">special://skin/extras/icons/recentlyadded.png</icon>
    <icon image="DefaultRecentlyAddedMusicVideos.png">special://skin/extras/icons/recentlyadded.png</icon>
    <icon image="DefaultInProgressShows.png">special://skin/extras/icons/recentlyadded.png</icon>
    <icon image="DefaultMusicArtists.png">special://skin/extras/icons/artist.png</icon>
    <icon image="DefaultMusicGenres.png">special://skin/extras/icons/audiogenre.png</icon>
    <icon image="DefaultMusicSongs.png">special://skin/extras/icons/song.png</icon>
    <icon image="DefaultMusicYears.png">special://skin/extras/icons/years.png</icon>
    <icon image="DefaultMusicTop100.png">special://skin/extras/icons/top100.png</icon>
    <icon image="DefaultMusicRecentlyAdded.png">special://skin/extras/icons/recentlyadded.png</icon>
    <icon image="DefaultMusicRecentlyPlayed.png">special://skin/extras/icons/recent.png</icon>
    <icon image="DefaultAddonVideo.png">special://skin/extras/icons/video-addons.png</icon>
    <icon image="DefaultAddonMusic.png">special://skin/extras/icons/songs.png</icon>
    <icon image="DefaultAddonProgram.png">special://skin/extras/icons/addons.png</icon>
    <!-- Main grouping -->
    <groupings>
        <node label="32029">
            <content>common</content>
            <shortcut label="$LOCALIZE[137]" type="$LOCALIZE[31206]" icon="special://skin/extras/icons/search.png">Skin.SetString(SearchTerm)</shortcut>
            <shortcut label="$LOCALIZE[10821]" type="32021" icon="special://skin/extras/icons/games.png">ActivateWindow(Games)</shortcut>
            <shortcut label="$LOCALIZE[33060]" type="$LOCALIZE[31206]" icon="special://skin/extras/icons/power.png">ActivateWindow(shutdownmenu)</shortcut>
            <shortcut label="$LOCALIZE[31207]" type="32021" icon="special://skin/extras/icons/passports.png">SetFocus(9001)</shortcut>
        </node>
        <node label="32030">
            <content>video</content>
            <node label="32040">
                <content>playlist-video</content>
            </node>
            <node label="32010">
                <shortcut label="1037" type="32014" icon="DefaultAddonVideo.png">ActivateWindow(Videos,Addons,return)</shortcut>
                <content>addon-video</content>
            </node>
            <node label="32075">
                <content>videosources</content>
                <content>upnp-video</content>
            </node>
        </node>
        <node label="32031">
            <content>music</content>
            <node label="32040">
                <content>playlist-audio</content>
            </node>
            <node label="32011">
                <shortcut label="1038" type="32019" icon="DefaultAddonMusic.png">ActivateWindow(MusicLibrary,Addons,return)</shortcut>
                <content>addon-audio</content>
            </node>
            <node label="32075">
                <content>musicsources</content>
                <content>upnp-music</content>
            </node>
        </node>
        <node label="32017" condition="System.GetBool(pvrmanager.enabled)" version="13">
            <content>pvr</content>
            <node label="19023">
                <content>pvr-tv</content>
            </node>
            <node label="19024">
                <content>pvr-radio</content>
            </node>
        </node>
        <node label="32017" condition="PVR.HasTVChannels" version="14">
            <content>pvr</content>
            <node label="19023">
                <content>pvr-tv</content>
            </node>
        </node>
        <node label="32087" condition="PVR.HasRadioChannels" version="14">
            <content>radio</content>
            <node label="19024">
                <content>pvr-radio</content>
            </node>
        </node>
        <node label="32020">
            <content>picturesources</content>
        </node>
        <node label="32007">
            <node label="32009">
                <shortcut label="10001" type="32021" icon="DefaultAddonProgram.png">ActivateWindow(Programs,Addons,return)</shortcut>
                <content>addon-program</content>
            </node>
            <node label="32010">
                <shortcut label="1037" type="32014" icon="DefaultAddonVideo.png">ActivateWindow(Videos,Addons,return)</shortcut>
                <content>addon-video</content>
            </node>
            <node label="32011">
                <shortcut label="1038" type="32019" icon="DefaultAddonMusic.png">ActivateWindow(MusicLibrary,Addons,return)</shortcut>
                <content>addon-audio</content>
            </node>
            <node label="32012">
                <shortcut label="1039" type="32020" icon="DefaultAddonPicture.png">ActivateWindow(Pictures,Addons,return)</shortcut>
                <content>addon-image</content>
            </node>
        </node>
        <node label="32006">
            <content>favourite</content>
        </node>
        <node label="10004">
            <content>settings</content>
        </node>
        <node label="32054">
            <content>commands</content>
        </node>
    </groupings>
    <!-- Video Grouping -->
    <video-groupings>
        <node label="32040">
            <content>playlist-video</content>
        </node>
        <node label="32010">
            <shortcut label="1037" type="32014" icon="DefaultAddonVideo.png">ActivateWindow(Videos,Addons,return)</shortcut>
            <content>addon-video</content>
        </node>
        <content>video</content>
    </video-groupings>
    <!-- customsearch Grouping -->
    <customsearch-groupings>
        <node label="32010">
            <content>addon-video</content>
        </node>
        <node label="32011">
            <content>addon-audio</content>
        </node>
        <node label="32012">
            <content>addon-image</content>
        </node>
        <node label="32009">
            <content>addon-program</content>
        </node>
    </customsearch-groupings>
    <customsearchdefaultitems-groupings>
        <shortcut label="Movies" type="571" icon="special://skin/extras/icons/film.png">DefaultSearch-Movies</shortcut>
        <shortcut label="Tv Shows" type="571" icon="special://skin/extras/icons/tv.png">DefaultSearch-TvShows</shortcut>
        <shortcut label="Episodes" type="571" icon="special://skin/extras/icons/tv.png">DefaultSearch-Episodes</shortcut>
        <shortcut label="Genres" type="571" icon="special://skin/extras/icons/genre.png">DefaultSearch-Genres</shortcut>
        <shortcut label="Year" type="571" icon="special://skin/extras/icons/years.png">DefaultSearch-Year</shortcut>
        <shortcut label="Studio" type="571" icon="special://skin/extras/icons/director.png">DefaultSearch-Studio</shortcut>
        <shortcut label="Country" type="571" icon="special://skin/extras/icons/world.png">DefaultSearch-Country</shortcut>
        <shortcut label="Actor" type="571" icon="special://skin/extras/icons/person.png">DefaultSearch-Actor</shortcut>
        <shortcut label="Director" type="571" icon="special://skin/extras/icons/person.png">DefaultSearch-Director</shortcut>
        <shortcut label="Albums" type="571" icon="special://skin/extras/icons/songs.png">DefaultSearch-Albums</shortcut>
        <shortcut label="Artists" type="571" icon="special://skin/extras/icons/songs.png">DefaultSearch-Artists</shortcut>
        <shortcut label="Songs" type="571" icon="special://skin/extras/icons/songs.png">DefaultSearch-Songs</shortcut>
        <shortcut label="Music Videos" type="571" icon="special://skin/extras/icons/musicvideo.png">DefaultSearch-MusicVideos</shortcut>
        <shortcut label="Music Video Artists" type="571" icon="special://skin/extras/icons/musicvideo.png">DefaultSearch-MusicVideoArtists</shortcut>
        <shortcut label="Add-ons" type="571" icon="special://skin/extras/icons/addons.png">DefaultSearch-Addons</shortcut>
        <shortcut label="Youtube" type="571" icon="special://skin/extras/icons/youtube.png">DefaultSearch-Youtube</shortcut>
        <shortcut label="Netflix" type="571" icon="special://skin/extras/icons/netflix.png">DefaultSearch-Netflix</shortcut>
        <shortcut label="TMDb Movies" type="571" icon="special://skin/extras/icons/film.png">DefaultSearch-TMDBMovies</shortcut>
        <shortcut label="TMDb Shows" type="571" icon="special://skin/extras/icons/tv.png">DefaultSearch-TMDBShows</shortcut>
        <shortcut label="TMDb People" type="571" icon="special://skin/extras/icons/person3.png">DefaultSearch-TMDBPeople</shortcut>
    </customsearchdefaultitems-groupings>
    <!-- Widget Grouping -->
    <widget-groupings>
        <node label="$LOCALIZE[31208]">
            <node label="$LOCALIZE[342]">
                <shortcut widget="NewMovies" label="$LOCALIZE[31209]" icon="DefaultRecentlyAddedMovies.png" widgetTarget="video">special://skin/playlists/new_movies.xsp</shortcut>
                <shortcut widget="RecentMovies" label="$LOCALIZE[31210]" icon="DefaultMusicRecentlyPlayed.png" widgetTarget="video">special://skin/playlists/recent_movies.xsp</shortcut>
                <shortcut widget="RandomMovies" label="$LOCALIZE[31211]" icon="DefaultMovies.png" widgetTarget="video">special://skin/playlists/random_movies.xsp</shortcut>
                <shortcut widget="InProgressMovies" label="$LOCALIZE[31212]" icon="special://skin/extras/icons/timer.png" widgetTarget="video">special://skin/playlists/inprogress_movies.xsp</shortcut>
                <shortcut widget="TopRatedMovies" label="$LOCALIZE[31213]" icon="DefaultMusicTop100Albums.png" widgetTarget="video">special://skin/playlists/toprated_movies.xsp</shortcut>
                <shortcut widget="Top250Movies" label="$LOCALIZE[31214]" icon="DefaultMusicTop100Albums.png" widgetTarget="video">special://skin/playlists/top250_movies.xsp</shortcut>
                <shortcut widget="UnwatchedMovies" label="$LOCALIZE[31215]" icon="DefaultMovies.png" widgetTarget="video">special://skin/playlists/unwatched_movies.xsp</shortcut>
                <shortcut widget="MovieNodes" label="$LOCALIZE[31216]" icon="special://skin/extras/icons/title.png" widgetTarget="video">library://video/movies/</shortcut>
                <shortcut widget="MovieGenres" label="$LOCALIZE[31217]" icon="DefaultGenre.png" widgetTarget="video">library://video/movies/genres.xml</shortcut>
                <shortcut widget="MovieSets" label="$LOCALIZE[31218]" icon="DefaultSets.png" widgetTarget="video">videodb://movies/sets/</shortcut>
            </node>
            <node label="$LOCALIZE[31219]">
                <shortcut widget="NewTvShows" label="$LOCALIZE[31220]" icon="DefaultRecentlyAddedMovies.png" widgetTarget="video">special://skin/playlists/new_tvshows.xsp</shortcut>
                <shortcut widget="RecentTvShows" label="$LOCALIZE[31221]" icon="DefaultMusicRecentlyPlayed.png" widgetTarget="video">special://skin/playlists/recent_tvshows.xsp</shortcut>
                <shortcut widget="InProgress" label="$LOCALIZE[31222]" icon="special://skin/extras/icons/timer.png" widgetTarget="video">library://video/tvshows/inprogressshows.xml</shortcut>
                <shortcut widget="RandomTvShows" label="$LOCALIZE[31223]" icon="DefaultTVShows.png" widgetTarget="video">special://skin/playlists/random_tvshows.xsp</shortcut>
                <shortcut widget="TopRatedTvShows" label="$LOCALIZE[31224]" icon="DefaultMusicTop100Albums.png" widgetTarget="video">special://skin/playlists/toprated_tvshows.xsp</shortcut>
                <shortcut widget="TvShowNodes" label="$LOCALIZE[31225]" icon="special://skin/extras/icons/title.png" widgetTarget="video">library://video/tvshows/</shortcut>
                <shortcut widget="TvShowGenres" label="$LOCALIZE[31226]" icon="DefaultGenre.png" widgetTarget="video">library://video/tvshows/genres.xml</shortcut>
            </node>
            <node label="$LOCALIZE[20360]">
                <shortcut widget="NewEpisodes" label="$LOCALIZE[31227]" icon="DefaultRecentlyAddedMovies.png" widgetTarget="video">special://skin/playlists/new_episodes.xsp.xsp</shortcut>
                <shortcut widget="Recent Episodes" label="$LOCALIZE[31228]" icon="DefaultMusicRecentlyPlayed.png" widgetTarget="video">special://skin/playlists/recent_episodes.xsp.xsp</shortcut>
                <shortcut widget="RandomEpisodes" label="$LOCALIZE[31229]" icon="DefaultTVShows.png" widgetTarget="video">special://skin/playlists/random_episodes.xsp.xsp</shortcut>
                <shortcut widget="UnwatchedEpisodes" label="$LOCALIZE[31230]" icon="DefaultTVShows.png" widgetTarget="video">special://skin/playlists/unwatched_episodes.xsp.xsp</shortcut>
                <shortcut widget="InProgressEpisodes" label="$LOCALIZE[31231]" icon="special://skin/extras/icons/timer.png" widgetTarget="video">special://skin/playlists/inprogress_episodes.xsp.xsp</shortcut>
                <shortcut widget="TopRatedEpisodes" label="$LOCALIZE[31232]" icon="DefaultMusicTop100Albums.png" widgetTarget="video">special://skin/playlists/toprated_episodes.xsp.xsp</shortcut>
            </node>
            <node label="$LOCALIZE[249]">
                <shortcut widget="NewAlbums" label="$LOCALIZE[31233]" icon="DefaultMusicRecentlyAdded.png" widgetTarget="music">musicdb://recentlyaddedalbums/</shortcut>
                <shortcut widget="RecentAlbums" label="$LOCALIZE[31234]" icon="DefaultMusicRecentlyPlayed.png" widgetTarget="music">musicdb://recentlyplayedalbums/</shortcut>
                <shortcut widget="TopAlbums" label="$LOCALIZE[31235]" icon="DefaultMusicTop100Albums.png" widgetTarget="music">musicdb://top100/albums/</shortcut>
                <shortcut widget="RandomAlbums" label="$LOCALIZE[31236]" icon="DefaultMusicAlbums.png" widgetTarget="music">special://skin/playlists/random_albums.xsp</shortcut>
                <shortcut widget="RandomArtists" label="$LOCALIZE[31237]" icon="DefaultMusicArtists.png" widgetTarget="music">special://skin/playlists/random_artists.xsp</shortcut>
                <shortcut widget="MusicNodes" label="$LOCALIZE[31238]" icon="special://skin/extras/icons/title.png" widgetTarget="music">library://music/</shortcut>
            </node>
            <node label="$LOCALIZE[31239]">
                <shortcut widget="LastPlayedChannels" label="$LOCALIZE[31240]" icon="DefaultAddonPVRClient.png" widgetTarget="pvr">pvr://channels/tv/*?view=lastplayed</shortcut>
                <shortcut widget="AllChannels" label="$LOCALIZE[19287]" icon="DefaultAddonPVRClient.png" widgetTarget="pvr">pvr://channels/tv/*</shortcut>
                <shortcut widget="ActiveRecordings" label="$LOCALIZE[31241]" icon="DefaultAddonPVRClient.png" widgetTarget="pvr">pvr://recordings/tv/active?view=flat</shortcut>
                <shortcut widget="GroupedActiveRecordings" label="$LOCALIZE[31242]" icon="DefaultAddonPVRClient.png" widgetTarget="pvr">pvr://recordings/tv/active?view=grouped</shortcut>
                <shortcut widget="DeletedRecordings" label="$LOCALIZE[19184]" icon="DefaultAddonPVRClient.png" widgetTarget="pvr">pvr://recordings/tv/deleted?view=flat</shortcut>
                <shortcut widget="GroupedDeletedRecordings" label="$LOCALIZE[31243]" icon="DefaultAddonPVRClient.png" widgetTarget="pvr">pvr://recordings/tv/deleted?view=grouped</shortcut>
                <shortcut widget="Timers" label="$LOCALIZE[19040]" icon="DefaultAddonPVRClient.png" widgetTarget="pvr">pvr://timers/tv/timers</shortcut>
                <shortcut widget="TVPVRRecodingWidget" label="TV PVR Recording Widget (must be in first position)" icon="DefaultAddonPVRClient.png" widgetTarget="pvr">TV PVR Recording Widget</shortcut>
            </node>
            <node label="$LOCALIZE[29921]">
                <content>widgets</content>
                <shortcut widget="VideoSources" label="$LOCALIZE[31244]" icon="DefaultVideo.png" widgetTarget="video">sources://video/</shortcut>
                <shortcut widget="MusicSources" label="$LOCALIZE[31245]" icon="DefaultMusicSongs.png" widgetTarget="music">sources://music/</shortcut>
                <shortcut widget="PictureSources" label="$LOCALIZE[31246]" icon="DefaultPicture.png" widgetTarget="pictures">sources://pictures/</shortcut>
            </node>
            <node label="$LOCALIZE[1036]">
                <shortcut widget="VideoSources" label="$LOCALIZE[1036]" icon="special://skin/extras/icons/favourites2.png" widgetTarget="video">favourites://</shortcut>
            </node>
        </node>
        <node label="32007">
            <node label="32010">
                <content>addon-video</content>
            </node>
            <node label="32011">
                <content>addon-audio</content>
            </node>
            <node label="32012">
                <content>addon-image</content>
            </node>
            <node label="32009">
                <content>addon-program-plugin</content>
            </node>
            <shortcut label="10001" type="32021" icon="DefaultAddonProgram.png" widget="addon" widgetType="program" widgetTarget="programs">addons://sources/executable/</shortcut>
            <shortcut label="20244" type="32021" icon="DefaultAddonProgram.png" widget="addon" widgetType="program" widgetTarget="programs" condition="System.Platform.Android">androidapp://sources/apps/</shortcut>
            <shortcut label="1037" type="32014" icon="DefaultAddonVideo.png" widget="addon" widgetType="video" widgetTarget="video">addons://sources/video/</shortcut>
            <shortcut label="1038" type="32019" icon="DefaultAddonMusic.png" widget="addon" widgetType="music" widgetTarget="music">addons://sources/audio/</shortcut>
            <shortcut label="1039" type="32020" icon="DefaultAddonPicture.png" widget="addon" widgetType="picture" widgetTarget="pictures">addons://sources/image/</shortcut>
        </node>
        <node label="32030">
            <content>video</content>
            <node label="32040">
                <content>playlist-video</content>
            </node>
            <node label="32010">
                <content>addon-video</content>
            </node>
            <node label="32075">
                <content>videosources</content>
            </node>
        </node>
        <node label="32031">
            <content>music</content>
            <node label="32040">
                <content>playlist-audio</content>
            </node>
            <node label="32011">
                <content>addon-audio</content>
            </node>
            <node label="32075">
                <content>musicsources</content>
            </node>
        </node>
        <node label="32020">
            <content>picturesources</content>
        </node>
    </widget-groupings>
</overrides>
