<?xml version="1.0" encoding="UTF-8"?>
<window type="dialog" id="1143">
    <visible>Integer.IsEqual(Window(Home).Property(OSD_Focus),6003)</visible>
    <visible>Window.IsActive(videoosd)</visible>
    <visible>!VideoPlayer.Content(livetv)</visible>
    <visible>!Window.IsVisible(pvrchannelguide)</visible>
    <visible>!Window.IsVisible(pvrosdchannels)</visible>
    <visible>!Window.IsVisible(videobookmarks)</visible>
    <visible>!Window.IsVisible(1141)</visible>
    <visible>!Window.IsVisible(1140)</visible>
    <animation type="WindowOpen" reversible="true">
        <effect type="fade" start="0" end="100" time="300" delay="600"/>
        <effect type="slide" start="0,-48" end="0" center="auto" tween="back" easing="out" time="400" delay="600"/>
    </animation>
    <include content="Animation_Fade_Out">
        <param name="type">WindowClose</param>
        <param name="reversible">true</param>
    </include>
    <controls>

        <control type="list" id="513">
            <left>-1920</left>
            <width>1</width>
            <height>1</height>
            <itemlayout width="1" height="1" />
            <focusedlayout width="1" height="1" />
            <content target="videos">$VAR[Path_OSD_NextRecommendation]</content>
        </control>

        <control type="group">
            <bottom>290</bottom>
            <include content="OSD_UpNext">
                <param name="is_addon">false</param>
                <param name="icon">$VAR[Image_OSD_UpNext_Playlist_Landscape]</param>
                <param name="label">$LOCALIZE[31196]</param>
                <param name="secondary_label"> </param>
                <param name="top_title">$VAR[Label_OSD_UpNext_Playlist_TopTitle]</param>
                <param name="sub_title">$VAR[Label_OSD_UpNext_Playlist_SubTitle]</param>
            </include>
        </control>

    </controls>
</window>
