<?xml version="1.0" encoding="UTF-8"?>
<window type="dialog" id="1116">
    <defaultcontrol always="true">22001</defaultcontrol>
    <onload condition="!String.IsEmpty(Window(Home).Property(Shortcuts.Position))">RunScript(script.skinvariables,run_executebuiltin=special://skin/shortcuts/builtins/skinvariables-refocuscustomwidgets.json,use_rules=True,attempts=5)</onload>
    <onunload>ClearProperty(Shortcuts.Position,Home)</onunload>
    <onunload>Skin.SetString(Shortcuts.RebuildDateTime,$INFO[System.Date(yyyy-mm-dd)]_$INFO[System.Time(hh:mm:ss)])</onunload>
    <controls>

        <include content="Object_Hidden_Button">
            <param name="id">29999</param>

            <onfocus condition="String.IsEmpty(Window(Home).Property(Shortcuts.EditMenu.Previous))">PreviousMenu</onfocus>
            <onfocus condition="!String.IsEmpty(Window(Home).Property(Shortcuts.EditMenu.Previous))">SetFocus(22001)</onfocus>

            <onfocus>SetProperty(Shortcuts.EditMenu,$INFO[Window(Home).Property(Shortcuts.EditMenu.Previous)],Home)</onfocus>
            <onfocus>SetProperty(Shortcuts.EditMode,$INFO[Window(Home).Property(Shortcuts.EditMode.Previous)],Home)</onfocus>
            <onfocus>SetProperty(Shortcuts.EditGUID,$INFO[Window(Home).Property(Shortcuts.EditGUID.Previous)],Home)</onfocus>

            <onfocus>ClearProperty(Shortcuts.EditMenu.Previous,Home)</onfocus>
            <onfocus>ClearProperty(Shortcuts.EditMode.Previous,Home)</onfocus>
            <onfocus>ClearProperty(Shortcuts.EditGUID.Previous,Home)</onfocus>
        </include>

        <include>Dialog_Dim_Overlay</include>

        <control type="group">
            <include>Dimension_DialogMainMenu</include>
            <include>Animation_Right_Delay</include>

            <include content="Dialog_Foreground_Side">
                <param name="dialog_size">Dimension_DialogMainMenu</param>
                <param name="slide_condition">false</param>
                <param name="lines_right">640</param>
                <param name="topline">true</param>
                <param name="subline">true</param>
            </include>

            <!-- Header -->
            <include content="Dialog_Head">
                <param name="label">$VAR[Label_Shortcut_TopHeader]</param>
                <param name="sublabel">$VAR[Label_Shortcut_SubHeader_GroupName]$INFO[Container(22001).ListItem.Property(name), > ,]$VAR[Label_Shortcut_SubHeader_EditMode, > ,]</param>
                <param name="sublabel_include">true</param>
            </include>
            <include>Dialog_Head_CloseButton</include>
            <control type="label">
                <font>font_tiny</font>
                <align>left</align>
                <textcolor>dialog_fg_30</textcolor>
                <label>$INFO[Window(Home).Property(Shortcuts.EditMenu)]$INFO[Window(Home).Property(Shortcuts.EditMode), — ,]$INFO[Window(Home).Property(Shortcuts.EditGUID), — ,]</label>
                <bottom>40</bottom>
                <height>40</height>
                <left>view_pad</left>
                <right>view_pad</right>
            </control>



            <!-- Content -->
            <control type="group">
                <include>Dimension_Dialog_Body</include>
                <control type="group">
                    <include>Dimension_Dialog_Body_Group</include>
                    <control type="group">
                        <right>640</right>




                        <include content="List_DialogSelect">
                            <param name="id">22001</param>
                            <param name="item_height">100</param>
                            <param name="textcolor">dialog_fg_70</param>
                            <param name="itemlayout_include">Layout_Shortcuts</param>
                            <param name="altfocus">[!ControlGroup(9000).HasFocus()]</param>
                            <param name="misc">120</param>
                            <param name="detailed">false</param>
                            <content>plugin://script.skinvariables/?info=get_shortcuts_node&amp;edit=true&amp;skin=$VAR[Path_SkinVariables_SkinFolder]$INFO[Window(Home).Property(SkinVariables.ShortcutsNode.Reload),&amp;reload=,]$INFO[Window(Home).Property(Shortcuts.EditMenu),&amp;,]$INFO[Window(Home).Property(Shortcuts.EditMode),&amp;,]$INFO[Window(Home).Property(Shortcuts.EditGUID),&amp;,]</content>

                            <onfocus>SetFocus(22900)</onfocus>

                            <onleft>9000</onleft>
                            <onright>29002</onright>
                            <onback>29999</onback>
                            <onclick>noop</onclick>
                        </include>

                        <control type="grouplist" id="22900">
                            <orientation>horizontal</orientation>
                            <itemgap>-16</itemgap>

                            <visible>!ControlGroup(9000).HasFocus()</visible>

                            <onup>Control.Move(22001,-1)</onup>
                            <ondown>Control.Move(22001,1)</ondown>

                            <onleft>9000</onleft>
                            <onright>29002</onright>
                            <onback>29999</onback>

                            <animation effect="slide" start="0" end="0,100" condition="Container(22001).Position(1)">Conditional</animation>
                            <animation effect="slide" start="0" end="0,200" condition="Container(22001).Position(2)">Conditional</animation>
                            <animation effect="slide" start="0" end="0,300" condition="Container(22001).Position(3)">Conditional</animation>
                            <animation effect="slide" start="0" end="0,400" condition="Container(22001).Position(4)">Conditional</animation>
                            <animation effect="slide" start="0" end="0,500" condition="Container(22001).Position(5)">Conditional</animation>
                            <animation effect="slide" start="0" end="0,600" condition="Container(22001).Position(6)">Conditional</animation>
                            <animation effect="slide" start="0" end="0,700" condition="Container(22001).Position(7)">Conditional</animation>

                            <height>64</height>
                            <centertop>50</centertop>

                            <align>right</align>
                            <right>20</right>



                            <control type="button" id="22903">
                                <texturenofocus colordiffuse="$VAR[ColorSelected_30]">special://skin/extras/icons/circle-arrow-up.png</texturenofocus>
                                <texturefocus colordiffuse="$VAR[ColorSelected]">special://skin/extras/icons/circle-arrow-up.png</texturefocus>
                                <onclick>RunPlugin($INFO[Container(22001).ListItem.Property(url),,&amp;func=do_move&amp;&amp;move::-1&amp;&amp;window_prop::url]$INFO[Container(22001).ListItem(-1).Property(item),&amp;&amp;offset::,])</onclick>
                                <onback>29999</onback>
                                <width>64</width>
                                <height>64</height>
                            </control>

                            <control type="button" id="22904">
                                <texturenofocus colordiffuse="$VAR[ColorSelected_30]">special://skin/extras/icons/circle-arrow-down.png</texturenofocus>
                                <texturefocus colordiffuse="$VAR[ColorSelected]">special://skin/extras/icons/circle-arrow-down.png</texturefocus>
                                <onclick>RunPlugin($INFO[Container(22001).ListItem.Property(url),,&amp;func=do_move&amp;&amp;move::1&amp;&amp;window_prop::url]$INFO[Container(22001).ListItem(1).Property(item),&amp;&amp;offset::,])</onclick>
                                <onback>29999</onback>
                                <width>64</width>
                                <height>64</height>
                            </control>

                            <control type="button" id="22902">
                                <texturenofocus colordiffuse="$VAR[ColorSelected_30]">special://skin/extras/icons/circle-plus.png</texturenofocus>
                                <texturefocus colordiffuse="$VAR[ColorSelected]">special://skin/extras/icons/circle-plus.png</texturefocus>
                                <onclick condition="!$EXP[Shortcuts_Dialog_Exp_IsWidgetMode]">SetProperty(Shortcuts.Groupings.Links,Links,Home)</onclick>
                                <onclick condition="$EXP[Shortcuts_Dialog_Exp_IsWidgetMode]">ClearProperty(Shortcuts.Groupings.Links,Home)</onclick>
                                <onclick>RunPlugin($INFO[Container(22001).ListItem.Property(url),,&amp;func=do_new]$VAR[Path_Shortcut_UseRawPath])</onclick>
                                <onback>29999</onback>
                                <width>64</width>
                                <height>64</height>
                            </control>

                            <control type="button" id="22905">
                                <texturenofocus colordiffuse="$VAR[ColorSelected_30]">special://skin/extras/icons/trash-can.png</texturenofocus>
                                <texturefocus colordiffuse="$VAR[ColorSelected]">special://skin/extras/icons/trash-can.png</texturefocus>
                                <onclick>RunPlugin($INFO[Container(22001).ListItem.Property(url),,&amp;func=do_delete])</onclick>
                                <onback>29999</onback>
                                <width>64</width>
                                <height>64</height>
                            </control>
                        </control>

                    </control>
                    <control type="group">
                        <right>0</right>
                        <width>640</width>
                        <include content="Dialog_Outline_InnerBox">
                            <top>-20</top>
                            <bottom>-20</bottom>
                            <left>20</left>
                            <right>20</right>
                            <control type="group">
                                <include content="Dimension_Padding">
                                    <param name="pad">20</param>
                                </include>

                                <control type="image">
                                    <width>1</width>
                                    <texture colordiffuse="$VAR[Color_DialogBorder]">common/white.png</texture>
                                    <left>140</left>
                                </control>

                                <control type="grouplist" id="29000">
                                    <orientation>vertical</orientation>
                                    <width>200</width>
                                    <align>left</align>
                                    <left>-40</left>
                                    <bottom>-40</bottom>
                                    <top>-40</top>
                                    <onback>29999</onback>
                                    <onright>23001</onright>
                                    <onleft>22001</onleft>

                                    <!-- Shortcuts -->
                                    <include content="DialogInfo_Button">
                                        <param name="id">29002</param>
                                        <param name="groupid">29102</param>
                                        <param name="label">$LOCALIZE[31511]</param>
                                        <param name="icon">special://skin/extras/icons/share.png</param>
                                        <param name="include_hintlabel">true</param>
                                        <param name="include_customwidth">true</param>
                                        <param name="icon_offset_x">20</param>
                                        <onclick condition="!$EXP[Shortcuts_Dialog_Exp_IsWidgetMode]">SetProperty(Shortcuts.Groupings.Links,Links,Home)</onclick>
                                        <onclick condition="$EXP[Shortcuts_Dialog_Exp_IsWidgetMode]">ClearProperty(Shortcuts.Groupings.Links,Home)</onclick>
                                        <onclick>RunPlugin($INFO[Container(22001).ListItem.Property(url),,&amp;func=do_choose]$VAR[Path_Shortcut_UseRawPath])</onclick>
                                        <onback>29999</onback>
                                    </include>

                                    <!-- Action -->
                                    <include content="DialogInfo_Button">
                                        <param name="id">29003</param>
                                        <param name="groupid">29103</param>
                                        <param name="label">$LOCALIZE[15217]</param>
                                        <param name="icon">special://skin/extras/icons/terminal.png</param>
                                        <param name="include_hintlabel">true</param>
                                        <param name="include_customwidth">true</param>
                                        <param name="icon_offset_x">20</param>
                                        <onclick condition="!$EXP[Shortcuts_Dialog_Exp_IsWidgetMode]">SetProperty(Shortcuts.Groupings.Links,Links,Home)</onclick>
                                        <onclick condition="$EXP[Shortcuts_Dialog_Exp_IsWidgetMode]">ClearProperty(Shortcuts.Groupings.Links,Home)</onclick>
                                        <onclick>RunPlugin($INFO[Container(22001).ListItem.Property(url),,&amp;func=do_action]$VAR[Path_Shortcut_UseRawPath])</onclick>
                                        <onback>29999</onback>
                                    </include>

                                    <!-- Rename -->
                                    <include content="DialogInfo_Button">
                                        <param name="id">29004</param>
                                        <param name="groupid">29104</param>
                                        <param name="label">$LOCALIZE[118]</param>
                                        <param name="icon">special://skin/extras/icons/i-cursor.png</param>
                                        <param name="include_hintlabel">true</param>
                                        <param name="include_customwidth">true</param>
                                        <param name="icon_offset_x">20</param>
                                        <onclick>RunPlugin($INFO[Container(22001).ListItem.Property(url),,&amp;func=do_edit])</onclick>
                                        <onback>29999</onback>
                                    </include>

                                    <!-- Icon -->
                                    <include content="DialogInfo_Button">
                                        <param name="id">29005</param>
                                        <param name="groupid">29105</param>
                                        <param name="label">$LOCALIZE[31274]</param>
                                        <param name="icon">special://skin/extras/icons/image.png</param>
                                        <param name="include_hintlabel">true</param>
                                        <param name="include_customwidth">true</param>
                                        <param name="icon_offset_x">20</param>
                                        <onclick>SetProperty(url,$INFO[Container(22001).ListItem.Property(url)],1117)</onclick>
                                        <onclick>ActivateWindow(1117)</onclick>
                                        <onback>29999</onback>
                                    </include>

                                    <!-- Spacer -->
                                    <control type="group" id="29090">
                                        <height>270</height>
                                        <control type="image">
                                            <left>60</left>
                                            <right>20</right>
                                            <bottom>-20</bottom>
                                            <height>1</height>
                                            <texture colordiffuse="$VAR[Color_DialogBorder]">common/white.png</texture>
                                        </control>
                                    </control>

                                    <!-- Add list -->
                                    <include content="DialogInfo_Button">
                                        <param name="id">29006</param>
                                        <param name="groupid">29106</param>
                                        <param name="label">$LOCALIZE[31533]</param>
                                        <param name="icon">special://skin/extras/icons/list-ol.png</param>
                                        <param name="include_hintlabel">true</param>
                                        <param name="include_customwidth">true</param>
                                        <param name="icon_offset_x">20</param>
                                        <param name="visible">[String.IsEqual(Window(Home).Property(Shortcuts.EditMode),mode=widgets) | String.IsEqual(Window(Home).Property(Shortcuts.EditMode),mode=submenu) | String.EndsWith(Window(Home).Property(Shortcuts.EditMenu),-widgetsonly) | String.EndsWith(Window(Home).Property(Shortcuts.EditMenu),-globalwidgets) | String.IsEmpty(Window(Home).Property(Shortcuts.EditMode))]</param>
                                        <onclick>ClearProperty(Shortcuts.Groupings.Links,Home)</onclick>
                                        <onclick>RunPlugin($INFO[Container(22001).ListItem.Property(url),,&amp;func=do_list_add&amp;&amp;item_limit::80]$VAR[Path_Shortcut_UseRawPath])</onclick>
                                        <onback>29999</onback>
                                    </include>

                                    <!-- Delete list -->
                                    <include content="DialogInfo_Button">
                                        <param name="id">29007</param>
                                        <param name="groupid">29107</param>
                                        <param name="label">$LOCALIZE[31534]</param>
                                        <param name="icon">special://skin/extras/icons/trash-can.png</param>
                                        <param name="include_hintlabel">true</param>
                                        <param name="include_customwidth">true</param>
                                        <param name="icon_offset_x">20</param>
                                        <param name="visible">[String.IsEqual(Window(Home).Property(Shortcuts.EditMode),mode=widgets) | String.IsEqual(Window(Home).Property(Shortcuts.EditMode),mode=submenu) | String.EndsWith(Window(Home).Property(Shortcuts.EditMenu),-widgetsonly) | String.EndsWith(Window(Home).Property(Shortcuts.EditMenu),-globalwidgets) | String.IsEmpty(Window(Home).Property(Shortcuts.EditMode))]</param>
                                        <onclick>ClearProperty(Shortcuts.Groupings.Links,Home)</onclick>
                                        <onclick>RunPlugin($INFO[Container(22001).ListItem.Property(url),,&amp;func=do_list_del]$VAR[Path_Shortcut_UseRawPath])</onclick>
                                        <onback>29999</onback>
                                    </include>
                                </control>
                                <control type="grouplist" id="23000">

                                    <left>160</left>

                                    <onleft>29002</onleft>
                                    <onup>23003</onup>
                                    <onback>29999</onback>
                                    <pagecontrol>61</pagecontrol>
                                    <onright>61</onright>
                                    <orientation>vertical</orientation>

                                    <!-- Disable / Enable -->
                                    <include content="Settings_Button">
                                        <param name="dialog">true</param>
                                        <param name="id">23001</param>
                                        <param name="control">button</param>
                                        <label>$VAR[Label_Shortcut_EnableDisable]</label>
                                        <onclick>RunPlugin($INFO[Container(22001).ListItem.Property(url),,&amp;func=do_toggle])</onclick>
                                        <onback>29999</onback>
                                        <visible>!String.IsEqual(Container(22001).ListItem.Property(blank),True)</visible>
                                    </include>

                                    <!-- ================ -->
                                    <!-- Shortcut Options -->
                                    <!-- ================ -->
                                    <include content="Settings_Label">
                                        <param name="dialog">true</param>
                                        <param name="id">23097</param>
                                        <label>$LOCALIZE[31511] $LOCALIZE[33063]</label>

                                        <visible>String.IsEqual(Container(22001).ListItem.Property(path),Custom_Submenu) | [$EXP[Shortcuts_Dialog_Exp_HasShortcutPath] + !$EXP[Shortcuts_Dialog_Exp_IsWidgetMode]]</visible>

                                        <visible>[!String.IsEqual(Container(22001).ListItem.Property(disabled),True) + !String.IsEqual(Container(22001).ListItem.Property(blank),True)]</visible>

                                        <onback>29999</onback>
                                    </include>

                                    <!-- Open In Dialog Item -->
                                    <include content="Settings_Button">
                                        <param name="dialog">true</param>
                                        <param name="id">23002</param>
                                        <param name="control">radiobutton</param>
                                        <label>$LOCALIZE[31443]</label>

                                        <selected>!String.IsEmpty(Container(22001).ListItem.Property(path_opendialog))</selected>
                                        <onclick>RunPlugin($INFO[Container(22001).ListItem.Property(url),,&amp;func=do_toggle&amp;&amp;path_opendialog])</onclick>

                                        <onback>29999</onback>

                                        <visible>$EXP[Shortcuts_Dialog_Exp_HasShortcutPath] + !$EXP[Shortcuts_Dialog_Exp_IsWidgetMode]</visible>
                                        <visible>[!String.IsEqual(Container(22001).ListItem.Property(disabled),True) + !String.IsEqual(Container(22001).ListItem.Property(blank),True)]</visible>

                                    </include>

                                    <!-- Open In Expanded Dialog Item -->
                                    <include content="Settings_Button">
                                        <param name="dialog">true</param>
                                        <param name="id">23004</param>
                                        <param name="control">radiobutton</param>
                                        <label> -- $LOCALIZE[39123]</label>

                                        <selected>!String.IsEmpty(Container(22001).ListItem.Property(path_opendialog_expanded))</selected>
                                        <onclick>RunPlugin($INFO[Container(22001).ListItem.Property(url),,&amp;func=do_toggle&amp;&amp;path_opendialog_expanded])</onclick>

                                        <onback>29999</onback>

                                        <visible>$EXP[Shortcuts_Dialog_Exp_HasShortcutPath] + !$EXP[Shortcuts_Dialog_Exp_IsWidgetMode]</visible>
                                        <visible>String.IsEqual(Container(22001).ListItem.Property(path_opendialog),True)</visible>
                                        <visible>[!String.IsEqual(Container(22001).ListItem.Property(disabled),True) + !String.IsEqual(Container(22001).ListItem.Property(blank),True)]</visible>
                                    </include>
                                    <include content="Settings_Button">
                                        <param name="dialog">true</param>
                                        <param name="id">23005</param>
                                        <param name="control">radiobutton</param>
                                        <label> -- $LOCALIZE[31419]</label>

                                        <selected>!String.IsEmpty(Container(22001).ListItem.Property(path_opendialog_plotbox))</selected>
                                        <onclick>RunPlugin($INFO[Container(22001).ListItem.Property(url),,&amp;func=do_toggle&amp;&amp;path_opendialog_plotbox])</onclick>

                                        <onback>29999</onback>

                                        <visible>$EXP[Shortcuts_Dialog_Exp_HasShortcutPath] + !$EXP[Shortcuts_Dialog_Exp_IsWidgetMode]</visible>
                                        <visible>String.IsEqual(Container(22001).ListItem.Property(path_opendialog),True)</visible>
                                        <visible>String.IsEqual(Container(22001).ListItem.Property(path_opendialog_expanded),True)</visible>
                                        <visible>[!String.IsEqual(Container(22001).ListItem.Property(disabled),True) + !String.IsEqual(Container(22001).ListItem.Property(blank),True)]</visible>
                                    </include>

                                    <!-- Edit custom submenu widget item -->
                                    <include content="Settings_Button">
                                        <param name="dialog">true</param>
                                        <param name="id">23042</param>
                                        <label>$LOCALIZE[31516]</label>
                                        <visible>String.IsEqual(Container(22001).ListItem.Property(path),Custom_Submenu)</visible>
                                        <visible>[!String.IsEqual(Container(22001).ListItem.Property(disabled),True) + !String.IsEqual(Container(22001).ListItem.Property(blank),True)]</visible>

                                        <onclick>SetProperty(Shortcuts.EditMenu.Previous,$INFO[Window(Home).Property(Shortcuts.EditMenu)],Home)</onclick>
                                        <onclick>SetProperty(Shortcuts.EditMode.Previous,$INFO[Window(Home).Property(Shortcuts.EditMode)],Home)</onclick>
                                        <onclick>SetProperty(Shortcuts.EditGUID.Previous,$INFO[Window(Home).Property(Shortcuts.EditGUID)],Home)</onclick>

                                        <onclick>SetProperty(Shortcuts.EditGUID,guid=$INFO[Container(22001).ListItem.Property(guid)],Home)</onclick>
                                        <onclick>SetProperty(Shortcuts.EditMenu,menu=$INFO[Container(22001).ListItem.Property(menu)],Home)</onclick>
                                        <onclick>SetProperty(Shortcuts.EditMode,mode=submenu,Home)</onclick>

                                        <onback>29999</onback>
                                    </include>

                                    <!-- =================== -->
                                    <!-- Custom Menu Options -->
                                    <!-- =================== -->
                                    <include content="Settings_Label">
                                        <param name="dialog">true</param>
                                        <param name="id">23098</param>
                                        <label>$LOCALIZE[33061] $LOCALIZE[33063]</label>

                                        <visible>$EXP[Shortcuts_Dialog_Exp_HasSideMenuEdit]</visible>

                                        <visible>[!String.IsEqual(Container(22001).ListItem.Property(disabled),True) + !String.IsEqual(Container(22001).ListItem.Property(blank),True)]</visible>

                                        <onback>29999</onback>
                                    </include>

                                    <!-- Edit menu node items -->
                                    <include content="Settings_Button">
                                        <param name="dialog">true</param>
                                        <param name="id">23081</param>
                                        <label>$LOCALIZE[31516]</label>
                                        <visible>$EXP[Shortcuts_Dialog_Exp_HasSideMenuEdit]</visible>

                                        <onclick>SetProperty(Shortcuts.EditMenu.Previous,$INFO[Window(Home).Property(Shortcuts.EditMenu)],Home)</onclick>
                                        <onclick>SetProperty(Shortcuts.EditMode.Previous,$INFO[Window(Home).Property(Shortcuts.EditMode)],Home)</onclick>
                                        <onclick>SetProperty(Shortcuts.EditGUID.Previous,$INFO[Window(Home).Property(Shortcuts.EditGUID)],Home)</onclick>
                                        <onclick>ClearProperty(Shortcuts.EditGUID,Home)</onclick>

                                        <onclick>SetProperty(Shortcuts.EditMenu,menu=$INFO[Container(22001).ListItem.Property(menu)]-customnode-$INFO[Container(22001).ListItem.Property(guid)],Home)</onclick>
                                        <onclick>ClearProperty(Shortcuts.EditMode,Home)</onclick>

                                        <visible>[!String.IsEqual(Container(22001).ListItem.Property(disabled),True) + !String.IsEqual(Container(22001).ListItem.Property(blank),True)]</visible>

                                        <onback>29999</onback>
                                    </include>

                                    <!-- ================ -->
                                    <!-- Category Options -->
                                    <!-- ================ -->
                                    <include content="Settings_Label">
                                        <param name="dialog">true</param>
                                        <param name="id">23090</param>
                                        <label>$LOCALIZE[21866] $LOCALIZE[33063]</label>

                                        <visible>[String.IsEqual(Window(Home).Property(Shortcuts.EditMenu),menu=sidemenu) + String.IsEmpty(Window(Home).Property(Shortcuts.EditMode)) + String.IsEmpty(Window(Home).Property(Shortcuts.EditGUID))]</visible>
                                        <visible>[!String.IsEqual(Container(22001).ListItem.Property(disabled),True) + !String.IsEqual(Container(22001).ListItem.Property(blank),True)]</visible>

                                        <onback>29999</onback>
                                    </include>

                                    <!-- SideMenu: Edit widgets -->
                                    <include content="Settings_Button">
                                        <param name="dialog">true</param>
                                        <param name="id">23093</param>
                                        <label>$LOCALIZE[31328]</label>
                                        <visible>[!String.IsEqual(Container(22001).ListItem.Property(disabled),True) + !String.IsEqual(Container(22001).ListItem.Property(blank),True)]</visible>
                                        <visible>[String.IsEqual(Window(Home).Property(Shortcuts.EditMenu),menu=sidemenu) + String.IsEmpty(Window(Home).Property(Shortcuts.EditMode)) + String.IsEmpty(Window(Home).Property(Shortcuts.EditGUID))]</visible>

                                        <onclick>SetProperty(Shortcuts.EditMenu.Previous,$INFO[Window(Home).Property(Shortcuts.EditMenu)],Home)</onclick>
                                        <onclick>SetProperty(Shortcuts.EditMode.Previous,$INFO[Window(Home).Property(Shortcuts.EditMode)],Home)</onclick>
                                        <onclick>SetProperty(Shortcuts.EditGUID.Previous,$INFO[Window(Home).Property(Shortcuts.EditGUID)],Home)</onclick>

                                        <onclick>SetProperty(Shortcuts.EditGUID,guid=$INFO[Container(22001).ListItem.Property(guid)],Home)</onclick>
                                        <onclick>SetProperty(Shortcuts.EditMenu,menu=$INFO[Container(22001).ListItem.Property(menu)],Home)</onclick>
                                        <onclick>SetProperty(Shortcuts.EditMode,mode=widgets,Home)</onclick>

                                        <onback>29999</onback>
                                    </include>

                                    <include content="Settings_Label">
                                        <param name="dialog">true</param>
                                        <param name="id">23905</param>
                                        <label>$LOCALIZE[21866] $LOCALIZE[33063]</label>
                                        <visible>[[String.IsEqual(Window(Home).Property(Shortcuts.EditMenu),menu=1101menu) | String.IsEqual(Window(Home).Property(Shortcuts.EditMenu),menu=1102menu) | String.IsEqual(Window(Home).Property(Shortcuts.EditMenu),menu=1103menu) | String.IsEqual(Window(Home).Property(Shortcuts.EditMenu),menu=1104menu) | String.IsEqual(Window(Home).Property(Shortcuts.EditMenu),menu=1106menu) | String.IsEqual(Window(Home).Property(Shortcuts.EditMenu),menu=1107menu) | String.IsEqual(Window(Home).Property(Shortcuts.EditMenu),menu=1108menu) | String.IsEqual(Window(Home).Property(Shortcuts.EditMenu),menu=1109menu)] + String.IsEmpty(Window(Home).Property(Shortcuts.EditMode)) + String.IsEmpty(Window(Home).Property(Shortcuts.EditGUID))]</visible>
                                        <visible>[!String.IsEqual(Container(22001).ListItem.Property(disabled),True) + !String.IsEqual(Container(22001).ListItem.Property(blank),True)]</visible>
                                        <!-- <visible>[!String.IsEqual(Container(22001).ListItem.Property(use_as_widget),True) | String.IsEmpty(Container(22001).ListItem.Property(submenulist_path))]</visible> -->
                                        <onback>29999</onback>
                                    </include>

                                    <!-- Category: Combine Widgets -->
                                    <include content="Settings_Button">
                                        <param name="dialog">true</param>
                                        <param name="id">23047</param>
                                        <param name="control">radiobutton</param>
                                        <label>$LOCALIZE[31107]</label>
                                        <visible>[[String.IsEqual(Window(Home).Property(Shortcuts.EditMenu),menu=1101menu) | String.IsEqual(Window(Home).Property(Shortcuts.EditMenu),menu=1102menu) | String.IsEqual(Window(Home).Property(Shortcuts.EditMenu),menu=1103menu) | String.IsEqual(Window(Home).Property(Shortcuts.EditMenu),menu=1104menu) | String.IsEqual(Window(Home).Property(Shortcuts.EditMenu),menu=1106menu) | String.IsEqual(Window(Home).Property(Shortcuts.EditMenu),menu=1107menu) | String.IsEqual(Window(Home).Property(Shortcuts.EditMenu),menu=1108menu) | String.IsEqual(Window(Home).Property(Shortcuts.EditMenu),menu=1109menu)] + String.IsEmpty(Window(Home).Property(Shortcuts.EditMode)) + String.IsEmpty(Window(Home).Property(Shortcuts.EditGUID))]</visible>
                                        <visible>[!String.IsEqual(Container(22001).ListItem.Property(disabled),True) + !String.IsEqual(Container(22001).ListItem.Property(blank),True)]</visible>

                                        <selected>[String.IsEqual(Container(22001).ListItem.Property(use_as_widget),True)]</selected>
                                        <onclick>RunPlugin($INFO[Container(22001).ListItem.Property(url),,&amp;func=do_toggle&amp;&amp;use_as_widget])</onclick>
                                        <onback>29999</onback>
                                    </include>

                                    <!-- Category: Edit widgets -->
                                    <include content="Settings_Button">
                                        <param name="dialog">true</param>
                                        <param name="id">23064</param>
                                        <label>$LOCALIZE[31328]</label>

                                        <visible>[[String.IsEqual(Window(Home).Property(Shortcuts.EditMenu),menu=1101menu) | String.IsEqual(Window(Home).Property(Shortcuts.EditMenu),menu=1102menu) | String.IsEqual(Window(Home).Property(Shortcuts.EditMenu),menu=1103menu) | String.IsEqual(Window(Home).Property(Shortcuts.EditMenu),menu=1104menu) | String.IsEqual(Window(Home).Property(Shortcuts.EditMenu),menu=1106menu) | String.IsEqual(Window(Home).Property(Shortcuts.EditMenu),menu=1107menu) | String.IsEqual(Window(Home).Property(Shortcuts.EditMenu),menu=1108menu) | String.IsEqual(Window(Home).Property(Shortcuts.EditMenu),menu=1109menu)] + String.IsEmpty(Window(Home).Property(Shortcuts.EditMode)) + String.IsEmpty(Window(Home).Property(Shortcuts.EditGUID))]</visible>
                                        <visible>[!String.IsEqual(Container(22001).ListItem.Property(disabled),True) + !String.IsEqual(Container(22001).ListItem.Property(blank),True)]</visible>
                                        <visible>[!String.IsEqual(Container(22001).ListItem.Property(use_as_widget),True) | String.IsEmpty(Container(22001).ListItem.Property(submenulist_path))]</visible>

                                        <onclick>SetProperty(Shortcuts.EditMenu.Previous,$INFO[Window(Home).Property(Shortcuts.EditMenu)],Home)</onclick>
                                        <onclick>SetProperty(Shortcuts.EditMode.Previous,$INFO[Window(Home).Property(Shortcuts.EditMode)],Home)</onclick>
                                        <onclick>SetProperty(Shortcuts.EditGUID.Previous,$INFO[Window(Home).Property(Shortcuts.EditGUID)],Home)</onclick>

                                        <onclick>SetProperty(Shortcuts.EditGUID,guid=$INFO[Container(22001).ListItem.Property(guid)],Home)</onclick>
                                        <onclick>SetProperty(Shortcuts.EditMenu,menu=$INFO[Container(22001).ListItem.Property(menu)],Home)</onclick>
                                        <onclick>SetProperty(Shortcuts.EditMode,mode=widgets,Home)</onclick>


                                        <onback>29999</onback>
                                    </include>

                                    <!-- ================ -->
                                    <!-- Combined Options -->
                                    <!-- ================ -->
                                    <include content="Settings_Label">
                                        <param name="dialog">true</param>
                                        <param name="id">23904</param>
                                        <label>$LOCALIZE[31083] $LOCALIZE[33063]</label>
                                        <visible>[[String.IsEqual(Window(Home).Property(Shortcuts.EditMenu),menu=1101menu) | String.IsEqual(Window(Home).Property(Shortcuts.EditMenu),menu=1102menu) | String.IsEqual(Window(Home).Property(Shortcuts.EditMenu),menu=1103menu) | String.IsEqual(Window(Home).Property(Shortcuts.EditMenu),menu=1104menu) | String.IsEqual(Window(Home).Property(Shortcuts.EditMenu),menu=1106menu) | String.IsEqual(Window(Home).Property(Shortcuts.EditMenu),menu=1107menu) | String.IsEqual(Window(Home).Property(Shortcuts.EditMenu),menu=1108menu) | String.IsEqual(Window(Home).Property(Shortcuts.EditMenu),menu=1109menu)] + String.IsEmpty(Window(Home).Property(Shortcuts.EditMode)) + String.IsEmpty(Window(Home).Property(Shortcuts.EditGUID))]</visible>
                                        <visible>[!String.IsEqual(Container(22001).ListItem.Property(disabled),True) + !String.IsEqual(Container(22001).ListItem.Property(blank),True)]</visible>
                                        <visible>[String.IsEqual(Container(22001).ListItem.Property(use_as_widget),True)]</visible>

                                        <onback>29999</onback>
                                    </include>

                                    <!-- Combined: Combined List -->
                                    <include content="Settings_Stacked_Button">
                                        <param name="dialog">true</param>
                                        <param name="id">23041</param>
                                        <param name="groupid">24041</param>
                                        <param name="toplabel">$LOCALIZE[31110]</param>
                                        <param name="sublabel">$INFO[Container(22001).ListItem.Property(submenulist_path)]</param>
                                        <param name="sublabel_visible">!String.IsEmpty(Container(22001).ListItem.Property(submenulist_path))</param>
                                        <visible>[[String.IsEqual(Window(Home).Property(Shortcuts.EditMenu),menu=1101menu) | String.IsEqual(Window(Home).Property(Shortcuts.EditMenu),menu=1102menu) | String.IsEqual(Window(Home).Property(Shortcuts.EditMenu),menu=1103menu) | String.IsEqual(Window(Home).Property(Shortcuts.EditMenu),menu=1104menu) | String.IsEqual(Window(Home).Property(Shortcuts.EditMenu),menu=1106menu) | String.IsEqual(Window(Home).Property(Shortcuts.EditMenu),menu=1107menu) | String.IsEqual(Window(Home).Property(Shortcuts.EditMenu),menu=1108menu) | String.IsEqual(Window(Home).Property(Shortcuts.EditMenu),menu=1109menu)] + String.IsEmpty(Window(Home).Property(Shortcuts.EditMode)) + String.IsEmpty(Window(Home).Property(Shortcuts.EditGUID))]</visible>
                                        <visible>[!String.IsEqual(Container(22001).ListItem.Property(disabled),True) + !String.IsEqual(Container(22001).ListItem.Property(blank),True)]</visible>

                                        <visible>[String.IsEqual(Container(22001).ListItem.Property(use_as_widget),True)]</visible>

                                        <onclick>ClearProperty(Shortcuts.Groupings.Links,Home)</onclick>
                                        <onclick condition="String.IsEmpty(Container(22001).ListItem.Property(submenulist_path))">RunPlugin($INFO[Container(22001).ListItem.Property(url),,&amp;func=do_choose&amp;&amp;submenulist&amp;&amp;use_rawpath::True])</onclick>
                                        <onclick condition="!String.IsEmpty(Container(22001).ListItem.Property(submenulist_path))">RunPlugin($INFO[Container(22001).ListItem.Property(url),,&amp;func=do_toggle&amp;&amp;submenulist_path])</onclick>
                                        <onback>29999</onback>
                                    </include>

                                    <!-- Combined: Combined Sort By -->
                                    <include content="Settings_Button">
                                        <param name="dialog">true</param>
                                        <param name="id">23044</param>
                                        <label> -- $LOCALIZE[31016]</label>
                                        <label2>[CAPITALIZE]$INFO[Container(22001).ListItem.Property(submenulist_sortby)][/CAPITALIZE]</label2>
                                        <visible>!String.IsEmpty(Container(22001).ListItem.Property(submenulist_path))</visible>
                                        <visible>[String.IsEqual(Container(22001).ListItem.Property(use_as_widget),True)]</visible>
                                        <visible>[!String.IsEqual(Container(22001).ListItem.Property(disabled),True) + !String.IsEqual(Container(22001).ListItem.Property(blank),True)]</visible>

                                        <onclick>RunPlugin($INFO[Container(22001).ListItem.Property(url),,&amp;func=do_edit&amp;&amp;submenulist_sortby&amp;&amp;default&amp;label&amp;random&amp;dateadded&amp;lastplayed&amp;playcount&amp;year&amp;rating&amp;userrating&amp;votes&amp;genre&amp;country&amp;studio&amp;playlist&amp;episodenumber&amp;season&amp;totalepisodes&amp;watchedepisodes&amp;tvshowstatus&amp;tvshowtitle&amp;file&amp;title&amp;track&amp;time&amp;artist&amp;album&amp;lastupdated&amp;lastused&amp;date&amp;&amp;Sort by&amp;&amp;True])</onclick>

                                        <onback>29999</onback>
                                    </include>

                                    <!-- Combined: Combined Sort Order -->
                                    <include content="Settings_Button">
                                        <param name="dialog">true</param>
                                        <param name="id">23045</param>
                                        <param name="control">radiobutton</param>
                                        <label> -- $LOCALIZE[31517]</label>
                                        <visible>!String.IsEmpty(Container(22001).ListItem.Property(submenulist_path))</visible>
                                        <visible>[!String.IsEqual(Container(22001).ListItem.Property(disabled),True) + !String.IsEqual(Container(22001).ListItem.Property(blank),True)]</visible>
                                        <visible>!String.IsEmpty(Container(22001).ListItem.Property(submenulist_sortby)) + !String.IsEqual(Container(22001).ListItem.Property(submenulist_sortby),random)</visible>
                                        <visible>[String.IsEqual(Container(22001).ListItem.Property(use_as_widget),True)]</visible>
                                        <selected>!String.IsEmpty(Container(22001).ListItem.Property(submenulist_sortorder))</selected>
                                        <onclick>RunPlugin($INFO[Container(22001).ListItem.Property(url),,&amp;func=do_toggle&amp;&amp;submenulist_sortorder])</onclick>
                                        <onback>29999</onback>
                                    </include>

                                    <!-- Combined: Combined Sort Limit -->
                                    <include content="Settings_Button">
                                        <param name="dialog">true</param>
                                        <param name="id">23046</param>
                                        <label> -- $LOCALIZE[31188]</label>
                                        <visible>!String.IsEmpty(Container(22001).ListItem.Property(submenulist_path))</visible>
                                        <visible>[!String.IsEqual(Container(22001).ListItem.Property(disabled),True) + !String.IsEqual(Container(22001).ListItem.Property(blank),True)]</visible>
                                        <visible>[String.IsEqual(Container(22001).ListItem.Property(use_as_widget),True)]</visible>
                                        <label2>$INFO[Container(22001).ListItem.Property(submenulist_limit)]</label2>
                                        <onclick>RunPlugin($INFO[Container(22001).ListItem.Property(url),,&amp;func=do_numeric&amp;&amp;submenulist_limit&amp;&amp;heading::Limit])</onclick>
                                        <onback>29999</onback>
                                    </include>



                                    <!-- =========== -->
                                    <!-- Hub Options -->
                                    <!-- =========== -->
                                    <include content="Settings_Label">
                                        <param name="dialog">true</param>
                                        <param name="id">23906</param>
                                        <label>$LOCALIZE[31026] $LOCALIZE[33063]</label>
                                        <visible>[[String.IsEqual(Window(Home).Property(Shortcuts.EditMenu),menu=1101menu) | String.IsEqual(Window(Home).Property(Shortcuts.EditMenu),menu=1102menu) | String.IsEqual(Window(Home).Property(Shortcuts.EditMenu),menu=1103menu) | String.IsEqual(Window(Home).Property(Shortcuts.EditMenu),menu=1104menu) | String.IsEqual(Window(Home).Property(Shortcuts.EditMenu),menu=1106menu) | String.IsEqual(Window(Home).Property(Shortcuts.EditMenu),menu=1107menu) | String.IsEqual(Window(Home).Property(Shortcuts.EditMenu),menu=1108menu) | String.IsEqual(Window(Home).Property(Shortcuts.EditMenu),menu=1109menu)] + String.IsEmpty(Window(Home).Property(Shortcuts.EditMode)) + String.IsEmpty(Window(Home).Property(Shortcuts.EditGUID))]</visible>
                                        <visible>[!String.IsEqual(Container(22001).ListItem.Property(disabled),True) + !String.IsEqual(Container(22001).ListItem.Property(blank),True)]</visible>
                                        <visible>[!String.IsEqual(Container(22001).ListItem.Property(use_as_widget),True)]</visible>
                                        <onback>29999</onback>
                                    </include>

                                    <!-- Hub: Edit global widgets -->
                                    <include content="Settings_Button">
                                        <param name="dialog">true</param>
                                        <param name="id">23066</param>
                                        <label>$LOCALIZE[31521]</label>

                                        <visible>[[String.IsEqual(Window(Home).Property(Shortcuts.EditMenu),menu=1101menu) | String.IsEqual(Window(Home).Property(Shortcuts.EditMenu),menu=1102menu) | String.IsEqual(Window(Home).Property(Shortcuts.EditMenu),menu=1103menu) | String.IsEqual(Window(Home).Property(Shortcuts.EditMenu),menu=1104menu) | String.IsEqual(Window(Home).Property(Shortcuts.EditMenu),menu=1106menu) | String.IsEqual(Window(Home).Property(Shortcuts.EditMenu),menu=1107menu) | String.IsEqual(Window(Home).Property(Shortcuts.EditMenu),menu=1108menu) | String.IsEqual(Window(Home).Property(Shortcuts.EditMenu),menu=1109menu)] + String.IsEmpty(Window(Home).Property(Shortcuts.EditMode)) + String.IsEmpty(Window(Home).Property(Shortcuts.EditGUID))]</visible>
                                        <visible>[!String.IsEqual(Container(22001).ListItem.Property(disabled),True) + !String.IsEqual(Container(22001).ListItem.Property(blank),True)]</visible>
                                        <visible>[!String.IsEqual(Container(22001).ListItem.Property(use_as_widget),True)]</visible>

                                        <onclick>SetProperty(Shortcuts.EditMenu.Previous,$INFO[Window(Home).Property(Shortcuts.EditMenu)],Home)</onclick>
                                        <onclick>SetProperty(Shortcuts.EditMode.Previous,$INFO[Window(Home).Property(Shortcuts.EditMode)],Home)</onclick>
                                        <onclick>SetProperty(Shortcuts.EditGUID.Previous,$INFO[Window(Home).Property(Shortcuts.EditGUID)],Home)</onclick>

                                        <onclick>ClearProperty(Shortcuts.EditGUID,Home)</onclick>
                                        <onclick>SetProperty(Shortcuts.EditMenu,menu=$INFO[Container(22001).ListItem.Property(menu)]-globalwidgets,Home)</onclick>
                                        <onclick>ClearProperty(Shortcuts.EditMode,Home)</onclick>


                                        <onback>29999</onback>
                                    </include>






                                    <!-- ============== -->
                                    <!-- Widget Options -->
                                    <!-- ============== -->
                                    <include content="Settings_Label">
                                        <param name="dialog">true</param>
                                        <param name="id">23902</param>
                                        <label>$LOCALIZE[31282] $LOCALIZE[33063]</label>
                                        <visible>$EXP[Shortcuts_Dialog_Exp_IsWidgetMode] | [String.IsEqual(Container(22001).ListItem.Property(use_as_widget),True) + !String.IsEmpty(Container(22001).ListItem.Property(submenulist_path))]</visible>
                                        <onback>29999</onback>
                                        <visible>[!String.IsEqual(Container(22001).ListItem.Property(disabled),True) + !String.IsEqual(Container(22001).ListItem.Property(blank),True)]</visible>
                                    </include>

                                    <!-- Widgets: Style -->
                                    <include content="Settings_Button">
                                        <param name="dialog">true</param>
                                        <param name="id">23006</param>
                                        <param name="control">button</param>
                                        <label>$LOCALIZE[736]</label>
                                        <label2>$VAR[Label_Shortcut_Widget_Style]</label2>
                                        <onclick>$VAR[Action_Shortcut_SetWidgetStyle]</onclick>
                                        <visible>$EXP[Shortcuts_Dialog_Exp_IsWidgetMode]</visible>
                                        <onback>29999</onback>
                                        <visible>[!String.IsEqual(Container(22001).ListItem.Property(disabled),True) + !String.IsEqual(Container(22001).ListItem.Property(blank),True)]</visible>
                                    </include>

                                    <!-- Widgets: Sort by -->
                                    <include content="Settings_Button">
                                        <param name="dialog">true</param>
                                        <param name="id">23007</param>
                                        <param name="control">button</param>
                                        <label>$LOCALIZE[31016]</label>
                                        <label2>[CAPITALIZE]$INFO[Container(22001).ListItem.Property(widget_sortby)][/CAPITALIZE]</label2>
                                        <onclick>RunPlugin($INFO[Container(22001).ListItem.Property(url),,&amp;func=do_edit&amp;&amp;widget_sortby&amp;&amp;default&amp;label&amp;random&amp;dateadded&amp;lastplayed&amp;playcount&amp;year&amp;rating&amp;userrating&amp;votes&amp;genre&amp;country&amp;studio&amp;playlist&amp;episodenumber&amp;season&amp;totalepisodes&amp;watchedepisodes&amp;tvshowstatus&amp;tvshowtitle&amp;file&amp;title&amp;track&amp;time&amp;artist&amp;album&amp;lastupdated&amp;lastused&amp;date&amp;&amp;Sort by&amp;&amp;True])</onclick>
                                        <visible>$EXP[Shortcuts_Dialog_Exp_IsWidgetMode]</visible>
                                        <onback>29999</onback>
                                        <visible>[!String.IsEqual(Container(22001).ListItem.Property(disabled),True) + !String.IsEqual(Container(22001).ListItem.Property(blank),True)]</visible>
                                    </include>

                                    <!-- Widgets: Sort order -->
                                    <include content="Settings_Button">
                                        <param name="dialog">true</param>
                                        <param name="id">23008</param>
                                        <param name="control">radiobutton</param>
                                        <label>$LOCALIZE[31517]</label>
                                        <selected>!String.IsEmpty(Container(22001).ListItem.Property(widget_sortorder))</selected>
                                        <onclick>RunPlugin($INFO[Container(22001).ListItem.Property(url),,&amp;func=do_toggle&amp;&amp;widget_sortorder])</onclick>
                                        <visible>!String.IsEmpty(Container(22001).ListItem.Property(widget_sortby))</visible>
                                        <visible>!String.IsEqual(Container(22001).ListItem.Property(widget_sortby),random)</visible>
                                        <visible>$EXP[Shortcuts_Dialog_Exp_IsWidgetMode]</visible>
                                        <onback>29999</onback>
                                        <visible>[!String.IsEqual(Container(22001).ListItem.Property(disabled),True) + !String.IsEqual(Container(22001).ListItem.Property(blank),True)]</visible>
                                    </include>

                                    <!-- Widgets: Limit -->
                                    <include content="Settings_Button">
                                        <param name="dialog">true</param>
                                        <param name="id">23009</param>
                                        <param name="control">button</param>
                                        <label>$LOCALIZE[31188]</label>
                                        <label2>$INFO[Container(22001).ListItem.Property(widget_limit)]</label2>
                                        <onclick>RunPlugin($INFO[Container(22001).ListItem.Property(url),,&amp;func=do_numeric&amp;&amp;widget_limit&amp;&amp;heading::Limit])</onclick>
                                        <visible>$EXP[Shortcuts_Dialog_Exp_IsWidgetMode]</visible>
                                        <onback>29999</onback>
                                        <visible>[!String.IsEqual(Container(22001).ListItem.Property(disabled),True) + !String.IsEqual(Container(22001).ListItem.Property(blank),True)]</visible>
                                    </include>

                                    <!-- Widgets: Stacked Parent -->
                                    <include content="Settings_Stacked_Button">
                                        <param name="dialog">true</param>
                                        <param name="id">23011</param>
                                        <param name="groupid">24011</param>
                                        <param name="control">button</param>
                                        <param name="toplabel">$LOCALIZE[31389]</param>
                                        <param name="sublabel">$LOCALIZE[31388] = $VAR[Label_Shortcut_StackedParent]</param>
                                        <param name="sublabel_visible">true</param>
                                        <onclick condition="!String.IsEqual(Container(22001).ListItem.Property(widget_parent),1) + !String.IsEqual(Container(22001).ListItem.Property(widget_parent),2)">RunPlugin($INFO[Container(22001).ListItem.Property(url),,&amp;func=do_edit&amp;&amp;widget_parent&amp;&amp;1])</onclick>
                                        <onclick condition="String.IsEqual(Container(22001).ListItem.Property(widget_parent),1)">RunPlugin($INFO[Container(22001).ListItem.Property(url),,&amp;func=do_edit&amp;&amp;widget_parent&amp;&amp;2])</onclick>
                                        <onclick condition="String.IsEqual(Container(22001).ListItem.Property(widget_parent),2)">RunPlugin($INFO[Container(22001).ListItem.Property(url),,&amp;func=do_edit&amp;&amp;widget_parent&amp;&amp;0])</onclick>
                                        <visible>$EXP[Shortcuts_Dialog_Exp_IsWidgetMode]</visible>
                                        <onback>29999</onback>
                                        <visible>[!String.IsEqual(Container(22001).ListItem.Property(disabled),True) + !String.IsEqual(Container(22001).ListItem.Property(blank),True)]</visible>
                                        <visible>String.StartsWith(Container(22001).ListItem.Property(path),Stacked_)</visible>
                                    </include>

                                    <!-- Widgets: Autoscroll -->
                                    <include content="Settings_Button">
                                        <param name="dialog">true</param>
                                        <param name="id">23010</param>
                                        <param name="control">radiobutton</param>
                                        <label>$LOCALIZE[31185]</label>
                                        <selected>!String.IsEmpty(Container(22001).ListItem.Property(widget_autoscroll))</selected>
                                        <onclick>RunPlugin($INFO[Container(22001).ListItem.Property(url),,&amp;func=do_toggle&amp;&amp;widget_autoscroll])</onclick>
                                        <visible>$EXP[Shortcuts_Dialog_Exp_IsWidgetMode]</visible>
                                        <onback>29999</onback>
                                        <visible>[!String.IsEqual(Container(22001).ListItem.Property(disabled),True) + !String.IsEqual(Container(22001).ListItem.Property(blank),True)]</visible>
                                    </include>

                                    <!-- Submenu: Widget Style -->
                                    <include content="Settings_Button">
                                        <param name="dialog">true</param>
                                        <param name="id">23049</param>
                                        <label> -- $LOCALIZE[736]</label>
                                        <visible>[!String.IsEqual(Container(22001).ListItem.Property(disabled),True) + !String.IsEqual(Container(22001).ListItem.Property(blank),True)]</visible>
                                        <visible>[String.IsEqual(Container(22001).ListItem.Property(use_as_widget),True) + !String.IsEmpty(Container(22001).ListItem.Property(submenulist_path))]</visible>
                                        <label2>$VAR[Label_Shortcut_Widget_Style]</label2>
                                        <onclick>$VAR[Action_Shortcut_SetWidgetStyle]</onclick>
                                        <onback>29999</onback>
                                    </include>

                                    <!-- Submenu: Widget Sort by -->
                                    <include content="Settings_Button">
                                        <param name="dialog">true</param>
                                        <param name="id">23050</param>
                                        <label> -- $LOCALIZE[31016]</label>
                                        <visible>[!String.IsEqual(Container(22001).ListItem.Property(disabled),True) + !String.IsEqual(Container(22001).ListItem.Property(blank),True)]</visible>
                                        <visible>[String.IsEqual(Container(22001).ListItem.Property(use_as_widget),True) + !String.IsEmpty(Container(22001).ListItem.Property(submenulist_path))]</visible>
                                        <label2>[CAPITALIZE]$INFO[Container(22001).ListItem.Property(widget_sortby)][/CAPITALIZE]</label2>
                                        <onclick>RunPlugin($INFO[Container(22001).ListItem.Property(url),,&amp;func=do_edit&amp;&amp;widget_sortby&amp;&amp;default&amp;label&amp;random&amp;dateadded&amp;lastplayed&amp;playcount&amp;year&amp;rating&amp;userrating&amp;votes&amp;genre&amp;country&amp;studio&amp;playlist&amp;episodenumber&amp;season&amp;totalepisodes&amp;watchedepisodes&amp;tvshowstatus&amp;tvshowtitle&amp;file&amp;title&amp;track&amp;time&amp;artist&amp;album&amp;lastupdated&amp;lastused&amp;date&amp;&amp;Sort by&amp;&amp;True])</onclick>
                                        <onback>29999</onback>
                                    </include>

                                    <!-- Submenu: Widget Sort order -->
                                    <include content="Settings_Button">
                                        <param name="dialog">true</param>
                                        <param name="control">radiobutton</param>
                                        <param name="id">23051</param>
                                        <label> -- $LOCALIZE[31517]</label>
                                        <visible>[!String.IsEqual(Container(22001).ListItem.Property(disabled),True) + !String.IsEqual(Container(22001).ListItem.Property(blank),True)]</visible>
                                        <visible>[String.IsEqual(Container(22001).ListItem.Property(use_as_widget),True) + !String.IsEmpty(Container(22001).ListItem.Property(submenulist_path))]</visible>
                                        <visible>!String.IsEmpty(Container(22001).ListItem.Property(widget_sortby)) + !String.IsEqual(Container(22001).ListItem.Property(widget_sortby),random)</visible>
                                        <selected>!String.IsEmpty(Container(22001).ListItem.Property(widget_sortorder))</selected>
                                        <onclick>RunPlugin($INFO[Container(22001).ListItem.Property(url),,&amp;func=do_toggle&amp;&amp;widget_sortorder])</onclick>
                                        <onback>29999</onback>
                                    </include>

                                    <!-- Submenu: Widget Limit -->
                                    <include content="Settings_Button">
                                        <param name="dialog">true</param>
                                        <param name="id">23052</param>
                                        <label> -- $LOCALIZE[31188]</label>
                                        <visible>[!String.IsEqual(Container(22001).ListItem.Property(disabled),True) + !String.IsEqual(Container(22001).ListItem.Property(blank),True)]</visible>
                                        <visible>[String.IsEqual(Container(22001).ListItem.Property(use_as_widget),True) + !String.IsEmpty(Container(22001).ListItem.Property(submenulist_path))]</visible>
                                        <label2>$INFO[Container(22001).ListItem.Property(widget_limit)]</label2>
                                        <onclick>RunPlugin($INFO[Container(22001).ListItem.Property(url),,&amp;func=do_numeric&amp;&amp;widget_limit&amp;&amp;heading::Limit])</onclick>
                                        <onback>29999</onback>
                                    </include>

                                    <!-- Submenu: Widget Autoscroll -->
                                    <include content="Settings_Button">
                                        <param name="dialog">true</param>
                                        <param name="control">radiobutton</param>
                                        <param name="id">23053</param>
                                        <label> -- $LOCALIZE[31185]</label>
                                        <visible>[!String.IsEqual(Container(22001).ListItem.Property(disabled),True) + !String.IsEqual(Container(22001).ListItem.Property(blank),True)]</visible>
                                        <visible>[String.IsEqual(Container(22001).ListItem.Property(use_as_widget),True) + !String.IsEmpty(Container(22001).ListItem.Property(submenulist_path))]</visible>
                                        <selected>!String.IsEmpty(Container(22001).ListItem.Property(widget_autoscroll))</selected>
                                        <onclick>RunPlugin($INFO[Container(22001).ListItem.Property(url),,&amp;func=do_toggle&amp;&amp;widget_autoscroll])</onclick>
                                        <onback>29999</onback>
                                    </include>



                                    <!-- ================ -->
                                    <!-- Dummy Nav Button -->
                                    <!-- ================ -->
                                    <include content="Settings_Button">
                                        <param name="dialog">true</param>
                                        <param name="id">23003</param>
                                        <param name="control">button</param>
                                        <visible>False</visible>
                                        <onback>29999</onback>
                                    </include>
                                </control>
                            </control>
                        </include>
                    </control>
                </control>
                <include content="Dialog_Scrollbar">
                    <param name="id">61</param>
                    <param name="inset">true</param>
                    <onleft>23001</onleft>
                </include>
            </control>
        </control>

        <include content="Furniture_Busy">
            <param name="hasspinner">true</param>
            <param name="spinspinner">true</param>
            <param name="icon">special://skin/extras/icons/arcticfuse2.png</param>
            <param name="haslabel">false</param>
            <param name="spinnervisible">[!Window.IsActive(DialogVolumeBar.xml) | Player.Muted]</param>
            <param name="visible_delay">1200</param>
            <param name="windowopen_condition">False</param>
            <param name="visible">Container(22001).IsUpdating</param>
        </include>

    </controls>
</window>
