<?xml version="1.0" encoding="UTF-8"?>
<includes>

    <!-- Basic View Constants -->
    <constant name="view_pad">80</constant>
    <constant name="view_top">180</constant>
    <constant name="view_row">510</constant>

    <constant name="view_menu_main">480</constant>
    <constant name="-view_menu_main">-480</constant>
    <constant name="view_menu_mini">120</constant>
    <constant name="-view_menu_mini">-120</constant>
    <constant name="view_menu_comp">360</constant>
    <constant name="-view_menu_comp">-360</constant>
    <constant name="view_menu_itemlayout_h">80</constant>
    <constant name="view_menu_height">560</constant>
    <constant name="view_menu_extended_height">720</constant>
    <constant name="view_menu_mini_pad_x">80</constant>
    <constant name="view_menu_mini_offset_x">-60</constant>
    <constant name="view_menu_main_pad_x">20</constant>
    <constant name="view_menu_main_offset_x">0</constant>
    <constant name="view_menu_main_head_x">-20</constant>

    <constant name="view_line_top">0</constant>

    <constant name="view_offx">80</constant>
    <constant name="-view_offx">-80</constant>
    <constant name="view_bar">40</constant>
    <constant name="view_list">20</constant>
    <constant name="view_osd_l">240</constant>  <!-- 80 -->
    <constant name="view_osd_r">240</constant>  <!-- 360 -->
    <constant name="view_gutter">-10</constant>

    <!-- Settings Dialogs -->
    <constant name="settings_category_w">400</constant>
    <constant name="settings_radiobutton_text_w">760</constant>
    <constant name="settings_slider_text_w">560</constant>

    <!-- General Dialogs -->
    <constant name="dialog_button_w">320</constant>
    <constant name="-dialog_button_w">-320</constant>
    <constant name="dialog_buttongroup_w">120</constant>
    <constant name="-dialog_buttongroup_w">-120</constant>
    <constant name="dialog_panelgroup_w">440</constant>
    <constant name="-dialog_panelgroup_w">-440</constant>

    <constant name="dialog_main_button_w">520</constant>
    <constant name="-dialog_main_button_w">-520</constant>




    <constant name="dialog_full_side">360</constant>
    <constant name="dialog_preview_w">680</constant>

    <!-- Options Menu -->
    <constant name="optionsmenu_w">480</constant>

    <!-- Studio Logo -->
    <constant name="studio_logo_w">240</constant>

    <!-- Icons -->
    <constant name="icon_main_bordersize">-16</constant>
    <constant name="icon_arcticfuse2_bordersize">-12</constant>
    <constant name="icon_home_bordersize">-8</constant>
    <constant name="icon_menu_bordersize">-8</constant>
    <constant name="icon_item_bordersize">-4</constant>

    <!-- FlixArt -->
    <constant name="flixart_size_w">1280</constant>
    <constant name="flixart_size_h">720</constant>

    <!-- Info Dialogs -->
    <constant name="infodialog_left_w">640</constant>
    <constant name="infodialog_poster_w">560</constant>
    <constant name="infodialog_poster_h">820</constant>

    <constant name="viewlist_poster_w">480</constant>
    <constant name="viewlist_poster_h">720</constant>


    <constant name="view_icon_item_w">160</constant>
    <constant name="-view_icon_item_w">-160</constant>
    <constant name="view_icon_itemlayout_w">200</constant>
    <constant name="-view_icon_itemlayout_w">-200</constant>
    <constant name="view_icon_item_h">230</constant>
    <constant name="-view_icon_item_h">-230</constant>
    <constant name="view_icon_itemlayout_h">270</constant>
    <constant name="-view_icon_itemlayout_h">-270</constant>
    <constant name="view_icon_movement">8</constant>

    <!-- View ItemLayouts -->
    <constant name="view_poster_itemlayout_h">350</constant>
    <constant name="-view_poster_itemlayout_h">-350</constant>
    <constant name="view_poster_item_h">310</constant>
    <constant name="-view_poster_item_h">-310</constant>
    <constant name="view_poster_itemlayout_w">257.14</constant>
    <constant name="-view_poster_itemlayout_w">-257.14</constant>
    <constant name="view_poster_item_w">217.14</constant>
    <constant name="-view_poster_item_w">-217.14</constant>
    <constant name="view_poster_movement">6</constant>

    <constant name="view_square_itemlayout_w">336</constant>
    <constant name="-view_square_itemlayout_w">-336</constant>
    <constant name="view_square_item_w">296</constant>
    <constant name="-view_square_item_w">-296</constant>

    <constant name="view_quad_itemlayout_w">360</constant>
    <constant name="-view_quad_itemlayout_w">-360</constant>
    <constant name="view_quad_item_w">320</constant>
    <constant name="-view_quad_item_w">-320</constant>

    <constant name="view_card_item_w">731.42</constant>
    <constant name="-view_card_item_w">-731.42</constant>
    <constant name="view_card_itemlayout_w">771.42</constant>
    <constant name="-view_card_itemlayout_w">-771.42</constant>
    <constant name="view_card_movement">4</constant>

    <constant name="view_text_item_h">150</constant>
    <constant name="-view_text_item_h">-150</constant>

    <constant name="view_landscape_itemlayout_w">450</constant>
    <constant name="-view_landscape_itemlayout_w">-450</constant>
    <constant name="view_landscape_item_w">410</constant>
    <constant name="-view_landscape_item_w">-410</constant>
    <constant name="view_landscape_itemlayout_h">270.625</constant>
    <constant name="-view_landscape_itemlayout_h">-270.625</constant>
    <constant name="view_landscape_item_h">230.625</constant>
    <constant name="-view_landscape_item_h">-230.625</constant>
    <constant name="view_landscape_movement">3</constant>

    <constant name="view_board_itemlayout_w">600</constant>
    <constant name="-view_board_itemlayout_w">-600</constant>
    <constant name="view_board_item_w">560</constant>
    <constant name="-view_board_item_w">-560</constant>
    <constant name="view_board_movement">2</constant>

    <constant name="view_listwall_itemlayout_w">613.33</constant>
    <constant name="-view_listwall_itemlayout_w">-613.33</constant>

    <constant name="view_banner_itemlayout_w">1800</constant>
    <constant name="-view_banner_itemlayout_w">-1800</constant>
    <constant name="view_banner_item_w">1760</constant>
    <constant name="-view_banner_item_w">-1760</constant>

    <constant name="view_apps_movement">5</constant>

    <constant name="view_settings_itemlayout_w">450</constant>
    <constant name="-view_settings_itemlayout_w">-450</constant>
    <constant name="view_settings_item_w">410</constant>
    <constant name="-view_settings_item_w">-410</constant>

    <constant name="view_addonbrowser_itemlayout_w">670</constant>
    <constant name="-view_addonbrowser_itemlayout_w">-670</constant>
    <constant name="view_addonbrowser_item_w">630</constant>
    <constant name="-view_addonbrowser_item_w">-630</constant>

    <constant name="view_button_offset_x">40</constant>
    <constant name="-view_button_offset_x">-40</constant>

    <!-- View Info -->
    <constant name="info_plot_w">720</constant>
    <constant name="info_panel_w">1120</constant>
    <constant name="info_title_w">640</constant>
    <constant name="info_title_h">140</constant>
    <constant name="info_title_logo_h">155</constant>
    <constant name="info_title_text_buffer_h">-5</constant>
    <constant name="info_tag_offset_y">-3</constant>  <!-- -5 -->

    <!-- Widgets -->
    <constant name="hub_spotlight_fanart_t">400</constant>
    <constant name="hub_spotlight_mini_t">260</constant>
    <constant name="hub_spotlight_t">460</constant>
    <constant name="hub_spotlight_h">40</constant>
    <constant name="hub_categorieswidget_t">-60</constant>
    <constant name="hub_categorieswidget_h">320</constant>
    <constant name="hub_submenuwidget_t">1300</constant>
    <constant name="hub_submenuwidget_h">240</constant>

    <constant name="hub_info_group_widgetup_s">-880</constant>
    <constant name="hub_group_widgetup_s">-440</constant>

    <constant name="hub_group_fanartspotlight_s">240</constant>
    <constant name="-hub_group_fanartspotlight_s">-240</constant>

    <constant name="widget_grouplist_t_recommendations">0</constant>
    <constant name="widget_grouplist_b_recommendations">0</constant>

    <constant name="widget_grouplist_t">880</constant> <!-- 940 -->
    <constant name="widget_grouplist_b">-880</constant>
    <constant name="widget_grouplist_t_detailed">940</constant> <!-- 940 -->
    <constant name="widget_grouplist_b_detailed">-880</constant>


    <constant name="widget_tbump_h_detailed">580</constant>  <!-- Bumper to address label top spacing (140) [200] [580] {640} -->
    <constant name="widget_label_h_detailed">0</constant>  <!-- Space between label and widget (0) [-60] {-60} -->
    <constant name="widget_items_t_detailed">10</constant>  <!-- Widget position from top (10) [70] {70} -->

    <constant name="widget_tbump_h">640</constant>  <!-- Bumper to address label top spacing (140) [200] [580] {640} -->
    <constant name="widget_label_t">-580</constant>  <!-- Space from widget bottom to next widget label [-140] {-580} -->
    <constant name="widget_label_h">-60</constant>  <!-- Space between label and widget (0) [-60] {-60} -->
    <constant name="widget_items_t">70</constant>  <!-- Widget position from top (10) [70] {70} -->
    <constant name="widget_items_h">1010</constant>  <!-- Widget position from bottom (570) [570] {1010} -->
    <constant name="widget_items_h_gallery">1450</constant>

    <!-- Up Next -->
    <constant name="upnext_image_w">356</constant>
    <constant name="upnext_image_h">200</constant>

    <!-- Weather -->
    <constant name="weather_forecast_h">260</constant>

    <!-- Keyboard -->
    <constant name="keyboard_pad">10</constant>
    <constant name="keyboard_h">520</constant>   <!-- 6 keys (height*6 + buttonpad*5 + x04*2) -->
    <constant name="keyboard_w">1680</constant>   <!-- 16 keys (height*16 + buttonpad*15 + x04*2) -->
    <constant name="keyboard_symbols_w">120</constant>  <!-- 2 keys (height*2 + buttonpad*1) + rounding -->
    <constant name="keyboard_done_w">160</constant>     <!-- 3 keys (height*3 + buttonpad*2) + rounding  -->
    <constant name="keyboard_shift_w">250</constant>    <!-- 4 keys (height*4 + buttonpad*3) + rounding  -->
    <constant name="keyboard_double_w">170</constant>   <!-- 2 keys (height*2 + buttonpad*1)  -->
    <constant name="keyboard_backspace_w">260</constant><!-- 3 keys (height*3 + buttonpad*2) -->
    <constant name="keyboard_spacebar_w">620</constant>    <!-- 7 keys (height*7 + buttonpad*6) -->
    <constant name="keyboard_edit_w">1340</constant>  <!-- width - buttonpad - x04*2 - shift -->
    <constant name="keyboard_shadow_x">-320</constant>

    <!-- Scrollbar -->
    <constant name="scrollbar_w">10</constant>
    <constant name="alphabet_w">60.74</constant>


    <!-- OSD -->
    <constant name="osd_itemgap">37</constant>
    <constant name="-osd_itemgap">-37</constant>

    <!-- Background Fadetime -->
    <constant name="background_fadetime">400</constant>


</includes>