<?xml version="1.0" encoding="UTF-8"?>
<window>
	<defaultcontrol>1000</defaultcontrol>
	<include>dialogeffect</include>
	<controls>
		<!--all content-->
		<control type="group">
			<left>53r</left>
			<top>1</top>
			<width>600</width>
			<height>99%</height>
			<visible>!Window.IsActive(ShutdownMenu)</visible>
			<include content="SideBladeRight">
				<param name="dialog-glowwidth" value="600" />
				<param name="subtitle-visible" value="true" />
				<param name="background-fade" value="true" />
			</include>
			<control type="image">
			<visible>Skin.HasSetting(Touchmode)</visible>
				<left>70</left>
				<top>42</top>
				<width>80</width>
				<height>80</height>
				<texture colordiffuse="FF2E2E2E">backgrounds/bg_fade_7.png</texture>
				<bordertexture colordiffuse="$INFO[Skin.String(color.500)]">backgrounds/bg_fade_4.png</bordertexture>
				<bordersize>2</bordersize>
			</control>
			<control type="button">
				<visible>Skin.HasSetting(Touchmode)</visible>
				<description>Home push button</description>
				<left>70</left>
				<top>42</top>
				<width>80</width>
				<height>80</height>
				<label></label>
				<font/>
				<onclick>PreviousMenu</onclick>
				<texturefocus colordiffuse="$INFO[Skin.String(color.500)]">icons/home.png</texturefocus>
				<texturenofocus colordiffuse="white">icons/home.png</texturenofocus>
			</control>
			<!--title-->
			<control type="label">
				<left>170</left>
				<top>45</top>
				<width>355</width>
				<height>60</height>
				<font>menu.title</font>
				<textcolor>$INFO[Skin.String(color.500)]</textcolor>
				<align>center</align>
				<aligny>center</aligny>
				<label>31065</label>
			</control>
			<control type="group">
				<top>160</top>
				<bottom>0</bottom>
				<!--buttons grouplist-->
				<control type="grouplist" id="996">
					<left>170</left>
					<width>100%</width>
					<height>100%</height>
					<itemgap>3</itemgap>
				</control>
			</control>
			<!--button appearance-->
			<control type="button" id="1000">
				<include>ButtonCommonValues</include>
				<textcolor>white</textcolor>
			    <focusedcolor>white</focusedcolor>
			    <shadowcolor>black</shadowcolor>
				<align>center</align>
			</control>
		</control>
	</controls>
</window>