<?xml version="1.0" encoding="UTF-8"?>
<window>
	<defaultcontrol always="true">11</defaultcontrol>
	<controls>
		<!--all content-->
		<control type="group">
			<left>0r</left>
			<top>4%</top>
			<width>700</width>
			<height>92%</height>
			<visible>!Window.IsActive(ShutdownMenu)</visible>
			<include content="SideBladeRight">
				<param name="dialog-glowwidth" value="700" />
				<param name="subtitle-visible" value="true" />
				<param name="background-fade" value="true" />
			</include>
			<!--main content-->
			<control type="group">
				<!--title tv-->
				<control type="label">
					<left>45</left>
					<top>15</top>
					<width>600</width>
					<height>60</height>
					<font>menu.title</font>
					<align>center</align>
					<aligny>center</aligny>
					<textcolor>$INFO[Skin.String(color.500)]</textcolor>
					<label>$LOCALIZE[19023] - $INFO[VideoPlayer.ChannelGroup]</label>
					<visible>!pvr.IsPlayingRadio</visible>
				</control>
				<!--title radio-->
				<control type="label">
					<left>45</left>
					<top>15</top>
					<width>600</width>
					<height>60</height>
					<font>menu.title</font>
					<align>center</align>
					<aligny>center</aligny>
					<textcolor>$INFO[Skin.String(color.500)]</textcolor>
					<label>$LOCALIZE[19024] - $INFO[MusicPlayer.ChannelGroup]</label>
					<visible>pvr.IsPlayingRadio</visible>
				</control>
				<!--secondary title-->
				<control type="label">
					<left>45</left>
					<top>90</top>
					<width>600</width>
					<height>50</height>
					<font>kai.secondary</font>
					<align>center</align>
					<aligny>center</aligny>
					<textcolor>white</textcolor>
					<label>$INFO[System.Date(DDD)], $INFO[System.Date(d)] $INFO[System.Date(mmm)] $INFO[System.Date(yyyy)], $INFO[System.Time] • $INFO[Container(11).NumItems] $LOCALIZE[19019] ($LOCALIZE[31024] $INFO[Container(11).CurrentPage]/$INFO[Container(11).NumPages])</label>
				</control>
				<!--content list-->
				<control type="list" id="11">
					<left>45</left>
					<top>160</top>
					<bottom>16</bottom>
					<width>625</width>
					<onleft>60</onleft>
					<onright>NextChannelGroup</onright>
					<onup>11</onup>
					<ondown>11</ondown>
					<viewtype label="535">list</viewtype>
					<pagecontrol>60</pagecontrol>
					<scrolltime>200</scrolltime>
					<itemlayout height="116" width="625">
						<control type="group">
							<left>4</left>
							<top>4</top>
							<!--channel number-->
							<control type="label">
								<left>8</left>
								<top>-5</top>
								<width>60</width>
								<height>45</height>
								<font>channel</font>
								<selectedcolor>$INFO[Skin.String(color.500)]</selectedcolor>
								<align>left</align>
								<aligny>center</aligny>
								<info>ListItem.ChannelNumberLabel</info>
							</control>
							<!--channel name-->
							<control type="label">
								<left>75</left>
								<top>0</top>
								<width>525</width>
								<height>38</height>
								<font>label</font>
								<selectedcolor>$INFO[Skin.String(color.500)]</selectedcolor>
								<align>left</align>
								<aligny>center</aligny>
								<label>$INFO[ListItem.Label]</label>
							</control>
							<!--show title (no icon)-->
							<control type="label">
								<left>75</left>
								<top>38</top>
								<width>525</width>
								<height>30</height>
								<font>secondary.info</font>
								<selectedcolor>$INFO[Skin.String(color.500)]</selectedcolor>
								<align>left</align>
								<aligny>center</aligny>
								<label>$INFO[ListItem.Title]</label>
								<visible>String.IsEmpty(Listitem.Icon)</visible>
								<scroll>false</scroll>
							</control>
							<!--show title (icon)-->
							<control type="label">
								<left>75</left>
								<top>38</top>
								<width>450</width>
								<height>30</height>
								<font>secondary.info</font>
								<selectedcolor>$INFO[Skin.String(color.500)]</selectedcolor>
								<align>left</align>
								<aligny>center</aligny>
								<label>$INFO[ListItem.Title]</label>
								<visible>!String.IsEmpty(Listitem.Icon)</visible>
								<scroll>false</scroll>
							</control>
							<!--start time-->
							<control type="label">
								<left>75</left>
								<top>66</top>
								<width>90</width>
								<height>30</height>
								<font>secondary.info.small</font>
								<selectedcolor>$INFO[Skin.String(color.500)]</selectedcolor>
								<aligny>center</aligny>
								<label>$INFO[ListItem.StartTime]</label>
								<visible>ListItem.HasEpg</visible>
							</control>
							<!--progress-->
							<control type="progress">
								<description>Progressbar</description>
								<left>165</left>
								<top>78</top>
								<width>325</width>
								<height>7</height>
								<info>ListItem.Progress</info>
								<visible>ListItem.HasEpg</visible>
							</control>
							<!--finish time-->
							<control type="label">
								<left>507</left>
								<top>66</top>
								<width>100</width>
								<height>30</height>
								<font>secondary.info.small</font>
								<selectedcolor>$INFO[Skin.String(color.500)]</selectedcolor>
								<aligny>center</aligny>
								<label>$INFO[ListItem.EndTime]</label>
								<visible>ListItem.HasEpg</visible>
							</control>
							<!--channel icon-->
							<control type="image">
								<left>507</left>
								<top>6</top>
								<width>75</width>
								<height>60</height>
								<align>center</align>
								<aspectratio>keep</aspectratio>
								<texture>$INFO[ListItem.Icon]</texture>
							</control>
						</control>
					</itemlayout>
					<focusedlayout height="116" width="625">
						<!--focused bg-->
						<control type="image">
							<left>0</left>
							<top>0</top>
							<width>625</width>
							<height>105</height>
							<texture colordiffuse="$INFO[Skin.String(color.500)]">backgrounds/white.png</texture>
						</control>
						<control type="group">
							<left>4</left>
							<top>4</top>
							<!--channel number-->
							<control type="label">
								<left>8</left>
								<top>-5</top>
								<width>60</width>
								<height>45</height>
								<font>channel</font>
								<textcolor>white</textcolor>
								<selectedcolor>$INFO[Skin.String(color.500)]</selectedcolor>
								<shadowcolor>black</shadowcolor>
								<align>left</align>
								<aligny>center</aligny>
								<info>ListItem.ChannelNumberLabel</info>
							</control>
							<!--channel name-->
							<control type="label">
								<left>75</left>
								<top>0</top>
								<width>525</width>
								<height>38</height>
								<font>label</font>
								<textcolor>white</textcolor>
								<selectedcolor>$INFO[Skin.String(color.500)]</selectedcolor>
								<shadowcolor>black</shadowcolor>
								<align>left</align>
								<aligny>center</aligny>
								<label>$INFO[ListItem.Label]</label>
							</control>
							<!--show title (no icon)-->
							<control type="label">
								<left>75</left>
								<top>38</top>
								<width>505</width>
								<height>30</height>
								<font>secondary.info</font>
								<textcolor>white</textcolor>
								<selectedcolor>$INFO[Skin.String(color.500)]</selectedcolor>
								<shadowcolor>black</shadowcolor>
								<align>left</align>
								<aligny>center</aligny>
								<label>$INFO[ListItem.Title]</label>
								<visible>String.IsEmpty(Listitem.Icon)</visible>
							</control>
							<!--show title (icon)-->
							<control type="label">
								<left>75</left>
								<top>38</top>
								<width>450</width>
								<height>30</height>
								<font>secondary.info</font>
								<textcolor>white</textcolor>
								<selectedcolor>$INFO[Skin.String(color.500)]</selectedcolor>
								<shadowcolor>black</shadowcolor>
								<align>left</align>
								<aligny>center</aligny>
								<label>$INFO[ListItem.Title]</label>
								<visible>!String.IsEmpty(Listitem.Icon)</visible>
							</control>
							<!--start time-->
							<control type="label">
								<left>75</left>
								<top>66</top>
								<width>90</width>
								<height>30</height>
								<font>secondary.info.small</font>
								<textcolor>white</textcolor>
								<selectedcolor>$INFO[Skin.String(color.500)]</selectedcolor>
								<shadowcolor>black</shadowcolor>
								<aligny>center</aligny>
								<label>$INFO[ListItem.StartTime]</label>
								<visible>ListItem.HasEpg</visible>
							</control>
							<!--progress-->
							<control type="progress">
								<description>Progressbar</description>
								<left>165</left>
								<top>78</top>
								<width>325</width>
								<height>7</height>
								<midtexture colordiffuse="white">backgrounds/white.png</midtexture>
								<info>ListItem.Progress</info>
								<visible>ListItem.HasEpg</visible>
							</control>
							<!--finish time-->
							<control type="label">
								<left>507</left>
								<top>66</top>
								<width>100</width>
								<height>30</height>
								<font>secondary.info.small</font>
								<textcolor>white</textcolor>
								<selectedcolor>$INFO[Skin.String(color.500)]</selectedcolor>
								<shadowcolor>black</shadowcolor>
								<aligny>center</aligny>
								<label>$INFO[ListItem.EndTime]</label>
								<visible>ListItem.HasEpg</visible>
							</control>
							<!--channel icon-->
							<control type="image">
								<left>507</left>
								<top>6</top>
								<width>75</width>
								<height>60</height>
								<align>center</align>
								<aspectratio>keep</aspectratio>
								<texture>$INFO[ListItem.Icon]</texture>
							</control>
						</control>
					</focusedlayout>
				</control>
				<control type="scrollbar" id="60">
					<left>18</left>
					<top>160</top>
					<bottom>16</bottom>
					<onleft>11</onleft>
					<onright>11</onright>
				</control>
			</control>
		</control>
		<include>PVRChannelNumberInput</include>
	</controls>
</window>