<?xml version="1.0" encoding="UTF-8"?>
<window>
	<defaultcontrol always="true">9000</defaultcontrol>
	<controls>
	
		<control type="group">
			<include>CommonBackground</include>
		</control>
		<control type="group">
		<left>30</left>
		<control type="image">
		    <left>-2</left>
		    <top>17</top>
		    <width>98.6%</width>
		    <height>10.6%</height>
		    <texture>homeshadow_1.png</texture>
		 </control>
		<control type="image">
		    <left>0</left>
		    <top>20</top>
		    <width>98.4%</width>
		    <height>10%</height>
		    <texture colordiffuse="black">backgrounds/bg_fade_2.png</texture>
			<bordertexture colordiffuse="$INFO[Skin.String(color.500)]">backgrounds/bg_fade_3.png</bordertexture>
			<bordersize>2</bordersize>
		 </control>
		 <control type="image">
		    <left>-2</left>
		    <top>947</top>
		    <width>98.6%</width>
		    <height>10.6%</height>
		    <texture>homeshadow_1.png</texture>
		  </control>
		<control type="image">
		    <left>0</left>
		    <top>950</top>
		    <width>98.4%</width>
		    <height>10%</height>
		    <texture colordiffuse="black">backgrounds/bg_fade_2.png</texture>
			<bordertexture colordiffuse="$INFO[Skin.String(color.500)]">backgrounds/bg_fade_3.png</bordertexture>
			<bordersize>2</bordersize>
		  </control>
	   </control>
		<control type="group">
		<visible>!Skin.HasSetting(Clock)</visible>
			<control type="image">
				<right>62</right>
				<top>45</top>
				<width>250</width>
				<height>60</height>
				<texture colordiffuse="FF2E2E2E">backgrounds/bg_fade_7.png</texture>
				<bordertexture colordiffuse="$INFO[Skin.String(color.500)]">backgrounds/bg_fade_4.png</bordertexture>
			    <bordersize>2</bordersize>
			</control>
			<control type="label">
				<right>177</right>
				<top>45</top>
				<width>200</width>
				<height>60</height>
				<align>right</align>
				<aligny>center</aligny>
				<font>fontContextMenu</font>
				<textcolor>white</textcolor>
				<label>$INFO[System.Time(hh:mm)]</label>
			</control>
			<control type="label">
				<right>107</right>
				<top>45</top>
				<width>70</width>
				<height>60</height>
				<align>left</align>
				<aligny>center</aligny>
				<font>fontContextMenu</font>
				<textcolor>white</textcolor>
				<label>:$INFO[System.Time(ss)]</label>
			</control>
			<control type="image">
				<left>60</left>
				<top>45</top>
				<width>250</width>
				<height>60</height>
				<texture colordiffuse="FF2E2E2E">backgrounds/bg_fade_7.png</texture>
			    <bordertexture colordiffuse="$INFO[Skin.String(color.500)]">backgrounds/bg_fade_4.png</bordertexture>
				<bordersize>2</bordersize>
			</control>
			<control type="label">
				<left>111</left>
				<top>45</top>
				<width>360</width>
				<height>60</height>
				<align>left</align>
				<aligny>center</aligny>
				<font>fontContextMenu</font>
				<textcolor>white</textcolor>
				<label>$INFO[System.Date(dd:mm:yyyy]</label>
			</control>
		</control>
		<control type="group">
			<visible>Skin.HasSetting(Touchmode)</visible>
			<control type="image">
				<left>60</left>
				<top>110r</top>
				<width>70</width>
				<height>70</height>
				<texture colordiffuse="FF2E2E2E">backgrounds/bg_fade_7.png</texture>
				<bordertexture colordiffuse="$INFO[Skin.String(color.500)]">backgrounds/bg_fade_4.png</bordertexture>
				<bordersize>2</bordersize>
			</control>
			<control type="button">
				<description>Back push button</description>
				<left>55</left>
				<top>115r</top>
				<width>80</width>
				<height>80</height>
				<label></label>
				<font/>
				<onclick>back</onclick>
				<texturefocus colordiffuse="$INFO[Skin.String(color.500)]">icons/back.png</texturefocus>
				<texturenofocus colordiffuse="FFFFFFFF">icons/back.png</texturenofocus>
			</control>
			<control type="image">
				<right>70</right>
				<top>110r</top>
				<width>70</width>
				<height>70</height>
				<texture colordiffuse="FF2E2E2E">backgrounds/bg_fade_7.png</texture>
				<bordertexture colordiffuse="$INFO[Skin.String(color.500)]">backgrounds/bg_fade_4.png</bordertexture>
				<bordersize>2</bordersize>
			</control>
			<control type="button">
				<description>Home push button</description>
				<right>65</right>
				<top>115r</top>
				<width>80</width>
				<height>80</height>
				<label></label>
				<font/>
				<onclick>ActivateWindow(home)</onclick>
				<texturefocus colordiffuse="$INFO[Skin.String(color.500)]">icons/home.png</texturefocus>
				<texturenofocus colordiffuse="FFFFFFFF">icons/home.png</texturenofocus>
			</control>
		</control>
		<!--all content-->
		<control type="group">
			<left>60</left>
			<centertop>50%</centertop>
			<width>1800</width>
			<height>783</height>
			<control type="image">
				<left>-3</left>
				<top>-3</top>
				<width>1806</width>
				<height>761</height>
				<texture>homeshadow_1.png</texture>
			</control>
			<control type="image">
				<left>0</left>
				<top>0</top>
				<width>1800</width>
				<height>755</height>
				<texture colordiffuse="black">backgrounds/bg_fade_2.png</texture>
				<bordertexture colordiffuse="$INFO[Skin.String(color.500)]">backgrounds/bg_fade_5.png</bordertexture>
				<bordersize>2</bordersize>
			</control>
			<!--title-->
			<control type="label">
				<left>565</left>
				<right>70</right>
				<top>5</top>
				<height>60</height>
				<font>info.title</font>
				<align>left</align>
				<aligny>center</aligny>
				<textcolor>$INFO[Skin.String(color.500)]</textcolor>
				<label>$VAR[MusicInfoHeader]</label>
				<scroll>true</scroll>
			</control>
			<!--main content-->
			<control type="group">
				<control type="group">
					<visible>String.IsEqual(ListItem.DBType,song)</visible>
					<left>30</left>
					<top>130</top>
					<include>VisibleFadeEffect</include>
					<control type="image">
						<left>70</left>
						<top>0</top>
						<width>420</width>
						<height>615</height>
						<aspectratio aligny="top">keep</aspectratio>
						<texture background="true">$INFO[ListItem.Icon]</texture>
					</control>
					<control type="list" id="49">
						<left>505</left>
						<top>0</top>
						<width>1200</width>
						<height>350</height>
						<onleft>49</onleft>
						<onright>49</onright>
						<onup>9000</onup>
						<ondown condition="!Control.IsVisible(50)">61</ondown>
						<ondown condition="Control.IsVisible(50)">50</ondown>
						<pagecontrol></pagecontrol>
						<scrolltime>200</scrolltime>
						<itemlayout height="35">
							<control type="label">
								<left>30</left>
								<top>0</top>
								<width>240</width>
								<height>35</height>
								<font>label</font>
								<align>left</align>
								<aligny>center</aligny>
								<textcolor>$INFO[Skin.String(color.500)]</textcolor>
								<selectedcolor>selected</selectedcolor>
								<label>$INFO[ListItem.Label]</label>
							</control>
							<control type="label">
								<left>200</left>
								<top>0</top>
								<width>990</width>
								<height>35</height>
								<font>label</font>
								<align>left</align>
								<aligny>center</aligny>
								<textcolor>white</textcolor>
								<selectedcolor>white</selectedcolor>
								<label>$INFO[ListItem.Label2]</label>
							</control>
						</itemlayout>
						<focusedlayout height="35">
							<control type="label">
								<left>30</left>
								<top>0</top>
								<width>240</width>
								<height>35</height>
								<font>label</font>
								<align>left</align>
								<aligny>center</aligny>
								<textcolor>$INFO[Skin.String(color.500)]</textcolor>
								<selectedcolor>selected</selectedcolor>
								<label>$INFO[ListItem.Label]</label>
							</control>
							<control type="label">
								<left>200</left>
								<top>0</top>
								<width>990</width>
								<height>35</height>
								<font>label</font>
								<align>left</align>
								<aligny>center</aligny>
								<textcolor>white</textcolor>
								<selectedcolor>white</selectedcolor>
								<label>$INFO[ListItem.Label2]</label>
							</control>
						</focusedlayout>
						<content>
							<item>
								<label>$LOCALIZE[557]:</label>
								<label2>$INFO[ListItem.Artist]</label2>
								<visible>!String.IsEmpty(ListItem.Artist)</visible>
							</item>
							<item>
								<label>$LOCALIZE[558]:</label>
								<label2>$INFO[ListItem.Album]$INFO[listitem.discnumber, - $LOCALIZE[427] ]</label2>
								<visible>!String.IsEmpty(ListItem.Album)</visible>
							</item>
							<item>
								<label>$LOCALIZE[515]:</label>
								<label2>$INFO[ListItem.Genre]</label2>
								<visible>!String.IsEmpty(ListItem.Genre)</visible>
							</item>
							<item>
								<label>$LOCALIZE[175]:</label>
								<label2>$INFO[ListItem.Mood]</label2>
								<visible>!String.IsEmpty(ListItem.Mood)</visible>
							</item>
							<item>
								<label>$LOCALIZE[562]:</label>
								<label2>$INFO[ListItem.Year]</label2>
								<visible>!String.IsEmpty(ListItem.Year)</visible>
							</item>
							<item>
								<label>$LOCALIZE[554]:</label>
								<label2>$INFO[ListItem.TrackNumber]</label2>
								<visible>!String.IsEmpty(ListItem.TrackNumber)</visible>
							</item>
							<item>
								<label>$LOCALIZE[563]:</label>
								<label2>$INFO[ListItem.RatingAndVotes]</label2>
								<visible>!String.IsEmpty(ListItem.RatingAndVotes)</visible>
							</item>
							<item>
								<label>$LOCALIZE[38018]:</label>
								<label2>$INFO[ListItem.Userrating]</label2>
								<visible>!String.IsEmpty(ListItem.Userrating)</visible>
							</item>
						</content>
					</control>
					<control type="image">
						<left>535</left>
						<right>70</right>
						<top>300</top>
						<height>1</height>
						<texture colordiffuse="$INFO[Skin.String(color.500)]">backgrounds/white.png</texture>
					</control>
				</control>
				<control type="group">
					<visible>String.IsEqual(ListItem.DBType,album) + !Control.HasFocus(12)</visible>
					<left>30</left>
					<top>130</top>
					<include>VisibleFadeEffect</include>
					<control type="image">
						<left>70</left>
						<top>0</top>
						<width>420</width>
						<height>615</height>
						<aspectratio aligny="top">keep</aspectratio>
						<texture background="true">$INFO[ListItem.Icon]</texture>
					</control>
					<control type="list" id="49">
						<left>505</left>
						<top>0</top>
						<width>1200</width>
						<height>350</height>
						<onleft>49</onleft>
						<onright>49</onright>
						<onup>9000</onup>
						<ondown condition="!Control.IsVisible(50)">61</ondown>
						<ondown condition="Control.IsVisible(50)">50</ondown>
						<pagecontrol></pagecontrol>
						<scrolltime>200</scrolltime>
						<itemlayout height="35">
							<control type="label">
								<left>30</left>
								<top>0</top>
								<width>240</width>
								<height>35</height>
								<font>label</font>
								<align>left</align>
								<aligny>center</aligny>
								<textcolor>$INFO[Skin.String(color.500)]</textcolor>
								<selectedcolor>selected</selectedcolor>
								<info>ListItem.Label</info>
							</control>
							<control type="label">
								<left>200</left>
								<top>0</top>
								<width>990</width>
								<height>35</height>
								<font>label</font>
								<align>left</align>
								<aligny>center</aligny>
								<textcolor>white</textcolor>
								<selectedcolor>white</selectedcolor>
								<info>ListItem.Label2</info>
							</control>
						</itemlayout>
						<focusedlayout height="35">
							<control type="label">
								<left>30</left>
								<top>0</top>
								<width>240</width>
								<height>35</height>
								<font>label</font>
								<align>left</align>
								<aligny>center</aligny>
								<textcolor>$INFO[Skin.String(color.500)]</textcolor>
								<selectedcolor>selected</selectedcolor>
								<info>ListItem.Label</info>
							</control>
							<control type="label">
								<left>200</left>
								<top>0</top>
								<width>990</width>
								<height>35</height>
								<font>label</font>
								<align>left</align>
								<aligny>center</aligny>
								<textcolor>white</textcolor>
								<selectedcolor>white</selectedcolor>
								<info>ListItem.Label2</info>
							</control>
						</focusedlayout>
						<content>
							<item>
								<label>$LOCALIZE[557]:</label>
								<label2>$INFO[ListItem.Artist]</label2>
								<visible>!String.IsEmpty(ListItem.Artist)</visible>
							</item>
							<item>
								<label>$LOCALIZE[515]:</label>
								<label2>$INFO[ListItem.Genre]</label2>
								<visible>!String.IsEmpty(ListItem.Genre)</visible>
							</item>
							<item>
								<label>$LOCALIZE[175]:</label>
								<label2>$INFO[ListItem.Property(Album_Mood)]</label2>
								<visible>!String.IsEmpty(ListItem.Property(Album_Mood))</visible>
							</item>
							<item>
								<label>$LOCALIZE[176]:</label>
								<label2>$INFO[ListItem.Property(Album_Style)]</label2>
								<visible>!String.IsEmpty(ListItem.Property(Album_Style))</visible>
							</item>
							<item>
								<label>$LOCALIZE[21895]:</label>
								<label2>$INFO[ListItem.Property(Album_Theme)]</label2>
								<visible>!String.IsEmpty(ListItem.Property(Album_Theme))</visible>
							</item>
							<item>
								<label>146</label>
								<label2>$INFO[ListItem.Property(Album_Type)]</label2>
								<visible>!String.IsEmpty(ListItem.Property(Album_Type))</visible>
							</item>
							<item>
								<label>$LOCALIZE[21899]:</label>
								<label2>$INFO[ListItem.Property(Album_Label)]</label2>
								<visible>!String.IsEmpty(ListItem.Property(Album_Label))</visible>
							</item>
							<item>
								<label>$LOCALIZE[562]:</label>
								<label2>$INFO[ListItem.Year]</label2>
								<visible>!String.IsEmpty(ListItem.Year)</visible>
							</item>
							<item>
								<label>$LOCALIZE[563]:</label>
								<label2>$INFO[ListItem.RatingAndVotes]</label2>
								<visible>!String.IsEmpty(ListItem.RatingAndVotes)</visible>
							</item>
							<item>
								<label>$LOCALIZE[38018]:</label>
								<label2>$INFO[ListItem.Userrating]</label2>
								<visible>!String.IsEmpty(ListItem.Userrating)</visible>
							</item>
						</content>
					</control>
					<control type="image">
						<left>535</left>
						<right>70</right>
						<top>300</top>
						<height>1</height>
						<texture colordiffuse="$INFO[Skin.String(color.500)]">backgrounds/white.png</texture>
					</control>
				</control>
				<control type="group">
					<visible>String.IsEqual(ListItem.DBType,artist) + !Control.HasFocus(12)</visible>
					<left>30</left>
					<top>130</top>
					<include>VisibleFadeEffect</include>
					<control type="image">
						<left>70</left>
						<top>0</top>
						<width>420</width>
						<height>615</height>
						<aspectratio aligny="top">keep</aspectratio>
						<texture background="true">$INFO[ListItem.Icon]</texture>
					</control>
					<control type="list" id="49">
						<left>505</left>
						<top>0</top>
						<width>1200</width>
						<height>350</height>
						<onleft>49</onleft>
						<onright>49</onright>
						<onup>9000</onup>
						<ondown condition="!Control.IsVisible(50)">61</ondown>
						<ondown condition="Control.IsVisible(50)">50</ondown>
						<pagecontrol></pagecontrol>
						<scrolltime>200</scrolltime>
						<itemlayout height="35">
							<control type="label">
								<left>30</left>
								<top>0</top>
								<width>240</width>
								<height>35</height>
								<font>label</font>
								<align>left</align>
								<aligny>center</aligny>
								<textcolor>$INFO[Skin.String(color.500)]</textcolor>
								<selectedcolor>selected</selectedcolor>
								<info>ListItem.Label</info>
							</control>
							<control type="label">
								<left>200</left>
								<top>0</top>
								<width>990</width>
								<height>35</height>
								<font>label</font>
								<align>left</align>
								<aligny>center</aligny>
								<textcolor>white</textcolor>
								<selectedcolor>white</selectedcolor>
								<info>ListItem.Label2</info>
							</control>
						</itemlayout>
						<focusedlayout height="35">
							<control type="label">
								<left>30</left>
								<top>0</top>
								<width>240</width>
								<height>35</height>
								<font>label</font>
								<align>left</align>
								<aligny>center</aligny>
								<textcolor>$INFO[Skin.String(color.500)]</textcolor>
								<selectedcolor>selected</selectedcolor>
								<info>ListItem.Label</info>
							</control>
							<control type="label">
								<left>200</left>
								<top>0</top>
								<width>990</width>
								<height>35</height>
								<font>label</font>
								<align>left</align>
								<aligny>center</aligny>
								<textcolor>white</textcolor>
								<selectedcolor>white</selectedcolor>
								<info>ListItem.Label2</info>
							</control>
						</focusedlayout>
						<content>
							<item>
								<label>$LOCALIZE[21893]:</label>
								<label2>$INFO[ListItem.Property(Artist_Born)]</label2>
								<visible>!String.IsEmpty(ListItem.Property(Artist_Born))</visible>
							</item>
							<item>
								<label>$LOCALIZE[21894]:</label>
								<label2>$INFO[ListItem.Property(Artist_Formed)]</label2>
								<visible>!String.IsEmpty(ListItem.Property(Artist_Formed))</visible>
							</item>
							<item>
								<label>$LOCALIZE[515]:</label>
								<label2>$INFO[ListItem.Genre]</label2>
								<visible>!String.IsEmpty(ListItem.Genre)</visible>
							</item>
							<item>
								<label>$LOCALIZE[175]:</label>
								<label2>$INFO[ListItem.Property(Artist_Mood)]</label2>
								<visible>!String.IsEmpty(ListItem.Property(Artist_Mood))</visible>
							</item>
							<item>
								<label>$LOCALIZE[176]:</label>
								<label2>$INFO[ListItem.Property(Artist_Style)]</label2>
								<visible>!String.IsEmpty(ListItem.Property(Artist_Style))</visible>
							</item>
							<item>
								<label>$LOCALIZE[21892]:</label>
								<label2>$INFO[ListItem.Property(Artist_Instrument)]</label2>
								<visible>!String.IsEmpty(ListItem.Property(Artist_Instrument))</visible>
							</item>
							<item>
								<label>$LOCALIZE[21897]:</label>
								<label2>$INFO[ListItem.Property(Artist_Died)]</label2>
								<visible>!String.IsEmpty(ListItem.Property(Artist_Died))</visible>
							</item>
							<item>
								<label>$LOCALIZE[21896]:</label>
								<label2>$INFO[ListItem.Property(Artist_Disbanded)]</label2>
								<visible>!String.IsEmpty(ListItem.Property(Artist_Disbanded))</visible>
							</item>
							<item>
								<label>$LOCALIZE[21898]:</label>
								<label2>$INFO[ListItem.Property(Artist_YearsActive)]</label2>
								<visible>!String.IsEmpty(ListItem.Property(Artist_YearsActive))</visible>
							</item>
						</content>
					</control>
					<control type="image">
						<left>535</left>
						<right>70</right>
						<top>300</top>
						<height>1</height>
						<texture colordiffuse="$INFO[Skin.String(color.500)]">backgrounds/white.png</texture>
					</control>
				</control>
				<!--description-->
				<control type="textbox" id="4">
					<left>565</left>
					<top>450</top>
					<width>1165</width>
					<height>175</height>
					<font>label</font>
					<align>justify</align>
					<textcolor>white</textcolor>
					<label>$INFO[ListItem.Property(Album_Description)]</label>
					<pagecontrol>61</pagecontrol>
					<autoscroll delay="10000" time="3000" repeat="15000">!Control.HasFocus(61) + Skin.HasSetting(AutoScroll)</autoscroll>
					<visible>!Control.IsVisible(50)</visible>
				</control>
				<control type="textbox" id="4">
					<left>565</left>
					<top>450</top>
					<width>1165</width>
					<height>175</height>
					<font>label</font>
					<align>justify</align>
					<textcolor>white</textcolor>
					<label>$INFO[ListItem.Property(Artist_Description)]</label>
					<pagecontrol>61</pagecontrol>
					<autoscroll delay="10000" time="3000" repeat="15000">!Control.HasFocus(61) + Skin.HasSetting(AutoScroll)</autoscroll>
					<visible>!Control.IsVisible(50)</visible>
					<visible>String.IsEqual(ListItem.DBType,artist)</visible>
				</control>
			</control>
		</control>
	</controls>
</window>