<?xml version="1.0" encoding="UTF-8"?>
<window type="dialog">
	<controls>
		<control type="group" id="250">
			<left>1920r</left>
			<width>185</width>
			<visible>!Window.IsActive(ShutdownMenu)</visible>
			<animation effect="slide" start="1920,0" end="0,0" time="400" tween="quadratic" easing="out">WindowOpen</animation>
			<animation effect="slide" start="0,0" end="1920,0" time="400" tween="quadratic" easing="out">WindowClose</animation>
			<include content="SideBladeRight">
				<param name="dialog-glowwidth" value="1860" />
				<param name="title-height" value="150" />
				<param name="subtitle-visible" value="true" />
				<param name="enable-animation" value="false" />
			</include>
			<control type="button" id="8999">
				<description>Fake button for mouse control</description>
				<left>1350</left>
				<top>0</top>
				<width>120</width>
				<height>100%</height>
				<label></label>
				<font></font>
				<texturenofocus></texturenofocus>
				<texturefocus></texturefocus>
				<visible>true</visible>
				<onfocus>SetFocus(150)</onfocus>
			</control>
			<!--provider background-->
			<control type="image">
				<left>1510</left>
				<top>2%</top>
				<width>375</width>
				<height>95.4%</height>
				<texture background="true" colordiffuse="$INFO[Skin.String(color.900)]">backgrounds/white.png</texture>
			</control>
			<!--provider shadow-->
			<control type="image">
				<left>1510</left>
				<top>2%</top>
				<width>30</width>
				<height>95.5%</height>
				<texture>sidebarshadow.png</texture>
			</control>
			<control type="group">
			<visible>Skin.HasSetting(Touchmode)</visible>
			<control type="image">
				<left>75</left>
				<top>40</top>
				<width>70</width>
				<height>70</height>
				<texture colordiffuse="FF2E2E2E">backgrounds/bg_fade_7.png</texture>
				<bordertexture colordiffuse="$INFO[Skin.String(color.500)]">backgrounds/bg_fade_4.png</bordertexture>
				<bordersize>2</bordersize>
				<visible>system.getbool(input.enablemouse)</visible>
			</control>
			<control type="button">
				<description>Back push button</description>
				<left>70</left>
				<top>35</top>
				<width>80</width>
				<height>80</height>
				<label></label>
				<font/>
				<onclick>back</onclick>
				<texturefocus colordiffuse="$INFO[Skin.String(color.500)]">icons/back.png</texturefocus>
				<texturenofocus colordiffuse="FFFFFFFF">icons/back.png</texturenofocus>
				<visible>system.getbool(input.enablemouse)</visible>
			</control>
		</control>
			<control type="group">
				<!--title-->
				<control type="label" id="100">
					<left>480</left>
					<top>30</top>
					<width>825</width>
					<height>60</height>
					<font>info.title</font>
					<align>right</align>
					<aligny>center</aligny>
					<textcolor>white</textcolor>
				</control>
				<!--video label-->
				<control type="label">
					<left>480</left>
					<top>85</top>
					<width>825</width>
					<height>60</height>
					<font>breadcrumb</font>
					<align>right</align>
					<aligny>center</aligny>
					<textcolor>white</textcolor>
					<label>$INFO[Player.Filename]</label>
				</control>
				<control type="image" id="110">
					<description>Service Logo</description>
					<left>30</left>
					<top>60</top>
					<width>375</width>
					<height>60</height>
					<aspectratio>keep</aspectratio>
				</control>
				<control type="label" id="140">
					<description>textarea</description>
					<left>105</left>
					<top>150</top>
					<width>1170</width>
					<height>50</height>
					<font>kai.secondary</font>
					<align>center</align>
					<aligny>center</aligny>
					<textcolor>white</textcolor>
					<wrapmultiline>true</wrapmultiline>
				</control>
			</control>
			<control type="group">
				<control type="list" id="120">
					<left>50</left>
					<top>220</top>
					<bottom>80</bottom>
					<width>1400</width>
					<onleft>121</onleft>
					<onright>150</onright>
					<onup>120</onup>
					<ondown>120</ondown>
					<viewtype label="535">list</viewtype>
					<pagecontrol>121</pagecontrol>
					<scrolltime>200</scrolltime>
					<itemlayout width="1400" height="60">
					 <control type="image">
				           <left>0</left>
						   <top>0</top>
						   <width>1400</width>
						   <height>55</height>
				           <texture colordiffuse="FF2E2E2E">backgrounds/bg_fade_7.png</texture>
				           <bordertexture colordiffuse="$INFO[Skin.String(color.500)]">backgrounds/bg_fade_3.png</bordertexture>
				           <bordersize>2</bordersize>
			             </control>
						<control type="image">
							<left>10</left>
							<top>8</top>
							<width>39</width>
							<height>39</height>
							<texture>Subtitles/flags/$INFO[ListItem.Thumb].png</texture>
						</control>
						<control type="label">
							<left>60</left>
							<top>0</top>
							<width>135</width>
							<height>55</height>
							<font>label</font>
							<aligny>center</aligny>
							<textcolor>white</textcolor>
							<selectedcolor>selected</selectedcolor>
							<shadowcolor>black</shadowcolor>
							<align>left</align>
							<info>ListItem.Label</info>
						</control>
						<control type="image">
							<left>202</left>
							<top>20</top>
							<width>30</width>
							<height>18</height>
							<texture colordiffuse="white">Subtitles/icon_close_caption.png</texture>
							<visible>ListItem.property(hearing_imp)</visible>
						</control>
						<control type="image">
							<left>240</left>
							<top>20</top>
							<width>60</width>
							<height>18</height>
							<texture colordiffuse="white">Subtitles/icon_sync.png</texture>
							<visible>ListItem.property(sync)</visible>
						</control>
						<control type="label">
							<left>308</left>
							<top>0</top>
							<width>922</width>
							<height>55</height>
							<font>label</font>
							<aligny>center</aligny>
							<textcolor>white</textcolor>
							<selectedcolor>selected</selectedcolor>
							<shadowcolor>black</shadowcolor>
							<align>left</align>
							<info>ListItem.Label2</info>
						</control>
						<control type="image">
							<left>1265</left>
							<top>16</top>
							<width>135</width>
							<height>26</height>
							<texture fallback="ratings/0.png" colordiffuse="white">$INFO[ListItem.ActualIcon,ratings/,.png]]</texture>
							<aspectratio>keep</aspectratio>
						</control>
					</itemlayout>
					<focusedlayout width="1400" height="60">
					<control type="image">
				           <left>0</left>
						   <top>0</top>
						   <width>1400</width>
						   <height>55</height>
				           <texture colordiffuse="FF2E2E2E">backgrounds/bg_fade_7.png</texture>
				           <bordertexture colordiffuse="$INFO[Skin.String(color.500)]">backgrounds/bg_fade_3.png</bordertexture>
				           <bordersize>2</bordersize>
			             </control>
						<control type="image">
							<left>0</left>
							<top>0</top>
							<width>1400</width>
							<height>55</height>
							<texture colordiffuse="$INFO[Skin.String(color.500)]">backgrounds/white.png</texture>
							<animation effect="fade" start="100" end="50" time="200" condition="!Control.HasFocus(120)">Conditional</animation>
						</control>
						<control type="image">
							<left>10</left>
							<top>8</top>
							<width>39</width>
							<height>39</height>
							<texture>Subtitles/flags/$INFO[ListItem.Thumb].png</texture>
						</control>
						<control type="label">
							<left>60</left>
							<top>0</top>
							<width>135</width>
							<height>55</height>
							<font>label</font>
							<aligny>center</aligny>
							<textcolor>white</textcolor>
							<shadowcolor>black</shadowcolor>
							<selectedcolor>selected</selectedcolor>
							<align>left</align>
							<info>ListItem.Label</info>
						</control>
						<control type="image">
							<left>202</left>
							<top>20</top>
							<width>30</width>
							<height>18</height>
							<texture>Subtitles/icon_close_caption.png</texture>
							<visible>ListItem.property(hearing_imp)</visible>
						</control>
						<control type="image">
							<left>240</left>
							<top>20</top>
							<width>60</width>
							<height>18</height>
							<texture>Subtitles/icon_sync.png</texture>
							<visible>ListItem.property(sync)</visible>
						</control>
						<control type="label">
							<left>308</left>
							<top>0</top>
							<width>922</width>
							<height>55</height>
							<font>label</font>
							<aligny>center</aligny>
							<textcolor>white</textcolor>
							<shadowcolor>black</shadowcolor>
							<selectedcolor>selected</selectedcolor>
							<align>left</align>
							<info>ListItem.Label2</info>
						</control>
						<control type="image">
							<left>1265</left>
							<top>16</top>
							<width>135</width>
							<height>26</height>
							<texture fallback="ratings/0.png">$INFO[ListItem.ActualIcon,ratings/,.png]]</texture>
							<aspectratio>keep</aspectratio>
						</control>
					</focusedlayout>
				</control>
				<control type="spincontrol" id="121">
					<description>Next page button</description>
					<left>1170</left>
					<top>60r</top>
					<align>right</align>
					<aligny>center</aligny>
					<subtype>page</subtype>
					<onleft>120</onleft>
					<onright>120</onright>
					<ondown>120</ondown>
					<onup>120</onup>
					<textoffsetx>15</textoffsetx>
					<showonepage>false</showonepage>
					<focusedcolor>white</focusedcolor>
					<textureupfocus colordiffuse="$INFO[Skin.String(color.500)]">scroll-up-2.png</textureupfocus>
					<texturedownfocus colordiffuse="$INFO[Skin.String(color.500)]">scroll-down-2.png</texturedownfocus>
					<visible>Control.IsVisible(120)</visible>
				</control>
				<control type="group" id="130">
					<control type="grouplist">
						<left>60</left>
						<top>65r</top>
						<width>908</width>
						<height>60</height>
						<orientation>horizontal</orientation>
						<itemgap>8</itemgap>
						<control type="image">
							<width>45</width>
							<height>45</height>
							<texture colordiffuse="white">DefaultIconInfo.png</texture>
						</control>
						<control type="label">
							<description>notification</description>
							<width min="15" max="840">auto</width>
							<height>45</height>
							<label>$LOCALIZE[31413]</label>
							<aligny>center</aligny>
						</control>
					</control>
				</control>
				<control type="image">
					<left>1465</left>
					<centertop>50%</centertop>
					<width>36</width>
					<height>36</height>
					<texture colordiffuse="FFFFFFFF">scroll-right.png</texture>
				</control>
			</control>
			<control type="group">
				<control type="label">
					<left>1520</left>
					<top>225</top>
					<width>360</width>
					<height>60</height>
					<label>[B]$LOCALIZE[24018][/B]</label>
					<font>menu.title</font>
					<align>center</align>
					<aligny>top</aligny>
					<textcolor>white</textcolor>
					<wrapmultiline>true</wrapmultiline>
				</control>
				<control type="list" id="150">
					<left>1540</left>
					<top>309</top>
					<width>335</width>
					<height>598</height>
					<onleft>120</onleft>
					<onright>120</onright>
					<onup>160</onup>
					<ondown>160</ondown>
					<viewtype label="535">list</viewtype>
					<scrolltime>200</scrolltime>
					<itemlayout width="335" height="60">
						<control type="label">
							<left>60</left>
							<top>0</top>
							<width>315</width>
							<height>55</height>
							<font>button</font>
							<aligny>center</aligny>
							<textcolor>white</textcolor>
							<shadowcolor>black</shadowcolor>
							<selectedcolor>selected</selectedcolor>
							<align>left</align>
							<info>ListItem.Label</info>
						</control>
					</itemlayout>
					<focusedlayout width="335" height="60">
						<control type="image">
							<left>0</left>
							<top>0</top>
							<width>335</width>
							<height>55</height>
							<texture colordiffuse="white">backgrounds/white.png</texture>
							<visible>Control.HasFocus(150)</visible>
						</control>
						<control type="label">
							<left>60</left>
							<top>0</top>
							<width>315</width>
							<height>55</height>
							<font>button</font>
							<aligny>center</aligny>
							<textcolor>$INFO[Skin.String(color.900)]</textcolor>
							<selectedcolor>selected</selectedcolor>
							<shadowcolor>black</shadowcolor>
							<align>left</align>
							<info>ListItem.Label</info>
							<visible>!Control.HasFocus(150)</visible>
						</control>
						<control type="label">
							<left>60</left>
							<top>0</top>
							<width>315</width>
							<height>55</height>
							<font>button</font>
							<aligny>center</aligny>
							<textcolor>$INFO[Skin.String(color.900)]</textcolor>
							<selectedcolor>$INFO[Skin.String(color.900)]</selectedcolor>
							<shadowcolor>black</shadowcolor>
							<align>left</align>
							<info>ListItem.Label</info>
							<visible>Control.HasFocus(150)</visible>
						</control>
					</focusedlayout>
				</control>
				<control type="button" id="160">
					<description>Manual search button</description>
					<left>1540</left>
					<top>960</top>
					<width>335</width>
					<height>60</height>
					<onleft>120</onleft>
					<onright>120</onright>
					<onup>150</onup>
					<ondown>150</ondown>
					<font>button</font>
					<label>$LOCALIZE[24120]</label>
					<texturefocus colordiffuse="white">backgrounds/white.png</texturefocus>
					<textcolor>white</textcolor>
					<focusedcolor>$INFO[Skin.String(color.900)]</focusedcolor>
					<shadowcolor>black</shadowcolor>
					<align>center</align>
				</control>
			</control>
		</control>
	</controls>
</window>