<?xml version="1.0" encoding="UTF-8"?>
<window>
	<defaultcontrol>10</defaultcontrol>
	<controls>
		<include>CommonBackground</include>
		<control type="group">
		<left>30</left>
		<control type="image">
		    <left>-2</left>
		    <top>17</top>
		    <width>98.6%</width>
		    <height>10.6%</height>
		    <texture>homeshadow_1.png</texture>
		 </control>
		<control type="image">
		    <left>0</left>
		    <top>20</top>
		    <width>98.4%</width>
		    <height>10%</height>
		    <texture colordiffuse="black">backgrounds/bg_fade_2.png</texture>
			<bordertexture colordiffuse="$INFO[Skin.String(color.500)]">backgrounds/bg_fade_3.png</bordertexture>
			<bordersize>2</bordersize>
		 </control>
		 <control type="image">
		    <left>-2</left>
		    <top>947</top>
		    <width>98.6%</width>
		    <height>10.6%</height>
		    <texture>homeshadow_1.png</texture>
		  </control>
		<control type="image">
		    <left>0</left>
		    <top>950</top>
		    <width>98.4%</width>
		    <height>10%</height>
		    <texture colordiffuse="black">backgrounds/bg_fade_2.png</texture>
			<bordertexture colordiffuse="$INFO[Skin.String(color.500)]">backgrounds/bg_fade_3.png</bordertexture>
			<bordersize>2</bordersize>
		  </control>
	    </control>	
		<control type="group">
		<include>Window_OpenClose_Animation</include>
		<visible>!Skin.HasSetting(Clock)</visible>
			<control type="image">
				<right>62</right>
				<top>45</top>
				<width>250</width>
				<height>60</height>
				<texture colordiffuse="FF2E2E2E">backgrounds/bg_fade_7.png</texture>
				<bordertexture colordiffuse="$INFO[Skin.String(color.500)]">backgrounds/bg_fade_4.png</bordertexture>
			    <bordersize>2</bordersize>
			</control>
			<control type="label">
				<right>177</right>
				<top>45</top>
				<width>200</width>
				<height>60</height>
				<align>right</align>
				<aligny>center</aligny>
				<font>fontContextMenu</font>
				<textcolor>white</textcolor>
				<label>$INFO[System.Time(hh:mm)]</label>
			</control>
			<control type="label">
				<right>107</right>
				<top>45</top>
				<width>70</width>
				<height>60</height>
				<align>left</align>
				<aligny>center</aligny>
				<font>fontContextMenu</font>
				<textcolor>white</textcolor>
				<label>:$INFO[System.Time(ss)]</label>
			</control>
			<control type="image">
				<left>60</left>
				<top>45</top>
				<width>250</width>
				<height>60</height>
				<texture colordiffuse="FF2E2E2E">backgrounds/bg_fade_7.png</texture>
			    <bordertexture colordiffuse="$INFO[Skin.String(color.500)]">backgrounds/bg_fade_4.png</bordertexture>
				<bordersize>2</bordersize>
			</control>
			<control type="label">
				<left>111</left>
				<top>45</top>
				<width>360</width>
				<height>60</height>
				<align>left</align>
				<aligny>center</aligny>
				<font>fontContextMenu</font>
				<textcolor>white</textcolor>
				<label>$INFO[System.Date(dd:mm:yyyy]</label>
			</control>
		</control>	
		<control type="group">
			<visible>Skin.HasSetting(Touchmode)</visible>
			<control type="image">
				<left>60</left>
				<top>110r</top>
				<width>70</width>
				<height>70</height>
				<texture colordiffuse="FF2E2E2E">backgrounds/bg_fade_7.png</texture>
				<bordertexture colordiffuse="$INFO[Skin.String(color.500)]">backgrounds/bg_fade_4.png</bordertexture>
				<bordersize>2</bordersize>
			</control>
			<control type="button">
				<description>Back push button</description>
				<left>55</left>
				<top>115r</top>
				<width>80</width>
				<height>80</height>
				<label></label>
				<font/>
				<onclick>back</onclick>
				<texturefocus colordiffuse="$INFO[Skin.String(color.500)]">icons/back.png</texturefocus>
				<texturenofocus colordiffuse="FFFFFFFF">icons/back.png</texturenofocus>
			</control>
			<control type="image">
				<right>70</right>
				<top>110r</top>
				<width>70</width>
				<height>70</height>
				<texture colordiffuse="FF2E2E2E">backgrounds/bg_fade_7.png</texture>
				<bordertexture colordiffuse="$INFO[Skin.String(color.500)]">backgrounds/bg_fade_4.png</bordertexture>
				<bordersize>2</bordersize>
			</control>
			<control type="button">
				<description>Home push button</description>
				<right>65</right>
				<top>115r</top>
				<width>80</width>
				<height>80</height>
				<label></label>
				<font/>
				<onclick>ActivateWindow(home)</onclick>
				<texturefocus colordiffuse="$INFO[Skin.String(color.500)]">icons/home.png</texturefocus>
				<texturenofocus colordiffuse="FFFFFFFF">icons/home.png</texturenofocus>
			</control>
		</control>
		<!--all content-->
		<control type="group">
			<left>60</left>
			<centertop>51%</centertop>
			<width>1800</width>
			<height>783</height>
			<control type="image">
				<left>-3</left>
				<top>-3</top>
				<width>1806</width>
				<height>766.2</height>
				<texture>homeshadow_1.png</texture>
			</control>
			<control type="image">
				<left>0</left>
				<top>0</top>
				<width>1800</width>
				<height>650</height>
				<texture colordiffuse="black">backgrounds/bg_fade_2.png</texture>
				<bordertexture colordiffuse="$INFO[Skin.String(color.500)]">backgrounds/bg_fade_5.png</bordertexture>
				<bordersize>2</bordersize>
			</control>
			<control type="image">
				<left>0</left>
				<top>646</top>
				<width>1800</width>
				<height>115</height>
				<texture colordiffuse="black">backgrounds/bg_fade_2.png</texture>
				<bordertexture colordiffuse="$INFO[Skin.String(color.500)]">backgrounds/bg_fade_6.png</bordertexture>
				<bordersize>2</bordersize>
			</control>
			<!--main content-->
			<control type="group">
				<!--title-->
				<control type="label" id="2">
					<left>0</left>
					<top>45</top>
					<width>1800</width>
					<height>60</height>
					<font>info.title</font>
					<align>center</align>
					<aligny>center</aligny>
					<textcolor>$INFO[Skin.String(color.500)]</textcolor>
					<label>$LOCALIZE[13406]</label>
				</control>
				<!--secondary title-->
				<control type="label">
					<left>0</left>
					<top>155</top>
					<width>1800</width>
					<height>60</height>
					<font>breadcrumb</font>
					<align>center</align>
					<aligny>center</aligny>
					<textcolor>white</textcolor>
					<label>1021</label>
				</control>
				<!--path list-->
				<control type="list" id="10">
					<left>410</left>
					<top>230</top>
					<bottom>480</bottom>
					<width>788</width>
					<pagecontrol>60</pagecontrol>
					<scrolltime>200</scrolltime>
					<onup>9001</onup>
					<onleft>9000</onleft>
					<onright>60</onright>
					<ondown>12</ondown>
					<itemlayout height="70">
						<!--label-->
						<control type="label">
							<left>15</left>
							<top>20</top>
							<width>735</width>
							<height>60</height>
							<font>label</font>
							<align>left</align>
							<aligny>center</aligny>
							<textcolor>white</textcolor>
							<shadowcolor>black</shadowcolor>
							<selectedcolor>white</selectedcolor>
							<info>ListItem.Label</info>
						</control>
					</itemlayout>
					<focusedlayout height="70">
						<!--background (no focus)-->
						<control type="image">
							<left>0</left>
							<top>20</top>
							<width>850</width>
							<height>60</height>
							<texture colordiffuse="$INFO[Skin.String(color.500)]">backgrounds/white.png</texture>
							<animation effect="fade" start="100" end="50" time="200" condition="!Control.HasFocus(10)">Conditional</animation>
						</control>
						<!--label-->
						<control type="label">
							<left>15</left>
							<top>20</top>
							<width>735</width>
							<height>60</height>
							<font>label</font>
							<align>left</align>
							<aligny>center</aligny>
							<textcolor>white</textcolor>
							<shadowcolor>black</shadowcolor>
							<selectedcolor>$INFO[Skin.String(color.alt)]</selectedcolor>
							<info>ListItem.Label</info>
						</control>
					</focusedlayout>
				</control>
				<!--scrollbar-->
				<control type="scrollbar" id="60">
					<left>843</left>
					<top>230</top>
					<bottom>530</bottom>
					<orientation>vertical</orientation>
					<showonepage>false</showonepage>
					<onleft>10</onleft>
					<onright>9000</onright>
				</control>
				<!--top buttons-->
				<control type="grouplist" id="9000">
					<left>1220</left>
					<top>240</top>
					<width>320</width>
					<height>220</height>
					<onleft>60</onleft>
					<onright>10</onright>
					<onup>9001</onup>
					<ondown>12</ondown>
					<!--browse button-->
					<include content="AnimatedCircleButtonGroup">
						<param name="button-id" value="11" />
						<param name="button-width" value="230" />
						<param name="button-texture" value="browsebutton" />
						<param name="button-label" value="1024" />
						<param name="button-onup" value="9001" />
						<param name="button-ondown" value="13" />
						<param name="button-onleft" value="60" />
						<param name="button-onright" value="10" />
					</include>
					<!--add button-->
					<include content="AnimatedCircleButtonGroup">
						<param name="button-id" value="13" />
						<param name="button-width" value="130" />
						<param name="button-texture" value="addbutton" />
						<param name="button-label" value="15019" />
						<param name="button-onup" value="11" />
						<param name="button-ondown" value="14" />
						<param name="button-onleft" value="60" />
						<param name="button-onright" value="10" />
					</include>
					<!--remove button-->
					<include content="AnimatedCircleButtonGroup">
						<param name="button-id" value="14" />
						<param name="button-width" value="150" />
						<param name="button-texture" value="nobutton" />
						<param name="button-label" value="1210" />
						<param name="button-onup" value="13" />
						<param name="button-ondown" value="12" />
						<param name="button-onleft" value="60" />
						<param name="button-onright" value="10" />
					</include>
				</control>
				<!--name title-->
				<control type="label">
					<left>420</left>
					<top>455r</top>
					<width>1545</width>
					<height>60</height>
					<font>breadcrumb</font>
					<align>left</align>
					<aligny>center</aligny>
					<textcolor>white</textcolor>
					<label>1022</label>
				</control>
				<!--name button-->
				<control type="edit" id="12">
					<left>410</left>
					<top>395r</top>
					<width>790</width>
					<height>60</height>
					<align>left</align>
					<aligny>center</aligny>
					<label></label>
					<font>label</font>
					<textcolor>white</textcolor>
					<focusedcolor>white</focusedcolor>
					<shadowcolor>black</shadowcolor>
					<texturefocus colordiffuse="$INFO[Skin.String(color.500)]">backgrounds/white.png</texturefocus>
					<texturenofocus colordiffuse="$INFO[Skin.String(color.border)]">button-border-1110.png</texturenofocus>
					<onup>10</onup>
					<onleft>12</onleft>
					<onright>19</onright>
					<ondown>9001</ondown>
				</control>
				<!--bottom buttons-->
				<control type="grouplist" id="9001">
					<left>500</left>
					<top>110r</top>
					<width>900</width>
					<height>190</height>
					<align>justify</align>
					<orientation>horizontal</orientation>
					<onleft>9001</onleft>
					<onright>9001</onright>
					<onup>12</onup>
					<ondown>10</ondown>
					<!--ok button-->
					<include content="AnimatedCircleButtonGroup">
						<param name="button-id" value="18" />
						<param name="button-width" value="260" />
						<param name="button-texture" value="yesbutton" />
						<param name="button-label" value="186" />
						<param name="button-onup" value="12" />
						<param name="button-ondown" value="10" />
						<param name="button-onleft" value="19" />
						<param name="button-onright" value="19" />
					</include>
					<!--cancel button-->
					<include content="AnimatedCircleButtonGroup">
						<param name="button-id" value="19" />
						<param name="button-width" value="90" />
						<param name="button-texture" value="nobutton" />
						<param name="button-label" value="222" />
						<param name="button-onup" value="12" />
						<param name="button-ondown" value="10" />
						<param name="button-onleft" value="18" />
						<param name="button-onright" value="18" />
					</include>
				</control>
			</control>
		</control>
	</controls>
</window>