<?xml version="1.0" encoding="UTF-8"?>
<window>
	<defaultcontrol always="true">9000</defaultcontrol>
	<controls>
	
		<control type="group">
			<include>CommonBackground</include>
			<include>VisibleFadeEffect</include>
		</control>
		<!--all content-->
		<control type="group">
		<left>30</left>
		<control type="image">
		    <left>-2</left>
		    <top>17</top>
		    <width>98.6%</width>
		    <height>10.6%</height>
		    <texture>homeshadow_1.png</texture>
		 </control>
		<control type="image">
		    <left>0</left>
		    <top>20</top>
		    <width>98.4%</width>
		    <height>10%</height>
		    <texture colordiffuse="black">backgrounds/bg_fade_2.png</texture>
			<bordertexture colordiffuse="$INFO[Skin.String(color.500)]">backgrounds/bg_fade_3.png</bordertexture>
			<bordersize>2</bordersize>
		 </control>
		 <control type="image">
		    <left>-2</left>
		    <top>947</top>
		    <width>98.6%</width>
		    <height>10.6%</height>
		    <texture>homeshadow_1.png</texture>
		  </control>
		<control type="image">
		    <left>0</left>
		    <top>950</top>
		    <width>98.4%</width>
		    <height>10%</height>
		    <texture colordiffuse="black">backgrounds/bg_fade_2.png</texture>
			<bordertexture colordiffuse="$INFO[Skin.String(color.500)]">backgrounds/bg_fade_3.png</bordertexture>
			<bordersize>2</bordersize>
		  </control>
	    </control>	
		<control type="group">
		<visible>!Skin.HasSetting(Clock)</visible>
			<control type="image">
				<right>62</right>
				<top>45</top>
				<width>250</width>
				<height>60</height>
				<texture colordiffuse="FF2E2E2E">backgrounds/bg_fade_7.png</texture>
				<bordertexture colordiffuse="$INFO[Skin.String(color.500)]">backgrounds/bg_fade_4.png</bordertexture>
			    <bordersize>2</bordersize>
			</control>
			<control type="label">
				<right>177</right>
				<top>45</top>
				<width>200</width>
				<height>60</height>
				<align>right</align>
				<aligny>center</aligny>
				<font>fontContextMenu</font>
				<textcolor>white</textcolor>
				<label>$INFO[System.Time(hh:mm)]</label>
			</control>
			<control type="label">
				<right>107</right>
				<top>45</top>
				<width>70</width>
				<height>60</height>
				<align>left</align>
				<aligny>center</aligny>
				<font>fontContextMenu</font>
				<textcolor>white</textcolor>
				<label>:$INFO[System.Time(ss)]</label>
			</control>
			<control type="image">
				<left>60</left>
				<top>45</top>
				<width>250</width>
				<height>60</height>
				<texture colordiffuse="FF2E2E2E">backgrounds/bg_fade_7.png</texture>
			    <bordertexture colordiffuse="$INFO[Skin.String(color.500)]">backgrounds/bg_fade_4.png</bordertexture>
				<bordersize>2</bordersize>
			</control>
			<control type="label">
				<left>111</left>
				<top>45</top>
				<width>360</width>
				<height>60</height>
				<align>left</align>
				<aligny>center</aligny>
				<font>fontContextMenu</font>
				<textcolor>white</textcolor>
				<label>$INFO[System.Date(dd:mm:yyyy]</label>
			</control>
		 </control>	
		<control type="group">
			<control type="image">
				<left>180</left>
				<top>110r</top>
				<width>70</width>
				<height>70</height>
				<texture colordiffuse="FF2E2E2E">backgrounds/bg_fade_7.png</texture>
				<bordertexture colordiffuse="$INFO[Skin.String(color.500)]">backgrounds/bg_fade_4.png</bordertexture>
				<bordersize>2</bordersize>
			</control>
			<control type="button">
				<description>Back push button</description>
				<left>175</left>
				<top>115r</top>
				<width>80</width>
				<height>80</height>
				<label></label>
				<font/>
				<onclick>back</onclick>
				<texturefocus colordiffuse="$INFO[Skin.String(color.500)]">icons/back.png</texturefocus>
				<texturenofocus colordiffuse="FFFFFFFF">icons/back.png</texturenofocus>
			</control>
		</control>
		<!--all content-->
		<control type="group">
			<left>60</left>
			<centertop>50%</centertop>
			<width>1800</width>
			<height>783</height>
			<visible>!Window.IsVisible(AddonSettings) + !Window.IsActive(TextViewer)</visible>
			<control type="image">
				<left>-3</left>
				<top>-3</top>
				<width>1806</width>
				<height>776</height>
				<texture>homeshadow_1.png</texture>
			</control>
			<control type="image">
				<left>0</left>
				<top>0</top>
				<width>1800</width>
				<height>770</height>
				<texture colordiffuse="black">backgrounds/bg_fade_2.png</texture>
				<bordertexture colordiffuse="$INFO[Skin.String(color.500)]">backgrounds/bg_fade_5.png</bordertexture>
				<bordersize>2</bordersize>
			</control>
			<control type="image">
				<left>0</left>
				<top>0</top>
				<width>375</width>
				<height>770</height>
				<texture colordiffuse="black">backgrounds/bg_fade_2.png</texture>
				<bordertexture colordiffuse="$INFO[Skin.String(color.500)]">backgrounds/bg_fade_5.png</bordertexture>
				<bordersize>2</bordersize>
			</control>
						
			<!--main content-->
			<control type="group">
				<!--title-->
				<control type="label" id="2">
					<left>100</left>
					<top>20</top>
					<width>1800</width>
					<height>60</height>
					<font>info.title</font>
					<align>center</align>
					<aligny>center</aligny>
					<textcolor>$INFO[Skin.String(color.500)]</textcolor>
					<label>$LOCALIZE[24003]</label>
				</control>
				<control type="image">
					<left>400r</left>
					<top>70</top>
					<width>330</width>
					<height>330</height>
					<aspectratio>keep</aspectratio>
					<texture>$INFO[ListItem.Icon]</texture>
				</control>
				<control type="label">
					<description>Addon Title value</description>
					<left>445</left>
					<top>120</top>
					<width>870</width>
					<height>45</height>
					<align>left</align>
					<aligny>center</aligny>
					<font>secondary.info.big</font>
					<label>[B]$INFO[ListItem.AddonName][/B]</label>
					<textcolor>white</textcolor>
					<scroll>true</scroll>
				</control>
				<control type="group">
					<left>445</left>
					<top>195</top>
					<control type="label">
						<description>Type txt</description>
						<left>-30</left>
						<top>0</top>
						<width>210</width>
						<height>38</height>
						<label>$LOCALIZE[146]</label>
						<align>left</align>
						<aligny>center</aligny>
						<font>secondary.info</font>
						<textcolor>$INFO[Skin.String(color.500)]</textcolor>
					</control>
					<control type="label">
						<description>Type Value</description>
						<left>100</left>
						<top>0</top>
						<width>750</width>
						<height>38</height>
						<label fallback="10005">$INFO[ListItem.AddonType]</label>
						<align>left</align>
						<aligny>center</aligny>
						<font>secondary.info</font>
						<scroll>true</scroll>
					</control>
					<control type="label">
						<description>Author txt</description>
						<left>-30</left>
						<top>45</top>
						<width>210</width>
						<height>38</height>
						<label>$LOCALIZE[21863]:</label>
						<align>left</align>
						<aligny>center</aligny>
						<font>secondary.info</font>
						<textcolor>$INFO[Skin.String(color.500)]</textcolor>
					</control>
					<control type="label">
						<description>Author Value</description>
						<left>100</left>
						<top>45</top>
						<width>750</width>
						<height>38</height>
						<label fallback="10005">$INFO[ListItem.AddonCreator]</label>
						<align>left</align>
						<aligny>center</aligny>
						<font>secondary.info</font>
						<scroll>true</scroll>
					</control>
					<control type="label">
						<description>Version txt</description>
						<left>-30</left>
						<top>90</top>
						<width>210</width>
						<height>38</height>
						<label>$LOCALIZE[24051]</label>
						<align>left</align>
						<aligny>center</aligny>
						<font>secondary.info</font>
						<textcolor>$INFO[Skin.String(color.500)]</textcolor>
					</control>
					<control type="label">
						<description>Version Value</description>
						<left>100</left>
						<top>90</top>
						<width>750</width>
						<height>38</height>
						<label fallback="10005">$INFO[ListItem.AddonVersion]</label>
						<align>left</align>
						<aligny>center</aligny>
						<font>secondary.info</font>
						<scroll>true</scroll>
					</control>
					<control type="label">
						<description>Summary txt</description>
						<left>-30</left>
						<top>135</top>
						<width>210</width>
						<height>38</height>
						<label>$LOCALIZE[20037]:</label>
						<align>left</align>
						<aligny>center</aligny>
						<font>secondary.info</font>
						<textcolor>$INFO[Skin.String(color.500)]</textcolor>
					</control>
					<control type="fadelabel">
						<description>Summary Value</description>
						<left>100</left>
						<top>135</top>
						<width>750</width>
						<height>38</height>
						<label fallback="10005">$INFO[ListItem.AddonSummary]</label>
						<align>left</align>
						<aligny>center</aligny>
						<font>secondary.info</font>
						<scrollout>false</scrollout>
						<pauseatend>2000</pauseatend>
					</control>
					<control type="image">
						<left>-60</left>
						<right>10</right>
						<top>205</top>
						<height>1</height>
						<texture background="true" colordiffuse="$INFO[Skin.String(color.500)]">backgrounds/white.png</texture>
					</control>
					<control type="group">
						<control type="textbox" id="400">
							<description>Description</description>
							<left>0</left>
							<top>220</top>
							<width>1285</width>
							<height>200</height>
							<font>label</font>
							<align>justify</align>
							<textcolor>white</textcolor>
							<label>$INFO[ListItem.AddonDescription]</label>
							<pagecontrol>60</pagecontrol>
							<autoscroll time="2000" delay="3000" repeat="5000">true</autoscroll>
						</control>
						<control type="textbox">
							<description>Disclaimer</description>
							<left>0</left>
							<top>450</top>
							<width>1285</width>
							<height>100</height>
							<font>label</font>
							<align>justify</align>
							<textcolor>white</textcolor>
							<label>$INFO[ListItem.AddonDisclaimer]</label>
							<autoscroll time="2000" delay="3000" repeat="5000">true</autoscroll>
						</control>
					</control>
				</control>
				<control type="grouplist" id="9000">
					<left>10</left>
					<top>150</top>
					<width>400</width>
					<height>469</height>
					<onleft>60</onleft>
					<onright>60</onright>
					<onup>9000</onup>
					<ondown>9000</ondown>
					<itemgap>3</itemgap>
					<control type="button" id="9">
						<description>Configure Addon</description>
						<width>350</width>
						<height>64</height>
						<label>24020</label>
						<align>left</align>
						<texturefocus colordiffuse="$INFO[Skin.String(color.500)]">backgrounds/white.png</texturefocus>
						<textcolor>white</textcolor>
						<focusedcolor>white</focusedcolor>
						<shadowcolor>black</shadowcolor>
						<selectedcolor>$INFO[Skin.String(color.900)]</selectedcolor>
						<disabledcolor>$INFO[Skin.String(color.500)]</disabledcolor>
					</control>
					<control type="button" id="10">
						<description>Addon Dependencies</description>
						<width>360</width>
						<height>64</height>
						<label>39024</label>
						<align>left</align>
						<texturefocus colordiffuse="$INFO[Skin.String(color.500)]">backgrounds/white.png</texturefocus>
						<textcolor>white</textcolor>
						<focusedcolor>white</focusedcolor>
						<shadowcolor>black</shadowcolor>
						<selectedcolor>$INFO[Skin.String(color.900)]</selectedcolor>
						<disabledcolor>$INFO[Skin.String(color.500)]</disabledcolor>
					</control>
					<control type="button" id="8">
						<description>Update Addon button</description>
						<width>360</width>
						<height>64</height>
						<label>24069</label>
						<align>left</align>
						<texturefocus colordiffuse="$INFO[Skin.String(color.500)]">backgrounds/white.png</texturefocus>
						<textcolor>white</textcolor>
						<focusedcolor>white</focusedcolor>
						<shadowcolor>black</shadowcolor>
						<selectedcolor>$INFO[Skin.String(color.900)]</selectedcolor>
						<disabledcolor>$INFO[Skin.String(color.500)]</disabledcolor>
					</control>
					<control type="radiobutton" id="13">
						<description>Auto-update button</description>
						<width>360</width>
						<height>64</height>
						<label>21340</label>
						<align>left</align>
						<textureradioonfocus colordiffuse="white">radiobutton-focus.png</textureradioonfocus>
						<textureradioonnofocus colordiffuse="white">radiobutton-focus.png</textureradioonnofocus>
						<textureradioondisabled colordiffuse="$INFO[Skin.String(color.400)]">radiobutton-focus.png</textureradioondisabled>
						<textureradioofffocus colordiffuse="$INFO[Skin.String(color.900)]">radiobutton-nofocus.png</textureradioofffocus>
						<textureradiooffnofocus colordiffuse="white">radiobutton-nofocus.png</textureradiooffnofocus>
						<textureradiooffdisabled colordiffuse="$INFO[Skin.String(color.400)]">radiobutton-nofocus.png</textureradiooffdisabled>
						<texturefocus colordiffuse="$INFO[Skin.String(color.500)]">backgrounds/white.png</texturefocus>
						<textcolor>white</textcolor>
						<focusedcolor>white</focusedcolor>
						<shadowcolor>black</shadowcolor>
						<disabledcolor>$INFO[Skin.String(color.400)]</disabledcolor>
					</control>
					<control type="button" id="12">
						<description>Launch Addon button</description>
						<width>360</width>
						<height>64</height>
						<label>518</label>
						<align>left</align>
						<texturefocus colordiffuse="$INFO[Skin.String(color.500)]">backgrounds/white.png</texturefocus>
						<textcolor>white</textcolor>
						<focusedcolor>white</focusedcolor>
						<shadowcolor>black</shadowcolor>
						<selectedcolor>$INFO[Skin.String(color.900)]</selectedcolor>
						<disabledcolor>$INFO[Skin.String(color.500)]</disabledcolor>
					</control>
					<control type="button" id="6">
						<description>Install/UnInstall Addon button</description>
						<width>360</width>
						<height>64</height>
						<label>24022</label>
						<align>left</align>
						<texturefocus colordiffuse="$INFO[Skin.String(color.500)]">backgrounds/white.png</texturefocus>
						<textcolor>white</textcolor>
						<focusedcolor>white</focusedcolor>
						<shadowcolor>black</shadowcolor>
						<selectedcolor>$INFO[Skin.String(color.900)]</selectedcolor>
						<disabledcolor>$INFO[Skin.String(color.500)]</disabledcolor>
					</control>
					<control type="button" id="7">
						<description>Enable/Disable Addon button</description>
						<width>360</width>
						<height>64</height>
						<label>24021</label>
						<align>left</align>
						<texturefocus colordiffuse="$INFO[Skin.String(color.500)]">backgrounds/white.png</texturefocus>
						<textcolor>white</textcolor>
						<focusedcolor>white</focusedcolor>
						<shadowcolor>black</shadowcolor>
						<selectedcolor>$INFO[Skin.String(color.900)]</selectedcolor>
						<disabledcolor>$INFO[Skin.String(color.500)]</disabledcolor>
					</control>
				</control>
			</control>
		</control>
	</controls>
</window>