<?xml version="1.0" encoding="UTF-8"?>
<window>
	<defaultcontrol>61</defaultcontrol>
	<controls>
		<control type="group">
			<left>53r</left>
			<top>0</top>
			<width>1135</width>
			<visible>!Window.IsActive(ShutdownMenu)</visible>
			<include content="SideBladeRight">
				<param name="dialog-glowwidth" value="1135" />
				<param name="subtitle-visible" value="true" />
			</include>
			<control type="image">
			<visible>Skin.HasSetting(Touchmode)</visible>
				<left>68</left>
				<top>40</top>
				<width>80</width>
				<height>80</height>
				<texture colordiffuse="FF2E2E2E">backgrounds/bg_fade_7.png</texture>
				<bordertexture colordiffuse="$INFO[Skin.String(color.500)]">backgrounds/bg_fade_4.png</bordertexture>
				<bordersize>2</bordersize>
			</control>
			<control type="button">
				<visible>Skin.HasSetting(Touchmode)</visible>
				<description>Home push button</description>
				<left>68</left>
				<top>40</top>
				<width>80</width>
				<height>80</height>
				<label></label>
				<font/>
				<onclick>PreviousMenu</onclick>
				<texturefocus colordiffuse="$INFO[Skin.String(color.500)]">icons/home.png</texturefocus>
				<texturenofocus colordiffuse="white">icons/home.png</texturenofocus>
			</control>
			<!--main content-->
			<control type="group">
				<!--title-->
				<control type="label" id="1">
					<left>65</left>
					<top>30</top>
					<width>1045</width>
					<height>60</height>
					<font>menu.title</font>
					<align>center</align>
					<aligny>center</aligny>
					<textcolor>white</textcolor>
				</control>
				<!--secondary title-->
				<control type="label">
					<left>65</left>
					<top>100</top>
					<width>1045</width>
					<height>50</height>
					<font>kai.secondary</font>
					<align>center</align>
					<aligny>center</aligny>
					<textcolor>white</textcolor>
					<label>$INFO[System.Date(DDD)], $INFO[System.Date(d)] $INFO[System.Date(mmm)] $INFO[System.Date(yyyy)], $INFO[System.Time] • $LOCALIZE[31024] $INFO[Container(5).CurrentPage]/$INFO[Container(5).NumPages]</label>
				</control>
				<!--changelog content-->
				<control type="textbox" id="5">
					<left>80</left>
					<top>169</top>
					<bottom>15</bottom>
					<width>1045</width>
					<label></label>
					<font>label</font>
					<align>justify</align>
					<pagecontrol>61</pagecontrol>
				</control>
				<!--scrollbar-->
				<control type="scrollbar" id="61">
					<left>48</left>
					<top>175</top>
					<height>860</height>
					<onleft>61</onleft>
					<onright>61</onright>
					<ondown>61</ondown>
					<onup>61</onup>
				</control>
			</control>
		</control>
	</controls>
</window>