<?xml version="1.0" encoding="UTF-8"?>
<window>
	<defaultcontrol always="true">9</defaultcontrol>
	<controls>
	
		<control type="group">
			<include>CommonBackground</include>
			<include>VisibleFadeEffect</include>
		</control>
		<control type="group">
		<left>30</left>
		<control type="image">
		    <left>-2</left>
		    <top>17</top>
		    <width>98.6%</width>
		    <height>10.6%</height>
		    <texture>homeshadow_1.png</texture>
		 </control>
		<control type="image">
		    <left>0</left>
		    <top>20</top>
		    <width>98.4%</width>
		    <height>10%</height>
		    <texture colordiffuse="black">backgrounds/bg_fade_2.png</texture>
			<bordertexture colordiffuse="$INFO[Skin.String(color.500)]">backgrounds/bg_fade_3.png</bordertexture>
			<bordersize>2</bordersize>
		 </control>
		 <control type="image">
		    <left>-2</left>
		    <top>947</top>
		    <width>98.6%</width>
		    <height>10.6%</height>
		    <texture>homeshadow_1.png</texture>
		  </control>
		<control type="image">
		    <left>0</left>
		    <top>950</top>
		    <width>98.4%</width>
		    <height>10%</height>
		    <texture colordiffuse="black">backgrounds/bg_fade_2.png</texture>
			<bordertexture colordiffuse="$INFO[Skin.String(color.500)]">backgrounds/bg_fade_3.png</bordertexture>
			<bordersize>2</bordersize>
		  </control>
	    </control>
		<control type="group">
		<visible>!Skin.HasSetting(Clock)</visible>
			<control type="image">
				<right>62</right>
				<top>45</top>
				<width>250</width>
				<height>60</height>
				<texture colordiffuse="FF2E2E2E">backgrounds/bg_fade_7.png</texture>
				<bordertexture colordiffuse="$INFO[Skin.String(color.500)]">backgrounds/bg_fade_4.png</bordertexture>
			    <bordersize>2</bordersize>
			</control>
			<control type="label">
				<right>177</right>
				<top>45</top>
				<width>200</width>
				<height>60</height>
				<align>right</align>
				<aligny>center</aligny>
				<font>fontContextMenu</font>
				<textcolor>white</textcolor>
				<label>$INFO[System.Time(hh:mm)]</label>
			</control>
			<control type="label">
				<right>107</right>
				<top>45</top>
				<width>70</width>
				<height>60</height>
				<align>left</align>
				<aligny>center</aligny>
				<font>fontContextMenu</font>
				<textcolor>white</textcolor>
				<label>:$INFO[System.Time(ss)]</label>
			</control>
			<control type="image">
				<left>60</left>
				<top>45</top>
				<width>250</width>
				<height>60</height>
				<texture colordiffuse="FF2E2E2E">backgrounds/bg_fade_7.png</texture>
			    <bordertexture colordiffuse="$INFO[Skin.String(color.500)]">backgrounds/bg_fade_4.png</bordertexture>
				<bordersize>2</bordersize>
			</control>
			<control type="label">
				<left>111</left>
				<top>45</top>
				<width>360</width>
				<height>60</height>
				<align>left</align>
				<aligny>center</aligny>
				<font>fontContextMenu</font>
				<textcolor>white</textcolor>
				<label>$INFO[System.Date(dd:mm:yyyy]</label>
			</control>
		</control>
		<control type="group">
			<visible>Skin.HasSetting(Touchmode)</visible>
			<control type="image">
				<left>180</left>
				<top>110r</top>
				<width>70</width>
				<height>70</height>
				<texture colordiffuse="FF2E2E2E">backgrounds/bg_fade_7.png</texture>
				<bordertexture colordiffuse="$INFO[Skin.String(color.500)]">backgrounds/bg_fade_4.png</bordertexture>
				<bordersize>2</bordersize>
			</control>
			<control type="button">
				<description>Back push button</description>
				<left>175</left>
				<top>115r</top>
				<width>80</width>
				<height>80</height>
				<label></label>
				<font/>
				<onclick>back</onclick>
				<texturefocus colordiffuse="$INFO[Skin.String(color.500)]">icons/back.png</texturefocus>
				<texturenofocus colordiffuse="FFFFFFFF">icons/back.png</texturenofocus>
			</control>
		</control>
		<!--all content-->
		<control type="group">
			<left>60</left>
			<centertop>50%</centertop>
			<width>1800</width>
			<height>763</height>
			<control type="image">
				<left>-3</left>
				<top>-3</top>
				<width>1806</width>
				<height>656.2</height>
				<texture>homeshadow_1.png</texture>
			</control>
			<control type="image">
				<left>0</left>
				<top>0</top>
				<width>1800</width>
				<height>650</height>
				<texture colordiffuse="black">backgrounds/bg_fade_2.png</texture>
				<bordertexture colordiffuse="$INFO[Skin.String(color.500)]">backgrounds/bg_fade_5.png</bordertexture>
				<bordersize>2</bordersize>
			</control>
			<control type="image">
				<left>0</left>
				<top>0</top>
				<width>375</width>
				<height>650</height>
				<texture colordiffuse="black">backgrounds/bg_fade_2.png</texture>
				<bordertexture colordiffuse="$INFO[Skin.String(color.500)]">backgrounds/bg_fade_5.png</bordertexture>
				<bordersize>2</bordersize>
			</control>
			<control type="image">
				<left>-2.5</left>
				<top>667.2</top>
				<width>1804.7</width>
				<height>106</height>
				<texture>homeshadow_1.png</texture>
			</control>
			<control type="image">
				<left>0</left>
				<top>670</top>
				<width>1800</width>
				<height>100</height>
				<texture colordiffuse="black">backgrounds/bg_fade_2.png</texture>
				<bordertexture colordiffuse="$INFO[Skin.String(color.500)]">backgrounds/bg_fade_6.png</bordertexture>
				<bordersize>2</bordersize>
			</control>
			<!--main content-->
			<control type="group">
				<!--title-->
				<control type="label" id="2">
					<left>100</left>
					<top>20</top>
					<width>1800</width>
					<height>60</height>
					<font>info.title</font>
					<align>center</align>
					<aligny>center</aligny>
					<textcolor>$INFO[Skin.String(color.500)]</textcolor>
					<label></label>
				</control>
				<control type="grouplist" id="3">
					<description>button area</description>
					<left>10</left>
					<top>120</top>
					<bottom>120</bottom>
					<width>355</width>
					<itemgap>5</itemgap>
					<pagecontrol>61</pagecontrol>
					<onleft>61</onleft>
					<onright>5</onright>
					<onup>3</onup>
					<ondown>9001</ondown>
				</control>
				<control type="grouplist" id="5">
					<description>control area</description>
					<left>390</left>
					<right>10</right>
					<top>120</top>
					<height>500</height>
					<itemgap>5</itemgap>
					<pagecontrol>60</pagecontrol>
					<onup>5</onup>
					<ondown>9001</ondown>
					<onleft>3</onleft>
					<onright>60</onright>
				</control>
				<!--button-->
				<control type="button" id="7">
					<left>0</left>
					<top>0</top>
					<textcolor>white</textcolor>
			        <focusedcolor>white</focusedcolor>
			        <shadowcolor>black</shadowcolor>
					<invalidcolor>invalid</invalidcolor>
				</control>
				<!--radio button-->
				<control type="radiobutton" id="8">
					<left>0</left>
					<top>0</top>
					<textcolor>white</textcolor>
			        <focusedcolor>white</focusedcolor>
			        <shadowcolor>black</shadowcolor>
					<invalidcolor>invalid</invalidcolor>
				</control>
				<!--spin control-->
				<control type="spincontrolex" id="9">
					<left>0</left>
					<top>0</top>
					<textcolor>white</textcolor>
			        <focusedcolor>white</focusedcolor>
			        <shadowcolor>black</shadowcolor>
					<invalidcolor>invalid</invalidcolor>
					<reverse>yes</reverse>
				</control>
				<!--category buttons-->
				<control type="button" id="10">
					<width>375</width>
					<texturefocus colordiffuse="$INFO[Skin.String(color.500)]">backgrounds/white.png</texturefocus>
					<textcolor>white</textcolor>
					<focusedcolor>white</focusedcolor>
					<shadowcolor>black</shadowcolor>
					<invalidcolor>invalid</invalidcolor>
					<include>ButtonCommonValues</include>
				</control>
				<!--seperator-->
				<control type="image" id="11">
					<height>0</height>
					<texture></texture>
					<visible>false</visible>
				</control>
				<!--edit-->
				<control type="edit" id="12">
					<left>0</left>
					<top>0</top>
					<textcolor>white</textcolor>
			        <focusedcolor>white</focusedcolor>
			        <shadowcolor>black</shadowcolor>
					<invalidcolor>invalid</invalidcolor>
				</control>
				<!--slider control-->
				<control type="sliderex" id="13">
					<left>0</left>
					<top>0</top>
					<textcolor>white</textcolor>
			        <focusedcolor>white</focusedcolor>
			        <shadowcolor>black</shadowcolor>
					<invalidcolor>invalid</invalidcolor>
				</control>
				<!--label-->
				<control type="label" id="14">
					<height>60</height>
					<label></label>
					<font>button.bold</font>
					<textcolor>$INFO[Skin.String(color.500)]</textcolor>
					<textoffsetx>5</textoffsetx>
					<aligny>center</aligny>
				</control>
				<!--bottom buttons-->
				<control type="grouplist" id="9001">
					<left>320</left>
					<right>10</right>
					<top>75r</top>
					<height>60</height>
					<align>justify</align>
					<orientation>horizontal</orientation>
					<onleft>9001</onleft>
					<onright>9001</onright>
					<onup>5</onup>
					<ondown>5</ondown>
					<!--ok button-->
					<include content="AnimatedCircleButtonGroup">
						<param name="button-id" value="28" />
						<param name="button-width" value="130" />
						<param name="button-texture" value="yesbutton" />
						<param name="button-label" value="186" />
						<param name="button-onup" value="5" />
						<param name="button-ondown" value="5" />
						<param name="button-onleft" value="30" />
						<param name="button-onright" value="29" />
					</include>
					<!--cancel button-->
					<include content="AnimatedCircleButtonGroup">
						<param name="button-id" value="29" />
						<param name="button-width" value="180" />
						<param name="button-texture" value="nobutton" />
						<param name="button-label" value="222" />
						<param name="button-onup" value="5" />
						<param name="button-ondown" value="5" />
						<param name="button-onleft" value="28" />
						<param name="button-onright" value="30" />
					</include>
					<!--default button-->
					<include content="AnimatedCircleButtonGroup">
						<param name="button-id" value="30" />
						<param name="button-width" value="180" />
						<param name="button-texture" value="refreshbutton" />
						<param name="button-label" value="409" />
						<param name="button-onup" value="5" />
						<param name="button-ondown" value="5" />
						<param name="button-onleft" value="29" />
						<param name="button-onright" value="28" />
					</include>
				</control>
			</control>
		</control>
	</controls>
</window>