<?xml version="1.0" encoding="UTF-8"?>
<includes>
	<include name="WidgetContent">
		<content target="$PARAM[target]">$PARAM[content]</content>
	</include>
	<include name="WidgetContentInclude">
		<content>
			<include>$PARAM[content]</include>
		</content>
	</include>
	<include name="WeatherWidgetContent">
		<content>
			<item>
				<thumb>resource://resource.images.weathericons.default/na.png</thumb>
				<visible>String.IsEmpty(Window(weather).Property(Daily.IsFetched))</visible>
			</item>
			<include content="WeatherDailyItem">
				<param name="item_index" value="1" />
			</include>
			<include content="WeatherDailyItem">
				<param name="item_index" value="2" />
			</include>
			<include content="WeatherDailyItem">
				<param name="item_index" value="3" />
			</include>
			<include content="WeatherDailyItem">
				<param name="item_index" value="4" />
			</include>
			<include content="WeatherDailyItem">
				<param name="item_index" value="5" />
			</include>
			<include content="WeatherDailyItem">
				<param name="item_index" value="6" />
			</include>
			<include content="WeatherDailyItem">
				<param name="item_index" value="7" />
			</include>
			<include content="WeatherDailyItem">
				<param name="item_index" value="8" />
			</include>
			<include content="WeatherDailyItem">
				<param name="item_index" value="9" />
			</include>
			<include content="WeatherDailyItem">
				<param name="item_index" value="10" />
			</include>
			<include content="WeatherDailyItem">
				<param name="item_index" value="11" />
			</include>
			<include content="WeatherDailyItem">
				<param name="item_index" value="12" />
			</include>
			<include content="WeatherDailyItem">
				<param name="item_index" value="13" />
			</include>
			<include content="WeatherDailyItem">
				<param name="item_index" value="14" />
			</include>
		</content>
	</include>
	<include name="WeatherDailyItem">
		<item>
			<label>$INFO[Window(weather).Property(Daily.$PARAM[item_index].ShortDay)]</label>
			<property name="HighTemp">$INFO[Window(weather).Property(Daily.$PARAM[item_index].HighTemperature)]</property>
			<property name="LowTemp">$INFO[Window(weather).Property(Daily.$PARAM[item_index].LowTemperature)]</property>
			<property name="LongDay">$INFO[Window(weather).Property(Daily.$PARAM[item_index].LongDay)]</property>
			<property name="TempDay">$INFO[Window(weather).Property(Daily.$PARAM[item_index].TempDay)]</property>
			<property name="Cloudiness">$INFO[Window(weather).Property(Daily.$PARAM[item_index].Cloudiness)]</property>
			<property name="Outlook">$INFO[Window(weather).Property(Daily.$PARAM[item_index].Outlook)]</property>
			<property name="ShortDate">$INFO[Window(weather).Property(Daily.$PARAM[item_index].ShortDate)]</property>
			<property name="FanartCode">$INFO[Window(weather).Property(Daily.$PARAM[item_index].FanartCode)]</property>
			<thumb>resource://resource.images.weathericons.default/$INFO[Window(weather).Property(Daily.$PARAM[item_index].OutlookIcon)]</thumb>
			<visible>!String.IsEmpty(Window(weather).Property(Daily.$PARAM[item_index].Outlook))</visible>
		</item>
	</include>
	<include name="WeatherWidget">
		<control type="group" id="9003">
			<left>65</left>
			<top>12%</top>
			<width>1840</width>
			<height>500</height>
			<visible>!Window.IsVisible(Favourites)</visible>
			<animation effect="fade" time="150">WindowOpen</animation>
	        <animation effect="fade" time="150">WindowClose</animation>
			<control type="image">
				<left>-43</left>
				<top>-23</top>
				<width>1875</width>
				<height>489</height>
			    <texture colordiffuse="FF0F0F0F">backgrounds/bg_fade_2.png</texture>
				<bordertexture colordiffuse="$INFO[Skin.String(color.500)]">backgrounds/bg_fade_5.png</bordertexture>
				<bordersize>2</bordersize>
			  </control>
			<control type="label">
				<centerleft>48%</centerleft>
				<top>25</top>
				<height>10</height>
				<width>800</width>
				<label>$INFO[Container(9000).ListItem.Property(widgetName)]</label>
				<align>center</align>
				<aligny>center</aligny>
				<font>breadcrumb.secondary</font>
				<textcolor>$INFO[Skin.String(color.500)]</textcolor>
				<shadowcolor>button.nf</shadowcolor>
			</control>
			<control type="list" id="$PARAM[list_id]">
				<animation effect="slide" start="0,0" end="105,0" time="0" condition="String.IsEqual(Container($PARAM[list_id]).NumItems,4)">conditional</animation>
				<animation effect="slide" start="0,0" end="210,0" time="0" condition="String.IsEqual(Container($PARAM[list_id]).NumItems,3)">conditional</animation>
				<animation effect="slide" start="0,0" end="315,0" time="0" condition="String.IsEqual(Container($PARAM[list_id]).NumItems,2)">conditional</animation>
				<animation effect="slide" start="0,0" end="420,0" time="0" condition="String.IsEqual(Container($PARAM[list_id]).NumItems,1)">conditional</animation>
				<centerleft>52.3%</centerleft>
				<top>65</top>
				<width>1931</width>
				<height>550</height>
				<onleft>$PARAM[list_id]</onleft>
				<onright>$PARAM[list_id]</onright>
				<onup>9000</onup>
				<ondown>9901</ondown>
				<ondown>20</ondown>
				<viewtype label="535">list</viewtype>
				<pagecontrol></pagecontrol>
				<scrolltime>200</scrolltime>
				<orientation>Horizontal</orientation>
				<itemlayout height="330" width="315">
					<control type="label">
						<left>10</left>
						<top>10</top>
						<width>190</width>
						<height>60</height>
						<font>secondary.info</font>
						<textcolor>white</textcolor>
						<selectedcolor>selected</selectedcolor>
						<align>center</align>
						<aligny>center</aligny>
						<label>$INFO[ListItem.Label][CR]$INFO[ListItem.Property(ShortDate)]</label>
					</control>
					<control type="image">
						<left>20</left>
						<top>70</top>
						<width>160</width>
						<height>160</height>
						<aspectratio>keep</aspectratio>
						<texture>$INFO[ListItem.Thumb]</texture>
					</control>
					<control type="label">
						<left>10</left>
						<bottom>55</bottom>
						<width>190</width>
						<height>30</height>
						<font>secondary.info</font>
						<textcolor>white</textcolor>
						<selectedcolor>selected</selectedcolor>
						<align>center</align>
						<aligny>center</aligny>
						<label>$INFO[ListItem.Property(Outlook)]</label>
					</control>
					<control type="label">
						<left>10</left>
						<bottom>5</bottom>
						<width>190</width>
						<height>30</height>
						<font>secondary.info</font>
						<textcolor>white</textcolor>
						<selectedcolor>selected</selectedcolor>
						<align>center</align>
						<aligny>center</aligny>
						<label>$INFO[ListItem.Property(HighTemp),$LOCALIZE[419] : ,]</label>
					</control>
					<control type="label">
						<left>10</left>
						<bottom>-25</bottom>
						<width>190</width>
						<height>30</height>
						<font>secondary.info</font>
						<textcolor>white</textcolor>
						<selectedcolor>selected</selectedcolor>
						<align>center</align>
						<aligny>center</aligny>
						<label>$INFO[ListItem.Property(LowTemp),$LOCALIZE[418] : ,]</label>
					</control>
				</itemlayout>
				<focusedlayout height="330" width="315">
					<control type="group">
						<visible>!Control.HasFocus($PARAM[list_id])</visible>
						<control type="label">
							<left>10</left>
							<top>10</top>
							<width>190</width>
							<height>60</height>
							<font>secondary.info</font>
							<textcolor>white</textcolor>
							<selectedcolor>selected</selectedcolor>
							<align>center</align>
							<aligny>center</aligny>
							<label>$INFO[ListItem.Label][CR]$INFO[ListItem.Property(ShortDate)]</label>
						</control>
						<control type="label">
							<left>10</left>
							<bottom>55</bottom>
							<width>190</width>
							<height>30</height>
							<font>secondary.info</font>
							<textcolor>white</textcolor>
							<selectedcolor>selected</selectedcolor>
							<align>center</align>
							<aligny>center</aligny>
							<label>$INFO[ListItem.Property(Outlook)]</label>
						</control>
						<control type="label">
							<left>10</left>
							<bottom>5</bottom>
							<width>190</width>
							<height>30</height>
							<font>secondary.info</font>
							<textcolor>white</textcolor>
							<selectedcolor>selected</selectedcolor>
							<align>center</align>
							<aligny>center</aligny>
							<label>$INFO[ListItem.Property(HighTemp),$LOCALIZE[419] : ,]</label>
						</control>
						<control type="label">
							<left>10</left>
							<bottom>-25</bottom>
							<width>190</width>
							<height>30</height>
							<font>secondary.info</font>
							<textcolor>white</textcolor>
							<selectedcolor>selected</selectedcolor>
							<align>center</align>
							<aligny>center</aligny>
							<label>$INFO[ListItem.Property(LowTemp),$LOCALIZE[418] : ,]</label>
						</control>
					</control>
					<control type="group">
						<visible>Control.HasFocus($PARAM[list_id])</visible>
						<control type="image">
							<left>0</left>
							<top>0</top>
							<width>210</width>
							<height>310</height>
							<texture></texture>
							<bordertexture colordiffuse="$INFO[Skin.String(color.500)]">backgrounds/white.png</bordertexture>
							<bordersize>5</bordersize>
							<visible>ControlGroup(9003).HasFocus</visible>
						</control>
						<control type="label">
							<left>10</left>
							<top>10</top>
							<width>190</width>
							<height>60</height>
							<font>secondary.info</font>
							<textcolor>white</textcolor>
							<selectedcolor>selected</selectedcolor>
							<align>center</align>
							<aligny>center</aligny>
							<label>$INFO[ListItem.Label][CR]$INFO[ListItem.Property(ShortDate)]</label>
						</control>
						<control type="label">
							<left>10</left>
							<bottom>55</bottom>
							<width>190</width>
							<height>30</height>
							<font>secondary.info</font>
							<textcolor>white</textcolor>
							<selectedcolor>selected</selectedcolor>
							<align>center</align>
							<aligny>center</aligny>
							<label>$INFO[ListItem.Property(Outlook)]</label>
						</control>
						<control type="label">
							<left>10</left>
							<bottom>5</bottom>
							<width>190</width>
							<height>30</height>
							<font>secondary.info</font>
							<textcolor>$INFO[Skin.String(color.500)]</textcolor>
							<selectedcolor>selected</selectedcolor>
							<align>center</align>
							<aligny>center</aligny>
							<label>$INFO[ListItem.Property(HighTemp),[COLOR=grey2]$LOCALIZE[419] :[/COLOR] ,]</label>
						</control>
						<control type="label">
							<left>10</left>
							<bottom>-25</bottom>
							<width>190</width>
							<height>30</height>
							<font>secondary.info</font>
							<textcolor>$INFO[Skin.String(color.500)]</textcolor>
							<selectedcolor>selected</selectedcolor>
							<align>center</align>
							<aligny>center</aligny>
							<label>$INFO[ListItem.Property(LowTemp),[COLOR=grey2]$LOCALIZE[418] :[/COLOR] ,]</label>
						</control>
					</control>
					<control type="image">
						<left>20</left>
						<top>70</top>
						<width>160</width>
						<height>160</height>
						<aspectratio>keep</aspectratio>
						<texture>$INFO[ListItem.Thumb]</texture>
					</control>
				</focusedlayout>
				<include>WeatherWidgetContent</include>
			</control>
		</control>
	</include>
	<include name="SquareWidget">
		<control type="group" id="9003">
			<left>65</left>
			<top>12%</top>
			<width>1840</width>
			<height>500</height>
			<visible>!Window.IsVisible(Favourites)</visible>
			<animation effect="fade" time="150">WindowOpen</animation>
	        <animation effect="fade" time="150">WindowClose</animation>
			<control type="image">
				<left>-43</left>
				<top>-23</top>
				<width>1875</width>
				<height>489</height>
			    <texture colordiffuse="FF0F0F0F">backgrounds/bg_fade_2.png</texture>
				<bordertexture colordiffuse="$INFO[Skin.String(color.500)]">backgrounds/bg_fade_5.png</bordertexture>
				<bordersize>2</bordersize>
			  </control>
			<control type="label">
				<left>0</left>
				<right>0</right>
				<top>-7</top>
				<height>60</height>
				<font>label</font>
				<textcolor>white</textcolor>
				<shadowcolor>black</shadowcolor>
				<align>left</align>
				<label>$INFO[Container(9000).ListItem.Property(widgetName)]:</label>
			</control>
            <control type="label">
				<left>0</left>
				<right>0</right>
				<top>-7</top>
				<height>60</height>
				<font>label</font>
				<textcolor>$INFO[Skin.String(color.900)]</textcolor>
				<shadowcolor>black</shadowcolor>
				<align>left</align>
				<label>[COLORwhite]$INFO[Container(9000).ListItem.Property(widgetName)]:[/COLOR] $INFO[ListItem.Label]</label>
				<visible>Control.HasFocus($PARAM[list_id])</visible>
			</control>
			<control type="list" id="$PARAM[list_id]">
				<animation effect="slide" start="0,0" end="123,0" time="0" condition="String.IsEqual(Container($PARAM[list_id]).NumItems,3)">conditional</animation>
				<animation effect="slide" start="0,0" end="246,0" time="0" condition="String.IsEqual(Container($PARAM[list_id]).NumItems,2)">conditional</animation>
				<animation effect="slide" start="0,0" end="369,0" time="0" condition="String.IsEqual(Container($PARAM[list_id]).NumItems,1)">conditional</animation>
			    <centerleft>49.5%</centerleft>
				<top>65</top>
				<width>1840</width>
				<height>550</height>
				<onleft>$PARAM[list_id]</onleft>
				<onright>$PARAM[list_id]</onright>
				<onup>9000</onup>
				<ondown>9901</ondown>
				<viewtype label="535">list</viewtype>
				<pagecontrol></pagecontrol>
				<scrolltime>200</scrolltime>
				<orientation>Horizontal</orientation>
				<itemlayout height="630" width="368">
					<control type="image">
						<left>0</left>
						<top>0</top>
						<width>340</width>
						<height>352</height>
						<aspectratio>top</aspectratio>
						<texture background="true">$PARAM[artwork]</texture>
						<bordertexture colordiffuse="$INFO[Skin.String(color.500)]">backgrounds/square shadow small.png</bordertexture>
						<bordersize>5</bordersize>
					</control>
					<control type="image">
				        <left>4</left>
				        <top>5</top>
				        <width>40</width>
				        <height>342</height>
				        <texture>side_shadow_1.png</texture>
			       </control>
			      <control type="image">
				      <left>295</left>
				      <top>5</top>
				      <width>40</width>
				      <height>342</height>
				      <texture>side_shadow.png</texture>
			      </control>
				</itemlayout>
				<focusedlayout height="630" width="368">
					<control type="image">
						<left>0</left>
						<top>0</top>
						<width>340</width>
						<height>353</height>
						<aspectratio>top</aspectratio>
						<texture background="true">$PARAM[artwork]</texture>
						<bordertexture colordiffuse="white">backgrounds/white.png</bordertexture>
						<bordersize>5</bordersize>
						<visible>Control.HasFocus($PARAM[list_id])</visible>
					</control>
					<control type="image">
						<left>0</left>
						<top>0</top>
						<width>340</width>
						<height>352</height>
						<aspectratio>top</aspectratio>
						<texture background="true">$PARAM[artwork]</texture>
						<bordertexture colordiffuse="$INFO[Skin.String(color.500)]">backgrounds/square shadow small.png</bordertexture>
						<bordersize>5</bordersize>
						<visible>!Control.HasFocus($PARAM[list_id])</visible>
					</control>
					<control type="image">
				        <left>4</left>
				        <top>5</top>
				        <width>40</width>
				        <height>342</height>
				        <texture>side_shadow_1.png</texture>
			       </control>
			      <control type="image">
				      <left>295</left>
				      <top>5</top>
				      <width>40</width>
				      <height>342</height>
				      <texture>side_shadow.png</texture>
			      </control>
				</focusedlayout>
				<include content="$PARAM[contentInclude]">
					<param name="content" value="$PARAM[content]" />
					<param name="target" value="$PARAM[target]" />
				</include>
			</control>
		</control>
	</include>
	<include name="PosterWidget">
		<control type="group" id="9003">
			<left>65</left>
			<top>12%</top>
			<width>1840</width>
			<height>500</height>
			<visible>!Window.IsVisible(Favourites)</visible>
			<animation effect="fade" time="150">WindowOpen</animation>
	        <animation effect="fade" time="150">WindowClose</animation>
			<control type="image">
				<left>-43</left>
				<top>-23</top>
				<width>1875</width>
				<height>489</height>
				<texture colordiffuse="FF0F0F0F">backgrounds/bg_fade_2.png</texture>
				<bordertexture colordiffuse="$INFO[Skin.String(color.500)]">backgrounds/bg_fade_5.png</bordertexture>
				<bordersize>2</bordersize>
			 </control>
			 <control type="label">
				<left>0</left>
				<right>0</right>
				<top>-12</top>
				<height>60</height>
				<font>font12</font>
				<textcolor>white</textcolor>
				<shadowcolor>black</shadowcolor>
				<align>left</align>
				<label>$INFO[Container(9000).ListItem.Property(widgetName)]:</label>
			</control>
            <control type="label">
				<left>0</left>
				<right>0</right>
				<top>-12</top>
				<height>60</height>
				<font>font12</font>
				<textcolor>$INFO[Skin.String(color.900)]</textcolor>
				<shadowcolor>black</shadowcolor>
				<align>left</align>
				<label>[COLORwhite]$INFO[Container(9000).ListItem.Property(widgetName)]:[/COLOR] $INFO[ListItem.Label]</label>
				<visible>Control.HasFocus($PARAM[list_id])</visible>
			</control>
			<control type="list" id="$PARAM[list_id]">
                <animation effect="slide" start="0,0" end="105,0" time="0" condition="String.IsEqual(Container($PARAM[list_id]).NumItems,4)">conditional</animation>
				<animation effect="slide" start="0,0" end="210,0" time="0" condition="String.IsEqual(Container($PARAM[list_id]).NumItems,3)">conditional</animation>
				<animation effect="slide" start="0,0" end="315,0" time="0" condition="String.IsEqual(Container($PARAM[list_id]).NumItems,2)">conditional</animation>
				<animation effect="slide" start="0,0" end="420,0" time="0" condition="String.IsEqual(Container($PARAM[list_id]).NumItems,1)">conditional</animation>
                <centerleft>49.3%</centerleft>
				<top>33</top>
				<width>1842</width>
				<height>408</height>
				<onleft>$PARAM[list_id]</onleft>
				<onright>$PARAM[list_id]</onright>
				<onup>25</onup>
				<ondown>9000</ondown>
				<viewtype label="535">list</viewtype>
				<pagecontrol></pagecontrol>
				<scrolltime>200</scrolltime>
				<orientation>Horizontal</orientation>
				<itemlayout height="408" width="307">
					<control type="image">
						<left>0</left>
						<top>0</top>
						<width>285</width>
						<height>408</height>
						<aspectratio>scale</aspectratio>
						<texture background="true">$PARAM[artwork]</texture>
						<bordertexture colordiffuse="$INFO[Skin.String(color.500)]">backgrounds/poster shadow small.png</bordertexture>
						<bordersize>5</bordersize>
					</control>
				  <control type="image">
				        <left>4</left>
				        <top>5</top>
				        <width>40</width>
				        <height>398</height>
				        <texture>side_shadow_1.png</texture>
			       </control>
			      <control type="image">
				      <left>240</left>
				      <top>5</top>
				      <width>40</width>
				      <height>398</height>
				      <texture>side_shadow.png</texture>
			      </control>
				</itemlayout>
				<focusedlayout height="408" width="307">
					<control type="image">
						<left>0</left>
						<top>0</top>
						<width>285</width>
						<height>408</height>
						<aspectratio>scale</aspectratio>
						<texture background="true">$PARAM[artwork]</texture>
						<bordertexture colordiffuse="white">backgrounds/white.png</bordertexture>
						<bordersize>5</bordersize>
						<visible>Control.HasFocus($PARAM[list_id])</visible>
					</control>
					<control type="image">
						<left>0</left>
						<top>0</top>
						<width>285</width>
						<height>408</height>
						<aspectratio>scale</aspectratio>
						<texture background="true">$PARAM[artwork]</texture>
						<bordertexture colordiffuse="$INFO[Skin.String(color.500)]">backgrounds/poster shadow small.png</bordertexture>
						<bordersize>5</bordersize>
						<visible>!Control.HasFocus($PARAM[list_id])</visible>
					</control>
					 <control type="image">
				        <left>5</left>
				        <top>5</top>
				        <width>40</width>
				        <height>398</height>
				        <texture>side_shadow_1.png</texture>
			       </control>
			      <control type="image">
				      <left>240</left>
				      <top>5</top>
				      <width>40</width>
				      <height>398</height>
				      <texture>side_shadow.png</texture>
			      </control>
				</focusedlayout>
				<include content="$PARAM[contentInclude]">
					<param name="content" value="$PARAM[content]" />
					<param name="target" value="$PARAM[target]" />
				</include>
			</control>
		</control>
	</include>
</includes>