<?xml version="1.0" encoding="UTF-8"?>
<includes>
	
	<variable name="GameSelectHeader">
		<value condition="Window.IsActive(gamevideofilter)">$LOCALIZE[230]</value>
		<value condition="Window.IsActive(gamestretchmode)">$LOCALIZE[35233]</value>
		<value condition="Window.IsActive(gamevideorotation)">$LOCALIZE[35227]</value>
	</variable>
	
	<include name="DefaultDialogSelectLayout">
		<include>CommonBackground</include>
		<!--all content-->
		<control type="group">
		<left>30</left>
		<control type="image">
		    <left>-2</left>
		    <top>17</top>
		    <width>98.6%</width>
		    <height>10.6%</height>
		    <texture>homeshadow_1.png</texture>
		 </control>
		<control type="image">
		    <left>0</left>
		    <top>20</top>
		    <width>98.4%</width>
		    <height>10%</height>
		    <texture colordiffuse="black">backgrounds/bg_fade_2.png</texture>
			<bordertexture colordiffuse="$INFO[Skin.String(color.500)]">backgrounds/bg_fade_3.png</bordertexture>
			<bordersize>2</bordersize>
		 </control>
		 <control type="image">
		    <left>-2</left>
		    <top>947</top>
		    <width>98.6%</width>
		    <height>10.6%</height>
		    <texture>homeshadow_1.png</texture>
		  </control>
		<control type="image">
		    <left>0</left>
		    <top>950</top>
		    <width>98.4%</width>
		    <height>10%</height>
		    <texture colordiffuse="black">backgrounds/bg_fade_2.png</texture>
			<bordertexture colordiffuse="$INFO[Skin.String(color.500)]">backgrounds/bg_fade_3.png</bordertexture>
			<bordersize>2</bordersize>
		  </control>
	   </control>
	   <control type="group">
		<include>Window_OpenClose_Animation</include>
		<visible>!Skin.HasSetting(Clock)</visible>
			<control type="image">
				<right>62</right>
				<top>45</top>
				<width>250</width>
				<height>60</height>
				<texture colordiffuse="FF2E2E2E">backgrounds/bg_fade_7.png</texture>
				<bordertexture colordiffuse="$INFO[Skin.String(color.500)]">backgrounds/bg_fade_4.png</bordertexture>
			    <bordersize>2</bordersize>
			</control>
			<control type="label">
				<right>177</right>
				<top>45</top>
				<width>200</width>
				<height>60</height>
				<align>right</align>
				<aligny>center</aligny>
				<font>fontContextMenu</font>
				<textcolor>white</textcolor>
				<label>$INFO[System.Time(hh:mm)]</label>
			</control>
			<control type="label">
				<right>107</right>
				<top>45</top>
				<width>70</width>
				<height>60</height>
				<align>left</align>
				<aligny>center</aligny>
				<font>fontContextMenu</font>
				<textcolor>white</textcolor>
				<label>:$INFO[System.Time(ss)]</label>
			</control>
			<control type="image">
				<left>60</left>
				<top>45</top>
				<width>250</width>
				<height>60</height>
				<texture colordiffuse="FF2E2E2E">backgrounds/bg_fade_7.png</texture>
			    <bordertexture colordiffuse="$INFO[Skin.String(color.500)]">backgrounds/bg_fade_4.png</bordertexture>
				<bordersize>2</bordersize>
			</control>
			<control type="label">
				<left>111</left>
				<top>45</top>
				<width>360</width>
				<height>60</height>
				<align>left</align>
				<aligny>center</aligny>
				<font>fontContextMenu</font>
				<textcolor>white</textcolor>
				<label>$INFO[System.Date(dd:mm:yyyy]</label>
			</control>
		</control>
		<control type="group">
			<visible>Skin.HasSetting(Touchmode)</visible>
			<control type="image">
				<left>60</left>
				<top>110r</top>
				<width>70</width>
				<height>70</height>
				<texture colordiffuse="FF2E2E2E">backgrounds/bg_fade_7.png</texture>
				<bordertexture colordiffuse="$INFO[Skin.String(color.500)]">backgrounds/bg_fade_4.png</bordertexture>
				<bordersize>2</bordersize>
			</control>
			<control type="button">
				<description>Back push button</description>
				<left>55</left>
				<top>115r</top>
				<width>80</width>
				<height>80</height>
				<label></label>
				<font/>
				<onclick>back</onclick>
				<texturefocus colordiffuse="$INFO[Skin.String(color.500)]">icons/back.png</texturefocus>
				<texturenofocus colordiffuse="FFFFFFFF">icons/back.png</texturenofocus>
			</control>
			<control type="image">
				<right>70</right>
				<top>110r</top>
				<width>70</width>
				<height>70</height>
				<texture colordiffuse="FF2E2E2E">backgrounds/bg_fade_7.png</texture>
				<bordertexture colordiffuse="$INFO[Skin.String(color.500)]">backgrounds/bg_fade_4.png</bordertexture>
				<bordersize>2</bordersize>
			</control>
			<control type="button">
				<description>Home push button</description>
				<right>65</right>
				<top>115r</top>
				<width>80</width>
				<height>80</height>
				<label></label>
				<font/>
				<onclick>ActivateWindow(home)</onclick>
				<texturefocus colordiffuse="$INFO[Skin.String(color.500)]">icons/home.png</texturefocus>
				<texturenofocus colordiffuse="FFFFFFFF">icons/home.png</texturenofocus>
			</control>
		</control>
		<!--all content-->
		<control type="group">
			<left>60</left>
			<centertop>50%</centertop>
			<width>1800</width>
			<height>783</height>
			<visible>!Window.IsVisible(FileBrowser)</visible>
			<!--main content-->
			<control type="group">
			 <control type="image">
				<left>-2.7</left>
				<top>-2.5</top>
				<width>1805.6</width>
				<height>657</height>
				<texture>homeshadow_1.png</texture>
			</control>
			<control type="image">
				<left>0</left>
				<top>0</top>
				<width>1800</width>
				<height>650</height>
				<texture colordiffuse="black">backgrounds/bg_fade_2.png</texture>
				<bordertexture colordiffuse="$INFO[Skin.String(color.500)]">backgrounds/bg_fade_6.png</bordertexture>
				<bordersize>2</bordersize>
			</control>
			<control type="image">
				<left>-3</left>
				<top>672.5</top>
				<width>1805.6</width>
				<height>108</height>
				<texture>homeshadow_1.png</texture>
			</control>
			<control type="image">
				<left>0</left>
				<top>675</top>
				<width>1800</width>
				<height>102</height>
				<texture colordiffuse="black">backgrounds/bg_fade_2.png</texture>
				<bordertexture colordiffuse="$INFO[Skin.String(color.500)]">backgrounds/bg_fade_6.png</bordertexture>
				<bordersize>2</bordersize>
			</control>
			<!--title-->
			<control type="label" id="1">
				  <left>0</left>
				  <top>-105</top>
				  <width>1800</width>
				  <height>60</height>
				  <font>menu.title</font>
				  <align>center</align>
				  <aligny>center</aligny>
				  <textcolor>white</textcolor>
				</control>
				<!--content list (simple)-->
				<control type="list" id="3">
					<left>250</left>
					<top>50</top>
					<height>558</height>
					<width>1800</width>
					<onup>3</onup>
					<ondown>3</ondown>
					<onleft>90</onleft>
					<onright>61</onright>
					<pagecontrol>61</pagecontrol>
					<scrolltime>200</scrolltime>
					<animation effect="slide" end="0,30" time="0" condition="!Control.IsVisible(5) + !Control.IsVisible(7)">Conditional</animation>
					<itemlayout height="93">
					    <control type="image">
				           <left>0</left>
						   <top>0</top>
						   <width>1292</width>
						   <height>82</height>
				           <texture colordiffuse="FF2E2E2E">backgrounds/bg_fade_7.png</texture>
				           <bordertexture colordiffuse="$INFO[Skin.String(color.500)]">backgrounds/bg_fade_4.png</bordertexture>
				           <bordersize>2</bordersize>
			            </control>
						<!--label-->
						<control type="label">
							<left>20</left>
							<top>10</top>
							<width>1270</width>
							<height>60</height>
							<font>label</font>
							<align>left</align>
							<aligny>center</aligny>
							<textcolor>FFFFFFFF</textcolor>
							<shadowcolor>black</shadowcolor>
							<selectedcolor>$INFO[Skin.String(color.500)]</selectedcolor>
							<info>ListItem.Label</info>
						</control>
					</itemlayout>
					<focusedlayout height="93">
						<!--background-->
						<control type="image">
							<left>0</left>
							<top>0</top>
							<width>1292</width>
							<height>82</height>
							<texture colordiffuse="$INFO[Skin.String(color.500)]">backgrounds/white.png</texture>
							<animation effect="fade" start="100" end="50" time="200" condition="!Control.HasFocus(3)">Conditional</animation>
						</control>
						<!--label-->
						<control type="label">
							<left>20</left>
							<top>10</top>
							<width>1270</width>
							<height>60</height>
							<font>label</font>
							<align>left</align>
							<aligny>center</aligny>
							<textcolor>FFFFFFFF</textcolor>
							<shadowcolor>black</shadowcolor>
							<selectedcolor>$INFO[Skin.String(color.alt)]</selectedcolor>
							<info>ListItem.Label</info>
						</control>
					</focusedlayout>
				</control>
				<!--content list (advanced)-->
				<control type="list" id="6">
					<left>300</left>
					<top>40</top>
					<height>585</height>
					<width>1800</width>
					<onup>6</onup>
					<ondown>6</ondown>
					<onleft>90</onleft>
					<onright>61</onright>
					<pagecontrol>61</pagecontrol>
					<scrolltime>200</scrolltime>
					<animation effect="slide" end="0,30" time="0" condition="!Control.IsVisible(5) + !Control.IsVisible(7)">Conditional</animation>
					<itemlayout height="117">
					    <control type="image">
				           <left>0</left>
						   <top>0</top>
						   <width>1190</width>
						   <height>105</height>
				           <texture colordiffuse="FF2E2E2E">backgrounds/bg_fade_7.png</texture>
				           <bordertexture colordiffuse="$INFO[Skin.String(color.500)]">backgrounds/bg_fade_4.png</bordertexture>
				           <bordersize>2</bordersize>
			            </control>
						<!--icon-->
						<control type="image">
							<left>5</left>
							<top>2</top>
							<width>115</width>
							<height>100</height>
							<texture>$INFO[Listitem.Icon]</texture>
							<visible>!String.Contains(ListItem.Icon,Default)</visible>
						</control>
						<!--default icon-->
						<control type="image">
							<left>5</left>
							<top>2</top>
							<width>115</width>
							<height>100</height>
							<texture colordiffuse="white">$INFO[Listitem.Icon]</texture>
							<visible>String.Contains(ListItem.Icon,Default)</visible>
						</control>
						<!--title-->
						<control type="label">
							<left>138</left>
							<top>18</top>
							<width>1170</width>
							<height>60</height>
							<font>label</font>
							<align>left</align>
							<aligny>top</aligny>
							<textcolor>white</textcolor>
							<shadowcolor>black</shadowcolor>
							<selectedcolor>$INFO[Skin.String(color.500)]</selectedcolor>
							<label>[B]$INFO[ListItem.Label][/B]</label>
						</control>
						<!--description-->
						<control type="textbox">
							<left>138</left>
							<top>53</top>
							<width>1025</width>
							<height>36</height>
							<font>label</font>
							<align>left</align>
							<aligny>top</aligny>
							<textcolor>white</textcolor>
							<shadowcolor>black</shadowcolor>
							<selectedcolor>$INFO[Skin.String(color.500)]</selectedcolor>
							<label>$INFO[ListItem.Label2]</label>
						</control>
					</itemlayout>
					<focusedlayout height="117">
						<!--background-->
						<control type="image">
							<left>0</left>
							<top>0</top>
							<width>1190</width>
							<height>105</height>
							<texture colordiffuse="$INFO[Skin.String(color.500)]">backgrounds/white.png</texture>
							<animation effect="fade" start="100" end="50" time="200" condition="!Control.HasFocus(6)">Conditional</animation>
						</control>
						<!--icon-->
						<control type="image">
							<left>5</left>
							<top>2</top>
							<width>115</width>
							<height>100</height>
							<texture>$INFO[Listitem.Icon]</texture>
						</control>
						<!--title-->
						<control type="label">
							<left>138</left>
							<top>18</top>
							<width>1170</width>
							<height>60</height>
							<font>label</font>
							<align>left</align>
							<aligny>top</aligny>
							<textcolor>white</textcolor>
							<shadowcolor>black</shadowcolor>
							<selectedcolor>$INFO[Skin.String(color.alt)]</selectedcolor>
							<label>[B]$INFO[ListItem.Label][/B]</label>
						</control>
						<!--description-->
						<control type="textbox">
							<left>138</left>
							<top>53</top>
							<width>1025</width>
							<height>36</height>
							<font>label</font>
							<align>left</align>
							<aligny>top</aligny>
							<textcolor>white</textcolor>
							<shadowcolor>black</shadowcolor>
							<label>$INFO[ListItem.Label2]</label>
						</control>
					</focusedlayout>
				</control>
				<control type="scrollbar" id="61">
					<left>1552</left>
					<top>52</top>
					<height>543</height>
					<width>11</width>
					<orientation>vertical</orientation>
					<showonepage>false</showonepage>
					<onleft>3</onleft>
					<onright>3</onright>
					<ondown>61</ondown>
					<onup>61</onup>
					<animation effect="slide" end="0,30" time="0" condition="!Control.IsVisible(5) + !Control.IsVisible(7)">Conditional</animation>
					<visible>Control.IsVisible(3)</visible>
				</control>
				<control type="scrollbar" id="61">
					<left>1502</left>
					<top>42</top>
					<height>570</height>
					<width>11</width>
					<orientation>vertical</orientation>
					<showonepage>false</showonepage>
					<onleft>6</onleft>
					<onright>6</onright>
					<ondown>61</ondown>
					<onup>61</onup>
					<animation effect="slide" end="0,30" time="0" condition="!Control.IsVisible(5) + !Control.IsVisible(7)">Conditional</animation>
					<visible>Control.IsVisible(6)</visible>
				</control>
			</control>
			<!--buttons bar-->
			<control type="group">
				<visible>Control.IsVisible(5) | Control.IsVisible(7)</visible>
				<!--bottom buttons-->
				<control type="grouplist" id="90">
					<centerleft>49%</centerleft>
					<top>85r</top>
					<width>600</width>
					<height>60</height>
					<orientation>horizontal</orientation>
					<align>justify</align>
					<onleft>3</onleft>
					<onright>3</onright>
					<!--add button-->
					<include content="AnimatedCircleButtonGroup">
						<param name="button-id" value="5" />
						<param name="button-width" value="140" />
						<param name="button-texture" value="addbutton" />
						<param name="button-onup" value="3" />
						<param name="button-ondown" value="3" />
						<param name="button-onleft" value="7" />
						<param name="button-onright" value="7" />
					</include>
					<!--no button-->
					<include content="AnimatedCircleButtonGroup">
						<param name="button-id" value="7" />
						<param name="button-width" value="140" />
						<param name="button-texture" value="nobutton" />
						<param name="button-onup" value="3" />
						<param name="button-ondown" value="3" />
						<param name="button-onleft" value="5" />
						<param name="button-onright" value="5" />
					</include>
				</control>
			</control>
		</control>
	</include>
	<include name="GameDialogSelectLayout">
		<!--all content-->
		<control type="group">
			<centerleft>50%</centerleft>
			<width>1210</width>
			<animation effect="slide" start="1925,0" end="0,0" time="400" tween="quadratic" easing="out">WindowOpen</animation>
			<animation effect="slide" start="0,0" end="-1925,0" time="400" tween="quadratic" easing="out">WindowClose</animation>
			<animation effect="slide" start="-1925,0" end="0,0" time="400" tween="quadratic" easing="out">Visible</animation>
			<animation effect="slide" start="0,0" end="-1925,0" time="400" tween="quadratic" easing="out">Hidden</animation>
			<animation effect="slide" start="0,0" end="-35,0" time="300" condition="Window.IsActive(ShutdownMenu) + !String.IsEqual(Skin.AspectRatio,21:9)">Conditional</animation>
			<!--title bars and backgrounds-->
			<include content="DynamicDialogBackground">
				<param name="dialog-width" value="1210" />
				<param name="glow-width" value="1290" />
			</include>
			<!--close window button-->
			<control type="button">
				<left>5</left>
				<top>0</top>
				<width>50</width>
				<height>25</height>
				<label></label>
				<font></font>
				<onclick>PreviousMenu</onclick>
				<texturefocus>DialogCloseButton-focus.png</texturefocus>
				<texturenofocus>DialogCloseButton.png</texturenofocus>
				<onleft>9000</onleft>
				<onright>9000</onright>
				<onup>9000</onup>
				<ondown>9000</ondown>
				<visible>system.getbool(input.enablemouse)</visible>
			</control>
			<!--main content-->
			<control type="group">
				<!--title-->
				<control type="label" id="2">
					<left>45</left>
					<top>25</top>
					<width>1120</width>
					<height>60</height>
					<font>info.title</font>
					<align>left</align>
					<aligny>center</aligny>
					<textcolor>white</textcolor>
					<label>$VAR[GameSelectHeader]</label>
				</control>
				<control type="panel" id="11">
					<left>140</left>
					<top>195</top>
					<width>932</width>
					<height>700</height>
					<onleft>11</onleft>
					<onright>11</onright>
					<ondown>11</ondown>
					<onup>11</onup>
					<scrolltime>200</scrolltime>
					<viewtype label="536">icon</viewtype>
					<orientation>vertical</orientation>
					<pagecontrol/>
					<itemlayout height="233" width="233">
						<!--background-->
						<control type="image">
							<left>0</left>
							<top>0</top>
							<width>233</width>
							<height>233</height>
							<texture background="true" colordiffuse="button.nf">backgrounds/white.png</texture>
							<bordersize>5</bordersize>
							<bordertexture colordiffuse="$INFO[Skin.String(color.500)]">backgrounds/square shadow small.png</bordertexture>
						</control>
						<control type="gamewindow">
							<left>5</left>
							<top>5</top>
							<width>223</width>
							<height>150</height>
							<viewmode>$INFO[ListItem.Property(game.viewmode)]</viewmode>
							<videofilter>$INFO[ListItem.Property(game.videofilter)]</videofilter>
							<rotation>$INFO[ListItem.Property(game.videorotation)]</rotation>
						</control>
						<control type="label">
							<left>7</left>
							<top>185</top>
							<width>226</width>
							<height>15</height>
							<font>secondary.info.big</font>
							<textcolor>white</textcolor>
							<shadowcolor>black</shadowcolor>
							<selectedcolor>selected</selectedcolor>
							<align>center</align>
							<aligny>center</aligny>
							<label>$INFO[ListItem.Label]$INFO[ListItem.Label2, (,)]</label>
						</control>
					</itemlayout>
					<focusedlayout height="233" width="233">
						<!--background-->
						<control type="image">
							<left>0</left>
							<top>0</top>
							<width>233</width>
							<height>233</height>
							<texture background="true" colordiffuse="button.nf">backgrounds/white.png</texture>
							<bordersize>5</bordersize>
							<bordertexture colordiffuse="$INFO[Skin.String(color.500)]">backgrounds/white.png</bordertexture>
						</control>
						<control type="gamewindow">
							<left>5</left>
							<top>5</top>
							<width>223</width>
							<height>150</height>
							<viewmode>$INFO[ListItem.Property(game.viewmode)]</viewmode>
							<videofilter>$INFO[ListItem.Property(game.videofilter)]</videofilter>
							<rotation>$INFO[ListItem.Property(game.videorotation)]</rotation>
						</control>
						<control type="label">
							<left>7</left>
							<top>185</top>
							<width>226</width>
							<height>15</height>
							<font>secondary.info.big</font>
							<textcolor>white</textcolor>
							<shadowcolor>black</shadowcolor>
							<selectedcolor>$INFO[Skin.String(color.500)]</selectedcolor>
							<align>center</align>
							<aligny>center</aligny>
							<label>$INFO[ListItem.Label]$INFO[ListItem.Label2, (,)]</label>
						</control>
					</focusedlayout>
				</control>
			</control>
		</control>
	</include>
</includes>