<?xml version="1.0" encoding="UTF-8"?>
<includes>
	<include file="defaults.xml" />
	<include file="script-skinshortcuts-includes.xml" />
	<include file="ViewsVideoLibrary.xml" />
	<include file="ViewsMusicLibrary.xml" />
	<include file="ViewsFileMode.xml" />
	<include file="ViewsPictures.xml" />
	<include file="ViewsAddonBrowser.xml" />
	<include file="ViewsPVRGuide.xml" />
	<include file="ViewsWeather.xml" />
	<include file="ViewsEventLog.xml" />
	<include file="IncludesCodecFlagging.xml" />
	<include file="IncludesHomeMenuItems.xml" />
	<include file="IncludesBackgroundBuilding.xml" />
	<include file="IncludesListAnimations.xml" />
	<include file="IncludesPVR.xml" />
	<include file="IncludesWidgets.xml" />
	<include file="IncludesDialogSelect.xml" />
	<constant name="FanartCrossfadeTime">500</constant>
	<constant name="IconCrossfadeTime">400</constant>
	<variable name="MusicInfoHeader">
		<value condition="Container.Content(Artists)">$INFO[ListItem.Artist]</value>
		<value condition="Container.Content(Albums)">$INFO[ListItem.Album]</value>
		<value condition="Container.Content(Songs)">$INFO[ListItem.Title]</value>
	</variable>
	<variable name="WeatherView">
		<value condition="String.IsEmpty(Window.Property(Weather.CurrentView))">$LOCALIZE[31904]</value>
		<value condition="String.IsEqual(Window.Property(Weather.CurrentView),36hour)">$LOCALIZE[31901]</value>
		<value condition="String.IsEqual(Window.Property(Weather.CurrentView),weekend)">$LOCALIZE[31903]</value>
		<value condition="String.IsEqual(Window.Property(Weather.CurrentView),hourly)">$LOCALIZE[31902]</value>
		<value condition="String.IsEqual(Window.Property(Weather.CurrentView),map)">$LOCALIZE[31910]</value>
		<value condition="String.IsEqual(Window.Property(Weather.CurrentView),alerts)">$LOCALIZE[33050]</value>
	</variable>
	<variable name="HomeWidgetPosterVar">
		<value condition="!String.IsEmpty(ListItem.Art(poster))">$INFO[ListItem.Art(poster)]</value>
		<value condition="!String.IsEmpty(ListItem.Art(tvshow.poster))">$INFO[ListItem.Art(tvshow.poster)]</value>
		<value condition="!String.IsEmpty(ListItem.Icon)">$INFO[ListItem.Icon]</value>
		<value>$INFO[ListItem.Art(thumb)]</value>
	</variable>
	<variable name="HomeWidgetBannerVar">
		<value condition="!String.IsEmpty(ListItem.Art(tvshow.banner))">$INFO[ListItem.Art(tvshow.banner)]</value>
		<value condition="!String.IsEmpty(ListItem.Art(banner))">$INFO[ListItem.Art(banner)]</value>
		<value>$INFO[ListItem.Icon]</value>
	</variable>
	<variable name="BannerThumb">
		<value condition="!String.IsEmpty(ListItem.Art(banner))">$INFO[ListItem.Art(banner)]</value>
		<value condition="String.IsEmpty(ListItem.Art(banner))">$INFO[ListItem.Icon]</value>
	</variable>
	<variable name="PosterThumb">
		<value condition="!String.IsEmpty(ListItem.Art(poster))">$INFO[ListItem.Art(poster)]</value>
		<value condition="String.IsEmpty(ListItem.Art(poster))">$INFO[ListItem.Icon]</value>
	</variable>
	<variable name="PlayList">
		<value condition="Window.IsActive(Videos) + !String.IsEqual(Playlist.Length(video),0)">ActivateWindow(videoplaylist)</value>
		<value condition="[Window.IsActive(Music) | Window.IsActive(Music)] + !String.IsEqual(Playlist.Length(music),0)">ActivateWindow(musicplaylist)</value>
	</variable>
	<variable name="SelectBack">
		<value condition="![Window.IsVisible(FullscreenVideo) | Window.IsVisible(Visualisation)]">DialogBack.png</value>
		<value condition="Window.IsVisible(FullscreenVideo) | Window.IsVisible(Visualisation)">DialogBack2.png</value>
	</variable>
	<variable name="Forwarding">
		<value condition="Player.Forwarding2x">$LOCALIZE[31044] 2x</value>
		<value condition="Player.Forwarding4x">$LOCALIZE[31044] 4x</value>
		<value condition="Player.Forwarding8x">$LOCALIZE[31044] 8x</value>
		<value condition="Player.Forwarding16x">$LOCALIZE[31044] 16x</value>
		<value condition="Player.Forwarding32x">$LOCALIZE[31044] 32x</value>
	</variable>
	<variable name="Rewinding">
		<value condition="Player.Rewinding2x">$LOCALIZE[31045] 2x</value>
		<value condition="Player.Rewinding4x">$LOCALIZE[31045] 4x</value>
		<value condition="Player.Rewinding8x">$LOCALIZE[31045] 8x</value>
		<value condition="Player.Rewinding16x">$LOCALIZE[31045] 16x</value>
		<value condition="Player.Rewinding32x">$LOCALIZE[31045] 32x</value>
	</variable>
	<variable name="Addon.Description">
		<value condition="String.Contains(Container.FolderPath,plugin.program.advanced.launcher)">$INFO[ListItem.Plot]</value>
		<value>$INFO[ListItem.AddonDescription]</value>
	</variable>
	<variable name="Addon.Secondary.Label">
		<value condition="String.Contains(Container.FolderPath,plugin.program.advanced.launcher)">$INFO[ListItem.Year,, • ]$INFO[ListItem.Genre,, • ]$INFO[ListItem.Studio]</value>
		<value>$INFO[ListItem.AddonVersion,$LOCALIZE[24051] ,]$INFO[ListItem.AddonCreator, • $LOCALIZE[21863]: ,]</value>
	</variable>
	<variable name="Addon.Secondary.Label.1">
		<value condition="String.Contains(Container.FolderPath,plugin.program.advanced.launcher)">$INFO[ListItem.Year]</value>
		<value>$INFO[ListItem.AddonCreator,,$LOCALIZE[21863]: ]</value>
	</variable>
	<variable name="Addon.Secondary.Label.2">
		<value condition="String.Contains(Container.FolderPath,plugin.program.advanced.launcher)">$INFO[ListItem.Genre]</value>
		<value>$INFO[ListItem.AddonVersion,,$LOCALIZE[24051] ]</value>
	</variable>
	<variable name="Addon.Secondary.Label.3">
		<value condition="String.Contains(Container.FolderPath,plugin.program.advanced.launcher)">$INFO[ListItem.Studio]</value>
		<value></value>
	</variable>
	<variable name="Tagline">
		<value condition="VideoPlayer.Content(Movies) + !String.IsEmpty(VideoPlayer.Tagline)">$INFO[VideoPlayer.Tagline]</value>
		<value condition="VideoPlayer.Content(Movies) + !String.IsEmpty(VideoPlayer.Genre)">$INFO[VideoPlayer.Genre]</value>
		<value condition="VideoPlayer.Content(Episodes)">$INFO[VideoPlayer.TVShowTitle] ($INFO[VideoPlayer.Season,,x]$INFO[VideoPlayer.Episode])</value>
		<value condition="VideoPlayer.Content(MusicVideos)">$INFO[VideoPlayer.Artist] $INFO[VideoPlayer.Album, - ]</value>
		<value condition="VideoPlayer.Content(LiveTV)">$INFO[VideoPlayer.NextTitle,$LOCALIZE[19031]: ] ($INFO[VideoPlayer.NextStartTime] - $INFO[VideoPlayer.NextEndTime])</value>
		<value></value>
	</variable>
	<include name="CheckSkinColorsSet">
	<!-- Set strings -->
		<onload condition="String.IsEmpty(Skin.String(color.500))">Skin.SetString(color.500, FF727F94)</onload>
		<onload condition="String.IsEmpty(Skin.String(color.900))">Skin.SetString(color.900, FFEFB415)</onload>
		<onload condition="String.IsEmpty(Skin.String(color.400))">Skin.SetString(color.400, FFADD8E6)</onload>
		<onload condition="String.IsEmpty(Skin.String(color.alt))">Skin.SetString(color.alt, FFFFEB3B)</onload>
		<onload condition="String.IsEmpty(Skin.String(color.text))">Skin.SetString(color.text, FF666666)</onload>
		<onload condition="String.IsEmpty(Skin.String(color.disabled))">Skin.SetString(color.disabled, AABBBBBB)</onload>
		<onload condition="String.IsEmpty(Skin.String(color.primary))">Skin.SetString(color.primary, FFFFFFFF)</onload>
		<onload condition="String.IsEmpty(Skin.String(color.tertiary))">Skin.SetString(color.tertiary, FFF1F1F1)</onload>
		<onload condition="String.IsEmpty(Skin.String(color.border))">Skin.SetString(color.border, FFCCCCCC)</onload>
	</include>
	<include name="WindowID">
		<textcolor>pink</textcolor>
	</include>
	<include name="DialogID">
		<textcolor>orange</textcolor>
	</include>
	<include name="BehindDialogFadeOut">
		<control type="image">
			<left>0</left>
			<top>0</top>
			<width>100%</width>
			<height>100%</height>
			<aspectratio>scale</aspectratio>
			<texture background="true" colordiffuse="dialog.overlay">backgrounds/white.png</texture>
			<include>backgroundfade2</include>
			<visible>ControlGroup(9000).HasFocus | Control.HasFocus(9001) | Control.HasFocus(8999) | Window.IsVisible(AddonInformation) | Window.IsVisible(ShutdownMenu) | Window.IsVisible(ContextMenu) | Window.IsVisible(MovieInformation) | Window.IsVisible(MusicInformation) | Window.IsVisible(SongInformation) | Window.IsVisible(FileBrowser) | Window.IsVisible(TextViewer) | Window.IsVisible(AddonSettings) | Window.IsVisible(ContentSettings) | Window.IsVisible(SelectDialog) | Window.IsVisible(MediaSource) | Window.IsVisible(PictureInfo) | Window.IsVisible(PlayerControls) | Window.IsVisible(VirtualKeyboard) | Window.IsVisible(NumericInput) | Window.IsVisible(ProfileSettings) | Window.IsVisible(LockSettings) | Window.IsVisible(SmartPlaylistEditor) | Window.IsVisible(SmartPlaylistRule) |
			Window.IsVisible(AddonInformation) | Window.IsVisible(PeripheralSettings) | Window.IsVisible(script-cu-lrclyrics-main.xml) | Window.IsVisible(PVRChannelManager) | Window.IsVisible(PVRGroupManager) | Window.IsVisible(MediaFilter) | Window.IsVisible(OKDialog) | Window.IsVisible(YesNoDialog) | Window.IsVisible(ProgressDialog) | Window.IsVisible(MediaSource) | Window.IsVisible(1100) | Window.IsVisible(GameControllers)</visible>
		</control>
	</include>
	<include name="WindowTitleCommons">
		<left>0</left>
		<top>0</top>
		<width min="0" max="150">auto</width>
		<height>45</height>
		<font>breadcrumb</font>
		<textcolor>white</textcolor>
		<scroll>false</scroll>
		<align>left</align>
		<aligny>center</aligny>
	</include>
	<include name="WindowTitleCommons2">
		<left>0</left>
		<top>0</top>
		<width min="0" max="385">auto</width>
		<height>45</height>
		<font>breadcrumb</font>
		<textcolor>white</textcolor>
		<scroll>false</scroll>
		<align>left</align>
		<aligny>center</aligny>
	</include>
	<include name="ButtonCommonValues">
		<height>60</height>
		<width>355</width>
		<textoffsetx>15</textoffsetx>
		<textwidth>325</textwidth>
		<aligny>center</aligny>
		<font>label</font>
		<texturefocus colordiffuse="$INFO[Skin.String(color.500)]">backgrounds/white.png</texturefocus>
		<texturenofocus colordiffuse="$INFO[Skin.String(color.border)]"></texturenofocus>
		<alttexturefocus colordiffuse="$INFO[Skin.String(color.500)]">backgrounds/white.png</alttexturefocus>
		<alttexturenofocus colordiffuse="$INFO[Skin.String(color.border)]"></alttexturenofocus>
		<pulseonselect>false</pulseonselect>
		<textcolor>white</textcolor>
		<selectedcolor>white</selectedcolor>
		<focusedcolor>white</focusedcolor>
		<disabledcolor>$INFO[Skin.String(color.disabled)]</disabledcolor>
	</include>
	<include name="ButtonSettingCommonValues">
		<height>60</height>
		<width>355</width>
		<textoffsetx>15</textoffsetx>
		<textwidth>325</textwidth>
		<aligny>center</aligny>
		<font>button</font>
		<texturefocus colordiffuse="white">backgrounds/white.png</texturefocus>
		<texturenofocus></texturenofocus>
		<alttexturefocus colordiffuse="white">backgrounds/white.png</alttexturefocus>
		<alttexturenofocus></alttexturenofocus>
		<pulseonselect>false</pulseonselect>
		<textcolor>white</textcolor>
		<selectedcolor>$INFO[Skin.String(color.500)]</selectedcolor>
		<focusedcolor>$INFO[Skin.String(color.500)]</focusedcolor>
		<disabledcolor>$INFO[Skin.String(color.disabled)]</disabledcolor>
	</include>
	<include name="ButtonHomeSubCommonValues">
		<height>60</height>
		<width>270</width>
		<textwidth>292</textwidth>
		<align>center</align>
		<aligny>center</aligny>
		<font>button</font>
		<textcolor>white</textcolor>
		<focusedcolor>white</focusedcolor>
		<texturefocus colordiffuse="$INFO[Skin.String(color.500)]">backgrounds/white.png</texturefocus>
		<texturenofocus colordiffuse="$INFO[Skin.String(color.tertiary)]">backgrounds/white.png</texturenofocus>
		<pulseonselect>false</pulseonselect>
	</include>
	<include name="HomeSubMenuCommonValues">
		<left>0</left>
		<top>13</top>
		<width>1920</width>
		<height>70</height>
		<align>center</align>
		<onup>9000</onup>
		<ondown>9002</ondown>
		<itemgap>0</itemgap>
		<orientation>Horizontal</orientation>
		<animation effect="slide" start="0,-60" end="0,0" delay="200" time="200" tween="quadratic" easing="out">Visible</animation>
		<animation effect="slide" start="0,0" end="0,-60" time="200" tween="quadratic" easing="out">Hidden</animation>
	</include>
	<include name="ButtonInfoDialogsCommonValues">
		<height>60</height>
		<width>180</width>
		<textoffsetx>15</textoffsetx>
		<align>center</align>
		<aligny>center</aligny>
		<font>button</font>
		<textcolor>white</textcolor>
		<focusedcolor>white</focusedcolor>
		<texturefocus colordiffuse="$INFO[Skin.String(color.500)]">backgrounds/white.png</texturefocus>
		<texturenofocus colordiffuse="$INFO[Skin.String(color.border)]">button-border-180.png</texturenofocus>
		<pulseonselect>false</pulseonselect>
	</include>
	<include name="LeftBreadcrumbCommonValues">
		<enable>false</enable>
		<texturenofocus border="11,0,0,0" colordiffuse="$INFO[Skin.String(color.tertiary)]">backgrounds/left breadcrumb.png</texturenofocus>
		<disabledcolor>white</disabledcolor>
		<textoffsetx>10</textoffsetx>
	</include>
	<include name="RightBreadcrumbCommonValues">
		<enable>false</enable>
		<texturenofocus border="0,0,11,0" colordiffuse="$INFO[Skin.String(color.tertiary)]">backgrounds/right breadcrumb.png</texturenofocus>
		<disabledcolor>white</disabledcolor>
		<textoffsetx>10</textoffsetx>
	</include>
	<include name="DynamicLeftBreadcrumb">
		<param name="breadcrumb-left" default="60" />
		<param name="breadcrumb-top" default="60" />
		<param name="breadcrumb-width" default="604" />
		<param name="breadcrumb-height" default="45" />
		<param name="breadcrumb-font" default="breadcrumb" />
		<param name="breadcrumb1-label" default="" />
		<param name="breadcrumb1-visible" default="true" />
		<param name="breadcrumb2-label" default="" />
		<param name="breadcrumb2-visible" default="false" />
		<param name="breadcrumb3-label" default="" />
		<param name="breadcrumb3-visible" default="false" />
		<param name="breadcrumb4-label" default="" />
		<param name="breadcrumb4-visible" default="false" />
		<definition>
			<control type="grouplist" id="1">
				<left>$PARAM[breadcrumb-left]</left>
				<top>$PARAM[breadcrumb-top]</top>
				<width>$PARAM[breadcrumb-width]</width>
				<height>$PARAM[breadcrumb-height]</height>
				<align>left</align>
				<orientation>horizontal</orientation>
				<itemgap>-10</itemgap>
				<usecontrolcoords>true</usecontrolcoords>
				<!--background strip-->
				<control type="image" id="1">
					<width>4</width>
					<height>$PARAM[breadcrumb-height]</height>
					<texture colordiffuse="$INFO[Skin.String(color.500)]">backgrounds/white.png</texture>
				</control>
				<!--breadcrumb spacer-->
				<control type="image" id="1">
					<width>20</width>
					<height>$PARAM[breadcrumb-height]</height>
					<texture colordiffuse="$INFO[Skin.String(color.tertiary)]">backgrounds/left breadcrumb.png</texture>
				</control>
				<!--breadcrumb 1 label-->
				<control type="button" id="1">
					<width max="500">auto</width>
					<height>$PARAM[breadcrumb-height]</height>
					<font>$PARAM[breadcrumb-font]</font>
					<label>$PARAM[breadcrumb1-label]</label>
					<include>LeftBreadcrumbCommonValues</include>
					<visible>$PARAM[breadcrumb1-visible]</visible>
				</control>
				<!--breadcrumb 2 label-->
				<control type="button" id="1">
					<width max="500">auto</width>
					<height>$PARAM[breadcrumb-height]</height>
					<font>$PARAM[breadcrumb-font]</font>
					<label>$PARAM[breadcrumb2-label]</label>
					<disabledcolor>$INFO[Skin.String(color.500)]</disabledcolor>
					<include>LeftBreadcrumbCommonValues</include>
					<visible>$PARAM[breadcrumb2-visible]</visible>
				</control>
				<!--breadcrumb 3 label-->
				<control type="button" id="1">
					<width max="500">auto</width>
					<height>$PARAM[breadcrumb-height]</height>
					<font>$PARAM[breadcrumb-font]</font>
					<label>$PARAM[breadcrumb3-label]</label>
					<include>LeftBreadcrumbCommonValues</include>
					<visible>$PARAM[breadcrumb3-visible]</visible>
				</control>
				<!--breadcrumb 4 label-->
				<control type="button" id="1">
					<width max="500">auto</width>
					<height>$PARAM[breadcrumb-height]</height>
					<font>$PARAM[breadcrumb-font]</font>
					<label>$PARAM[breadcrumb4-label]</label>
					<disabledcolor>$INFO[Skin.String(color.500)]</disabledcolor>
					<include>LeftBreadcrumbCommonValues</include>
					<visible>$PARAM[breadcrumb4-visible]</visible>
				</control>
			</control>
		</definition>
	</include>
	<include name="DynamicRightBreadcrumb">
		<param name="breadcrumb-right" default="60" />
		<param name="breadcrumb-top" default="60" />
		<param name="breadcrumb-width" default="604" />
		<param name="breadcrumb-height" default="45" />
		<param name="breadcrumb-align" default="right" />
		<param name="breadcrumb-font" default="breadcrumb" />
		<param name="breadcrumb1-label" default="" />
		<param name="breadcrumb1-visible" default="true" />
		<param name="breadcrumb2-label" default="" />
		<param name="breadcrumb2-visible" default="false" />
		<definition>
			<control type="grouplist" id="1">
				<right>$PARAM[breadcrumb-right]</right>
				<top>$PARAM[breadcrumb-top]</top>
				<width>$PARAM[breadcrumb-width]</width>
				<height>$PARAM[breadcrumb-height]</height>
				<align>$PARAM[breadcrumb-align]</align>
				<orientation>horizontal</orientation>
				<itemgap>-10</itemgap>
				<!--breadcrumb 2 label-->
				<control type="button" id="1">
					<width max="500">auto</width>
					<height>$PARAM[breadcrumb-height]</height>
					<font>$PARAM[breadcrumb-font]</font>
					<label>$PARAM[breadcrumb2-label]</label>
					<disabledcolor>$INFO[Skin.String(color.500)]</disabledcolor>
					<include>RightBreadcrumbCommonValues</include>
					<visible>$PARAM[breadcrumb2-visible]</visible>
				</control>
				<!--breadcrumb 1 label-->
				<control type="button" id="1">
					<width max="500">auto</width>
					<height>$PARAM[breadcrumb-height]</height>
					<font>$PARAM[breadcrumb-font]</font>
					<label>$PARAM[breadcrumb1-label]</label>
					<include>RightBreadcrumbCommonValues</include>
					<visible>$PARAM[breadcrumb1-visible]</visible>
				</control>
				<!--breadcrumb spacer-->
				<control type="image" id="1">
					<width>20</width>
					<height>$PARAM[breadcrumb-height]</height>
					<texture colordiffuse="$INFO[Skin.String(color.tertiary)]">backgrounds/right breadcrumb.png</texture>
				</control>
				<!--background strip-->
				<control type="image" id="1">
					<width>4</width>
					<height>$PARAM[breadcrumb-height]</height>
					<texture colordiffuse="$INFO[Skin.String(color.500)]">backgrounds/white.png</texture>
				</control>
			</control>
		</definition>
	</include>
	<include name="DynamicDialogBackground">
		<param name="dialog-centerleft" default="50%" />
		<param name="dialog-centertop" default="50%" />
		<param name="dialog-width" default="100%" />
		<param name="dialog-height" default="100%" />
		<param name="glow-width" default="105%" />
		<param name="glow-height" default="105%" />
		<param name="title-height" default="110" />
		<param name="subtitle-visible" default="false" />
		<param name="subtitle-height" default="0" />
		<param name="sidebar-visible" default="false" />
		<param name="sidebar-width" default="0" />
		<param name="buttonbar-visible" default="false" />
		<param name="buttonbar-top" default="70r" />
		<param name="buttonbar-height" default="0" />
		<param name="background-visible" default="false" />
		<definition>
			<control type="group">
				<centerleft>$PARAM[dialog-centerleft]</centerleft>
				<centertop>$PARAM[dialog-centertop]</centertop>
				<width>$PARAM[dialog-width]</width>
				<height>$PARAM[dialog-height]</height>
				<control type="group">
					<top>$PARAM[title-height]</top>
					<control type="group">
						<top>$PARAM[subtitle-height]</top>
						<bottom>$PARAM[buttonbar-height]</bottom>
						<!--background-->
						<control type="image">
							<left>$PARAM[sidebar-width]</left>
							<right>0</right>
							<top>0</top>
							<height>100%</height>
							<texture colordiffuse="black">backgrounds/bg_fade_2.png</texture>
					        <bordertexture colordiffuse="$INFO[Skin.String(color.500)]">backgrounds/bg_fade_3.png</bordertexture>
					        <bordersize>1</bordersize>
						</control>
						<!--background image-->
						<control type="image">
							<description>Normal Default Background Image</description>
							<left>$PARAM[sidebar-width]</left>
							<right>0</right>
							<top>0</top>
							<height>100%</height>
							<aspectratio>scale</aspectratio>
							<texture background="true">special://skin/extras/backgrounds/settings.jpg</texture>
							<visible>$PARAM[background-visible] + [!Skin.HasSetting(UseCustomBackground) | String.IsEmpty(Skin.String(CustomBackgroundPath))]</visible>
						</control>
						<control type="image">
							<description>User Set Background Image</description>
							<left>$PARAM[sidebar-width]</left>
							<right>0</right>
							<top>0</top>
							<height>100%</height>
							<aspectratio>scale</aspectratio>
							<texture background="true">$INFO[Skin.String(CustomBackgroundPath)]</texture>
							<visible>$PARAM[background-visible] + Skin.HasSetting(UseCustomBackground) + !String.IsEmpty(Skin.String(CustomBackgroundPath))</visible>
						</control>
						<!--side bar-->
						<control type="image">
							<left>0</left>
							<top>0</top>
							<width>$PARAM[sidebar-width]</width>
							<height>100%</height>
							<texture background="true" colordiffuse="$INFO[Skin.String(color.900)]">backgrounds/white.png</texture>
							<visible>$PARAM[sidebar-visible]</visible>
						</control>
						<!--side blade shadow-->
						<control type="image">
							<left>$PARAM[sidebar-width]</left>
							<top>0</top>
							<width>20</width>
							<height>100%</height>
							<texture background="true">sidebarshadow.png</texture>
							<animation effect="fade" start="100" end="75" time="0" condition="true">Conditional</animation>
							<visible>$PARAM[sidebar-visible]</visible>
						</control>
					</control>
				</control>
				<!--title background-->
				<control type="image">
					<left>0</left>
					<top>0</top>
					<width>$PARAM[dialog-width]</width>
					<height>$PARAM[title-height]</height>
					<texture colordiffuse="black">backgrounds/bg_fade_2.png</texture>
				    <bordertexture colordiffuse="$INFO[Skin.String(color.500)]">backgrounds/bg_fade_3.png</bordertexture>
				    <bordersize>1</bordersize>
				</control>
				<control type="group">
					<visible>$PARAM[buttonbar-visible]</visible>
					<top>$PARAM[buttonbar-top]</top>
					<!--buttons bg-->
					<control type="image">
						<left>0</left>
						<width>$PARAM[dialog-width]</width>
						<height>$PARAM[buttonbar-height]</height>
						<texture colordiffuse="black">backgrounds/bg_fade_2.png</texture>
				        <bordertexture colordiffuse="$INFO[Skin.String(color.500)]">backgrounds/bg_fade_3.png</bordertexture>
				        <bordersize>1</bordersize>
					</control>
				</control>
			</control>
		</definition>
	</include>
	<include name="AnimatedCircleButtonGroup">
		<param name="button-id" />
		<param name="button-width" />
		<param name="button-visible" default="true" />
		<param name="button-texture" />
		<param name="button-colormain" default="white" />
		<param name="button-coloralt" default="white" />
		<param name="button-coloranim" default="$INFO[Skin.String(color.500)]" />
		<param name="button-label" default="-" />
		<param name="button-onclick" default="noop" />
		<param name="button-onup" default="noop" />
		<param name="button-ondown" default="noop" />
		<param name="button-onleft" default="noop" />
		<param name="button-onright" default="noop" />
		<definition>
			<control type="group" id="277$PARAM[button-id]">
				<visible>Control.IsVisible($PARAM[button-id])</visible>
				<width>$PARAM[button-width]</width>
				<height>60</height>
				<!--button circle border-->
				<control type="image">
					<left>0</left>
					<top>0</top>
					<width>60</width>
					<height>60</height>
					<texture colordiffuse="$PARAM[button-colormain]">buttons/buttoncircleborder.png</texture>
					<visible>Control.HasFocus($PARAM[button-id])</visible>
				</control>
				<!--button circle animation-->
				<control type="image">
					<left>-1</left>
					<top>-1</top>
					<width>62</width>
					<height>62</height>
					<texture colordiffuse="$PARAM[button-coloranim]">buttons/buttoncircle.png</texture>
					<visible>Control.HasFocus($PARAM[button-id])</visible>
					<animation effect="zoom" start="0" end="100" time="250" center="auto">Visible</animation>
				</control>
				<!--button-->
				<control type="button" id="$PARAM[button-id]">
					<visible>$PARAM[button-visible]</visible>
					<animation effect="fade" start="100" end="25" time="100" condition="!Control.IsEnabled($PARAM[button-id])">Conditional</animation>
					<left>0</left>
					<top>0</top>
					<width>$PARAM[button-width]</width>
					<height>60</height>
					<font>button</font>
					<align>left</align>
					<textoffsetx>60</textoffsetx>
					<textwidth>$PARAM[button-width]</textwidth>
					<textcolor>$PARAM[button-colormain]</textcolor>
					<focusedcolor>$PARAM[button-colormain]</focusedcolor>
					<disabledcolor>$PARAM[button-colormain]</disabledcolor>
					<texturefocus border="58,0,0,0" colordiffuse="$PARAM[button-coloralt]">buttons/$PARAM[button-texture]f.png</texturefocus>
					<texturenofocus border="58,0,0,0" colordiffuse="$PARAM[button-colormain]">buttons/$PARAM[button-texture].png</texturenofocus>
					<label>$PARAM[button-label]</label>
					<onclick>$PARAM[button-onclick]</onclick>
					<onup>$PARAM[button-onup]</onup>
					<ondown>$PARAM[button-ondown]</ondown>
					<onleft>$PARAM[button-onleft]</onleft>
					<onright>$PARAM[button-onright]</onright>
				</control>
			</control>
		</definition>
	</include>
	<include name="AnimatedCircleToggleButtonGroup">
		<param name="button-id" />
		<param name="button-width" />
		<param name="button-visible" default="true" />
		<param name="button-texture" />
		<param name="button-alttexture" />
		<param name="button-colormain" default="white" />
		<param name="button-coloralt" default="white" />
		<param name="button-coloranim" default="$INFO[Skin.String(color.500)]" />
		<param name="button-label" default="-" />
		<param name="button-altlabel" default="-" />
		<param name="button-usealt" default="false" />
		<param name="button-onclick" default="noop" />
		<param name="button-onup" default="noop" />
		<param name="button-ondown" default="noop" />
		<param name="button-onleft" default="noop" />
		<param name="button-onright" default="noop" />
		<definition>
			<control type="group" id="277$PARAM[button-id]">
				<visible>Control.IsVisible($PARAM[button-id])</visible>
				<width>$PARAM[button-width]</width>
				<height>60</height>
				<!--button circle border-->
				<control type="image">
					<left>0</left>
					<top>0</top>
					<width>60</width>
					<height>60</height>
					<texture colordiffuse="$PARAM[button-colormain]">buttons/buttoncircleborder.png</texture>
					<visible>Control.HasFocus($PARAM[button-id])</visible>
				</control>
				<!--button circle animation-->
				<control type="image">
					<left>-1</left>
					<top>-1</top>
					<width>62</width>
					<height>62</height>
					<texture colordiffuse="$PARAM[button-coloranim]">buttons/buttoncircle.png</texture>
					<visible>Control.HasFocus($PARAM[button-id])</visible>
					<animation effect="zoom" start="0" end="100" time="250" center="auto">Visible</animation>
				</control>
				<!--togglebutton-->
				<control type="togglebutton" id="$PARAM[button-id]">
					<visible>$PARAM[button-visible]</visible>
					<animation effect="fade" start="100" end="25" time="100" condition="!Control.IsEnabled($PARAM[button-id])">Conditional</animation>
					<left>0</left>
					<top>0</top>
					<width>$PARAM[button-width]</width>
					<height>60</height>
					<font>button</font>
					<align>left</align>
					<aligny>center</aligny>
					<textoffsetx>60</textoffsetx>
					<textwidth>$PARAM[button-width]</textwidth>
					<textcolor>$PARAM[button-colormain]</textcolor>
					<focusedcolor>$PARAM[button-colormain]</focusedcolor>
					<disabledcolor>$PARAM[button-colormain]</disabledcolor>
					<texturefocus border="58,0,0,0" colordiffuse="$PARAM[button-coloralt]">buttons/$PARAM[button-texture]f.png</texturefocus>
					<texturenofocus border="58,0,0,0" colordiffuse="$PARAM[button-colormain]">buttons/$PARAM[button-texture].png</texturenofocus>
					<alttexturefocus border="58,0,0,0" colordiffuse="$PARAM[button-coloralt]">buttons/$PARAM[button-alttexture]f.png</alttexturefocus>
					<alttexturenofocus border="58,0,0,0" colordiffuse="$PARAM[button-colormain]">buttons/$PARAM[button-alttexture].png</alttexturenofocus>
					<label>$PARAM[button-label]</label>
					<altlabel>$PARAM[button-altlabel]</altlabel>
					<usealttexture>$PARAM[button-usealt]</usealttexture>
					<onclick>$PARAM[button-onclick]</onclick>
					<onup>$PARAM[button-onup]</onup>
					<ondown>$PARAM[button-ondown]</ondown>
					<onleft>$PARAM[button-onleft]</onleft>
					<onright>$PARAM[button-onright]</onright>
				</control>
			</control>
		</definition>
	</include>
	<include name="SideBladeLeft">
		<animation effect="slide" start="0,0" end="469,0" time="300" tween="quadratic" easing="out" condition="[ControlGroup(9000).HasFocus | Control.HasFocus(9001) | Control.HasFocus(8999)] + ![Window.IsActive(ShutdownMenu) | Window.IsActive(PVRGuideInfo) | Window.IsActive(PVRRadioRDSInfo)]">Conditional</animation>
		<animation effect="slide" start="0,0" end="-450,0" time="300" tween="quadratic" easing="out" condition="ControlGroup(9000).HasFocus | Control.HasFocus(9001)">WindowClose</animation>
		<animation effect="slide" start="0,0" end="-75,0" time="300" tween="quadratic" easing="out" condition="![ControlGroup(9000).HasFocus | Control.HasFocus(9001)]">WindowClose</animation>
		<animation effect="slide" start="-75,0" end="-40,0" time="300" tween="quadratic" easing="out">WindowOpen</animation>
		<!--side blade tab bg (for fade effect)-->
		<control type="button" id="9001">
		<visible>Skin.HasSetting(Touchmode)</visible>
			<left>411</left>
			<centertop>93%</centertop>
			<width>130</width>
			<height>128</height>
			<font></font>
			<texturefocus colordiffuse="black">hassubbg.png</texturefocus>
			<texturenofocus colordiffuse="black">hassubbg.png</texturenofocus>
		</control>
		<!--side blade tab-->
		<control type="button" id="9001">
		<visible>Skin.HasSetting(Touchmode)</visible>
			<left>411</left>
			<centertop>93%</centertop>
			<width>130</width>
			<height>128</height>
			<font></font>
			<texturefocus colordiffuse="$INFO[Skin.String(color.500)]">hassub.png</texturefocus>
			<texturenofocus colordiffuse="$INFO[Skin.String(color.500)]">hassub.png</texturenofocus>
			<animation effect="fade" start="100" end="70" time="300" condition="Window.IsVisible(movieinformation) | Window.IsVisible(selectdialog) | Window.IsVisible(contentsettings) | Window.IsVisible(filebrowser) | Window.IsVisible(addoninformation) | Window.IsVisible(addonSettings) | Window.IsVisible(mediasource) | Window.IsVisible(shutdownmenu) | Window.IsVisible(contextmenu)">Conditional</animation>
		</control>
		<!--side blade tab arrow bg (for fade effect)-->
		<control type="image">
			<left>463</left>
			<centertop>93%</centertop>
			<width>42</width>
			<height>42</height>
			<texture colordiffuse="black">previous-32.png</texture>
			<animation effect="rotate" start="0" end="180" center="auto" time="200" condition="ControlGroup(9000).HasFocus | Control.HasFocus(9001) | Control.HasFocus(8999)">Conditional</animation>
		</control>
		<!--side blade tab arrow-->
		<control type="image">
		<visible>Skin.HasSetting(Touchmode)</visible>
			<left>463</left>
			<centertop>93%</centertop>
			<width>42</width>
			<height>42</height>
			<texture colordiffuse="white">previous-32.png</texture>
			<animation effect="rotate" start="0" end="180" center="auto" time="200" condition="ControlGroup(9000).HasFocus | Control.HasFocus(9001) | Control.HasFocus(8999)">Conditional</animation>
			<animation effect="fade" start="100" end="70" time="300" condition="Window.IsVisible(movieinformation) | Window.IsVisible(selectdialog) | Window.IsVisible(contentsettings) | Window.IsVisible(filebrowser) | Window.IsVisible(addonSettings) | Window.IsVisible(mediasource) | Window.IsVisible(shutdownmenu) | Window.IsVisible(contextmenu)">Conditional</animation>
		</control>
		<!--side blade bg-->
		<control type="image">
			<left>-15</left>
			<top>1.9%</top>
			<width>430</width>
			<height>96%</height>
			<texture colordiffuse="black">backgrounds/bg_fade_2.png</texture>
		    <bordertexture colordiffuse="$INFO[Skin.String(color.500)]">backgrounds/bg_fade_5.png</bordertexture>
		    <bordersize>2</bordersize>
		</control>
		<!--control type="image">
			<left>-15</left>
			<top>0</top>
			<width>390</width>
			<height>60</height>
			<texture colordiffuse="$INFO[Skin.String(color.500)]">backgrounds/white.png</texture>
		</control-->
		<!--side blade title-->
		<control type="label">
			<left>115</left>
			<top>35</top>
			<width>360</width>
			<height>60</height>
			<label>31112</label>
			<font>menu.title</font>
			<textcolor>$INFO[Skin.String(color.500)</textcolor>
			<aligny>center</aligny>
		</control>
		<!--side blade shadow-->
		<control type="image">
			<left>410</left>
			<top>1.9%</top>
			<width>30</width>
			<height>96%</height>
			<texture>sidebarshadow.png</texture>
			<visible>ControlGroup(9000).HasFocus | Control.HasFocus(9001) | Control.HasFocus(8999)</visible>
		</control>
		<!--fake button for mouse control-->
		<control type="button" id="8999">
			<width>375</width>
			<height>100%</height>
			<texturefocus></texturefocus>
			<onleft>9000</onleft>
			<onright>9000</onright>
			<onup>9000</onup>
			<ondown>9000</ondown>
			<visible>!ControlGroup(9000).HasFocus</visible>
		</control>
	</include>
	<include name="SideBladeRight">
		<param name="dialog-glowwidth" default="1100" />
		<param name="title-height" default="90" />
		<param name="subtitle-visible" default="false" />
		<param name="subtitle-height" default="50" />
		<param name="background-fade" default="false" />
		<param name="enable-animation" default="true" />
		<definition>
			<animation effect="slide" start="0,0" end="-$PARAM[dialog-glowwidth],0" time="300" tween="quadratic" easing="out" condition="$PARAM[enable-animation]">WindowOpen</animation>
			<animation effect="slide" start="-$PARAM[dialog-glowwidth],0" end="0,0" time="300" tween="quadratic" easing="out" condition="$PARAM[enable-animation]">WindowClose</animation>
			<animation effect="slide" start="$PARAM[dialog-glowwidth],0" end="0,0" time="300" tween="quadratic" easing="out" condition="$PARAM[enable-animation]">Visible</animation>
			<animation effect="slide" start="0,0" end="$PARAM[dialog-glowwidth],0" time="300" tween="quadratic" easing="out" condition="$PARAM[enable-animation]">Hidden</animation>
		    <control type="image">
			    <left>30</left>
			    <top>15.4</top>
			    <width>$PARAM[dialog-glowwidth]</width>
			    <height>97%</height>
			    <font></font>
			    <texture>black-back.png</texture>
		    </control>
			<!--background-->
			<control type="image">
			    <top>15.4</top>
				<left>30</left>
				<width>$PARAM[dialog-glowwidth]</width>
				<height>97%</height>
				<texture colordiffuse="black">backgrounds/bg_fade_2.png</texture>
				<bordertexture colordiffuse="$INFO[Skin.String(color.500)]">backgrounds/bg_fade_5.png</bordertexture>
				<bordersize>2</bordersize>
				<animation effect="fade" start="100" end="85" time="0" condition="$PARAM[background-fade]">Conditional</animation>
			</control>
			<control type="image">
			    <top>15.4</top>
				<left>30</left>
				<width>$PARAM[dialog-glowwidth]</width>
				<height>97%</height>
				<texture colordiffuse="black">backgrounds/bg_fade_2.png</texture>
				<bordertexture colordiffuse="$INFO[Skin.String(color.500)]">backgrounds/bg_fade_5.png</bordertexture>
				<bordersize>2</bordersize>
				<animation effect="fade" start="100" end="85" time="0" condition="$PARAM[background-fade]">Conditional</animation>
			</control>
			<control type="group">
				<visible>$PARAM[subtitle-visible]</visible>
				<top>$PARAM[title-height]</top>
			</control>
		</definition>
	</include>
	<include name="MainWindowMouseButtons">
		<!--top buttons-->
		<control type="group" id="916">
			<width>45</width>
			<height>45</height>
			<visible>Window.IsActive(Home) | Window.IsVisible(LoginScreen.xml)</visible>
			<include>dialogeffect</include>
			<control type="button" id="920">
				<description>Power push button</description>
				<left>0</left>
				<top>0</top>
				<width>45</width>
				<height>45</height>
				<label>31003</label>
				<font></font>
				<onclick>ActivateWindow(ShutdownMenu)</onclick>
				<texturefocus colordiffuse="$INFO[Skin.String(color.500)]">backgrounds/white.png</texturefocus>
				<texturenofocus colordiffuse="$INFO[Skin.String(color.tertiary)]">backgrounds/white.png</texturenofocus>
				<onleft>921</onleft>
				<onright>921</onright>
				<onup>9002</onup>
				<ondown>9007</ondown>
			</control>
			<control type="image">
				<description>Power Icon</description>
				<left>0</left>
				<top>0</top>
				<width>45</width>
				<height>45</height>
				<aspectratio>keep</aspectratio>
				<texture colordiffuse="white">icon_power.png</texture>
				<visible>!Control.HasFocus(920)</visible>
			</control>
			<control type="image">
				<description>Power Icon</description>
				<left>0</left>
				<top>0</top>
				<width>45</width>
				<height>45</height>
				<aspectratio>keep</aspectratio>
				<texture colordiffuse="white">icon_power.png</texture>
				<visible>Control.HasFocus(920)</visible>
			</control>
		</control>
		<control type="group" id="917">
			<width>45</width>
			<height>45</height>
			<visible>Window.IsActive(Home)</visible>
			<include>dialogeffect</include>
			<control type="button" id="921">
				<description>Favourites push button</description>
				<left>0</left>
				<top>0</top>
				<width>45</width>
				<height>45</height>
				<label>1036</label>
				<font></font>
				<onclick>ActivateWindow(Favourites)</onclick>
				<texturefocus colordiffuse="$INFO[Skin.String(color.500)]">backgrounds/white.png</texturefocus>
				<texturenofocus colordiffuse="$INFO[Skin.String(color.tertiary)]">backgrounds/white.png</texturenofocus>
				<onleft>920</onleft>
				<onright>920</onright>
				<onup>9002</onup>
				<ondown>9007</ondown>
			</control>
			<control type="image">
				<description>Favourites Icon</description>
				<left>0</left>
				<top>0</top>
				<width>45</width>
				<height>45</height>
				<aspectratio>keep</aspectratio>
				<texture colordiffuse="white">icon_favourites.png</texture>
				<visible>!Control.HasFocus(921)</visible>
			</control>
			<control type="image">
				<description>Favourites Icon</description>
				<left>0</left>
				<top>0</top>
				<width>45</width>
				<height>45</height>
				<aspectratio>keep</aspectratio>
				<texture colordiffuse="white">icon_favourites.png</texture>
				<visible>Control.HasFocus(921)</visible>
			</control>
		</control>
		<control type="group" id="918">
			<width>45</width>
			<height>45</height>
			<visible>![Window.IsActive(Home) | Window.IsVisible(LoginScreen.xml)] + system.getbool(input.enablemouse)</visible>
			<animation effect="fade" time="250" condition="!Window.IsVisible(DialogVolumeBar.xml) + Window.Previous(Home)">WindowOpen</animation>
			<animation effect="fade" time="250" condition="!Window.IsVisible(DialogVolumeBar.xml) + Window.Next(Home)">WindowClose</animation>
			<control type="button" id="922">
				<description>Back push button</description>
				<left>0</left>
				<top>0</top>
				<width>45</width>
				<height>45</height>
				<label>1036</label>
				<font></font>
				<onclick>back</onclick>
				<texturefocus colordiffuse="$INFO[Skin.String(color.500)]">backgrounds/white.png</texturefocus>
				<texturenofocus colordiffuse="$INFO[Skin.String(color.tertiary)]">backgrounds/white.png</texturenofocus>
				<onleft>923</onleft>
				<onright>923</onright>
				<onup>9002</onup>
				<ondown>9007</ondown>
			</control>
			<control type="image">
				<description>Back Icon</description>
				<left>0</left>
				<top>0</top>
				<width>45</width>
				<height>45</height>
				<aspectratio>keep</aspectratio>
				<texture colordiffuse="white">icon_back.png</texture>
				<visible>!Control.HasFocus(922)</visible>
			</control>
			<control type="image">
				<description>Back Icon</description>
				<left>0</left>
				<top>0</top>
				<width>45</width>
				<height>45</height>
				<aspectratio>keep</aspectratio>
				<texture colordiffuse="white">icon_back.png</texture>
				<visible>Control.HasFocus(922)</visible>
			</control>
		</control>
		<control type="group" id="919">
			<width>45</width>
			<height>45</height>
			<visible>![Window.IsActive(Home) | Window.IsVisible(LoginScreen.xml)] + system.getbool(input.enablemouse)</visible>
			<animation effect="fade" time="250" condition="!Window.IsVisible(DialogVolumeBar.xml) + Window.Previous(Home)">WindowOpen</animation>
			<animation effect="fade" time="250" condition="!Window.IsVisible(DialogVolumeBar.xml) + Window.Next(Home)">WindowClose</animation>
			<control type="button" id="923">
				<description>Home push button</description>
				<left>0</left>
				<top>0</top>
				<width>45</width>
				<height>45</height>
				<label>31003</label>
				<font></font>
				<onclick>ActivateWindow(home)</onclick>
				<texturefocus colordiffuse="$INFO[Skin.String(color.500)]">backgrounds/white.png</texturefocus>
				<texturenofocus colordiffuse="$INFO[Skin.String(color.tertiary)]">backgrounds/white.png</texturenofocus>
				<onleft>922</onleft>
				<onright>922</onright>
				<onup>9002</onup>
				<ondown>9007</ondown>
			</control>
			<control type="image">
				<description>Home Icon</description>
				<left>0</left>
				<top>0</top>
				<width>45</width>
				<height>45</height>
				<aspectratio>keep</aspectratio>
				<texture colordiffuse="white">icon_home.png</texture>
				<visible>!Control.HasFocus(923)</visible>
			</control>
			<control type="image">
				<description>Home Icon</description>
				<left>0</left>
				<top>0</top>
				<width>45</width>
				<height>45</height>
				<aspectratio>keep</aspectratio>
				<texture colordiffuse="white">icon_home.png</texture>
				<visible>Control.HasFocus(923)</visible>
			</control>
		</control>
	</include>
	<include name="CommonNowPlaying">
		<control type="group">
			<left>664r</left>
			<top>133r</top>
			<width>600</width>
			<height>73</height>
			<visible>Player.HasMedia + String.IsEmpty(Window(Videos).Property(PlayingBackgroundMedia))</visible>
			<include>VisibleFadeEffect</include>
			<animation effect="fade" time="250" condition="Window.Previous(Home)">WindowOpen</animation>
			<animation effect="fade" time="250" condition="Window.Next(Home)">WindowClose</animation>
			<!--background-->
			<control type="image">
				<width>600</width>
				<height>73</height>
				<texture colordiffuse="$INFO[Skin.String(color.tertiary)]">backgrounds/white.png</texture>
			</control>
			<!--background strip-->
			<control type="image" id="12345">
				<left>0r</left>
				<width>4</width>
				<height>73</height>
				<texture colordiffuse="$INFO[Skin.String(color.500)]">backgrounds/white.png</texture>
			</control>
			<!--player controls button-->
			<control type="button">
				<left>68r</left>
				<top>5</top>
				<width>63</width>
				<height>63</height>
				<label>31003</label>
				<font></font>
				<onclick>ActivateWindow(PlayerControls)</onclick>
				<texturefocus></texturefocus>
				<texturenofocus></texturenofocus>
				<onleft>50</onleft>
				<onright>50</onright>
				<onup>50</onup>
				<ondown>50</ondown>
			</control>
			<!--music cover-->
			<control type="image">
				<left>68r</left>
				<top>5</top>
				<width>63</width>
				<height>63</height>
				<aspectratio>keep</aspectratio>
				<texture>$INFO[MusicPlayer.Cover]</texture>
			</control>
			<!--video cover-->
			<control type="image">
				<left>68r</left>
				<top>5</top>
				<width>63</width>
				<height>63</height>
				<aspectratio>scale</aspectratio>
				<texture>$INFO[VideoPlayer.Cover]</texture>
			</control>
			<!--line 1 (music)-->
			<control type="label">
				<left>10</left>
				<top>8</top>
				<width>512</width>
				<height>27</height>
				<font>kai.secondary</font>
				<textcolor>white</textcolor>
				<align>right</align>
				<aligny>center</aligny>
				<scrollout>false</scrollout>
				<pauseatend>2000</pauseatend>
				<label>$INFO[Player.Title] - ($INFO[Player.Time] / $INFO[Player.Duration,])</label>
			</control>
			<!--line 2 (music)-->
			<control type="label">
				<left>10</left>
				<top>38</top>
				<width>512</width>
				<height>30</height>
				<font>kai.secondary</font>
				<textcolor>white</textcolor>
				<align>right</align>
				<aligny>center</aligny>
				<scrollout>false</scrollout>
				<pauseatend>2000</pauseatend>
				<label>$INFO[MusicPlayer.Artist]$INFO[MusicPlayer.Album, - ]</label>
			</control>
			<!--line 2 (movies)-->
			<control type="label">
				<left>10</left>
				<top>38</top>
				<width>512</width>
				<height>30</height>
				<font>kai.secondary</font>
				<textcolor>white</textcolor>
				<align>right</align>
				<aligny>center</aligny>
				<scrollout>false</scrollout>
				<pauseatend>2000</pauseatend>
				<label>$INFO[VideoPlayer.Studio]</label>
				<visible>Player.HasVideo + VideoPlayer.Content(Movies)</visible>
			</control>
			<!--line 2 (tv shows)-->
			<control type="label">
				<left>10</left>
				<top>38</top>
				<width>512</width>
				<height>30</height>
				<font>kai.secondary</font>
				<textcolor>white</textcolor>
				<align>right</align>
				<aligny>center</aligny>
				<scrollout>false</scrollout>
				<pauseatend>2000</pauseatend>
				<label>$INFO[VideoPlayer.TVShowTitle]</label>
				<visible>Player.HasVideo + VideoPlayer.Content(Episodes)</visible>
			</control>
			<!--line 2 (music videos)-->
			<control type="label">
				<left>10</left>
				<top>38</top>
				<width>512</width>
				<height>30</height>
				<font>kai.secondary</font>
				<textcolor>white</textcolor>
				<align>right</align>
				<aligny>center</aligny>
				<scrollout>false</scrollout>
				<pauseatend>2000</pauseatend>
				<label>$INFO[VideoPlayer.Artist]</label>
				<visible>Player.HasVideo + VideoPlayer.Content(MusicVideos)</visible>
			</control>
			<!--line 2 (live tv)-->
			<control type="label">
				<left>10</left>
				<top>38</top>
				<width>512</width>
				<height>30</height>
				<font>kai.secondary</font>
				<textcolor>white</textcolor>
				<align>right</align>
				<aligny>center</aligny>
				<scrollout>false</scrollout>
				<pauseatend>2000</pauseatend>
				<label>$INFO[VideoPlayer.ChannelName]$INFO[VideoPlayer.ChannelNumberLabel, - ([COLOR=blue],[/COLOR])]</label>
				<visible>Player.HasVideo + VideoPlayer.Content(LiveTV)</visible>
			</control>
		</control>
	</include>
	<include name="CommonPageCount">
		<include content="DynamicLeftBreadcrumb">
			<param name="breadcrumb-top" value="94r" />
			<param name="breadcrumb-height" value="34" />
			<param name="breadcrumb-font" value="breadcrumb.secondary" />
			<param name="breadcrumb1-label" value="$INFO[Container.NumItems] $LOCALIZE[31025]" />
			<param name="breadcrumb2-label" value="$INFO[Container.CurrentPage,$LOCALIZE[31024] ]$INFO[Container.NumPages,/,]" />
			<param name="breadcrumb2-visible" value="true" />
		</include>
		<control type="group">
			<visible>!String.IsEmpty(Container.TotalTime)</visible>
			<include content="DynamicLeftBreadcrumb">
				<param name="breadcrumb-top" value="133r" />
				<param name="breadcrumb-height" value="34" />
				<param name="breadcrumb-font" value="breadcrumb.secondary" />
				<param name="breadcrumb1-label" value="$LOCALIZE[31009]" />
				<param name="breadcrumb2-label" value="$INFO[Container.TotalTime]" />
				<param name="breadcrumb2-visible" value="true" />
			</include>
		</control>
	</include>
	<include name="SmallMusicInfo">
		<control type="image">
			<description>Cover image</description>
			<left>0</left>
			<top>0</top>
			<width>180</width>
			<height>180</height>
			<aspectratio>keep</aspectratio>
			<texture>$INFO[MusicPlayer.Cover]</texture>
		</control>
		<control type="label">
			<description>Artist label</description>
			<left>195</left>
			<top>0</top>
			<height>45</height>
			<width>800</width>
			<label>$INFO[MusicPlayer.Artist]</label>
			<align>left</align>
			<aligny>center</aligny>
			<font>label</font>
		</control>
		<control type="fadelabel">
			<description>Title label</description>
			<left>195</left>
			<top>35</top>
			<height>45</height>
			<width>800</width>
			<label>$INFO[Player.Title]</label>
			<align>left</align>
			<aligny>center</aligny>
			<font>font13_title</font>
			<scrollout>false</scrollout>
			<pauseatend>2000</pauseatend>
			<textcolor>$INFO[Skin.String(color.500)]</textcolor>
		</control>
		<control type="label">
			<description>Album Label</description>
			<left>195</left>
			<top>70</top>
			<height>45</height>
			<width>800</width>
			<label>$INFO[MusicPlayer.Album]$INFO[musicplayer.discnumber, - $LOCALIZE[427]:]</label>
			<align>left</align>
			<aligny>center</aligny>
			<font>label</font>
		</control>
		<control type="label">
			<description>Time Label</description>
			<left>195</left>
			<top>105</top>
			<height>45</height>
			<width>800</width>
			<label>$INFO[MusicPlayer.Time]$INFO[MusicPlayer.Duration, / ]</label>
			<align>left</align>
			<aligny>center</aligny>
			<font>label</font>
		</control>
		<control type="label">
			<description>Next Label</description>
			<left>195</left>
			<top>140</top>
			<height>45</height>
			<width>800</width>
			<label>[COLOR=$INFO[Skin.String(color.500)]]$LOCALIZE[19031] :[/COLOR] $INFO[MusicPlayer.offset(1).Title]</label>
			<align>right</align>
			<aligny>center</aligny>
			<font>label</font>
		</control>
	</include>
	<include name="SmallVideoInfo">
		<control type="image">
			<description>Cover image</description>
			<left>0</left>
			<top>0</top>
			<width>180</width>
			<height>180</height>
			<aspectratio>keep</aspectratio>
			<texture>$INFO[VideoPlayer.cover]</texture>
		</control>
		<control type="label">
			<description>Studio label</description>
			<left>195</left>
			<top>0</top>
			<height>45</height>
			<width>800</width>
			<label>$INFO[VideoPlayer.Studio]</label>
			<align>left</align>
			<aligny>center</aligny>
			<font>button.bold</font>
			<visible>!videoplayer.content(episodes) + !videoplayer.content(musicvideos)</visible>
		</control>
		<control type="label">
			<description>TV Show Title label</description>
			<left>195</left>
			<top>0</top>
			<height>45</height>
			<width>800</width>
			<label>$INFO[VideoPlayer.tvshowtitle]</label>
			<align>left</align>
			<aligny>center</aligny>
			<font>button.bold</font>
			<visible>videoplayer.content(episodes)</visible>
		</control>
		<control type="fadelabel">
			<description>Music Video Artist label</description>
			<left>195</left>
			<top>0</top>
			<height>45</height>
			<width>800</width>
			<label>$INFO[VideoPlayer.Artist]</label>
			<align>left</align>
			<aligny>center</aligny>
			<font>button.bold</font>
			<visible>videoplayer.content(musicvideos)</visible>
			<scrollout>false</scrollout>
			<pauseatend>2000</pauseatend>
		</control>
		<control type="fadelabel">
			<description>Title label</description>
			<left>195</left>
			<top>35</top>
			<height>45</height>
			<width>800</width>
			<label>$INFO[Player.Title]</label>
			<align>left</align>
			<aligny>center</aligny>
			<font>font13_title</font>
			<textcolor>$INFO[Skin.String(color.500)]</textcolor>
			<scrollout>false</scrollout>
			<pauseatend>2000</pauseatend>
		</control>
		<control type="label">
			<description>Genre label</description>
			<left>195</left>
			<top>80</top>
			<height>45</height>
			<width>800</width>
			<label>$INFO[VideoPlayer.Genre]</label>
			<align>left</align>
			<aligny>center</aligny>
			<font>label</font>
			<visible>!videoplayer.content(episodes) + !videoplayer.content(musicvideos)</visible>
		</control>
		<control type="label">
			<left>195</left>
			<top>80</top>
			<height>45</height>
			<width>800</width>
			<label>$INFO[VideoPlayer.Album]</label>
			<align>left</align>
			<aligny>center</aligny>
			<font>label</font>
			<visible>videoplayer.content(musicvideos)</visible>
		</control>
		<control type="label">
			<description>Season and Episode label</description>
			<left>195</left>
			<top>80</top>
			<height>45</height>
			<width>800</width>
			<label>$LOCALIZE[20373] $INFO[VideoPlayer.Season] - $LOCALIZE[20359] $INFO[VideoPlayer.episode]</label>
			<align>left</align>
			<aligny>center</aligny>
			<font>label</font>
			<visible>videoplayer.content(episodes)</visible>
		</control>
		<control type="label">
			<description>Time Label</description>
			<left>195</left>
			<top>125</top>
			<height>45</height>
			<width>800</width>
			<label>$INFO[VideoPlayer.Time]$INFO[VideoPlayer.Duration, / ]</label>
			<align>left</align>
			<aligny>center</aligny>
			<font>label</font>
		</control>
	</include>
	<include name="CommonNowPlaying_Controls">
		<control type="button" id="610">
			<description>Fake Button to fix Player Controls Navigation</description>
			<visible>false</visible>
		</control>
		<control type="group" id="9006">
			<width>355</width>
			<height>68</height>
			<visible>VideoPlayer.Content(LiveTV)</visible>
			<include>VisibleFadeEffect</include>
			<control type="button" id="600">
				<left>30</left>
				<top>8</top>
				<width>48</width>
				<height>48</height>
				<label></label>
				<texturefocus colordiffuse="$INFO[Skin.String(color.500)]">OSDChannelUPNF.png</texturefocus>
				<texturenofocus colordiffuse="white">OSDChannelUPNF.png</texturenofocus>
				<onleft>50</onleft>
				<onright>601</onright>
				<onup>610</onup>
				<ondown>611</ondown>
				<onclick>ChannelDown</onclick>
			</control>
			<control type="button" id="601">
				<left>80</left>
				<top>8</top>
				<width>48</width>
				<height>48</height>
				<label></label>
				<texturefocus colordiffuse="$INFO[Skin.String(color.500)]">OSDChannelDownNF.png</texturefocus>
				<texturenofocus colordiffuse="white">OSDChannelDownNF.png</texturenofocus>
				<onleft>600</onleft>
				<onright>603</onright>
				<onup>610</onup>
				<ondown>611</ondown>
				<onclick>ChannelUp</onclick>
			</control>
			<control type="button" id="603">
				<left>130</left>
				<top>8</top>
				<width>48</width>
				<height>48</height>
				<label></label>
				<texturefocus colordiffuse="$INFO[Skin.String(color.500)]">OSDStopNF.png</texturefocus>
				<texturenofocus colordiffuse="white">OSDStopNF.png</texturenofocus>
				<onleft>601</onleft>
				<onright>604</onright>
				<onup>610</onup>
				<ondown>611</ondown>
				<onclick>down</onclick>
				<onclick>PlayerControl(Stop)</onclick>
			</control>
			<control type="togglebutton" id="604">
				<left>180</left>
				<top>8</top>
				<width>48</width>
				<height>48</height>
				<label></label>
				<texturefocus colordiffuse="$INFO[Skin.String(color.500)]">OSDPauseNF.png</texturefocus>
				<texturenofocus colordiffuse="white">OSDPauseNF.png</texturenofocus>
				<usealttexture>Player.Paused | Player.Forwarding | Player.Rewinding</usealttexture>
				<alttexturefocus colordiffuse="$INFO[Skin.String(color.500)]">OSDPlayNF.png</alttexturefocus>
				<alttexturenofocus colordiffuse="white">OSDPlayNF.png</alttexturenofocus>
				<onleft>603</onleft>
				<onright>605</onright>
				<onup>610</onup>
				<ondown>611</ondown>
				<onback>50</onback>
				<onclick>PlayerControl(Play)</onclick>
				<enable>Player.PauseEnabled</enable>
				<animation effect="fade" start="100" end="30" time="100" condition="!Player.PauseEnabled">Conditional</animation>
			</control>
			<control type="button" id="605">
				<left>230</left>
				<top>8</top>
				<width>48</width>
				<height>48</height>
				<label></label>
				<texturefocus colordiffuse="$INFO[Skin.String(color.500)]">OSDRecordOffNF.png</texturefocus>
				<texturenofocus colordiffuse="white">OSDRecordOffNF.png</texturenofocus>
				<onleft>604</onleft>
				<onright>606</onright>
				<onup>610</onup>
				<ondown>611</ondown>
				<onclick>PVR.ToggleRecordPlayingChannel</onclick>
				<enable>PVR.CanRecordPlayingChannel</enable>
				<animation effect="fade" start="100" end="30" time="100" condition="!PVR.CanRecordPlayingChannel">Conditional</animation>
			</control>
			<control type="button" id="606">
				<left>280</left>
				<top>8</top>
				<width>48</width>
				<height>48</height>
				<label></label>
				<visible>RDS.HasRadiotextPlus</visible>
				<texturefocus colordiffuse="$INFO[Skin.String(color.500)]">OSDRadioRDSNF.png</texturefocus>
				<texturenofocus colordiffuse="white">OSDRadioRDSNF.png</texturenofocus>
				<onleft>605</onleft>
				<onright>50</onright>
				<onup>610</onup>
				<ondown>611</ondown>
				<onclick>ActivateWindow(PVRRadioRDSInfo)</onclick>
			</control>
			<control type="button" id="606">
				<left>280</left>
				<top>8</top>
				<width>48</width>
				<height>48</height>
				<label></label>
				<visible>!RDS.HasRadiotextPlus</visible>
				<texturefocus colordiffuse="$INFO[Skin.String(color.500)]">OSDChannelListNF.png</texturefocus>
				<texturenofocus colordiffuse="white">OSDChannelListNF.png</texturenofocus>
				<onleft>605</onleft>
				<onright>50</onright>
				<onup>610</onup>
				<ondown>611</ondown>
				<onclick>ActivateWindow(PVRGuideInfo)</onclick>
			</control>
		</control>
		<control type="group" id="9005">
			<visible>Player.HasMedia</visible>
			<visible>!VideoPlayer.Content(LiveTV)</visible>
			<include>VisibleFadeEffect</include>
			<width>355</width>
			<height>68</height>
			<defaultcontrol always="true">603</defaultcontrol>
			<control type="button" id="600">
				<left>30</left>
				<top>8</top>
				<width>48</width>
				<height>48</height>
				<label></label>
				<texturefocus colordiffuse="$INFO[Skin.String(color.500)]">OSDPrevTrackNF.png</texturefocus>
				<texturenofocus colordiffuse="white">OSDPrevTrackNF.png</texturenofocus>
				<onleft>605</onleft>
				<onright>606</onright>
				<onup>610</onup>
				<ondown>611</ondown>
				<onback>50</onback>
				<onclick>PlayerControl(Previous)</onclick>
			</control>
			<control type="button" id="606">
				<left>80</left>
				<top>8</top>
				<width>48</width>
				<height>48</height>
				<label></label>
				<texturefocus colordiffuse="$INFO[Skin.String(color.500)]">OSDRewindNF.png</texturefocus>
				<texturenofocus colordiffuse="white">OSDRewindNF.png</texturenofocus>
				<onleft>600</onleft>
				<onright>603</onright>
				<onup>610</onup>
				<ondown>611</ondown>
				<onback>50</onback>
				<onclick>PlayerControl(Rewind)</onclick>
				<visible>Window.IsVisible(MusicPlaylist) | Window.IsVisible(VideoPlaylist) | Player.HasVideo</visible>
			</control>
			<control type="group">
				<animation effect="slide" start="0,0" end="50,0" time="0" condition="Window.IsVisible(MusicPlaylist) | Window.IsVisible(VideoPlaylist) | Player.HasVideo">Conditional</animation>
				<control type="togglebutton" id="603">
					<left>80</left>
					<top>8</top>
					<width>48</width>
					<height>48</height>
					<label></label>
					<texturefocus colordiffuse="$INFO[Skin.String(color.500)]">OSDPauseNF.png</texturefocus>
					<texturenofocus colordiffuse="white">OSDPauseNF.png</texturenofocus>
					<usealttexture>Player.Paused | Player.Forwarding | Player.Rewinding</usealttexture>
					<alttexturefocus colordiffuse="$INFO[Skin.String(color.500)]">OSDPlayNF.png</alttexturefocus>
					<alttexturenofocus colordiffuse="white">OSDPlayNF.png</alttexturenofocus>
					<onleft>606</onleft>
					<onright>601</onright>
					<onup>610</onup>
					<ondown>611</ondown>
					<onback>50</onback>
					<onclick>PlayerControl(Play)</onclick>
				</control>
				<control type="button" id="601">
					<left>130</left>
					<top>8</top>
					<width>48</width>
					<height>48</height>
					<label></label>
					<texturefocus colordiffuse="$INFO[Skin.String(color.500)]">OSDStopNF.png</texturefocus>
					<texturenofocus colordiffuse="white">OSDStopNF.png</texturenofocus>
					<onleft>603</onleft>
					<onright>607</onright>
					<onup>610</onup>
					<ondown>611</ondown>
					<onback>50</onback>
					<onclick>down</onclick>
					<onclick>PlayerControl(Stop)</onclick>
				</control>
				<control type="button" id="607">
					<left>180</left>
					<top>8</top>
					<width>48</width>
					<height>48</height>
					<label></label>
					<texturefocus colordiffuse="$INFO[Skin.String(color.500)]">OSDForwardNF.png</texturefocus>
					<texturenofocus colordiffuse="white">OSDForwardNF.png</texturenofocus>
					<onleft>601</onleft>
					<onright>602</onright>
					<onup>610</onup>
					<ondown>611</ondown>
					<onback>50</onback>
					<onclick>PlayerControl(Forward)</onclick>
					<visible>Window.IsVisible(MusicPlaylist) | Window.IsVisible(VideoPlaylist) | Player.HasVideo</visible>
				</control>
				<control type="button" id="602">
					<animation effect="slide" start="0,0" end="50,0" time="0" condition="Window.IsVisible(MusicPlaylist) | Window.IsVisible(VideoPlaylist) | Player.HasVideo">Conditional</animation>
					<left>180</left>
					<top>8</top>
					<width>48</width>
					<height>48</height>
					<label></label>
					<texturefocus colordiffuse="$INFO[Skin.String(color.500)]">OSDNextTrackNF.png</texturefocus>
					<texturenofocus colordiffuse="white">OSDNextTrackNF.png</texturenofocus>
					<onleft>607</onleft>
					<onright>604</onright>
					<onup>610</onup>
					<ondown>611</ondown>
					<onback>50</onback>
					<onclick>PlayerControl(Next)</onclick>
				</control>
			</control>
			<control type="group">
				<visible>!Window.IsVisible(MusicPlaylist) + !Window.IsVisible(VideoPlaylist) + !Player.HasVideo</visible>
				<control type="button" id="604">
					<left>230</left>
					<top>8</top>
					<width>48</width>
					<height>48</height>
					<label></label>
					<texturefocus></texturefocus>
					<texturenofocus></texturenofocus>
					<onclick>PlayerControl(Repeat)</onclick>
					<onleft>602</onleft>
					<onright>605</onright>
					<onup>610</onup>
					<ondown>611</ondown>
					<onback>50</onback>
				</control>
				<control type="image">
					<left>230</left>
					<top>8</top>
					<width>48</width>
					<height>48</height>
					<texture colordiffuse="white">OSDRepeatNF.png</texture>
					<visible>!Playlist.IsRepeat + !Playlist.IsRepeatOne</visible>
					<visible>!Control.HasFocus(604)</visible>
				</control>
				<control type="image">
					<left>230</left>
					<top>8</top>
					<width>48</width>
					<height>48</height>
					<texture colordiffuse="$INFO[Skin.String(color.500)]">OSDRepeatNF.png</texture>
					<visible>!Playlist.IsRepeat + !Playlist.IsRepeatOne</visible>
					<visible>Control.HasFocus(604)</visible>
				</control>
				<control type="image">
					<left>230</left>
					<top>8</top>
					<width>48</width>
					<height>48</height>
					<texture colordiffuse="white">OSDRepeatOneNF.png</texture>
					<visible>Playlist.IsRepeatOne</visible>
					<visible>!Control.HasFocus(604)</visible>
				</control>
				<control type="image">
					<left>230</left>
					<top>8</top>
					<width>48</width>
					<height>48</height>
					<texture colordiffuse="$INFO[Skin.String(color.500)]">OSDRepeatOneNF.png</texture>
					<visible>Playlist.IsRepeatOne</visible>
					<visible>Control.HasFocus(604)</visible>
				</control>
				<control type="image">
					<left>230</left>
					<top>8</top>
					<width>48</width>
					<height>48</height>
					<texture colordiffuse="white">OSDRepeatAllNF.png</texture>
					<visible>Playlist.IsRepeat</visible>
					<visible>!Control.HasFocus(604)</visible>
				</control>
				<control type="image">
					<left>230</left>
					<top>8</top>
					<width>48</width>
					<height>48</height>
					<texture colordiffuse="$INFO[Skin.String(color.500)]">OSDRepeatAllNF.png</texture>
					<visible>Playlist.IsRepeat</visible>
					<visible>Control.HasFocus(604)</visible>
				</control>
				<control type="togglebutton" id="605">
					<left>280</left>
					<top>8</top>
					<width>48</width>
					<height>48</height>
					<label></label>
					<texturefocus colordiffuse="$INFO[Skin.String(color.500)]">OSDRandomOffNF.png</texturefocus>
					<texturenofocus colordiffuse="white">OSDRandomOffNF.png</texturenofocus>
					<usealttexture>Playlist.IsRandom</usealttexture>
					<alttexturefocus colordiffuse="$INFO[Skin.String(color.500)]">OSDRandomOnNF.png</alttexturefocus>
					<alttexturenofocus colordiffuse="white">OSDRandomOnNF.png</alttexturenofocus>
					<onclick>PlayerControl(Random)</onclick>
					<onleft>604</onleft>
					<onright>50</onright>
					<onup>610</onup>
					<ondown>611</ondown>
					<onback>50</onback>
				</control>
			</control>
		</control>
		<control type="radiobutton" id="611">
			<description>Go to fullscreen Playback</description>
			<include>ButtonCommonValues</include>
			<label>31008</label>
			<onclick>fullscreen</onclick>
			<textureradioonfocus colordiffuse="white">GoFullscreen.png</textureradioonfocus>
			<textureradioonnofocus colordiffuse="white">GoFullscreen.png</textureradioonnofocus>
			<textureradioofffocus colordiffuse="white">GoFullscreen.png</textureradioofffocus>
			<textureradiooffnofocus colordiffuse="white">GoFullscreen.png</textureradiooffnofocus>
			<visible>Player.HasMedia</visible>
		</control>
		<control type="button" id="612">
			<description>Go to playlist</description>
			<include>ButtonCommonValues</include>
			<label>13350</label>
			<onclick>$VAR[PlayList]</onclick>
			<visible>[Window.IsActive(Videos) + !String.IsEqual(Playlist.Length(video),0)] | [[Window.IsActive(Music) | Window.IsActive(Music)] + !String.IsEqual(Playlist.Length(music),0)]</visible>
			<visible>!Window.IsVisible(MusicPlaylist) + !Window.IsVisible(VideoPlaylist)</visible>
		</control>
	</include>
	<include name="ScrollOffsetLabel">
		<control type="group">
			<visible>Container.Scrolling + [String.IsEqual(Container.SortMethod,$LOCALIZE[551]) | String.IsEqual(Container.SortMethod,$LOCALIZE[561]) | String.IsEqual(Container.SortMethod,$LOCALIZE[558]) | String.IsEqual(Container.SortMethod,$LOCALIZE[557]) | String.IsEqual(Container.SortMethod,$LOCALIZE[556])]</visible>
			<animation effect="slide" start="-55,0" end="0,0" time="100">Visible</animation>
			<animation effect="slide" start="0,0" end="-55,0" delay="400" time="100">Hidden</animation>
			<left>0</left>
			<top>0</top>
			<control type="image">
				<left>569</left>
				<top>60</top>
				<width>45</width>
				<height>45</height>
				<texture colordiffuse="$INFO[Skin.String(color.tertiary)]">backgrounds/white.png</texture>
			</control>
			<control type="label">
				<left>542</left>
				<top>60</top>
				<width>98</width>
				<height>45</height>
				<align>center</align>
				<aligny>center</aligny>
				<label>$INFO[ListItem.SortLetter]</label>
				<textcolor>white</textcolor>
				<font>breadcrumb</font>
			</control>
		</control>
	</include>
	<include name="HomeAddonsCommonLayout">
		<include>Window_OpenClose_Animation</include>
		<animation type="Visible">
			<effect type="slide" start="0,45" end="0,0" delay="200" easing="out" tween="quadratic" time="200" />
			<effect type="fade" start="0" end="100" delay="200" time="200" />
		</animation>
		<animation type="Hidden">
			<effect type="zoom" start="100" end="70" center="auto" easing="in" tween="quadratic" time="300" />
			<effect type="fade" start="100" end="0" time="300" />
		</animation>
		<centerleft>50%</centerleft>
		<top>78%</top>
		<width>800</width>
		<height>160</height>
		<pagecontrol></pagecontrol>
		<scrolltime>300</scrolltime>
		<orientation>Horizontal</orientation>
		<itemlayout height="160" width="160">
			<control type="image">
				<left>0</left>
				<top>0</top>
				<width>160</width>
				<height>160</height>
				<aspectratio aligny="bottom">stretch</aspectratio>
				<texture colordiffuse="$INFO[Skin.String(color.tertiary)]">backgrounds/white.png</texture>
				<bordersize>5</bordersize>
				<bordertexture colordiffuse="$INFO[Skin.String(color.500)]">backgrounds/square shadow small l.png</bordertexture>
			</control>
			<control type="image">
				<left>5</left>
				<top>5</top>
				<width>150</width>
				<height>150</height>
				<aspectratio aligny="bottom">stretch</aspectratio>
				<texture background="true">$INFO[ListItem.Icon]</texture>
			</control>
		</itemlayout>
		<focusedlayout height="160" width="160">
			<control type="image">
				<left>0</left>
				<top>0</top>
				<width>160</width>
				<height>160</height>
				<aspectratio aligny="bottom">stretch</aspectratio>
				<texture colordiffuse="$INFO[Skin.String(color.tertiary)]">backgrounds/white.png</texture>
				<bordersize>5</bordersize>
				<bordertexture colordiffuse="$INFO[Skin.String(color.500)]">backgrounds/square shadow small l.png</bordertexture>
				<visible>!ControlGroup(9002).HasFocus</visible>
			</control>
			<control type="image">
				<left>0</left>
				<top>0</top>
				<width>160</width>
				<height>160</height>
				<aspectratio aligny="bottom">stretch</aspectratio>
				<texture colordiffuse="$INFO[Skin.String(color.tertiary)]">backgrounds/white.png</texture>
				<bordersize>5</bordersize>
				<bordertexture colordiffuse="$INFO[Skin.String(color.500)]">backgrounds/white.png</bordertexture>
				<visible>ControlGroup(9002).HasFocus</visible>
			</control>
			<control type="image">
				<left>5</left>
				<top>5</top>
				<width>150</width>
				<height>150</height>
				<aspectratio aligny="bottom">stretch</aspectratio>
				<texture background="true">$INFO[ListItem.Icon]</texture>
			</control>
			<!--label background-->
			<control type="image">
				<left>5</left>
				<top>115</top>
				<width>150</width>
				<height>40</height>
				<texture colordiffuse="$INFO[Skin.String(color.tertiary)]">backgrounds/white.png</texture>
				<visible>ControlGroup(9002).HasFocus</visible>
			</control>
			<!--main label-->
			<control type="label">
				<left>15</left>
				<top>119</top>
				<width>130</width>
				<height>60</height>
				<font>secondary.info.light</font>
				<textcolor>white</textcolor>
				<selectedcolor>$INFO[Skin.String(color.500)]</selectedcolor>
				<align>left</align>
				<label>$INFO[ListItem.Label]</label>
				<visible>ControlGroup(9002).HasFocus</visible>
				<scroll>true</scroll>
			</control>
		</focusedlayout>
	</include>
	<include name="KeyboardButton">
		<width>95</width>
		<height>95</height>
		<texturenofocus colordiffuse="$INFO[Skin.String(color.500)]">backgrounds/bg_fade_4.png</texturenofocus>
		<texture colordiffuse="$INFO[Skin.String(color.500)]">backgrounds/white.png</texture>
		<align>center</align>
		<aligny>center</aligny>
		<font>font30</font>
		<textcolor>FFFFFFFF</textcolor>
		<focusedcolor>FFFFFFFF</focusedcolor>
	</include>
	<include name="backgroundfade">
		<animation effect="fade" time="600">Visible</animation>
		<animation effect="fade" time="600">Hidden</animation>
	</include>
	<include name="backgroundfade2">
		<animation effect="fade" time="300">Visible</animation>
		<animation effect="fade" time="300">Hidden</animation>
	</include>
	<include name="Window_OpenClose_Animation">
		<animation effect="fade" time="250">WindowOpen</animation>
		<animation effect="fade" time="250">WindowClose</animation>
		<animation effect="fade" time="250">Visible</animation>
		<animation effect="fade" time="250">Hidden</animation>
	</include>
	<include name="dialogeffect">
		<animation effect="fade" time="250">WindowOpen</animation>
		<animation effect="fade" time="250">WindowClose</animation>
	</include>
	<include name="VisibleFadeEffect">
		<animation effect="fade" time="300">Visible</animation>
		<animation effect="fade" time="300">Hidden</animation>
	</include>
</includes>