<?xml version="1.0" encoding="UTF-8"?>
<window>
	<defaultcontrol always="true">50</defaultcontrol>
	<menucontrol>9000</menucontrol>
	<onload>ActivateWindow(1112)</onload>
	<views>50,500</views>
	<controls>
		<include>CommonBackground</include>
		<include>ContentPanelBackgrounds</include>
		<control type="group">
			<include>Window_OpenClose_Animation</include>
			<!-- view id = 50 -->
			<include>CommonRootView</include>
			<!-- view id = 500 -->
			<include>ThumbnailView</include>
		</control>
		<control type="group">
			<include>CommonNowPlaying</include>
		</control>
		 <control type="group">
		  <include>Window_OpenClose_Animation</include>
		  <visible>!Skin.HasSetting(Clock)</visible>
			<control type="image">
				<right>62</right>
				<top>45</top>
				<width>250</width>
				<height>60</height>
				<texture colordiffuse="FF2E2E2E">backgrounds/bg_fade_7.png</texture>
				<bordertexture colordiffuse="$INFO[Skin.String(color.500)]">backgrounds/bg_fade_4.png</bordertexture>
			    <bordersize>2</bordersize>
			</control>
			<control type="label">
				<right>177</right>
				<top>45</top>
				<width>200</width>
				<height>60</height>
				<align>right</align>
				<aligny>center</aligny>
				<font>fontContextMenu</font>
				<textcolor>white</textcolor>
				<label>$INFO[System.Time(hh:mm)]</label>
			</control>
			<control type="label">
				<right>107</right>
				<top>45</top>
				<width>70</width>
				<height>60</height>
				<align>left</align>
				<aligny>center</aligny>
				<font>fontContextMenu</font>
				<textcolor>white</textcolor>
				<label>:$INFO[System.Time(ss)]</label>
			</control>
			<control type="image">
				<left>60</left>
				<top>45</top>
				<width>250</width>
				<height>60</height>
				<texture colordiffuse="FF2E2E2E">backgrounds/bg_fade_7.png</texture>
			    <bordertexture colordiffuse="$INFO[Skin.String(color.500)]">backgrounds/bg_fade_4.png</bordertexture>
				<bordersize>2</bordersize>
			</control>
			<control type="label">
				<left>111</left>
				<top>45</top>
				<width>360</width>
				<height>60</height>
				<align>left</align>
				<aligny>center</aligny>
				<font>fontContextMenu</font>
				<textcolor>white</textcolor>
				<label>$INFO[System.Date(dd:mm:yyyy]</label>
			</control>			
			<!--title-->
			<control type="label">
				<left>760</left>
				<top>47</top>
				<width>355</width>
				<height>60</height>
				<font>menu.title</font>
				<textcolor>FFFFFFFF</textcolor>
				<align>center</align>
				<aligny>center</aligny>
				<label>1036</label>
			</control>
		</control>
		<control type="group">
			<visible>Skin.HasSetting(Touchmode)</visible>
			<control type="image">
				<left>180</left>
				<top>110r</top>
				<width>70</width>
				<height>70</height>
				<texture colordiffuse="FF2E2E2E">backgrounds/bg_fade_7.png</texture>
				<bordertexture colordiffuse="$INFO[Skin.String(color.500)]">backgrounds/bg_fade_4.png</bordertexture>
				<bordersize>2</bordersize>
			</control>
			<control type="button">
				<description>Back push button</description>
				<left>175</left>
				<top>115r</top>
				<width>80</width>
				<height>80</height>
				<label></label>
				<font/>
				<onclick>back</onclick>
				<texturefocus colordiffuse="$INFO[Skin.String(color.500)]">icons/back.png</texturefocus>
				<texturenofocus colordiffuse="FFFFFFFF">icons/back.png</texturenofocus>
			</control>
			<control type="image">
				<right>70</right>
				<top>110r</top>
				<width>70</width>
				<height>70</height>
				<texture colordiffuse="FF2E2E2E">backgrounds/bg_fade_7.png</texture>
				<bordertexture colordiffuse="$INFO[Skin.String(color.500)]">backgrounds/bg_fade_4.png</bordertexture>
				<bordersize>2</bordersize>
			</control>
			<control type="button">
				<description>Home push button</description>
				<right>65</right>
				<top>115r</top>
				<width>80</width>
				<height>80</height>
				<label></label>
				<font/>
				<onclick>ActivateWindow(home)</onclick>
				<texturefocus colordiffuse="$INFO[Skin.String(color.500)]">icons/home.png</texturefocus>
				<texturenofocus colordiffuse="FFFFFFFF">icons/home.png</texturenofocus>
		    </control>
		 </control>
		<control type="group">
			<left>-386</left>
			<include>SideBladeLeft</include>
			<control type="grouplist" id="9000">
				<left>20</left>
				<top>165</top>
				<width>375</width>
				<height>900</height>
				<onleft>9000</onleft>
				<onright>50</onright>
				<onup>9000</onup>
				<ondown>9000</ondown>
				<onback>50</onback>
				<itemgap>0</itemgap>
				<control type="label" id="200">
					<width>375</width>
					<height>53</height>
					<font>font12</font>
					<label>31006</label>
					<textcolor>$INFO[Skin.String(color.500)</textcolor>
					<align>center</align>
					<aligny>center</aligny>
				</control>
				<control type="button" id="2">
					<description>View As button</description>
					<textwidth>353</textwidth>
					<include>ButtonCommonValues</include>
					<label />
				</control>
				<control type="button" id="3">
					<description>Sort by button</description>
					<include>ButtonCommonValues</include>
					<label>103</label>
				</control>
				<control type="togglebutton" id="4">
					<description>Sort asc</description>
					<include>ButtonCommonValues</include>
					<alttexturefocus border="5">button-focus.png</alttexturefocus>
					<alttexturenofocus />
					<label>31051</label>
					<altlabel>31050</altlabel>
					<usealttexture>Container.SortDirection(Ascending)</usealttexture>
				</control>
				<control type="edit" id="19">
					<visible>Container.CanFilter + !Container.CanFilterAdvanced</visible>
					<description>Filter</description>
					<textwidth>345</textwidth>
					<include>ButtonCommonValues</include>
					<label>587</label>
				</control>
				<control type="radiobutton" id="20">
					<visible>Container.CanFilterAdvanced</visible>
					<description>Filter</description>
					<include>ButtonCommonValues</include>
					<label>587</label>
					<onclick>right</onclick>
					<onclick>Filter</onclick>
				</control>
				<include>CommonNowPlaying_Controls</include>
			</control>
		</control>
	</controls>
</window>
