<?xml version="1.0" encoding="UTF-8"?>
<window>
	<defaultcontrol always="true">50</defaultcontrol>
	<onload condition="Skin.HasSetting(StopVideoOnBack) + !Player.HasAudio">PlayerControl(Stop)</onload>
	<menucontrol>9000</menucontrol>
	<views>50</views>
	<controls>
		<!--backgrounds (e.g. fanart-->
		<control type="group">
			<include>CommonBackground</include>
		</control>
		<!--views-->
		<control type="group">
			<include>Window_OpenClose_Animation</include>
			<include>CommonRootView</include>
			<!-- view id = 50 -->
			<include>TriPanelView</include>
			<!-- view id = 51 -->
		</control>
		
		<control type="group">
		<include>Window_OpenClose_Animation</include>
		<visible>!Skin.HasSetting(Clock)</visible>
			<control type="image">
				<right>62</right>
				<top>45</top>
				<width>250</width>
				<height>60</height>
				<texture colordiffuse="FF2E2E2E">backgrounds/bg_fade_7.png</texture>
				<bordertexture colordiffuse="$INFO[Skin.String(color.500)]">backgrounds/bg_fade_4.png</bordertexture>
			    <bordersize>2</bordersize>
			</control>
			<control type="label">
				<right>177</right>
				<top>45</top>
				<width>200</width>
				<height>60</height>
				<align>right</align>
				<aligny>center</aligny>
				<font>fontContextMenu</font>
				<textcolor>white</textcolor>
				<label>$INFO[System.Time(hh:mm)]</label>
			</control>
			<control type="label">
				<right>107</right>
				<top>45</top>
				<width>70</width>
				<height>60</height>
				<align>left</align>
				<aligny>center</aligny>
				<font>fontContextMenu</font>
				<textcolor>white</textcolor>
				<label>:$INFO[System.Time(ss)]</label>
			</control>
			<control type="image">
				<left>60</left>
				<top>45</top>
				<width>250</width>
				<height>60</height>
				<texture colordiffuse="FF2E2E2E">backgrounds/bg_fade_7.png</texture>
			    <bordertexture colordiffuse="$INFO[Skin.String(color.500)]">backgrounds/bg_fade_4.png</bordertexture>
				<bordersize>2</bordersize>
			</control>
			<control type="label">
				<left>111</left>
				<top>45</top>
				<width>360</width>
				<height>60</height>
				<align>left</align>
				<aligny>center</aligny>
				<font>fontContextMenu</font>
				<textcolor>white</textcolor>
				<label>$INFO[System.Date(dd:mm:yyyy]</label>
			</control>
		</control>
		
		<control type="group">
			<visible>Skin.HasSetting(Touchmode)</visible>
			<control type="image">
				<left>180</left>
				<top>110r</top>
				<width>70</width>
				<height>70</height>
				<texture colordiffuse="FF2E2E2E">backgrounds/bg_fade_7.png</texture>
				<bordertexture colordiffuse="$INFO[Skin.String(color.500)]">backgrounds/bg_fade_4.png</bordertexture>
				<bordersize>2</bordersize>
			</control>
			<control type="button">
				<description>Back push button</description>
				<left>175</left>
				<top>115r</top>
				<width>80</width>
				<height>80</height>
				<label></label>
				<font/>
				<onclick>back</onclick>
				<texturefocus colordiffuse="$INFO[Skin.String(color.500)]">icons/back.png</texturefocus>
				<texturenofocus colordiffuse="FFFFFFFF">icons/back.png</texturenofocus>
			</control>
			<control type="image">
				<right>70</right>
				<top>110r</top>
				<width>70</width>
				<height>70</height>
				<texture colordiffuse="FF2E2E2E">backgrounds/bg_fade_7.png</texture>
				<bordertexture colordiffuse="$INFO[Skin.String(color.500)]">backgrounds/bg_fade_4.png</bordertexture>
				<bordersize>2</bordersize>
			</control>
			<control type="button">
				<description>Home push button</description>
				<right>65</right>
				<top>115r</top>
				<width>80</width>
				<height>80</height>
				<label></label>
				<font/>
				<onclick>ActivateWindow(home)</onclick>
				<texturefocus colordiffuse="$INFO[Skin.String(color.500)]">icons/home.png</texturefocus>
				<texturenofocus colordiffuse="FFFFFFFF">icons/home.png</texturenofocus>
			</control>
		</control>
		
		<!--dialog fade-->
		<include>BehindDialogFadeOut</include>
		<control type="group">
			<left>-383</left>
			<include>SideBladeLeft</include>
			<control type="group">
				<top>100</top>
				<bottom>0</bottom>
				<control type="grouplist" id="9000">
					<left>10</left>
					<width>375</width>
					<height>100%</height>
					<onleft>9000</onleft>
					<onright>50</onright>
					<onup>9000</onup>
					<ondown>9000</ondown>
					<onback>50</onback>
					<itemgap>0</itemgap>
					<!--view as-->
					<control type="button" id="2">
						<textwidth>352</textwidth>
						<include>ButtonCommonValues</include>
						<label></label>
					</control>
					<!--sort by-->
					<control type="button" id="3">
						<include>ButtonCommonValues</include>
						<label>103</label>
					</control>
					<!--ascending/descending-->
					<control type="togglebutton" id="4">
						<include>ButtonCommonValues</include>
						<label>31051</label>
						<altlabel>31050</altlabel>
						<usealttexture>Container.SortDirection(Ascending)</usealttexture>
					</control>
					<!--filter basic-->
					<control type="edit" id="19">
						<visible>!Container.CanFilterAdvanced</visible>
						<textwidth>345</textwidth>
						<include>ButtonCommonValues</include>
						<label>587</label>
					</control>
					<!--filter advanced-->
					<control type="radiobutton" id="20">
						<visible>Container.CanFilterAdvanced</visible>
						<include>ButtonCommonValues</include>
						<label>587</label>
						<selected>Container.Filtered</selected>
						<onclick>right</onclick>
						<onclick>Filter</onclick>
					</control>
				</control>
			</control>
		</control>
	</controls>
</window>