<?xml version="1.0" encoding="UTF-8"?>
<window>
	<defaultcontrol always="true">50</defaultcontrol>
	<menucontrol>9000</menucontrol>
	<controls>
		<include>CommonBackground</include>
		<control type="group">
		<left>30</left>
		<control type="image">
		    <left>-2</left>
		    <top>17</top>
		    <width>98.6%</width>
		    <height>10.6%</height>
		    <texture>homeshadow_1.png</texture>
		 </control>
		<control type="image">
		    <left>0</left>
		    <top>20</top>
		    <width>98.4%</width>
		    <height>10%</height>
		    <texture colordiffuse="black">backgrounds/bg_fade_2.png</texture>
			<bordertexture colordiffuse="$INFO[Skin.String(color.500)]">backgrounds/bg_fade_3.png</bordertexture>
			<bordersize>2</bordersize>
		 </control>
		 <control type="image">
		    <left>-2</left>
		    <top>947</top>
		    <width>98.6%</width>
		    <height>10.6%</height>
		    <texture>homeshadow_1.png</texture>
		  </control>
		<control type="image">
		    <left>0</left>
		    <top>950</top>
		    <width>98.4%</width>
		    <height>10%</height>
		    <texture colordiffuse="black">backgrounds/bg_fade_2.png</texture>
			<bordertexture colordiffuse="$INFO[Skin.String(color.500)]">backgrounds/bg_fade_3.png</bordertexture>
			<bordersize>2</bordersize>
		  </control>
	    </control>	
		<control type="group">
		<visible>!Skin.HasSetting(Clock)</visible>
			<control type="image">
				<right>62</right>
				<top>45</top>
				<width>250</width>
				<height>60</height>
				<texture colordiffuse="FF2E2E2E">backgrounds/bg_fade_7.png</texture>
				<bordertexture colordiffuse="$INFO[Skin.String(color.500)]">backgrounds/bg_fade_4.png</bordertexture>
			    <bordersize>2</bordersize>
			</control>
			<control type="label">
				<right>177</right>
				<top>45</top>
				<width>200</width>
				<height>60</height>
				<align>right</align>
				<aligny>center</aligny>
				<font>fontContextMenu</font>
				<textcolor>white</textcolor>
				<label>$INFO[System.Time(hh:mm)]</label>
			</control>
			<control type="label">
				<right>107</right>
				<top>45</top>
				<width>70</width>
				<height>60</height>
				<align>left</align>
				<aligny>center</aligny>
				<font>fontContextMenu</font>
				<textcolor>white</textcolor>
				<label>:$INFO[System.Time(ss)]</label>
			</control>
			<control type="image">
				<left>60</left>
				<top>45</top>
				<width>250</width>
				<height>60</height>
				<texture colordiffuse="FF2E2E2E">backgrounds/bg_fade_7.png</texture>
			    <bordertexture colordiffuse="$INFO[Skin.String(color.500)]">backgrounds/bg_fade_4.png</bordertexture>
				<bordersize>2</bordersize>
			</control>
			<control type="label">
				<left>111</left>
				<top>45</top>
				<width>360</width>
				<height>60</height>
				<align>left</align>
				<aligny>center</aligny>
				<font>fontContextMenu</font>
				<textcolor>white</textcolor>
				<label>$INFO[System.Date(dd:mm:yyyy]</label>
			</control>
		 </control>	
		<control type="group">
			<visible>Skin.HasSetting(Touchmode)</visible>
			<control type="image">
				<left>180</left>
				<top>110r</top>
				<width>70</width>
				<height>70</height>
				<texture colordiffuse="FF2E2E2E">backgrounds/bg_fade_7.png</texture>
				<bordertexture colordiffuse="$INFO[Skin.String(color.500)]">backgrounds/bg_fade_4.png</bordertexture>
				<bordersize>2</bordersize>
			</control>
			<control type="button">
				<description>Back push button</description>
				<left>175</left>
				<top>115r</top>
				<width>80</width>
				<height>80</height>
				<label></label>
				<font/>
				<onclick>back</onclick>
				<texturefocus colordiffuse="$INFO[Skin.String(color.500)]">icons/back.png</texturefocus>
				<texturenofocus colordiffuse="FFFFFFFF">icons/back.png</texturenofocus>
			</control>
			<control type="image">
				<right>70</right>
				<top>110r</top>
				<width>70</width>
				<height>70</height>
				<texture colordiffuse="FF2E2E2E">backgrounds/bg_fade_7.png</texture>
				<bordertexture colordiffuse="$INFO[Skin.String(color.500)]">backgrounds/bg_fade_4.png</bordertexture>
				<bordersize>2</bordersize>
			</control>
			<control type="button">
				<description>Home push button</description>
				<right>65</right>
				<top>115r</top>
				<width>80</width>
				<height>80</height>
				<label></label>
				<font/>
				<onclick>ActivateWindow(home)</onclick>
				<texturefocus colordiffuse="$INFO[Skin.String(color.500)]">icons/home.png</texturefocus>
				<texturenofocus colordiffuse="FFFFFFFF">icons/home.png</texturenofocus>
			</control>
		</control>
		<control type="group">
			<include>VisibleFadeEffect</include>
			<control type="group">
				<left>60</left>
				<centertop>50%</centertop>
				<width>1800</width>
				<height>783</height>
			  <control type="image">
				<left>-3</left>
				<top>-3</top>
				<width>1806</width>
				<height>776</height>
				<texture>homeshadow_1.png</texture>
		     </control>
		    <control type="image">
				<left>0</left>
				<top>0</top>
				<width>1800</width>
				<height>770</height>
				<texture colordiffuse="black">backgrounds/bg_fade_2.png</texture>
				<bordertexture colordiffuse="$INFO[Skin.String(color.500)]">backgrounds/bg_fade_5.png</bordertexture>
				<bordersize>2</bordersize>
			</control>
			<control type="group">
				<control type="group" id="50">
					<include>WeatherDaily</include>
					<include>Weather36Hour</include>
					<include>WeatherWeekend</include>
					<include>WeatherHourly</include>
					<include>WeatherMaps</include>
				</control>
			</control>
				<control type="group">
					<right>40</right>
					<top>30</top>
					<width>730</width>
					<control type="label">
						<description>header label</description>
						<left>15</left>
						<top>0</top>
						<width>680</width>
						<height>60</height>
						<font>secondary.info.big</font>
						<label>31300</label>
						<align>left</align>
						<aligny>center</aligny>
						<textcolor>white</textcolor>
						<shadowcolor>black</shadowcolor>
					</control>
					<control type="image">
						<left>555</left>
						<top>65</top>
						<width>140</width>
						<height>40</height>
						<aspectratio align="right" aligny="center">keep</aspectratio>
						<texture>$INFO[Window.Property(WeatherProviderLogo)]</texture>
					</control>
					<control type="label">
						<description>Provider Text</description>
						<left>555</left>
						<top>60</top>
						<width>140</width>
						<height>50</height>
						<font>kai.secondary</font>
						<textcolor>white</textcolor>
						<shadowcolor>black</shadowcolor>
						<scroll>true</scroll>
						<align>right</align>
						<aligny>center</aligny>
						<label>$INFO[Window.Property(WeatherProvider)]</label>
						<visible>String.IsEmpty(Window.Property(WeatherProviderLogo))</visible>
					</control>
					<control type="group">
						<control type="label">
							<description>update label</description>
							<left>15</left>
							<top>0</top>
							<width>680</width>
							<height>60</height>
							<font>kai.secondary</font>
							<label>$LOCALIZE[31301] - $INFO[Window.Property(Updated)]</label>
							<align>right</align>
							<aligny>center</aligny>
							<textcolor>white</textcolor>
							<shadowcolor>black</shadowcolor>
						</control>
						<control type="label">
							<description>weather location label</description>
							<left>15</left>
							<top>60</top>
							<width>540</width>
							<height>50</height>
							<font>kai.secondary</font>
							<textcolor>white</textcolor>
							<shadowcolor>black</shadowcolor>
							<scroll>false</scroll>
							<align>left</align>
							<aligny>center</aligny>
							<label>$INFO[Window.Property(Location)]</label>
						</control>
						<control type="label">
							<description>current temp Value</description>
							<left>15</left>
							<top>170</top>
							<width>220</width>
							<height>60</height>
							<font>WeatherTemp</font>
							<align>right</align>
							<aligny>top</aligny>
							<label>$INFO[Window.Property(Current.Temperature)]</label>
							<textcolor>white</textcolor>
							<shadowcolor>black</shadowcolor>
						</control>
						<control type="label">
							<description>current temp Value Units</description>
							<left>230</left>
							<top>200</top>
							<width>150</width>
							<height>60</height>
							<font>font16</font>
							<align>left</align>
							<aligny>top</aligny>
							<label>[B]$INFO[System.TemperatureUnits][/B]</label>
							<textcolor>white</textcolor>
							<shadowcolor>black</shadowcolor>
						</control>
						<control type="image">
							<description>current weather icon</description>
							<left>340</left>
							<top>130</top>
							<width>300</width>
							<height>300</height>
							<info>Window.Property(Current.ConditionIcon)</info>
							<aspectratio>keep</aspectratio>
						</control>
						<control type="label">
							<description>current condition label</description>
							<left>15</left>
							<top>325</top>
							<width>200</width>
							<height>35</height>
							<info>Window.Property(Current.Condition)</info>
							<wrapmultiline>true</wrapmultiline>
							<font>secondary.info</font>
							<align>right</align>
							<aligny>center</aligny>
							<textcolor>white</textcolor>
							<shadowcolor>black</shadowcolor>
						</control>
					</control>
					<control type="grouplist">
						<left>0</left>
						<top>440</top>
						<width>200</width>
						<height>270</height>
						<itemgap>0</itemgap>
						<control type="label">
							<description>current feels like label</description>
							<left>0</left>
							<top>0</top>
							<width>200</width>
							<height>35</height>
							<font>secondary.info</font>
							<align>right</align>
							<aligny>center</aligny>
							<label>$LOCALIZE[402] :</label>
							<textcolor>$INFO[Skin.String(color.500)]</textcolor>
							<shadowcolor>black</shadowcolor>
							<visible>!String.IsEmpty(Window.Property(Current.FeelsLike))</visible>
						</control>
						<control type="label">
							<description>current dew label</description>
							<left>0</left>
							<top>0</top>
							<width>200</width>
							<height>35</height>
							<font>secondary.info</font>
							<align>right</align>
							<aligny>center</aligny>
							<label>$LOCALIZE[405] :</label>
							<textcolor>$INFO[Skin.String(color.500)]</textcolor>
							<shadowcolor>black</shadowcolor>
							<visible>!String.IsEmpty(Window.Property(Current.DewPoint))</visible>
						</control>
						<control type="label">
							<description>current humidity label</description>
							<left>0</left>
							<top>0</top>
							<width>200</width>
							<height>35</height>
							<font>secondary.info</font>
							<align>right</align>
							<aligny>center</aligny>
							<label>$LOCALIZE[406] :</label>
							<textcolor>$INFO[Skin.String(color.500)]</textcolor>
							<shadowcolor>black</shadowcolor>
							<visible>!String.IsEmpty(Window.Property(Current.Humidity))</visible>
						</control>
						<control type="label">
							<description>current UV Index label</description>
							<left>0</left>
							<top>0</top>
							<width>200</width>
							<height>35</height>
							<font>secondary.info</font>
							<align>right</align>
							<aligny>center</aligny>
							<label>$LOCALIZE[403] :</label>
							<textcolor>$INFO[Skin.String(color.500)]</textcolor>
							<shadowcolor>black</shadowcolor>
							<visible>!String.IsEmpty(Window.Property(Current.UVIndex))</visible>
						</control>
						<control type="label">
							<description>current Precipitation label</description>
							<left>0</left>
							<top>0</top>
							<width>200</width>
							<height>35</height>
							<font>secondary.info</font>
							<align>right</align>
							<aligny>center</aligny>
							<label>$LOCALIZE[33021] :</label>
							<textcolor>$INFO[Skin.String(color.500)]</textcolor>
							<shadowcolor>black</shadowcolor>
							<visible>!String.IsEmpty(Window.Property(Current.Precipitation))</visible>
						</control>
						<control type="label">
							<description>current Wind label</description>
							<left>0</left>
							<top>0</top>
							<width>200</width>
							<height>35</height>
							<font>secondary.info</font>
							<align>right</align>
							<aligny>center</aligny>
							<label>$LOCALIZE[404] :</label>
							<textcolor>$INFO[Skin.String(color.500)]</textcolor>
							<shadowcolor>black</shadowcolor>
							<visible>!String.IsEmpty(Window.Property(Current.Wind))</visible>
						</control>
					</control>
					<control type="grouplist">
						<left>210</left>
						<top>440</top>
						<width>450</width>
						<height>270</height>
						<itemgap>0</itemgap>
						<control type="label">
							<description>current feels like Value</description>
							<left>0</left>
							<top>0</top>
							<width>450</width>
							<height>35</height>
							<font>secondary.info</font>
							<align>left</align>
							<aligny>center</aligny>
							<label>$INFO[Window.Property(Current.FeelsLike)]$INFO[System.TemperatureUnits]</label>
							<textcolor>white</textcolor>
							<shadowcolor>black</shadowcolor>
							<visible>!String.IsEmpty(Window.Property(Current.FeelsLike))</visible>
						</control>
						<control type="label">
							<description>current dew Value</description>
							<left>0</left>
							<top>0</top>
							<width>450</width>
							<height>35</height>
							<font>secondary.info</font>
							<align>left</align>
							<aligny>center</aligny>
							<label>$INFO[Window.Property(Current.DewPoint)]$INFO[System.TemperatureUnits]</label>
							<textcolor>white</textcolor>
							<shadowcolor>black</shadowcolor>
							<visible>!String.IsEmpty(Window.Property(Current.DewPoint))</visible>
						</control>
						<control type="label">
							<description>current humidity Value</description>
							<left>0</left>
							<top>0</top>
							<width>450</width>
							<height>35</height>
							<font>secondary.info</font>
							<align>left</align>
							<aligny>center</aligny>
							<info>Window.Property(Current.Humidity)</info>
							<textcolor>white</textcolor>
							<shadowcolor>black</shadowcolor>
							<visible>!String.IsEmpty(Window.Property(Current.Humidity))</visible>
						</control>
						<control type="label">
							<description>current UV Index Value</description>
							<left>0</left>
							<top>0</top>
							<width>450</width>
							<height>35</height>
							<font>secondary.info</font>
							<align>left</align>
							<aligny>center</aligny>
							<info>Window.Property(Current.UVIndex)</info>
							<textcolor>white</textcolor>
							<shadowcolor>black</shadowcolor>
							<visible>!String.IsEmpty(Window.Property(Current.UVIndex))</visible>
						</control>
						<control type="label">
							<description>current Precipitation Value</description>
							<left>0</left>
							<top>0</top>
							<width>450</width>
							<height>35</height>
							<font>secondary.info</font>
							<align>left</align>
							<aligny>center</aligny>
							<info>Window.Property(Current.Precipitation)</info>
							<textcolor>white</textcolor>
							<shadowcolor>black</shadowcolor>
							<visible>!String.IsEmpty(Window.Property(Current.Precipitation))</visible>
						</control>
						<control type="label">
							<description>current Wind Value</description>
							<left>0</left>
							<top>0</top>
							<width>450</width>
							<height>35</height>
							<font>secondary.info</font>
							<align>left</align>
							<aligny>center</aligny>
							<info>Window.Property(Current.Wind)</info>
							<textcolor>white</textcolor>
							<shadowcolor>black</shadowcolor>
							<visible>!String.IsEmpty(Window.Property(Current.Wind))</visible>
						</control>
					</control>
					<control type="group">
						<visible>!String.IsEmpty(Window.Property(Today.IsFetched))</visible>
						<control type="label">
							<description>Sunrise Label</description>
							<left>20</left>
							<top>650</top>
							<width>380</width>
							<height>35</height>
							<font>secondary.info</font>
							<align>left</align>
							<aligny>center</aligny>
							<label>$LOCALIZE[33027] : [COLOR=white]$INFO[Window.Property(Today.Sunrise)][/COLOR]</label>
							<textcolor>$INFO[Skin.String(color.500)]</textcolor>
							<shadowcolor>black</shadowcolor>
							<visible>!String.IsEmpty(Window.Property(Today.Sunrise))</visible>
						</control>
						<control type="label">
							<description>Sunset label</description>
							<left>310</left>
							<top>650</top>
							<width>380</width>
							<height>35</height>
							<font>secondary.info</font>
							<align>right</align>
							<aligny>center</aligny>
							<label>$LOCALIZE[33028] : [COLOR=white]$INFO[Window.Property(Today.Sunset)][/COLOR]</label>
							<textcolor>$INFO[Skin.String(color.500)]</textcolor>
							<shadowcolor>black</shadowcolor>
							<visible>!String.IsEmpty(Window.Property(Today.Sunset))</visible>
						</control>
					</control>
				</control>
			</control>
		</control>
		<include>BehindDialogFadeOut</include>
		<control type="group">
			<left>-383</left>
			<include>SideBladeLeft</include>
			<control type="group">
				<top>100</top>
				<bottom>0</bottom>
				<control type="grouplist" id="9000">
					<left>10</left>
					<width>375</width>
					<height>100%</height>
					<onleft>9000</onleft>
					<onright>50</onright>
					<onup>9000</onup>
					<ondown>9000</ondown>
					<onback>50</onback>
					<itemgap>0</itemgap>
					<control type="group" id="300">
						<width>375</width>
						<height>60</height>
						<control type="spincontrolex" id="3">
							<description>change location button</description>
							<left>0</left>
							<top>0</top>
							<font></font>
							<include>ButtonCommonValues</include>
							<onleft>50</onleft>
							<onright>50</onright>
							<onup>200</onup>
							<ondown>302</ondown>
							<onback>50</onback>
						</control>
						<control type="label" id="301">
							<left>15</left>
							<top>0</top>
							<width>300</width>
							<height>60</height>
							<font>button</font>
							<label>31027</label>
							<textcolor>white</textcolor>
							<shadowcolor>black</shadowcolor>
							<align>left</align>
							<aligny>center</aligny>
							<visible>!Control.HasFocus(3)</visible>
						</control>
						<control type="label" id="301">
							<left>15</left>
							<top>0</top>
							<width>300</width>
							<height>60</height>
							<font>button</font>
							<label>31027</label>
							<textcolor>white</textcolor>
							<shadowcolor>black</shadowcolor>
							<align>left</align>
							<aligny>center</aligny>
							<visible>Control.HasFocus(3)</visible>
						</control>
					</control>
					<control type="button" id="302">
						<description>Daily forcast button</description>
						<textwidth>352</textwidth>
						<include>ButtonCommonValues</include>
						<label>31904</label>
						<textcolor>white</textcolor>
						<shadowcolor>black</shadowcolor>
						<onclick>ClearProperty(Weather.CurrentView)</onclick>
						<visible>!String.IsEmpty(Window.Property(Daily.IsFetched))</visible>
					</control>
					<control type="button" id="303">
						<description>36 hour forcast button</description>
						<textwidth>352</textwidth>
						<include>ButtonCommonValues</include>
						<label>31901</label>
						<textcolor>white</textcolor>
						<shadowcolor>black</shadowcolor>
						<onclick>SetProperty(Weather.CurrentView,36hour)</onclick>
						<visible>!String.IsEmpty(Window.Property(36Hour.IsFetched))</visible>
					</control>
					<control type="button" id="304">
						<description>Weekend forcast button</description>
						<textwidth>352</textwidth>
						<include>ButtonCommonValues</include>
						<label>31903</label>
						<textcolor>white</textcolor>
						<shadowcolor>black</shadowcolor>
						<onclick>SetProperty(Weather.CurrentView,weekend)</onclick>
						<visible>!String.IsEmpty(Window.Property(Weekend.IsFetched))</visible>
					</control>
					<control type="button" id="305">
						<description>Hourly forcast button</description>
						<textwidth>352</textwidth>
						<include>ButtonCommonValues</include>
						<label>31902</label>
						<textcolor>white</textcolor>
						<shadowcolor>black</shadowcolor>
						<onclick>SetProperty(Weather.CurrentView,hourly)</onclick>
						<visible>!String.IsEmpty(Window.Property(Hourly.IsFetched))</visible>
					</control>
					<control type="button" id="306">
						<description>Maps button</description>
						<textwidth>352</textwidth>
						<include>ButtonCommonValues</include>
						<label>31910</label>
						<textcolor>white</textcolor>
						<shadowcolor>black</shadowcolor>
						<onclick>SetProperty(Weather.CurrentView,map)</onclick>
						<visible>!String.IsEmpty(Window.Property(Map.IsFetched))</visible>
					</control>
					<control type="button" id="307">
						<description>Alerts button</description>
						<textwidth>352</textwidth>
						<include>ButtonCommonValues</include>
						<label>33050</label>
						<textcolor>white</textcolor>
						<shadowcolor>black</shadowcolor>
						<onclick>SetProperty(Weather.CurrentView,alerts)</onclick>
						<visible>!String.IsEmpty(Window.Property(Alerts.IsFetched))</visible>
					</control>
					<control type="button" id="2">
						<description>Refresh button</description>
						<textwidth>352</textwidth>
						<include>ButtonCommonValues</include>
						<label>103</label>
						<textcolor>white</textcolor>
						<shadowcolor>black</shadowcolor>
					</control>
					<control type="button" id="5">
						<description>Custom Weather Script Button</description>
						<label>$INFO[Skin.String(WeatherScript_Label)]</label>
						<textcolor>white</textcolor>
						<shadowcolor>black</shadowcolor>
						<onclick>SetFocus(50)</onclick>
						<onclick>RunScript($INFO[Skin.String(WeatherScript_Path)])</onclick>
						<onclick>SetFocus(50)</onclick>
						<textwidth>352</textwidth>
						<include>ButtonCommonValues</include>
						<visible>Skin.HasSetting(WeatherScript_Enable) + !String.IsEmpty(Skin.String(WeatherScript_Label))</visible>
					</control>
					<control type="button" id="4">
						<description>Settings button</description>
						<label>5</label>
						<textcolor>white</textcolor>
						<shadowcolor>black</shadowcolor>
						<onclick>ClearProperty(Weather.CurrentView)</onclick>
						<onclick>ActivateWindow(servicesettings,weather)</onclick>
						<textwidth>352</textwidth>
						<include>ButtonCommonValues</include>
					</control>
				</control>
			</control>
		</control>
	</controls>
</window>
