<?xml version="1.0" encoding="UTF-8"?>
<window>
	<defaultcontrol always="true">9000</defaultcontrol>
	<controls>
		<include>CommonBackground</include>
		<include>VisibleFadeEffect</include>
		<include>Clock</include>
		<include>CommonNowPlaying</include>
		 <control type="group">
		<left>30</left>
        <control type="image">
		    <left>-2</left>
		    <top>17</top>
		    <width>98.6%</width>
		    <height>10.6%</height>
		    <texture>homeshadow_1.png</texture>
		 </control>
		<control type="image">
		    <left>0</left>
		    <top>20</top>
		    <width>98.4%</width>
		    <height>10%</height>
		    <texture colordiffuse="black">backgrounds/bg_fade_2.png</texture>
			<bordertexture colordiffuse="$INFO[Skin.String(color.500)]">backgrounds/bg_fade_3.png</bordertexture>
			<bordersize>2</bordersize>
		  </control>
		  <control type="image">
		    <left>-2</left>
		    <top>947</top>
		    <width>98.6%</width>
		    <height>10.6%</height>
		    <texture>homeshadow_1.png</texture>
		 </control>
		<control type="image">
		    <left>0</left>
		    <top>950</top>
		    <width>98.4%</width>
		    <height>10%</height>
		    <texture colordiffuse="black">backgrounds/bg_fade_2.png</texture>
			<bordertexture colordiffuse="$INFO[Skin.String(color.500)]">backgrounds/bg_fade_3.png</bordertexture>
			<bordersize>2</bordersize>
		  </control>
	    </control>	
		<control type="group">
		<visible>!Skin.HasSetting(Clock)</visible>
			<control type="image">
				<right>62</right>
				<top>45</top>
				<width>250</width>
				<height>60</height>
				<texture colordiffuse="FF2E2E2E">backgrounds/bg_fade_7.png</texture>
				<bordertexture colordiffuse="$INFO[Skin.String(color.500)]">backgrounds/bg_fade_4.png</bordertexture>
				<bordersize>2</bordersize>
			</control>
			<control type="label">
				<right>177</right>
				<top>45</top>
				<width>200</width>
				<height>60</height>
				<align>right</align>
				<aligny>center</aligny>
				<font>fontContextMenu</font>
				<textcolor>white</textcolor>
				<label>$INFO[System.Time(hh:mm)]</label>
			</control>
			<control type="label">
				<right>107</right>
				<top>45</top>
				<width>70</width>
				<height>60</height>
				<align>left</align>
				<aligny>center</aligny>
				<font>fontContextMenu</font>
				<textcolor>white</textcolor>
				<label>:$INFO[System.Time(ss)]</label>
			</control>
			<control type="image">
				<left>60</left>
				<top>45</top>
				<width>250</width>
				<height>60</height>
				<texture colordiffuse="FF2E2E2E">backgrounds/bg_fade_7.png</texture>
			    <bordertexture colordiffuse="$INFO[Skin.String(color.500)]">backgrounds/bg_fade_4.png</bordertexture>
				<bordersize>2</bordersize>
			</control>
			<control type="label">
				<left>111</left>
				<top>45</top>
				<width>360</width>
				<height>60</height>
				<align>left</align>
				<aligny>center</aligny>
				<font>fontContextMenu</font>
				<textcolor>white</textcolor>
				<label>$INFO[System.Date(dd:mm:yyyy]</label>
			</control>
		</control>
		<control type="group">
			<visible>Skin.HasSetting(Touchmode)</visible>
			<control type="image">
				<left>60</left>
				<top>110r</top>
				<width>70</width>
				<height>70</height>
				<texture colordiffuse="FF2E2E2E">backgrounds/bg_fade_7.png</texture>
				<bordertexture colordiffuse="$INFO[Skin.String(color.500)]">backgrounds/bg_fade_4.png</bordertexture>
				<bordersize>2</bordersize>
			</control>
			<control type="button">
				<description>Back push button</description>
				<left>55</left>
				<top>115r</top>
				<width>80</width>
				<height>80</height>
				<label></label>
				<font/>
				<onclick>back</onclick>
				<texturefocus colordiffuse="$INFO[Skin.String(color.500)]">icons/back.png</texturefocus>
				<texturenofocus colordiffuse="FFFFFFFF">icons/back.png</texturenofocus>
			</control>
			<control type="image">
				<right>70</right>
				<top>110r</top>
				<width>70</width>
				<height>70</height>
				<texture colordiffuse="FF2E2E2E">backgrounds/bg_fade_7.png</texture>
				<bordertexture colordiffuse="$INFO[Skin.String(color.500)]">backgrounds/bg_fade_4.png</bordertexture>
				<bordersize>2</bordersize>
			</control>
			<control type="button">
				<description>Home push button</description>
				<right>65</right>
				<top>115r</top>
				<width>80</width>
				<height>80</height>
				<label></label>
				<font/>
				<onclick>ActivateWindow(home)</onclick>
				<texturefocus colordiffuse="$INFO[Skin.String(color.500)]">icons/home.png</texturefocus>
				<texturenofocus colordiffuse="FFFFFFFF">icons/home.png</texturenofocus>
			</control>
		</control>
		<!--main content-->
		<control type="group">
			<centerleft>39.5%</centerleft>
			<centertop>50%</centertop>
			<width>1390</width>
			<height>783</height>
			<animation effect="slide" start="0,1512" end="0,0" time="400" tween="quadratic" easing="out" condition="!Window.Previous(SettingsCategory.xml)">WindowOpen</animation>
			<animation effect="slide" start="0,0" end="0,1512" time="400" tween="quadratic" easing="out" condition="!Window.Next(SettingsCategory.xml)">WindowClose</animation>
			<animation effect="slide" start="-2015,0" end="0,0" time="400" tween="quadratic" easing="out" condition="Window.Previous(SettingsCategory.xml)">WindowOpen</animation>
			<animation effect="slide" start="0,0" end="-2015,0" time="400" tween="quadratic" easing="out" condition="Window.Next(SettingsCategory.xml)">WindowClose</animation>
			<control type="image">
				<left>-2</left>
				<top>-3</top>
				<width>1805</width>
				<height>776</height>
				<texture>homeshadow_1.png</texture>
			</control>
			<control type="image">
				<left>0</left>
				<top>0</top>
				<width>1800</width>
				<height>770</height>
				<texture colordiffuse="black">backgrounds/bg_fade_2.png</texture>
				<bordertexture colordiffuse="$INFO[Skin.String(color.500)]">backgrounds/bg_fade_5.png</bordertexture>
			    <bordersize>2</bordersize>
			</control>
			<!--title-->
			<control type="label" id="40">
				<left>700</left>
				<top>25</top>
				<width>1545</width>
				<height>60</height>
				<font>info.title</font>
				<align>left</align>
				<aligny>center</aligny>
				<textcolor>white</textcolor>
				<label>$LOCALIZE[13200] - $LOCALIZE[5]</label>
			</control>
			<control type="list" id="9000">
				<left>100</left>
				<top>120</top>
				<width>390</width>
				<height>650</height>
				<itemgap>0</itemgap>
				<onleft>60</onleft>
				<onright>9001</onright>
				<onup>9000</onup>
				<ondown>9000</ondown>
				<pagecontrol></pagecontrol>
				<scrolltime>300</scrolltime>
				<itemlayout height="65" width="390">
					<!--label-->
					<control type="label">
						<left>15</left>
						<top>0</top>
						<width>570</width>
						<height>60</height>
						<font>button</font>
						<textcolor>white</textcolor>
						<align>left</align>
						<aligny>center</aligny>
						<label>$INFO[ListItem.Label]</label>
					</control>
				</itemlayout>
				<focusedlayout height="65" width="390">
					<!--focused bg-->
					<control type="image">
						<left>0</left>
						<top>0</top>
						<width>355</width>
						<height>60</height>
						<texture colordiffuse="$INFO[Skin.String(color.500)">backgrounds/white.png</texture>
						<animation effect="fade" start="100" end="30" time="100" condition="!Control.HasFocus(9000)">Conditional</animation>
					</control>
					<!--label-->
					<control type="label">
						<left>15</left>
						<top>0</top>
						<width>325</width>
						<height>60</height>
						<font>button</font>
						<textcolor>$INFO[Skin.String(color.900)]</textcolor>
						<align>left</align>
						<aligny>center</aligny>
						<label>$INFO[ListItem.Label]</label>
					</control>
				</focusedlayout>
				<content>
					<item id="1">
						<label>31420</label>
						<icon></icon>
					</item>
					<item id="2">
						<label>13200</label>
						<icon></icon>
					</item>
				</content>
			</control>
			<control type="group">
				<visible>Container(9000).Hasfocus(2)</visible>
				<left>100</left>
				<top>285</top>
				<!--background-->
				<control type="image">
					<left>0</left>
					<top>0</top>
					<width>355</width>
					<height>300</height>
					<texture background="true" colordiffuse="$INFO[Skin.String(color.tertiary)]">backgrounds/white.png</texture>
					<bordersize>5</bordersize>
					<bordertexture colordiffuse="$INFO[Skin.String(color.500)]">backgrounds/square shadow small.png</bordertexture>
				</control>
				<!--icon (no fallback)-->
				<control type="image">
					<left>0</left>
					<top>0</top>
					<width>355</width>
					<height>300</height>
					<texture>$INFO[Listitem.Icon]</texture>
					<visible>!String.IsEmpty(Container(2).Listitem.Icon)</visible>
					<aspectratio>keep</aspectratio>
				</control>
				<!--icon (fallback)-->
				<control type="image">
					<left>0</left>
					<top>0</top>
					<width>355</width>
					<height>300</height>
					<texture colordiffuse="$INFO[Skin.String(color.500)]">DefaultUser.png</texture>
					<visible>String.IsEmpty(Container(2).Listitem.Icon)</visible>
					<aspectratio>keep</aspectratio>
				</control>
				<control type="label">
					<left>0</left>
					<top>315</top>
					<width>355</width>
					<height>30</height>
					<font>secondary.info.big</font>
					<textcolor>$INFO[Skin.String(color.500)]</textcolor>
					<align>center</align>
					<aligny>center</aligny>
					<label>$LOCALIZE[31319]</label>
				</control>
				<control type="label">
					<left>0</left>
					<top>352</top>
					<width>355</width>
					<height>30</height>
					<font>secondary.info</font>
					<textcolor>white</textcolor>
					<align>center</align>
					<aligny>center</aligny>
					<label>$INFO[Container(2).ListItem.Label]</label>
				</control>
				<control type="label">
					<left>0</left>
					<top>398</top>
					<width>355</width>
					<height>45</height>
					<font>secondary.info.big</font>
					<textcolor>$INFO[Skin.String(color.500)]</textcolor>
					<align>center</align>
					<aligny>center</aligny>
					<label>$LOCALIZE[31320]</label>
				</control>
				<control type="label">
					<left>0</left>
					<top>435</top>
					<width>355</width>
					<height>45</height>
					<font>secondary.info</font>
					<textcolor>white</textcolor>
					<align>center</align>
					<aligny>center</aligny>
					<label fallback="13170">$INFO[Container(2).ListItem.Label2]</label>
				</control>
			</control>
			<control type="group" id="9010">
				<control type="grouplist" id="9001">
					<visible>Container(9000).Hasfocus(1)</visible>
					<left>485</left>
					<top>120</top>
					<width>995</width>
					<height>580</height>
					<itemgap>5</itemgap>
					<pagecontrol>60</pagecontrol>
					<onleft>9000</onleft>
					<onright>2</onright>
					<onup>9001</onup>
					<ondown>9001</ondown>
					<control type="radiobutton" id="4">
						<description>enable login screen</description>
						<width>995</width>
						<label>20096</label>
					</control>
					<control type="button" id="5">
						<description>auto login</description>
						<width>995</width>
						<label>33084</label>
						<label2>$INFO[System.ProfileAutoLogin]</label2>
						<enable>!System.HasLoginScreen</enable>
					</control>
				</control>
				<control type="group">
					<visible>Container(9000).Hasfocus(1)</visible>
					<!--seperator-->
					<control type="image">
						<left>395</left>
						<top>715</top>
						<width>975</width>
						<height>1</height>
						<aspectratio>stretch</aspectratio>
						<texture colordiffuse="$INFO[Skin.String(color.500)]">backgrounds/white.png</texture>
					</control>
					<!--setting description-->
					<control type="textbox">
						<left>400</left>
						<top>732</top>
						<width>960</width>
						<height>126</height>
						<font>secondary.info.small</font>
						<align>left</align>
						<textcolor>white</textcolor>
						<label>$LOCALIZE[31422]</label>
						<autoscroll time="3000" delay="4000" repeat="5000">true</autoscroll>
						<visible>Control.Hasfocus(4)</visible>
					</control>
					<control type="textbox">
						<left>400</left>
						<top>732</top>
						<width>960</width>
						<height>126</height>
						<font>secondary.info.small</font>
						<align>left</align>
						<textcolor>white</textcolor>
						<label>$LOCALIZE[31423]</label>
						<autoscroll time="3000" delay="4000" repeat="5000">true</autoscroll>
						<visible>Control.Hasfocus(5)</visible>
					</control>
				</control>
				<control type="panel" id="2">
					<visible>Container(9000).Hasfocus(2)</visible>
					<left>485</left>
					<top>120</top>
					<width>995</width>
					<height>580</height>
					<onleft>9001</onleft>
					<onright>60</onright>
					<onup>9010</onup>
					<ondown>9010</ondown>
					<pagecontrol>60</pagecontrol>
					<scrolltime>200</scrolltime>
					<itemlayout height="193" width="248">
						<!--background-->
						<control type="image">
							<left>1</left>
							<top>0</top>
							<width>245</width>
							<height>190</height>
							<texture background="true" colordiffuse="$INFO[Skin.String(color.tertiary)]">backgrounds/white.png</texture>
							<bordersize>5</bordersize>
							<bordertexture colordiffuse="$INFO[Skin.String(color.500)]">backgrounds/square shadow small.png</bordertexture>
						</control>
						<!--icon (no fallback)-->
						<control type="image">
							<left>6</left>
							<top>5</top>
							<width>235</width>
							<height>180</height>
							<texture>$INFO[Listitem.Icon]</texture>
							<visible>!String.IsEmpty(ListItem.Icon)</visible>
							<aspectratio>keep</aspectratio>
						</control>
						<!--icon (fallback)-->
						<control type="image">
							<left>6</left>
							<top>5</top>
							<width>235</width>
							<height>180</height>
							<texture colordiffuse="$INFO[Skin.String(color.500)]">DefaultUser.png</texture>
							<visible>String.IsEmpty(ListItem.Icon)</visible>
							<aspectratio>keep</aspectratio>
						</control>
						<!--label background-->
						<control type="image">
							<left>7</left>
							<top>152</top>
							<width>233</width>
							<height>32</height>
							<texture colordiffuse="$INFO[Skin.String(color.tertiary)]">backgrounds/white.png</texture>
							<animation effect="fade" start="100" end="60" time="0" condition="true">Conditional</animation>
						</control>
						<control type="label">
							<left>10</left>
							<top>155</top>
							<width>225</width>
							<height>26</height>
							<font>secondary.info.big</font>
							<textcolor>white</textcolor>
							<selectedcolor>selected</selectedcolor>
							<align>center</align>
							<aligny>center</aligny>
							<info>ListItem.Label</info>
							<animation effect="fade" start="100" end="60" time="0" condition="true">Conditional</animation>
						</control>
					</itemlayout>
					<focusedlayout height="193" width="248">
						<!--background (fallback)-->
						<control type="image">
							<left>1</left>
							<top>0</top>
							<width>245</width>
							<height>190</height>
							<texture background="true" colordiffuse="quaternary">backgrounds/white.png</texture>
							<bordersize>5</bordersize>
							<bordertexture colordiffuse="$INFO[Skin.String(color.500)]">backgrounds/white.png</bordertexture>
						</control>
						<!--icon (no fallback)-->
						<control type="image">
							<left>6</left>
							<top>5</top>
							<width>235</width>
							<height>180</height>
							<texture>$INFO[Listitem.Icon]</texture>
							<visible>!String.IsEmpty(ListItem.Icon)</visible>
							<aspectratio>keep</aspectratio>
						</control>
						<!--icon (fallback)-->
						<control type="image">
							<left>6</left>
							<top>5</top>
							<width>235</width>
							<height>180</height>
							<texture colordiffuse="$INFO[Skin.String(color.500)]">DefaultUser.png</texture>
							<visible>String.IsEmpty(ListItem.Icon)</visible>
							<aspectratio>keep</aspectratio>
						</control>
						<!--label background-->
						<control type="image">
							<left>7</left>
							<top>152</top>
							<width>233</width>
							<height>32</height>
							<texture colordiffuse="$INFO[Skin.String(color.500)]">backgrounds/white.png</texture>
						</control>
						<control type="label">
							<left>10</left>
							<top>155</top>
							<width>225</width>
							<height>26</height>
							<font>secondary.info.big</font>
							<textcolor>$INFO[Skin.String(color.500)]</textcolor>
							<selectedcolor>selected</selectedcolor>
							<align>center</align>
							<aligny>center</aligny>
							<info>ListItem.Label</info>
						</control>
					</focusedlayout>
				</control>
				<!--scrollbar-->
				<control type="scrollbar" id="60">
					<left>1395</left>
					<top>110</top>
					<height>673</height>
					<onleft>2</onleft>
					<onright>9000</onright>
				</control>
			</control>
		</control>
		<include>BehindDialogFadeOut</include>
	</controls>
</window>