<?xml version="1.0" encoding="UTF-8"?>
<includes>
	<!-- ID: 10 -->
	<include name="PVRGuideViewTimeline">
		<control type="group">
			<description>TV Guide Timeline</description>
			<visible>Control.IsVisible(10)</visible>
			<include>VisibleFadeEffect</include>
			<left>60</left>
			<centertop>51%</centertop>
			<width>1800</width>
			<height>783</height>
			<control type="image">
				<left>0</left>
				<top>0</top>
				<width>1800</width>
				<height>755</height>
				<texture colordiffuse="black">backgrounds/bg_fade.png</texture>
			</control>
			<control type="image">
				<left>0</left>
				<top>50</top>
				<width>1800</width>
				<height>1</height>
				<aspectratio>stretch</aspectratio>
				<texture colordiffuse="$INFO[Skin.String(color.500)]">backgrounds/white.png</texture>
			</control>
			
			<!--title bars and backgrounds-->
			<include content="DynamicDialogBackground">
				<param name="title-height" value="60" />
			</include>
			<!--seperator-->
			<control type="image">
				<left>385</left>
				<top>200r</top>
				<width>1405</width>
				<height>1</height>
				<aspectratio>stretch</aspectratio>
				<texture colordiffuse="$INFO[Skin.String(color.500)]">backgrounds/white.png</texture>
			</control>
			<control type="epggrid" id="10">
				<viewtype label="19032">list</viewtype>
				<description>EPG Grid</description>
				<left>10</left>
				<width>1780</width>
				<height>574</height>
				<pagecontrol>60</pagecontrol>
				<scrolltime>350</scrolltime>
				<timeblocks>30</timeblocks>
				<rulerunit>6</rulerunit>
				<onleft>101</onleft>
				<onright>60</onright>
				<onup>10</onup>
				<ondown>10</ondown>
				<onback>101</onback>
				<rulerlayout height="70" width="60">
					<control type="label" id="2">
						<left>5</left>
						<top>-5</top>
						<width>51</width>
						<height>70</height>
						<font>label</font>
						<textcolor>$INFO[Skin.String(color.500)]</textcolor>
						<aligny>center</aligny>
						<selectedcolor>$INFO[Skin.String(color.500)]</selectedcolor>
						<align>left</align>
						<label>$INFO[ListItem.Label]</label>
					</control>
				</rulerlayout>
				<channellayout height="72" width="375">
					<control type="label">
						<left>15</left>
						<width>60</width>
						<height>72</height>
						<font>label</font>
						<align>left</align>
						<aligny>center</aligny>
						<textcolor>white</textcolor>
						<selectedcolor>white</selectedcolor>
						<info>ListItem.ChannelNumberLabel</info>
					</control>
					<control type="label" id="1">
						<left>85</left>
						<width>255</width>
						<height>72</height>
						<font>label</font>
						<aligny>center</aligny>
						<textcolor>white</textcolor>
						<selectedcolor>$INFO[Skin.String(color.alt)]</selectedcolor>
						<align>left</align>
						<label>$INFO[ListItem.ChannelName]</label>
					</control>
				</channellayout>
				<focusedchannellayout height="72" width="375">
					<control type="image">
						<width>355</width>
						<height>72</height>
						<texture colordiffuse="$INFO[Skin.String(color.500)]">backgrounds/white.png</texture>
						<include>VisibleFadeEffect</include>
						<animation effect="fade" start="100" end="75" time="0" condition="!Control.HasFocus(10)">Conditional</animation>
					</control>
					<control type="label">
						<left>15</left>
						<width>60</width>
						<height>72</height>
						<font>label</font>
						<align>left</align>
						<aligny>center</aligny>
						<textcolor>white</textcolor>
						<selectedcolor>$INFO[Skin.String(color.500)]</selectedcolor>
						<shadowcolor>black</shadowcolor>
						<info>ListItem.ChannelNumberLabel</info>
					</control>
					<control type="label" id="1">
						<left>85</left>
						<width>255</width>
						<height>72</height>
						<font>label</font>
						<aligny>center</aligny>
						<textcolor>white</textcolor>
						<selectedcolor>$INFO[Skin.String(color.500)]</selectedcolor>
						<shadowcolor>black</shadowcolor>
						<align>left</align>
						<label>$INFO[ListItem.ChannelName]</label>
					</control>
				</focusedchannellayout>
				<itemlayout height="72" width="60">
					<control type="image" id="2">
						<width>58</width>
						<height>70</height>
						<left>0</left>
						<top>0</top>
						<aspectratio>stretch</aspectratio>
						<texture colordiffuse="white">backgrounds/bg_fade_7.png</texture>
						<animation effect="fade" start="100" end="25" time="0" condition="true">Conditional</animation>
					</control>
					<control type="label" id="1">
						<left>10</left>
						<top>15</top>
						<width>38</width>
						<height>38</height>
						<font>label</font>
						<aligny>center</aligny>
						<textcolor>white</textcolor>
						<selectedcolor>$INFO[Skin.String(color.500)]</selectedcolor>
						<align>left</align>
						<info>ListItem.Label</info>
					</control>
				</itemlayout>
				<focusedlayout height="72" width="60">
					<control type="image" id="2">
						<width>58</width>
						<height>70</height>
						<left>0</left>
						<top>0</top>
						<aspectratio>stretch</aspectratio>
						<texture colordiffuse="$INFO[Skin.String(color.500)]">backgrounds/white.png</texture>
					</control>
					<control type="label" id="1">
						<left>10</left>
						<top>15</top>
						<width>38</width>
						<height>38</height>
						<font>label</font>
						<aligny>center</aligny>
						<textcolor>white</textcolor>
						<selectedcolor>$INFO[Skin.String(color.500)]</selectedcolor>
						<shadowcolor>black</shadowcolor>
						<align>left</align>
						<info>ListItem.Label</info>
					</control>
				</focusedlayout>
			</control>
			<control type="group">
				<visible>!String.IsEmpty(ListItem.Label)</visible>
				<top>200r</top>
				<control type="image">
					<left>30</left>
					<top>0</top>
					<width>282</width>
					<height>165</height>
					<texture background="true">$INFO[ListItem.Icon]</texture>
					<aspectratio align="center" aligny="center">keep</aspectratio>
				</control>
				<control type="label">
					<left>385</left>
					<top>5</top>
					<width>975</width>
					<height>30</height>
					<label>$INFO[ListItem.Label]</label>
					<font>label</font>
					<textcolor>$INFO[Skin.String(color.500)]</textcolor>
				</control>
				<control type="label">
					<left>385</left>
					<top>37</top>
					<width>975</width>
					<height>30</height>
					<label>$INFO[ListItem.StartTime]$INFO[ListItem.EndTime, - ]$INFO[ListItem.Genre, • ]</label>
					<font>secondary.info.light</font>
					<textcolor>white</textcolor>
				</control>
				<control type="textbox">
					<description>Plot value</description>
					<left>385</left>
					<top>72</top>
					<width>1405</width>
					<height>85</height>
					<font>kai.secondary</font>
					<align>justify</align>
					<textcolor>white</textcolor>
					<autoscroll delay="10000" time="3000" repeat="6000">true</autoscroll>
					<label>$INFO[ListItem.Plot]</label>
				</control>
			</control>
		</control>
	</include>
</includes>
