<?xml version="1.0" encoding="UTF-8"?>
<includes>
	<include name="MusicInfoListView">
		<!--all content-->
		<control type="group">
			<visible>Control.IsVisible(506)</visible>
			<include>VisibleFadeEffect</include>
			<include condition="String.IsEqual(Skin.AspectRatio,4:3)">TallListContainer</include>
			<include condition="!String.IsEqual(Skin.AspectRatio,4:3)">ShortListContainer</include>
			<centerleft>50%</centerleft>
			<width>1509</width>
			<!--content list-->
			<control type="list" id="506">
				<include condition="String.IsEqual(Skin.AspectRatio,4:3)">TallListSlide</include>
				<include condition="!String.IsEqual(Skin.AspectRatio,4:3)">ShortListSlide</include>
				<left>510</left>
				<width>1163</width>
				<height>700</height>
				<onleft>2</onleft>
				<onright>60</onright>
				<onup>506</onup>
				<ondown>506</ondown>
				<viewtype label="MusicInfoList">list</viewtype>
				<pagecontrol>60</pagecontrol>
				<scrolltime>200</scrolltime>
				<visible>Window.IsVisible(MusicPlaylist) |  Container.Content(Songs) | Container.Content(Albums) | Container.Content(Artists) | Container.Content(MusicVideos)</visible>
				<itemlayout height="100" width="1143">
					<!--background-->
					<control type="image">
						<left>4</left>
						<top>0</top>
						<width>1143</width>
						<height>90</height>
						<texture colordiffuse="FF2E2E2E">backgrounds/bg_fade_7.png</texture>
				        <bordertexture colordiffuse="$INFO[Skin.String(color.500)]">backgrounds/bg_fade_3.png</bordertexture>
				        <bordersize>2</bordersize>
					</control>
					<!--main label-->
					<control type="label">
						<left>25</left>
						<top>10</top>
						<width>990</width>
						<height>60</height>
						<font>label</font>
						<textcolor>white</textcolor>
						<selectedcolor>white</selectedcolor>
						<shadowcolor>black</shadowcolor>
						<align>left</align>
						<aligny>center</aligny>
						<label>$INFO[ListItem.Label]</label>
					</control>
					<!--secondary label-->
					<control type="label">
						<left>525</left>
						<top>10</top>
						<width>600</width>
						<height>60</height>
						<font>secondary.info</font>
						<textcolor>white</textcolor>
						<selectedcolor>white</selectedcolor>
						<shadowcolor>black</shadowcolor>
						<align>right</align>
						<aligny>center</aligny>
						<label>$INFO[ListItem.Label2]</label>
					</control>
				</itemlayout>
				<focusedlayout height="100" width="1143">
					<!--background-->
					<control type="image">
						<left>4</left>
						<top>0</top>
						<width>1143</width>
						<height>90</height>
						<texture colordiffuse="$INFO[Skin.String(color.500)]">backgrounds/white.png</texture>
						<animation effect="fade" start="100" end="75" time="200" condition="Control.HasFocus(60)">Conditional</animation>
					</control>
					<!--main label-->
					<control type="label">
						<left>25</left>
						<top>10</top>
						<width>990</width>
						<height>60</height>
						<font>label</font>
						<textcolor>white</textcolor>
						<selectedcolor>white</selectedcolor>
						<shadowcolor>black</shadowcolor>
						<align>left</align>
						<aligny>center</aligny>
						<label>$INFO[ListItem.Label]</label>
					</control>
					<!--secondary label-->
					<control type="label">
						<left>525</left>
						<top>10</top>
						<width>600</width>
						<height>60</height>
						<font>secondary.info</font>
						<textcolor>white</textcolor>
						<selectedcolor>white</selectedcolor>
						<shadowcolor>black</shadowcolor>
						<align>right</align>
						<aligny>center</aligny>
						<label>$INFO[ListItem.Label2]</label>
					</control>
				</focusedlayout>
			</control>
			<!--scrollbar-->
			<control type="scrollbar" id="60">
				<left>1667</left>
				<bottom>10</bottom>
				<onleft>506</onleft>
				<onright>2</onright>
				<orientation>vertical</orientation>
			</control>
			<control type="group">
			<visible>Window.IsVisible(MusicPlaylist) |  Container.Content(Songs) | Container.Content(Albums) | Container.Content(Artists) | Container.Content(MusicVideos)</visible>
			<!--genre label-->
			<control type="label">
				 <left>320</left>
				 <top>790</top>
				 <width>700</width>
				 <height>55</height>
			     <font>label</font>
				 <textcolor>white</textcolor>
				 <selectedcolor>white</selectedcolor>
				 <align>center</align>
				 <aligny>center</aligny>
				 <label>$INFO[ListItem.Genre]</label>
		      </control>
		    </control>
			<!--info-->
			<control type="group">
				<left>-143</left>
				<centertop>50%</centertop>
				<width>642</width>
				<height>700</height>
				<!--background-->
				<control type="image">
					<left>-5</left>
					<top>-1</top>
					<width>642</width>
					<height>690</height>
					<texture colordiffuse="FF0F0F0F">backgrounds/bg_fade_2.png</texture>
				    <bordertexture colordiffuse="$INFO[Skin.String(color.500)]">backgrounds/bg_fade_3.png</bordertexture>
					<bordersize>2</bordersize>
				</control>
				<!--thumb (fallback)-->
				<control type="image">
					<left>95</left>
					<top>20</top>
					<width>440</width>
					<height>440</height>
					<aspectratio>scale</aspectratio>
					<texture background="true" colordiffuse="white">$INFO[ListItem.Icon]</texture>
					<visible>String.Contains(ListItem.Icon,Default)</visible>
				</control>
				<!--thumb (no fallback)-->
				<control type="image">
					<left>95</left>
					<top>20</top>
					<width>440</width>
					<height>440</height>
					<aspectratio>scale</aspectratio>
					<texture background="true">$INFO[ListItem.Icon]</texture>
					<visible>!String.Contains(ListItem.Icon,Default)</visible>
				</control>
				<!--album info-->
				<control type="group">
					<top>480</top>
					<width>630</width>
					<visible>!Container.Content(Songs)</visible>
					<!--info strip background-->
					<control type="image">
						<left>0</left>
						<top>0</top>
						<width>630</width>
						<height>60</height>
						<texture background="true" colordiffuse="$INFO[Skin.String(color.500)]">backgrounds/white.png</texture>
					</control>
					<!--info strip shadow-->
					<control type="image">
						<left>0</left>
						<top>0</top>
						<width>630</width>
						<height>10</height>
						<texture>homeshadow.png</texture>
						<animation effect="fade" start="100" end="100" time="0" condition="true">Conditional</animation>
					</control>
					<!--artist label-->
					<control type="label">
						<left>15</left>
						<top>3</top>
						<width>590</width>
						<height>55</height>
						<font>secondary.info.big</font>
						<textcolor>white</textcolor>
						<selectedcolor>white</selectedcolor>
						<shadowcolor>black</shadowcolor>
						<align>left</align>
						<aligny>center</aligny>
						<label>$INFO[ListItem.Artist]</label>
					</control>
					<!--album label-->
					<control type="label">
						<left>15</left>
						<top>100</top>
						<width>590</width>
						<height>55</height>
						<font>font13_bold</font>
						<textcolor>white</textcolor>
						<selectedcolor>white</selectedcolor>
						<align>left</align>
						<aligny>center</aligny>
						<label>$INFO[ListItem.Album]</label>
					</control>
					<control type="group">
						<top>95</top>
						<!--year label-->
						<control type="label">
							<left>15</left>
							<top>35</top>
							<width>430</width>
							<height>55</height>
							<font>secondary.info.big</font>
							<textcolor>white</textcolor>
							<selectedcolor>white</selectedcolor>
							<align>left</align>
							<aligny>center</aligny>
							<label>$INFO[ListItem.Year]</label>
						</control>
					</control>
				</control>
				<!--song info-->
				<control type="group">
					<top>480</top>
					<width>630</width>
					<visible>Container.Content(Songs)</visible>
					<!--info strip background-->
					<control type="image">
						<left>0</left>
						<top>0</top>
						<width>630</width>
						<height>60</height>
						<texture background="true" colordiffuse="$INFO[Skin.String(color.500)]">backgrounds/white.png</texture>
					</control>
					<!--info strip shadow-->
					<control type="image">
						<left>0</left>
						<top>0</top>
						<width>630</width>
						<height>10</height>
						<texture>homeshadow.png</texture>
						<animation effect="fade" start="100" end="100" time="0" condition="true">Conditional</animation>
					</control>
					<!--track/title label-->
					<control type="label">
						<left>15</left>
						<top>3</top>
						<width>590</width>
						<height>55</height>
						<font>secondary.info.big</font>
						<textcolor>white</textcolor>
						<selectedcolor>white</selectedcolor>
						<shadowcolor>black</shadowcolor>
						<align>left</align>
						<aligny>center</aligny>
						<label>$INFO[listitem.TrackNumber,,.] $INFO[ListItem.Title]</label>
					</control>
					<!--artist label-->
					<control type="label">
						<left>10</left>
						<top>70</top>
						<width>590</width>
						<height>55</height>
						<font>font13_bold</font>
						<textcolor>white</textcolor>
						<selectedcolor>white</selectedcolor>
						<align>center</align>
						<aligny>center</aligny>
						<label>$INFO[ListItem.Artist]</label>
					</control>
					<!--album label-->
					<control type="label">
						<left>10</left>
						<top>125</top>
						<width>585</width>
						<height>55</height>
						<font>secondary.info.big</font>
						<textcolor>white</textcolor>
						<selectedcolor>white</selectedcolor>
						<align>center</align>
						<aligny>center</aligny>
						<label>$INFO[ListItem.Album]</label>
					</control>
					<control type="group">
						<top>130</top>
						<!--year label-->
						<control type="label">
							<left>15</left>
							<top>35</top>
							<width>430</width>
							<height>55</height>
							<font>secondary.info.big</font>
							<textcolor>white</textcolor>
							<selectedcolor>white</selectedcolor>
							<align>left</align>
							<aligny>center</aligny>
							<label>$INFO[ListItem.Year]</label>
						</control>
					</control>
				</control>	
			</control>
		</control>
	</include>
</includes>