<?xml version="1.0" encoding="UTF-8"?>
<window>
	<defaultcontrol always="true">50</defaultcontrol>
	<views>50</views>
	<menucontrol>9051</menucontrol>
	<onload>ClearProperty(MediaMenu,Home)</onload>
	<controls>
		<include>CommonBackground</include>
		<control type="image">
			<left>-30</left>
			<top>-30</top>
			<width>2040</width>
			<height>1277</height>
			<texture background="true">black.png</texture>
			<animation effect="fade" end="85" condition="true">Conditional</animation>
		</control>
		<control type="group">
			<include>WindowOpenCloseAnimation</include>
			<include>AddonList</include>
			<!-- view id = 50 -->
		</control>
		<control type="group">
			<left>-440</left>
			<include>SideBladeLeft</include>
			<control type="grouplist" id="9050">
				<include>MediaMenuTop</include>
				<control type="label" id="201">
					<width>400</width>
					<height>52</height>
					<textoffsetx>15</textoffsetx>
					<font>font13_title</font>
					<label>31026</label>
					<textcolor>themecolor</textcolor>
				</control>
				<control type="button" id="9">
					<description>Check for repository updates</description>
					<include>ButtonCommonValues</include>
					<label>24034</label>
				</control>
				<control type="button" id="202">
					<description>Check for repository updates</description>
					<include>ButtonCommonValues</include>
					<enable>no</enable>
					<label>$INFO[Window(AddonBrowser).Property(Updated)]</label>
				</control>
				<control type="radiobutton" id="7">
					<description>Hide foreign</description>
					<include>ButtonCommonValues</include>
					<label>25001</label>
				</control>
				<control type="radiobutton" id="8">
					<description>Hide incompatible</description>
					<include>ButtonCommonValues</include>
					<label>24999</label>
				</control>
				<control type="button" id="203">
					<description>Actions</description>
					<textwidth>352</textwidth>
					<font>font13_title</font>
					<include>ButtonCommonValues</include>
					<label>31039</label>
					<enable>no</enable>
					<disabledcolor>themecolor</disabledcolor>
				</control>
				<control type="button" id="5">
					<description>Settings</description>
					<include>ButtonCommonValues</include>
					<label>10004</label>
				</control>
				<control type="button" id="616">
					<description>Go to playercontrols</description>
					<include>ButtonCommonValues</include>
					<label>$LOCALIZE[31177]</label>
					<onclick condition="Player.HasAudio">ClearProperty(MediaMenu,Home)</onclick>
					<onclick condition="Player.HasAudio">SetFocus(50)</onclick>
					<onclick condition="Player.HasAudio">ActivateWindow(playercontrols)</onclick>
					<onclick condition="Player.HasVideo">Fullscreen</onclick>
					<onclick condition="Player.HasVideo">ActivateWindow(videoosd)</onclick>
					<onclick>ClearProperty(MediaMenu,Home)</onclick>
					<visible>Player.HasMedia</visible>
				</control>
			</control>
		</control>
	</controls>
</window>