<?xml version="1.0" encoding="UTF-8"?>
<window type="dialog" id="1185">
	<onload condition="!String.IsEmpty(ListItem.VideoCodec) + !Control.HasFocus(8541) + !Control.HasFocus(8542) + !Control.HasFocus(8543) + !Control.HasFocus(8544)">PlayMedia($INFO[ListItem.Trailer],1)</onload>
	<visible>!System.IdleTime(30) + System.IdleTime(12) + !String.IsEmpty(ListItem.Trailer) + !String.IsEmpty(ListItem.VideoCodec) + Skin.HasSetting(playTrailer) + String.IsEmpty(Window(Home).Property(MediaMenu))</visible>
	<visible>!Window.IsActive(movieinformation)</visible>
	<visible>Container.Content(movies) + !System.HasActiveModalDialog</visible>
	<visible>!ListItem.IsCollection</visible>
	<visible>!ListItem.IsParentFolder</visible>
	<visible>String.IsEqual(Container.Viewmode,Shelf) | String.IsEqual(Container.Viewmode,RightList) | String.IsEqual(Container.Viewmode,Triple) | String.IsEqual(Container.Viewmode,Wall) | String.IsEqual(Container.Viewmode,Banner) | String.IsEqual(Container.Viewmode,Flix)</visible>
	<visible>!String.Contains(Player.Filenameandpath,theme.mp3)</visible>
	<visible>String.IsEqual(Skin.String(StartTrailer),10)</visible>
	<controls/>
</window>
