<?xml version="1.0" encoding="UTF-8"?>
<window id="1130" type="dialog">
	<defaultcontrol always="true">90100</defaultcontrol>
	<coordinates>
		<system>1</system>
		<left>457</left>
		<top>240</top>
	</coordinates>
	<onunload condition="!String.IsEmpty(Window(movieinformation).Property(ActorID)) + !String.IsEmpty(Window(movieinformation).Property(DoAction))">SetFocus(50,$INFO[Window(movieinformation).Property(ActorID)])</onunload>
	<onunload condition="!String.IsEmpty(Window(movieinformation).Property(ActorID)) + !String.IsEmpty(Window(movieinformation).Property(DoAction))">Action(select)</onunload>
	<onunload condition="!String.IsEmpty(Window(movieinformation).Property(ActorID)) + !String.IsEmpty(Window(movieinformation).Property(DoAction))">Control.Move(50,-$INFO[Window(movieinformation).Property(ActorID)])</onunload>
	<onunload condition="!String.IsEmpty(Window(movieinformation).Property(ActorID)) + !String.IsEmpty(Window(movieinformation).Property(DoAction))">SetFocus(90050)</onunload>
	<onunload condition="!String.IsEmpty(Window(movieinformation).Property(DirectorID)) + !String.IsEmpty(Window(movieinformation).Property(DoAction))">SendClick(2003,13)</onunload>
	<onunload>ClearProperty(DirectorID,movieinformation)</onunload>
	<onunload>ClearProperty(ActorID,movieinformation)</onunload>
	<onunload>ClearProperty(ActorName,movieinformation)</onunload>
	<onunload>ClearProperty(DoAction,movieinformation)</onunload>
	<include>DialogOpenCloseAnimation</include>
	<controls>
		<control type="group">
			<control type="image">
				<left>157</left>
				<width>692</width>
				<height>600</height>
				<texture border="40">dialogs/default/bg.png</texture>
			</control>
			<control type="label" id="1">
				<left>30</left>
				<top>32</top>
				<width>940</width>
				<height>40</height>
				<font>font15_title</font>
				<label>$LOCALIZE[22080]</label>
				<align>center</align>
				<textcolor>dialogheader</textcolor>
			</control>
			<control type="list" id="90100">
				<left>189</left>
				<top>88</top>
				<width>628</width>
				<height>480</height>
				<onup>90100</onup>
				<ondown>90100</ondown>
				<onleft>90100</onleft>
				<onright>60</onright>
				<pagecontrol>60</pagecontrol>
				<scrolltime tween="quadratic" easing="out">200</scrolltime>
				<itemlayout height="60" width="628">
					<control type="label">
						<width>628</width>
						<height>60</height>
						<textoffsetx>15</textoffsetx>
						<font>font14</font>
						<textcolor>grey2</textcolor>
						<selectedcolor>selected</selectedcolor>
						<label>$INFO[ListItem.Label]</label>
					</control>
				</itemlayout>
				<focusedlayout height="60" width="628">
					<control type="image">
						<width>629</width>
						<height>60</height>
						<texture border="5">listselect_fo.png</texture>
						<visible>Control.HasFocus(90100)</visible>
						<include>VisibleFadeAnimation</include>
					</control>
					<control type="label">
						<width>628</width>
						<height>60</height>
						<textoffsetx>15</textoffsetx>
						<font>font14</font>
						<textcolor>white</textcolor>
						<selectedcolor>selected</selectedcolor>
						<scroll>true</scroll>
						<label>$INFO[ListItem.Label]</label>
						<animation effect="fade" start="100" end="70" time="300" tween="sine" easing="inout" condition="!Control.HasFocus(90100)">Conditional</animation>
					</control>
				</focusedlayout>
				<content>
					<item>
						<label>$LOCALIZE[31148]</label>
						<onclick>Dialog.Close(1130)</onclick>
						<onclick>SetProperty(DoAction,True,movieinformation)</onclick>
						<visible>!String.IsEmpty(Window(movieinformation).Property(DirectorID)) | !String.IsEmpty(Window(movieinformation).Property(ActorID))</visible>
					</item>
					<item>
						<label>$LOCALIZE[31149]</label>
						<onclick>Dialog.Close(1130)</onclick>
						<onclick>ClearProperty(DirectorID,movieinformation)</onclick>
						<onclick>RunScript(script.embuary.info,call=person,query='"$INFO[Window(movieinformation).Property(ActorName)]"')</onclick>
						<visible>!String.IsEmpty(Window(movieinformation).Property(DirectorID))</visible>
					</item>
					<item>
						<label>$LOCALIZE[31149]</label>
						<onclick>Dialog.Close(1130)</onclick>
						<onclick>ClearProperty(ActorID,movieinformation)</onclick>
						<onclick>RunScript(script.embuary.info,call=person,query='"$INFO[Window(movieinformation).Property(ActorName)]"')</onclick>
						<visible>!String.IsEmpty(Window(movieinformation).Property(ActorID))</visible>
					</item>
				</content>
			</control>
		</control>
	</controls>
</window>