<?xml version="1.0" encoding="UTF-8"?>
<window type="dialog" id="1178">
	<onload condition="!String.IsEmpty(Window(home).Property(theme_ready)) + String.IsEmpty(Window(home).Property(PlayingOST)) + !String.Contains(ListItem.Path,http)">PlayMedia($ESCINFO[Control.GetLabel(6410),,theme.mp3],1)</onload>
	<onload condition="!String.IsEmpty(Window(home).Property(theme_ready)) + String.IsEmpty(Window(home).Property(PlayingOST)) + !String.Contains(ListItem.Path,http)">SetProperty(PlayingOST,True,home)</onload>
	<visible>System.IdleTime(3)</visible>
	<visible>!Window.IsActive(movieinformation)</visible>
	<visible>ListItem.IsCollection + !System.HasActiveModalDialog</visible>
	<visible>Window.IsActive(videos) + Skin.HasSetting(playTheme)</visible>
	<controls/>
</window>