<?xml version="1.0" encoding="UTF-8"?>
<window type="dialog" id="1184">
	<onload condition="!String.IsEqual(ListItem.FileExtension,strm)">Stop</onload>
	<visible>Skin.HasSetting(playTrailer)</visible>
	<visible>Container.OnNext | Container.OnPrevious | Window.IsActive(movieinformation) | !String.IsEmpty(Window(Home).Property(MediaMenu))</visible>
	<visible>!String.IsEqual(ListItem.FileExtension,strm)</visible>
	<visible>Container.Content(movies)</visible>
	<visible>String.IsEqual(Container.Viewmode,Shelf) | String.IsEqual(Container.Viewmode,RightList) | String.IsEqual(Container.Viewmode,Triple) | String.IsEqual(Container.Viewmode,Wall) | String.IsEqual(Container.Viewmode,Banner) | String.IsEqual(Container.Viewmode,Flix)</visible>
	<visible>!String.Contains(Player.Filenameandpath,theme.mp3)</visible>
    <controls></controls>
</window>