<?xml version="1.0" encoding="UTF-8"?>
<window id="1170" type="dialog">
	<defaultcontrol always="true">9000</defaultcontrol>
	<controls>
		<include content="CommonBackground">
			<param name="windowOpen" value="!Window.Previous(SettingsCategory.xml)"/>
			<param name="windowClose" value="!Window.Next(SettingsCategory.xml)"/>
		</include>
		<control type="image">
			<left>-10</left>
			<top>-10</top>
			<width>1950</width>
			<height>1100</height>
			<aspectratio>stretch</aspectratio>
			<texture background="true">black.png</texture>
			<animation effect="fade" end="85" condition="true">Conditional</animation>
		</control>
		<control type="image">
			<description>LOGO</description>
			<left>82</left>
			<top>25</top>
			<width>356</width>
			<height>120</height>
			<aspectratio>keep</aspectratio>
			<texture>aeon-tajo.png</texture>
		</control>
		<control type="group">
			<top>110</top>
			<left>30</left>
			<control type="list" id="9000">
				<left>81</left>
				<top>32</top>
				<width>356</width>
				<height>810</height>
				<onleft>9010</onleft>
				<onright>9010</onright>
				<onup>9000</onup>
				<ondown>9000</ondown>
				<pagecontrol/>
				<scrolltime tween="quadratic" easing="out">200</scrolltime>
				<include>SettingsFadeAnimation</include>
				<itemlayout height="90" width="356">
					<control type="label">
						<width>356</width>
						<height>90</height>
						<font>font15_bold</font>
						<textoffsetx>20</textoffsetx>
						<textcolor>grey2</textcolor>
						<selectedcolor>grey2</selectedcolor>
						<align>right</align>
						<label>$INFO[ListItem.Label]</label>
					</control>
				</itemlayout>
				<focusedlayout height="90" width="356">
					<control type="image">
						<width>356</width>
						<height>90</height>
						<texture border="4">listselect_fo.png</texture>
						<visible>Control.HasFocus(9000)</visible>
						<include>VisibleFadeAnimation</include>
					</control>
					<control type="label">
						<width>356</width>
						<height>90</height>
						<font>font15_bold</font>
						<textoffsetx>20</textoffsetx>
						<textcolor>white</textcolor>
						<selectedcolor>white</selectedcolor>
						<align>right</align>
						<label>$INFO[ListItem.Label]</label>
					</control>
				</focusedlayout>
				<content>
					<item id="1">
						<label>$LOCALIZE[31334]</label>
						<icon/>
					</item>
					<item id="2">
						<label>$LOCALIZE[31335]</label>
						<icon/>
					</item>
					<item id="3">
						<label>$LOCALIZE[31336]</label>
						<icon/>
					</item>
				</content>
			</control>
			<control type="textbox">
				<description>description area</description>
				<left>220</left>
				<top>814</top>
				<width>1480</width>
				<height>120</height>
				<align>center</align>
				<font>font15_textbox</font>
				<textcolor>grey2</textcolor>
				<label>$VAR[AddonStatusDescriptionVar]</label>
				<autoscroll time="3000" delay="4000" repeat="5000">true</autoscroll>
				<animation effect="fade" start="0" end="100" time="300" tween="sine" easing="inout">Visible</animation>
				<animation effect="fade" start="100" end="0" time="0" tween="sine" easing="inout">Hidden</animation>
				<visible>ControlGroup(9010).HasFocus()</visible>
			</control>
			<control type="group" id="9010">
				<control type="grouplist" id="9001">
					<left>487</left>
					<top>36</top>
					<width>1401</width>
					<height>810</height>
					<pagecontrol>60</pagecontrol>
					<onleft>9000</onleft>
					<onright>60</onright>
					<onup>9001</onup>
					<ondown>9001</ondown>
					<visible>Container(9000).HasFocus(1)</visible>
					<control type="button" id="100">
						<include>SettingsButtonCommonValues</include>
						<label>$INFO[System.AddonTitle(script.skinshortcuts)]</label>
						<label2>$INFO[System.AddonVersion(script.skinshortcuts),v, [COLOR themecolor]$LOCALIZE[31331][/COLOR]$LOCALIZE[31450]]</label2>
						<onclick>Addon.OpenSettings(script.skinshortcuts)</onclick>
						<visible>System.HasAddon(script.skinshortcuts)</visible>
					</control>
					<control type="button" id="101">
						<include>SettingsButtonCommonValues</include>
						<label>script.skinshortcuts</label>
						<label2>[COLOR invalid]$LOCALIZE[31332][/COLOR]$LOCALIZE[31451]</label2>
						<onclick>InstallAddon(script.skinshortcuts)</onclick>
						<visible>!System.HasAddon(script.skinshortcuts)</visible>
					</control>
					<control type="button" id="102">
						<include>SettingsButtonCommonValues</include>
						<label>$INFO[System.AddonTitle(service.library.data.provider)]</label>
						<label2>$INFO[System.AddonVersion(service.library.data.provider),v, [COLOR themecolor]$LOCALIZE[31331][/COLOR]$LOCALIZE[31450]]</label2>
						<onclick>Addon.OpenSettings(service.library.data.provider)</onclick>
						<visible>System.HasAddon(service.library.data.provider)</visible>
					</control>
					<control type="button" id="103">
						<include>SettingsButtonCommonValues</include>
						<label>service.library.data.provider</label>
						<label2>[COLOR invalid]$LOCALIZE[31332][/COLOR]$LOCALIZE[31451]</label2>
						<onclick>InstallAddon(service.library.data.provider)</onclick>
						<visible>!System.HasAddon(service.library.data.provider)</visible>
					</control>
					<control type="button" id="106">
						<include>SettingsButtonCommonValues</include>
						<label>$INFO[System.AddonTitle(resource.images.studios.white)]</label>
						<label2>$INFO[System.AddonVersion(resource.images.studios.white),v, [COLOR themecolor]$LOCALIZE[31331][/COLOR]]</label2>
						<visible>System.HasAddon(resource.images.studios.white)</visible>
					</control>
					<control type="button" id="107">
						<include>SettingsButtonCommonValues</include>
						<label>resource.images.studios.white</label>
						<label2>[COLOR invalid]$LOCALIZE[31332][/COLOR]$LOCALIZE[31451]</label2>
						<onclick>InstallAddon(resource.images.studios.white)</onclick>
						<visible>!System.HasAddon(resource.images.studios.white)</visible>
					</control>
					<control type="button" id="108">
						<include>SettingsButtonCommonValues</include>
						<label>$INFO[System.AddonTitle(resource.images.recordlabels.white)]</label>
						<label2>$INFO[System.AddonVersion(resource.images.recordlabels.white),v, [COLOR themecolor]$LOCALIZE[31331][/COLOR]]</label2>
						<visible>System.HasAddon(resource.images.recordlabels.white)</visible>
					</control>
					<control type="button" id="109">
						<include>SettingsButtonCommonValues</include>
						<label>resource.images.recordlabels.white</label>
						<label2>[COLOR invalid]$LOCALIZE[31332][/COLOR]$LOCALIZE[31451]</label2>
						<onclick>InstallAddon(resource.images.recordlabels.white)</onclick>
						<visible>!System.HasAddon(resource.images.recordlabels.white)</visible>
					</control>
				</control>
				<control type="grouplist" id="9002">
					<left>487</left>
					<top>36</top>
					<width>1401</width>
					<height>895</height>
					<pagecontrol>60</pagecontrol>
					<onleft>9000</onleft>
					<onright>60</onright>
					<onup>9002</onup>
					<ondown>9002</ondown>
					<visible>Container(9000).HasFocus(2)</visible>
					<control type="button" id="200">
						<include>SettingsButtonCommonValues</include>
						<label>$INFO[System.AddonTitle(script.embuary.info)]</label>
						<label2>$INFO[System.AddonVersion(script.embuary.info),v, [COLOR themecolor]$LOCALIZE[31331][/COLOR]$LOCALIZE[31450]]</label2>
						<onclick>Addon.OpenSettings(script.embuary.info)</onclick>
						<visible>System.HasAddon(script.embuary.info)</visible>
					</control>
					<control type="button" id="201">
						<include>SettingsButtonCommonValues</include>
						<label>script.embuary.info</label>
						<label2>[COLOR invalid]$LOCALIZE[31332][/COLOR]$LOCALIZE[31451]</label2>
						<onclick>InstallAddon(script.embuary.info)</onclick>
						<visible>!System.HasAddon(script.embuary.info)</visible>
					</control>
					<control type="button" id="202">
						<include>SettingsButtonCommonValues</include>
						<label>$INFO[System.AddonTitle(script.cu.lrclyrics)]</label>
						<label2>$INFO[System.AddonVersion(script.cu.lrclyrics),v, [COLOR themecolor]$LOCALIZE[31331][/COLOR]$LOCALIZE[31450]]</label2>
						<onclick>Addon.OpenSettings(script.cu.lrclyrics)</onclick>
						<visible>System.HasAddon(script.cu.lrclyrics)</visible>
					</control>
					<control type="button" id="203">
						<include>SettingsButtonCommonValues</include>
						<label>script.cu.lrclyrics</label>
						<label2>[COLOR invalid]$LOCALIZE[31332][/COLOR]$LOCALIZE[31451]</label2>
						<onclick>InstallAddon(script.cu.lrclyrics)</onclick>
						<visible>!System.HasAddon(script.cu.lrclyrics)</visible>
					</control>
					<control type="button" id="204">
						<include>SettingsButtonCommonValues</include>
						<label>$INFO[System.AddonTitle(script.artistslideshow)]</label>
						<label2>$INFO[System.AddonVersion(script.artistslideshow),v, [COLOR themecolor]$LOCALIZE[31331][/COLOR]$LOCALIZE[31450]]</label2>
						<onclick>Addon.OpenSettings(script.artistslideshow)</onclick>
						<visible>System.HasAddon(script.artistslideshow)</visible>
					</control>
					<control type="button" id="205">
						<include>SettingsButtonCommonValues</include>
						<label>script.artistslideshow</label>
						<label2>[COLOR invalid]$LOCALIZE[31332][/COLOR]$LOCALIZE[31451]</label2>
						<onclick>InstallAddon(script.artistslideshow)</onclick>
						<visible>!System.HasAddon(script.artistslideshow)</visible>
					</control>
					<control type="button" id="206">
						<include>SettingsButtonCommonValues</include>
						<label>$INFO[System.AddonTitle(script.embuary.helper)]</label>
						<label2>$INFO[System.AddonVersion(script.embuary.helper),v, [COLOR themecolor]$LOCALIZE[31331][/COLOR]$LOCALIZE[31450]]</label2>
						<onclick>Addon.OpenSettings(script.embuary.helper)</onclick>
						<visible>System.HasAddon(script.embuary.helper)</visible>
					</control>
					<control type="button" id="207">
						<include>SettingsButtonCommonValues</include>
						<label>script.embuary.helper</label>
						<label2>[COLOR invalid]$LOCALIZE[31332][/COLOR]$LOCALIZE[31451]</label2>
						<onclick>InstallAddon(script.embuary.helper)</onclick>
						<visible>!System.HasAddon(script.embuary.helper)</visible>
					</control>
					<control type="button" id="317">
						<include>SettingsButtonCommonValues</include>
						<label>$INFO[System.AddonTitle(plugin.video.themoviedb.helper)]</label>
						<label2>$INFO[System.AddonVersion(plugin.video.themoviedb.helper),v, [COLOR themecolor]$LOCALIZE[31331][/COLOR]$LOCALIZE[31450]]</label2>
						<onclick>Addon.OpenSettings(plugin.video.themoviedb.helper)</onclick>
						<visible>System.HasAddon(plugin.video.themoviedb.helper)</visible>
					</control>
					<control type="button" id="318">
						<include>SettingsButtonCommonValues</include>
						<label>plugin.video.themoviedb.helper</label>
						<label2>[COLOR invalid]$LOCALIZE[31332][/COLOR]$LOCALIZE[31451]</label2>
						<onclick>InstallAddon(plugin.video.themoviedb.helper)</onclick>
						<visible>!System.HasAddon(plugin.video.themoviedb.helper)</visible>
					</control>
					<control type="button" id="208">
						<include>SettingsButtonCommonValues</include>
						<label>$INFO[System.AddonTitle(script.globalsearch)]</label>
						<label2>$INFO[System.AddonVersion(script.globalsearch),v, [COLOR themecolor]$LOCALIZE[31331][/COLOR]$LOCALIZE[31450]]</label2>
						<onclick>Addon.OpenSettings(script.globalsearch)</onclick>
						<visible>System.HasAddon(script.globalsearch)</visible>
					</control>
					<control type="button" id="209">
						<include>SettingsButtonCommonValues</include>
						<label>script.globalsearch</label>
						<label2>[COLOR invalid]$LOCALIZE[31332][/COLOR]$LOCALIZE[31451]</label2>
						<onclick>InstallAddon(script.globalsearch)</onclick>
						<visible>!System.HasAddon(script.globalsearch)</visible>
					</control>
					<control type="button" id="216">
						<include>SettingsButtonCommonValues</include>
						<label>$INFO[System.AddonTitle(script.image.resource.select)]</label>
						<label2>$INFO[System.AddonVersion(script.image.resource.select),v, [COLOR themecolor]$LOCALIZE[31331][/COLOR]]</label2>
						<visible>System.HasAddon(script.image.resource.select)</visible>
					</control>
					<control type="button" id="217">
						<include>SettingsButtonCommonValues</include>
						<label>script.image.resource.select</label>
						<label2>[COLOR invalid]$LOCALIZE[31332][/COLOR]$LOCALIZE[31451]</label2>
						<onclick>InstallAddon(script.image.resource.select)</onclick>
						<visible>!System.HasAddon(script.image.resource.select)</visible>
					</control>
					<control type="button" id="300">
						<include>SettingsButtonCommonValues</include>
						<label>$INFO[System.AddonTitle(plugin.video.youtube)]</label>
						<label2>$INFO[System.AddonVersion(plugin.video.youtube),v, [COLOR themecolor]$LOCALIZE[31331][/COLOR]$LOCALIZE[31450]]</label2>
						<onclick>Addon.OpenSettings(plugin.video.youtube)</onclick>
						<visible>System.HasAddon(plugin.video.youtube)</visible>
					</control>
					<control type="button" id="301">
						<include>SettingsButtonCommonValues</include>
						<label>plugin.video.youtube</label>
						<label2>[COLOR invalid]$LOCALIZE[31332][/COLOR]$LOCALIZE[31451]</label2>
						<onclick>InstallAddon(plugin.video.youtube)</onclick>
						<visible>!System.HasAddon(plugin.video.youtube)</visible>
					</control>
					<control type="button" id="389">
						<include>SettingsButtonCommonValues</include>
						<label>$INFO[System.AddonTitle(resource.images.studios.coloured)]</label>
						<label2>$INFO[System.AddonVersion(resource.images.studios.coloured),v, [COLOR themecolor]$LOCALIZE[31331][/COLOR]]</label2>
						<visible>System.HasAddon(resource.images.studios.coloured)</visible>
					</control>
					<control type="button" id="390">
						<include>SettingsButtonCommonValues</include>
						<label>resource.images.studios.coloured</label>
						<label2>[COLOR invalid]$LOCALIZE[31332][/COLOR]$LOCALIZE[31451]</label2>
						<onclick>InstallAddon(resource.images.studios.coloured)</onclick>
						<visible>!System.HasAddon(resource.images.studios.coloured)</visible>
					</control>
				</control>
				<control type="grouplist" id="9053">
					<left>487</left>
					<top>36</top>
					<width>1401</width>
					<height>895</height>
					<pagecontrol>60</pagecontrol>
					<onleft>9000</onleft>
					<onright>60</onright>
					<onup>9053</onup>
					<ondown>9053</ondown>
					<visible>Container(9000).HasFocus(3)</visible>
					<control type="button" id="210">
						<include>SettingsButtonCommonValues</include>
						<label>$INFO[System.AddonTitle(service.upnext)]</label>
						<label2>$INFO[System.AddonVersion(service.upnext),v, [COLOR themecolor]$LOCALIZE[31331][/COLOR]$LOCALIZE[31450]]</label2>
						<onclick>Addon.OpenSettings(service.upnext)</onclick>
						<visible>System.HasAddon(service.upnext)</visible>
					</control>
					<control type="button" id="211">
						<include>SettingsButtonCommonValues</include>
						<label>service.upnext</label>
						<label2>[COLOR invalid]$LOCALIZE[31332][/COLOR]$LOCALIZE[31451]</label2>
						<onclick>InstallAddon(service.upnext)</onclick>
						<visible>!System.HasAddon(service.upnext)</visible>
					</control>
					<control type="button" id="214">
						<include>SettingsButtonCommonValues</include>
						<label>$INFO[System.AddonTitle(resource.images.actorart)]</label>
						<label2>$INFO[System.AddonVersion(resource.images.actorart),v, [COLOR themecolor]$LOCALIZE[31331][/COLOR]]</label2>
						<visible>System.HasAddon(resource.images.actorart)</visible>
					</control>
					<control type="button" id="215">
						<include>SettingsButtonCommonValues</include>
						<label>resource.images.actorart</label>
						<label2>[COLOR invalid]$LOCALIZE[31332][/COLOR]$LOCALIZE[31451]</label2>
						<onclick>InstallAddon(resource.images.actorart)</onclick>
						<visible>!System.HasAddon(resource.images.actorart)</visible>
					</control>
				</control>
			</control>
		</control>
	</controls>
</window>