<?xml version="1.0" encoding="UTF-8"?>
<window id="1113" type="dialog">
	<defaultcontrol always="true">9013</defaultcontrol>
	<onunload condition="!String.IsEmpty(Window(movieinformation).Property(FSFanart))">ClearProperty(FSFanart,movieinformation)</onunload>
	<onunload condition="!String.IsEmpty(Window(movieinformation).Property(FSFanart1))">ClearProperty(FSFanart1,movieinformation)</onunload>
	<onunload condition="!String.IsEmpty(Window(movieinformation).Property(FSFanart2))">ClearProperty(FSFanart2,movieinformation)</onunload>
	<onunload condition="!String.IsEmpty(Window(movieinformation).Property(FSFanart3))">ClearProperty(FSFanart3,movieinformation)</onunload>
	<onunload condition="!String.IsEmpty(Window(movieinformation).Property(FSFanart4))">ClearProperty(FSFanart4,movieinformation)</onunload>
	<onunload condition="!String.IsEmpty(Window(movieinformation).Property(FSFanart5))">ClearProperty(FSFanart5,movieinformation)</onunload>
	<onunload condition="!String.IsEmpty(Window(movieinformation).Property(FSFanart6))">ClearProperty(FSFanart6,movieinformation)</onunload>
	<onunload condition="!String.IsEmpty(Window(movieinformation).Property(FSFanart7))">ClearProperty(FSFanart7,movieinformation)</onunload>
	<onunload condition="!String.IsEmpty(Window(movieinformation).Property(FSFanart8))">ClearProperty(FSFanart8,movieinformation)</onunload>
	<onunload condition="!String.IsEmpty(Window(movieinformation).Property(FSFanart9))">ClearProperty(FSFanart9,movieinformation)</onunload>
	<onunload condition="!String.IsEmpty(Window(movieinformation).Property(FSFanart10))">ClearProperty(FSFanart10,movieinformation)</onunload>
	<onunload condition="!String.IsEmpty(Window(movieinformation).Property(FSFanart11))">ClearProperty(FSFanart11,movieinformation)</onunload>
	<onunload condition="!String.IsEmpty(Window(movieinformation).Property(FSFanart12))">ClearProperty(FSFanart12,movieinformation)</onunload>
	<onunload condition="!String.IsEmpty(Window(movieinformation).Property(FSFanart13))">ClearProperty(FSFanart13,movieinformation)</onunload>
	<onunload condition="!String.IsEmpty(Window(movieinformation).Property(FSFanart14))">ClearProperty(FSFanart14,movieinformation)</onunload>
	<onunload condition="!String.IsEmpty(Window(movieinformation).Property(FSFanart15))">ClearProperty(FSFanart15,movieinformation)</onunload>
	<onunload condition="!String.IsEmpty(Window(movieinformation).Property(FSFanart16))">ClearProperty(FSFanart16,movieinformation)</onunload>
	<onunload condition="!String.IsEmpty(Window(movieinformation).Property(FSFanart17))">ClearProperty(FSFanart17,movieinformation)</onunload>
	<onunload condition="!String.IsEmpty(Window(movieinformation).Property(FSFanart18))">ClearProperty(FSFanart18,movieinformation)</onunload>
	<onunload condition="!String.IsEmpty(Window(movieinformation).Property(FSFanart19))">ClearProperty(FSFanart19,movieinformation)</onunload>
	<onunload condition="String.IsEmpty(Window(movieinformation).Property(FSFanart))">SetFocus(50)</onunload>
	<controls>
		<control type="button" id="9013">
			<include>HiddenObject</include>
			<onclick>Dialog.Close(1113)</onclick>
			<onup>Dialog.Close(1113)</onup>
			<ondown>Dialog.Close(1113)</ondown>
			<onleft>Dialog.Close(1113)</onleft>
			<onright>Dialog.Close(1113)</onright>
		</control>
		<control type="list" id="4321">
			<scrolltime>4000</scrolltime>
			<autoscroll>true</autoscroll>
			<itemlayout>
			</itemlayout>
			<focusedlayout>
			</focusedlayout>
			<content>
				<item>
					<label>$INFO[Window(movieinformation).Property(FSFanart)]</label>
					<visible>!String.IsEmpty(Window(movieinformation).Property(FSFanart))</visible>
				</item>
				<item>
					<label>$INFO[Window(movieinformation).Property(FSFanart1)]</label>
					<visible>!String.IsEmpty(Window(movieinformation).Property(FSFanart1))</visible>
				</item>
				<item>
					<label>$INFO[Window(movieinformation).Property(FSFanart2)]</label>
					<visible>!String.IsEmpty(Window(movieinformation).Property(FSFanart2))</visible>
				</item>
				<item>
					<label>$INFO[Window(movieinformation).Property(FSFanart3)]</label>
					<visible>!String.IsEmpty(Window(movieinformation).Property(FSFanart3))</visible>
				</item>
				<item>
					<label>$INFO[Window(movieinformation).Property(FSFanart4)]</label>
					<visible>!String.IsEmpty(Window(movieinformation).Property(FSFanart4))</visible>
				</item>
				<item>
					<label>$INFO[Window(movieinformation).Property(FSFanart5)]</label>
					<visible>!String.IsEmpty(Window(movieinformation).Property(FSFanart5))</visible>
				</item>
				<item>
					<label>$INFO[Window(movieinformation).Property(FSFanart6)]</label>
					<visible>!String.IsEmpty(Window(movieinformation).Property(FSFanart6))</visible>
				</item>
				<item>
					<label>$INFO[Window(movieinformation).Property(FSFanart7)]</label>
					<visible>!String.IsEmpty(Window(movieinformation).Property(FSFanart7))</visible>
				</item>
				<item>
					<label>$INFO[Window(movieinformation).Property(FSFanart8)]</label>
					<visible>!String.IsEmpty(Window(movieinformation).Property(FSFanart8))</visible>
				</item>
				<item>
					<label>$INFO[Window(movieinformation).Property(FSFanart9)]</label>
					<visible>!String.IsEmpty(Window(movieinformation).Property(FSFanart9))</visible>
				</item>
				<item>
					<label>$INFO[Window(movieinformation).Property(FSFanart10)]</label>
					<visible>!String.IsEmpty(Window(movieinformation).Property(FSFanart10))</visible>
				</item>
				<item>
					<label>$INFO[Window(movieinformation).Property(FSFanart11)]</label>
					<visible>!String.IsEmpty(Window(movieinformation).Property(FSFanart11))</visible>
				</item>
				<item>
					<label>$INFO[Window(movieinformation).Property(FSFanart12)]</label>
					<visible>!String.IsEmpty(Window(movieinformation).Property(FSFanart12))</visible>
				</item>
				<item>
					<label>$INFO[Window(movieinformation).Property(FSFanart13)]</label>
					<visible>!String.IsEmpty(Window(movieinformation).Property(FSFanart13))</visible>
				</item>
				<item>
					<label>$INFO[Window(movieinformation).Property(FSFanart14)]</label>
					<visible>!String.IsEmpty(Window(movieinformation).Property(FSFanart14))</visible>
				</item>
				<item>
					<label>$INFO[Window(movieinformation).Property(FSFanart15)]</label>
					<visible>!String.IsEmpty(Window(movieinformation).Property(FSFanart15))</visible>
				</item>
				<item>
					<label>$INFO[Window(movieinformation).Property(FSFanart16)]</label>
					<visible>!String.IsEmpty(Window(movieinformation).Property(FSFanart16))</visible>
				</item>
				<item>
					<label>$INFO[Window(movieinformation).Property(FSFanart17)]</label>
					<visible>!String.IsEmpty(Window(movieinformation).Property(FSFanart17))</visible>
				</item>
				<item>
					<label>$INFO[Window(movieinformation).Property(FSFanart18)]</label>
					<visible>!String.IsEmpty(Window(movieinformation).Property(FSFanart18))</visible>
				</item>
				<item>
					<label>$INFO[Window(movieinformation).Property(FSFanart19)]</label>
					<visible>!String.IsEmpty(Window(movieinformation).Property(FSFanart19))</visible>
				</item>
			</content>
		</control>
		<control type="image">
			<include>FullscreenDimensions</include>
			<texture background="true">blackk.jpg</texture>
		</control>
		<control type="multiimage">
			<include>FullscreenDimensions</include>
			<imagepath background="true">$INFO[Control.GetLabel(4321)]</imagepath>
		</control>
	</controls>
</window>