<?xml version="1.0" encoding="UTF-8"?>
<window type="dialog" id="1188">
	<onload condition="Integer.IsGreater(Container(5764).NumItems,0) + !Control.IsVisible(8546) + !Control.IsVisible(8547) + !Control.IsVisible(8549)">PlayMedia($ESCINFO[Container(5764).ListItem.FileNameAndPath],1)</onload>
	<onload condition="Integer.IsGreater(Container(5764).NumItems,0) + !Control.IsVisible(8546) + !Control.IsVisible(8547) + !Control.IsVisible(8549)">SetProperty(PlayingMusicPreviewAlbum,True,home)</onload>
	<visible>System.IdleTime(3)</visible>
	<visible>!Container.Content(musicvideos) + !String.StartsWith(container.folderpath,library://video/musicvideos/) + !String.StartsWith(container.folderpath,videodb://musicvideos)</visible>
	<visible>Container.Content(albums) + !String.StartsWith(ListItem.Label,*)</visible>
	<visible>!String.IsEqual(Container.Viewmode,$LOCALIZE[21888]) + !String.IsEqual(Container.Viewmode,Triple)</visible>
	<visible>!Player.Playing</visible>
	<visible>!ListItem.IsParentFolder</visible>
	<visible>Skin.HasSetting(PlayPreviewM)</visible>
	<visible>!Player.HasVideo</visible>
	<controls/>
</window>