<?xml version="1.0" encoding="UTF-8"?>
<window type="dialog" id="1186">
	<onload condition="Integer.IsGreater(Container(5763).NumItems,0)">PlayMedia($ESCINFO[Container(5763).ListItem.FileNameAndPath],1)</onload>
	<onload condition="Integer.IsGreater(Container(5763).NumItems,0)">SetProperty(PlayingMusicPreview,True,home)</onload>
	<visible>System.IdleTime(3)</visible>
	<visible>Container.Content(artists) + !String.StartsWith(ListItem.Label,*)</visible>
	<visible>!String.IsEqual(Container.Viewmode,$LOCALIZE[21888]) + !String.IsEqual(Container.Viewmode,Triple)</visible>
	<visible>!Player.Playing</visible>
	<visible>!ListItem.IsParentFolder</visible>
	<visible>Skin.HasSetting(PlayPreviewM)</visible>
	<visible>!ListItem.IsParentFolder</visible>
	<controls/>
</window>