<?xml version="1.0" encoding="UTF-8"?>
<window>
	<defaultcontrol always="true">9000</defaultcontrol>
	<onload condition="!String.IsEmpty(Window(Home).Property(extras_yes))">ClearProperty(extras_yes,home)</onload>
	<onload condition="!String.IsEqual(ListItem.DBTYPE,set)">SetFocus(90003)</onload>
	<onload condition="![Window.IsActive(home) + String.IsEqual(ListItem.DBTYPE,tvshow)]">SetFocus(8)</onload>
	<onload condition="Window.IsActive(home) + String.IsEqual(ListItem.DBTYPE,tvshow)">SetFocus(808)</onload>
	<onload condition="!String.IsEqual(ListItem.DBTYPE,set) + !String.IsEqual(ListItem.DBTYPE,movie) + !String.IsEqual(ListItem.DBTYPE,episode)">Skin.SetString(TitleSeason,$INFO[ListItem.Label])</onload>
	<onload condition="String.IsEqual(ListItem.DBTYPE,tvshow) + Skin.HasSetting(SearchExtras) + Skin.HasSetting(SettingCommon)">RunScript(script.embuary.helper,action=lookforfile,file='"$INFO[ListItem.FolderPath]$VAR[Extras_path]/"',prop=extras_yes)</onload>
	<onload condition="String.IsEqual(ListItem.DBTYPE,movie) + Skin.HasSetting(SearchExtras) + Skin.HasSetting(SettingCommon)">RunScript(script.embuary.helper,action=lookforfile,file='"$INFO[ListItem.Path]$VAR[Extras_path]/"',prop=extras_yes)</onload>
	<onunload condition="!String.IsEmpty(Window(movieinformation).Property(FSFanart))">ClearProperty(FSFanart,movieinformation)</onunload>
	<onunload condition="!String.IsEmpty(Window(movieinformation).Property(FSFanart1))">ClearProperty(FSFanart1,movieinformation)</onunload>
	<onunload condition="!String.IsEmpty(Window(movieinformation).Property(FSFanart2))">ClearProperty(FSFanart2,movieinformation)</onunload>
	<onunload condition="!String.IsEmpty(Window(movieinformation).Property(FSFanart3))">ClearProperty(FSFanart3,movieinformation)</onunload>
	<onunload condition="!String.IsEmpty(Window(movieinformation).Property(FSFanart4))">ClearProperty(FSFanart4,movieinformation)</onunload>
	<onunload condition="!String.IsEmpty(Window(movieinformation).Property(FSFanart5))">ClearProperty(FSFanart5,movieinformation)</onunload>
	<onunload condition="!String.IsEmpty(Window(movieinformation).Property(FSFanart6))">ClearProperty(FSFanart6,movieinformation)</onunload>
	<onunload condition="!String.IsEmpty(Window(movieinformation).Property(FSFanart7))">ClearProperty(FSFanart7,movieinformation)</onunload>
	<onunload condition="!String.IsEmpty(Window(movieinformation).Property(FSFanart8))">ClearProperty(FSFanart8,movieinformation)</onunload>
	<onunload condition="!String.IsEmpty(Window(movieinformation).Property(FSFanart9))">ClearProperty(FSFanart9,movieinformation)</onunload>
	<onunload condition="!String.IsEmpty(Window(movieinformation).Property(FSFanart10))">ClearProperty(FSFanart10,movieinformation)</onunload>
	<onunload condition="!String.IsEmpty(Window(movieinformation).Property(FSFanart11))">ClearProperty(FSFanart11,movieinformation)</onunload>
	<onunload condition="!String.IsEmpty(Window(movieinformation).Property(FSFanart12))">ClearProperty(FSFanart12,movieinformation)</onunload>
	<onunload condition="!String.IsEmpty(Window(movieinformation).Property(FSFanart13))">ClearProperty(FSFanart13,movieinformation)</onunload>
	<onunload condition="!String.IsEmpty(Window(movieinformation).Property(FSFanart14))">ClearProperty(FSFanart14,movieinformation)</onunload>
	<onunload condition="!String.IsEmpty(Window(movieinformation).Property(FSFanart15))">ClearProperty(FSFanart15,movieinformation)</onunload>
	<onunload condition="!String.IsEmpty(Window(movieinformation).Property(FSFanart16))">ClearProperty(FSFanart16,movieinformation)</onunload>
	<onunload condition="!String.IsEmpty(Window(movieinformation).Property(FSFanart17))">ClearProperty(FSFanart17,movieinformation)</onunload>
	<onunload condition="!String.IsEmpty(Window(movieinformation).Property(FSFanart18))">ClearProperty(FSFanart18,movieinformation)</onunload>
	<onunload condition="!String.IsEmpty(Window(movieinformation).Property(FSFanart19))">ClearProperty(FSFanart19,movieinformation)</onunload>
	<onunload condition="!String.IsEmpty(Skin.String(TitleSeason))">Skin.Reset(TitleSeason)</onunload>
	<onunload>ClearProperty(Extras_info,Home)</onunload>
	<onunload condition="Player.Playing + !String.Contains(Player.Filenameandpath,theme.mp3)">Stop</onunload>
	<onunload condition="!String.IsEmpty(Window(Home).Property(extras_yes))">ClearProperty(extras_yes,home)</onunload>
	<controls>
		<include condition="!String.IsEqual(ListItem.DBTYPE,set) + System.HasAddon(script.embuary.info)">HiddenActorList</include>
		<control type="list" id="3322">
			<visible>[String.IsEqual(ListItem.DBTYPE,movie) | String.IsEqual(ListItem.DBTYPE,tvshow)] + Skin.HasSetting(SearchExtras) + Skin.HasSetting(SettingCommon)</visible>
			<content>musicdb://songs/?xsp=%7B%22rules%22%3A%7B%22and%22%3A%5B%7B%22field%22%3A%22album%22%2C%22operator%22%3A%22is%22%2C%22value%22%3A%5B%22$INFO[ListItem.Title]%22%5D%7D%2C%7B%22field%22%3A%22year%22%2C%22operator%22%3A%22is%22%2C%22value%22%3A%5B%22$INFO[ListItem.Year]%22%5D%7D%5D%7D%2C%22type%22%3A%22songs%22%7D</content>
			<content>$VAR[Title_xsp]</content>
			<itemlayout/>
			<focusedlayout/>
		</control>
		<control type="fadelabel" id="4510">
			<top>-100</top>
			<width>2560</width>
			<height>0</height>
			<pauseatend>2000</pauseatend>
			<randomize>false</randomize>
			<scroll>false</scroll>
			<scrollout>false</scrollout>
			<resetonlabelchange>true</resetonlabelchange>
			<label>$INFO[ListItem.Art(poster)]</label>
			<label>$INFO[ListItem.Art(poster1)]</label>
			<label>$INFO[ListItem.Art(poster2)]</label>
			<label>$INFO[ListItem.Art(poster3)]</label>
			<label>$INFO[ListItem.Art(poster4)]</label>
			<label>$INFO[ListItem.Art(poster5)]</label>
			<label>$INFO[ListItem.Art(poster6)]</label>
			<label>$INFO[ListItem.Art(poster7)]</label>
			<label>$INFO[ListItem.Art(poster8)]</label>
			<label>$INFO[ListItem.Art(poster9)]</label>
			<label>$INFO[ListItem.Art(poster10)]</label>
			<label>$INFO[ListItem.Art(poster11)]</label>
			<label>$INFO[ListItem.Art(poster12)]</label>
			<label>$INFO[ListItem.Art(poster13)]</label>
			<label>$INFO[ListItem.Art(poster14)]</label>
			<label>$INFO[ListItem.Art(poster15)]</label>
			<label>$INFO[ListItem.Art(poster16)]</label>
			<label>$INFO[ListItem.Art(poster17)]</label>
			<label>$INFO[ListItem.Art(poster18)]</label>
			<label>$INFO[ListItem.Art(poster19)]</label>
			<label>$INFO[ListItem.Art(poster20)]</label>
			<label>$INFO[ListItem.Art(poster21)]</label>
			<label>$INFO[ListItem.Art(poster22)]</label>
			<label>$INFO[ListItem.Art(poster23)]</label>
			<label>$INFO[ListItem.Art(poster24)]</label>
			<label>$INFO[ListItem.Art(poster25)]</label>
			<label>$INFO[ListItem.Art(poster26)]</label>
			<label>$INFO[ListItem.Art(poster27)]</label>
			<label>$INFO[ListItem.Art(poster28)]</label>
			<label>$INFO[ListItem.Art(poster29)]</label>
			<label>$INFO[ListItem.Art(poster30)]</label>
			<label>$INFO[ListItem.Art(poster31)]</label>
			<label>$INFO[ListItem.Art(poster32)]</label>
			<label>$INFO[ListItem.Art(poster33)]</label>
			<label>$INFO[ListItem.Art(poster34)]</label>
			<label>$INFO[ListItem.Art(poster35)]</label>
		</control>
		<control type="fadelabel" id="6927">
			<top>-1000</top>
			<width>1</width>
			<height>1</height>
			<info>ListItem.Art(characterart)</info>
			<info>ListItem.Art(characterart1)</info>
			<info>ListItem.Art(characterart2)</info>
			<info>ListItem.Art(characterart3)</info>
			<info>ListItem.Art(characterart4)</info>
			<info>ListItem.Art(characterart5)</info>
			<info>ListItem.Art(characterart6)</info>
			<info>ListItem.Art(characterart7)</info>
			<info>ListItem.Art(characterart8)</info>
			<info>ListItem.Art(characterart9)</info>
			<info>ListItem.Art(tvshow.characterart)</info>
			<info>ListItem.Art(tvshow.characterart1)</info>
			<info>ListItem.Art(tvshow.characterart2)</info>
			<info>ListItem.Art(tvshow.characterart3)</info>
			<info>ListItem.Art(tvshow.characterart4)</info>
			<info>ListItem.Art(tvshow.characterart5)</info>
			<info>ListItem.Art(tvshow.characterart6)</info>
			<info>ListItem.Art(tvshow.characterart7)</info>
			<info>ListItem.Art(tvshow.characterart8)</info>
			<info>ListItem.Art(tvshow.characterart9)</info>
			<info>ListItem.Art(clearart)</info>
			<info>ListItem.Art(clearlogo)</info>
			<info>ListItem.Art(discart)</info>
			<info>ListItem.Art(banner)</info>
			<info>ListItem.Art(landscape)</info>
			<info>ListItem.Art(tvshow.landscape)</info>
			<info>ListItem.Art(tvshow.banner)</info>
			<info>ListItem.Art(tvshow.clearart)</info>
			<info>ListItem.Art(tvshow.clearlogo)</info>
			<info>Container(8930).ListItemAbsolute(0).Art(clearlogo)</info>
			<info>Container(8930).ListItemAbsolute(1).Art(clearlogo)</info>
			<info>Container(8930).ListItemAbsolute(2).Art(clearlogo)</info>
			<info>Container(8930).ListItemAbsolute(3).Art(clearlogo)</info>
			<info>Container(8930).ListItemAbsolute(4).Art(clearlogo)</info>
			<info>Container(8930).ListItemAbsolute(5).Art(clearlogo)</info>
			<info>Container(8930).ListItemAbsolute(6).Art(clearlogo)</info>
			<info>Container(8930).ListItemAbsolute(7).Art(clearlogo)</info>
			<info>Container(8930).ListItemAbsolute(8).Art(clearlogo)</info>
			<info>Container(8930).ListItemAbsolute(9).Art(clearlogo)</info>
			<info>Container(8930).ListItemAbsolute(0).Art(clearart)</info>
			<info>Container(8930).ListItemAbsolute(1).Art(clearart)</info>
			<info>Container(8930).ListItemAbsolute(2).Art(clearart)</info>
			<info>Container(8930).ListItemAbsolute(3).Art(clearart)</info>
			<info>Container(8930).ListItemAbsolute(4).Art(clearart)</info>
			<info>Container(8930).ListItemAbsolute(5).Art(clearart)</info>
			<info>Container(8930).ListItemAbsolute(6).Art(clearart)</info>
			<info>Container(8930).ListItemAbsolute(7).Art(clearart)</info>
			<info>Container(8930).ListItemAbsolute(8).Art(clearart)</info>
			<info>Container(8930).ListItemAbsolute(9).Art(clearart)</info>
			<info>Container(8930).ListItemAbsolute(0).Art(discart)</info>
			<info>Container(8930).ListItemAbsolute(1).Art(discart)</info>
			<info>Container(8930).ListItemAbsolute(2).Art(discart)</info>
			<info>Container(8930).ListItemAbsolute(3).Art(discart)</info>
			<info>Container(8930).ListItemAbsolute(4).Art(discart)</info>
			<info>Container(8930).ListItemAbsolute(5).Art(discart)</info>
			<info>Container(8930).ListItemAbsolute(6).Art(discart)</info>
			<info>Container(8930).ListItemAbsolute(7).Art(discart)</info>
			<info>Container(8930).ListItemAbsolute(8).Art(discart)</info>
			<info>Container(8930).ListItemAbsolute(9).Art(discart)</info>
			<info>Container(8930).ListItemAbsolute(0).Art(landscape)</info>
			<info>Container(8930).ListItemAbsolute(1).Art(landscape)</info>
			<info>Container(8930).ListItemAbsolute(2).Art(landscape)</info>
			<info>Container(8930).ListItemAbsolute(3).Art(landscape)</info>
			<info>Container(8930).ListItemAbsolute(4).Art(landscape)</info>
			<info>Container(8930).ListItemAbsolute(5).Art(landscape)</info>
			<info>Container(8930).ListItemAbsolute(6).Art(landscape)</info>
			<info>Container(8930).ListItemAbsolute(7).Art(landscape)</info>
			<info>Container(8930).ListItemAbsolute(8).Art(landscape)</info>
			<info>Container(8930).ListItemAbsolute(9).Art(landscape)</info>
			<randomize>true</randomize>
			<pauseatend>3000</pauseatend>
			<scroll>false</scroll>
			<scrollout>false</scrollout>
			<resetonlabelchange>true</resetonlabelchange>
		</control>
		<control type="image" id="4682">
			<top>-1000</top>
			<left>-1000</left>
			<width>1</width>
			<height>1</height>
			<texture fallback="resources/mpaa/NR.png">$VAR[mpaa]</texture>
		</control>
		<control type="list" id="6284">
			<visible>!ListItem.IsCollection + !Skin.HasSetting(Coloured.icons)</visible>
			<scrolltime>3000</scrolltime>
			<autoscroll>true</autoscroll>
			<itemlayout>
			</itemlayout>
			<focusedlayout>
			</focusedlayout>
			<content>plugin://script.embuary.helper/?info=getresourceimages&amp;addon=resource.images.studios.white&amp;separator='" / "'&amp;string='$ESCINFO[ListItem.Studio]'</content>
		</control>
		<control type="list" id="6285">
			<visible>!ListItem.IsCollection + Skin.HasSetting(Coloured.icons)</visible>
			<scrolltime>3000</scrolltime>
			<autoscroll>true</autoscroll>
			<itemlayout>
			</itemlayout>
			<focusedlayout>
			</focusedlayout>
			<content>plugin://script.embuary.helper/?info=getresourceimages&amp;addon=resource.images.studios.coloured&amp;separator='" / "'&amp;string='$ESCINFO[ListItem.Studio]'</content>
		</control>
		<control type="multiimage" id="7975">
			<include>HiddenObject</include>
			<imagepath background="true">$VAR[PosterVar]</imagepath>
		</control>
		<!-- Poster Side -->
		<control type="group">
			<animation effect="slide" start="0,1100" end="0,0" time="700" tween="cubic" easing="out">WindowOpen</animation>
			<animation effect="fade" start="100" end="0" time="200">WindowClose</animation>
			<width>720</width>
			<height>100%</height>
			<control type="image">
				<texture>black.png</texture>
			</control>
			<control type="multiimage">
				<aspectratio>scale</aspectratio>
				<fadetime>IconCrossfadeTime</fadetime>
				<imagepath background="true">$VAR[VideoInfoPosterVar]</imagepath>
			</control>
		</control>
		<control type="image">
			<visible>!String.IsEmpty(Window(Home).Property(Extras_info))</visible>
			<visible>Control.HasFocus(8545)</visible>
			<animation effect="fade" start="0" end="100" time="100">Visible</animation>
			<left>-210</left>
			<top>-10</top>
			<width>1550</width>
			<height>1250</height>
			<texture background="true">tajo/gradient_small2.png</texture>
			<aspectratio>stretch</aspectratio>
		</control>
		<!-- Details Side -->
		<control type="group">
			<animation effect="slide" start="0,1100" end="0,0" time="700" tween="cubic" easing="out">WindowOpen</animation>
			<animation effect="fade" start="100" end="0" time="200">WindowClose</animation>
			<left>720</left>
			<control type="group">
				<width>1200</width>
				<!-- Info Background -->
				<control type="group">
					<height>100%</height>
					<control type="image">
						<texture>black.png</texture>
					</control>
					<control type="image">
						<visible>Container.Content(musicvideos) | String.StartsWith(container.folderpath,library://video/musicvideos/) | String.StartsWith(container.folderpath,videodb://musicvideos)</visible>
						<aspectratio align="center">scale</aspectratio>
						<texture background="true">$INFO[ListItem.Icon]</texture>
					</control>
					<control type="image">
						<aspectratio align="center">scale</aspectratio>
						<texture background="true">$INFO[ListItem.Art(fanart)]</texture>
						<fadetime>IconCrossfadeTime</fadetime>
					</control>
					<control type="image">
						<texture colordiffuse="efffffff" border="4">dialogs/info/info_rightpaneltop.png</texture>
					</control>
				</control>
				<control type="image">
					<top>-5</top>
					<height>110</height>
					<texture colordiffuse="DFffffff" border="4">dialogs/info/info_rightpaneltop.png</texture>
				</control>
				<control type="image">
					<top>543</top>
					<height>62</height>
					<texture colordiffuse="DFffffff" border="4">dialogs/info/info_rightpaneltop.png</texture>
				</control>
				<!-- Top Section -->
				<control type="group">
					<left>20</left>
					<!-- Main Label/Sublabel -->
					<control type="grouplist">
						<top>-5</top>
						<width>1150</width>
						<aligny>top</aligny>
						<!-- Title + Year -->
						<control type="label">
							<height>60</height>
							<width>1150</width>
							<font>titletest</font>
							<align>center</align>
							<textcolor>grey</textcolor>
							<scroll>true</scroll>
							<label>$VAR[Title_Diag]</label>
							<scrollspeed>50</scrollspeed>
							<scrollsuffix> - </scrollsuffix>
						</control>
						<!-- Movie Fadelabels -->
						<control type="label">
							<visible>String.IsEqual(ListItem.DBTYPE,movie)</visible>
							<visible>!String.IsEqual(ListItem.DBTYPE,musicvideo)</visible>
							<width>1150</width>
							<height>30</height>
							<align>center</align>
							<aligny>top</aligny>
							<font>font15</font>
							<scroll>true</scroll>
							<scrollspeed>50</scrollspeed>
							<scrollsuffix> - </scrollsuffix>
							<textcolor>themecolor</textcolor>
							<label>$VAR[Title_Tag]</label>
						</control>
						<!-- Set labels -->
						<control type="group">
							<visible>String.IsEqual(ListItem.DBTYPE,set)</visible>
							<control type="label">
								<width>1150</width>
								<height>30</height>
								<align>center</align>
								<aligny>top</aligny>
								<font>font15</font>
								<scroll>true</scroll>
								<scrollspeed>50</scrollspeed>
								<scrollsuffix> - </scrollsuffix>
								<textcolor>themecolor</textcolor>
								<label>$INFO[Container(8930).NumItems,, $LOCALIZE[342]]</label>
							</control>
						</control>
						<!-- TV Show Fadelabels -->
						<control type="label">
							<visible>String.IsEqual(ListItem.DBTYPE,tvshow) + !String.IsEmpty(ListItem.Property(TotalSeasons))</visible>
							<width>1150</width>
							<height>30</height>
							<align>center</align>
							<aligny>top</aligny>
							<font>font15</font>
							<textcolor>themecolor</textcolor>
							<scroll>true</scroll>
							<scrollspeed>50</scrollspeed>
							<scrollsuffix> - </scrollsuffix>
							<label>$LOCALIZE[33054]: [COLOR=grey]$INFO[ListItem.Property(TotalSeasons)]       [/COLOR]  $VAR[value_ground14_label]: [COLOR=grey]$VAR[value_ground14_value][/COLOR]</label>
						</control>
						<control type="label">
							<visible>!String.Contains(ListItem.Title,Skin.String(TitleSeason))</visible>
							<visible>!String.IsEqual(ListItem.DBTYPE,musicvideo)</visible>
							<width>1150</width>
							<height>30</height>
							<align>center</align>
							<aligny>top</aligny>
							<font>font15</font>
							<textcolor>themecolor</textcolor>
							<scroll>true</scroll>
							<scrollspeed>50</scrollspeed>
							<scrollsuffix> - </scrollsuffix>
							<label>$INFO[ListItem.Label]</label>
						</control>
						<!-- Episode Labels -->
						<control type="label">
							<visible>String.IsEqual(ListItem.DBTYPE,episode)</visible>
							<width>1150</width>
							<height>30</height>
							<align>center</align>
							<aligny>top</aligny>
							<font>font15</font>
							<textcolor>themecolor</textcolor>
							<scroll>true</scroll>
							<scrollspeed>50</scrollspeed>
							<scrollsuffix> - </scrollsuffix>
							<label>$INFO[ListItem.TvShowTitle]</label>
						</control>
						<!-- Music Video label -->
						<control type="label">
							<align>center</align>
							<height>30</height>
							<font>font15</font>
							<textcolor>themecolor</textcolor>
							<scroll>true</scroll>
							<label>$INFO[ListItem.Album] $INFO[ListItem.Year,(,)] $INFO[ListItem.Artist,- ,]</label>
							<visible>String.IsEqual(ListItem.DBTYPE,musicvideo) + !String.IsEmpty(ListItem.Artist)</visible>
						</control>
					</control>
					<control type="image">
						<visible>!Control.HasFocus(8545)</visible>
						<animation effect="fade" start="100" end="0" time="200" tween="sine" easing="inout">Hidden</animation>
						<visible>[!String.IsEmpty(Window(Home).Property(extras_yes)) | Integer.IsGreater(Container(3322).NumItems,0)] + Skin.HasSetting(SearchExtras)</visible>
						<left>-11</left>
						<top>546</top>
						<width>60</width>
						<height>60</height>
						<colordiffuse>ddffffff</colordiffuse>
						<texture background="true">tajo/extras.png</texture>
						<aspectratio>keep</aspectratio>
					</control>
					<control type="label">
						<visible>!Control.HasFocus(8545)</visible>
						<animation effect="fade" start="100" end="0" time="200" tween="sine" easing="inout">Hidden</animation>
						<visible>[!String.IsEmpty(Window(Home).Property(extras_yes)) | Integer.IsGreater(Container(3322).NumItems,0)] + Skin.HasSetting(SearchExtras)</visible>
						<align>left</align>
						<left>-5</left>
						<top>572</top>
						<width min="20" max="300">auto</width>
						<height>34</height>
						<textcolor>ffdadada</textcolor>
						<shadowcolor>black</shadowcolor>
						<font>font_Extras</font>
						<label>$LOCALIZE[31014]</label>
					</control>
					<control type="grouplist">
						<visible>!String.IsEqual(ListItem.DBTYPE,set)</visible>
						<top>102</top>
						<right>0</right>
						<height>90</height>
						<itemgap>10</itemgap>
						<orientation>horizontal</orientation>
						<align>center</align>
						<control type="group">
							<visible>!String.IsEqual(ListItem.DBTYPE,tvshow)</visible>
							<width>320</width>
							<control type="label">
								<top>2</top>
								<width>320</width>
								<height>50</height>
								<align>center</align>
								<label>$VAR[ItemDuration]</label>
								<font>font40_bold</font>
								<textcolor>grey</textcolor>
							</control>
							<control type="label">
								<top>46</top>
								<width>320</width>
								<height>30</height>
								<align>center</align>
								<scroll>true</scroll>
								<label>$LOCALIZE[19081]: $INFO[ListItem.EndTime]</label>
								<font>font13</font>
								<textcolor>grey</textcolor>
							</control>
						</control>
						<control type="group">
							<width>198</width>
							<control type="image" id="800011">
								<visible>!Skin.HasSetting(Coloured.icons)</visible>
								<top>12</top>
								<left>8</left>
								<width>135</width>
								<height>68</height>
								<aspectratio align="center">keep</aspectratio>
								<fadetime>250</fadetime>
								<colordiffuse>white</colordiffuse>
								<animation effect="fade" time="200">VisibleChange</animation>
								<texture>$INFO[Container(6284).ListItem.Icon]</texture>
							</control>
							<control type="image" id="800021">
								<visible>Skin.HasSetting(Coloured.icons)</visible>
								<top>12</top>
								<left>8</left>
								<width>135</width>
								<height>68</height>
								<aspectratio align="center">keep</aspectratio>
								<fadetime>250</fadetime>
								<colordiffuse>white</colordiffuse>
								<animation effect="fade" time="200">VisibleChange</animation>
								<texture>$INFO[Container(6285).ListItem.Icon]</texture>
							</control>
							<control type="label">
								<top>10</top>
								<width>198</width>
								<height>70</height>
								<align>center</align>
								<aligny>center</aligny>
								<label>$INFO[ListItem.Studio]</label>
								<font>font10</font>
								<textcolor>grey</textcolor>
								<wrapmultiline>true</wrapmultiline>
								<visible>[String.IsEmpty(Control.GetLabel(800011)) + !Skin.HasSetting(Coloured.icons)] | [String.IsEmpty(Control.GetLabel(800021)) + Skin.HasSetting(Coloured.icons)]</visible>
							</control>
						</control>
						<control type="image">
							<visible>!String.IsEqual(Control.GetLabel(4682),resources/mpaa/NR.png)</visible>
							<width>150</width>
							<colordiffuse>grey</colordiffuse>
							<include>MediaFlagVars</include>
							<texture>$VAR[mpaa]</texture>
						</control>
						<control type="label">
							<visible>String.IsEqual(Control.GetLabel(4682),resources/mpaa/NR.png)</visible>
							<width>160</width>
							<height>90</height>
							<align>center</align>
							<aligny>center</aligny>
							<label>$INFO[ListItem.Mpaa]</label>
							<font>font24_bold</font>
							<textcolor>grey2</textcolor>
							<wrapmultiline>true</wrapmultiline>
						</control>
						<control type="group">
							<visible>!String.IsEmpty(ListItem.Rating) + !Skin.HasSetting(OnlineRating)</visible>
							<width>200</width>
							<control type="label">
								<top>2</top>
								<width>180</width>
								<height>60</height>
								<align>center</align>
								<label>$INFO[ListItem.Rating]</label>
								<font>font48_bold</font>
								<textcolor>grey</textcolor>
							</control>
							<control type="label">
								<top>52</top>
								<width>180</width>
								<height>30</height>
								<align>center</align>
								<scroll>true</scroll>
								<label>[LOWERCASE]$VAR[RatingAndVotesVar][/LOWERCASE]</label>
								<font>font12</font>
								<textcolor>grey</textcolor>
							</control>
						</control>
						<control type="group">
							<animation effect="slide" end="35,-4" time="0" condition="true">Conditional</animation>
							<visible>Skin.HasSetting(OnlineRating)</visible>
							<width>200</width>
							<control type="label">
								<visible>!String.IsEmpty(Window(home).Property(TMDbHelper.ListItem.IMDb_Rating))</visible>
								<animation effect="slide" end="0,22" time="0" condition="String.IsEmpty(Window(home).Property(TMDbHelper.ListItem.TMDb_Rating)) | !Integer.IsGreater(Window(Home).Property(TMDbHelper.ListItem.TMDB_Rating),0)">Conditional</animation>
								<top>1</top>
								<width>180</width>
								<height>60</height>
								<align>center</align>
								<label>$INFO[Window(home).Property(TMDbHelper.ListItem.IMDb_Rating)]</label>
								<font>font13_title_sel</font>
								<textcolor>grey</textcolor>
							</control>
							<control type="label">
								<animation effect="slide" end="2,41" time="0" condition="true">Conditional</animation>
								<animation effect="slide" end="0,-22" time="0" condition="String.IsEmpty(Window(home).Property(TMDbHelper.ListItem.IMDb_Rating))">Conditional</animation>
								<visible>!String.IsEmpty(Window(Home).Property(TMDbHelper.ListItem.TMDB_Rating)) + Integer.IsGreater(Window(Home).Property(TMDbHelper.ListItem.TMDB_Rating),0)</visible>
								<top>1</top>
								<width>180</width>
								<height>60</height>
								<align>center</align>
								<label>$INFO[Window(home).Property(TMDbHelper.ListItem.TMDb_Rating)]</label>
								<font>font13_title_sel</font>
								<textcolor>grey</textcolor>
							</control>
							<control type="image">
								<visible>!String.IsEmpty(Window(home).Property(TMDbHelper.ListItem.IMDb_Rating))</visible>
								<animation effect="slide" end="0,22" time="0" condition="String.IsEmpty(Window(home).Property(TMDbHelper.ListItem.TMDb_Rating)) | !Integer.IsGreater(Window(Home).Property(TMDbHelper.ListItem.TMDB_Rating),0)">Conditional</animation>
								<top>10</top>
								<width>60</width>
								<height>60</height>
								<aspectratio>keep</aspectratio>
								<texture>$VAR[ratings_path]imdb2.png</texture>
							</control>
							<control type="image">
								<visible>!String.IsEmpty(Window(Home).Property(TMDbHelper.ListItem.TMDB_Rating)) + Integer.IsGreater(Window(Home).Property(TMDbHelper.ListItem.TMDB_Rating),0)</visible>
								<animation effect="slide" end="5,48" time="0" condition="true">Conditional</animation>
								<animation effect="slide" end="0,-22" time="0" condition="String.IsEmpty(Window(home).Property(TMDbHelper.ListItem.IMDb_Rating))">Conditional</animation>
								<width>50</width>
								<height>50</height>
								<aspectratio>keep</aspectratio>
								<texture>$VAR[ratings_path]tmdb.png</texture>
							</control>
						</control>
						<control type="group">
							<visible>!String.IsEmpty(ListItem.UserRating)</visible>
							<width>120</width>
							<control type="label">
								<animation effect="slide" end="-50,0" condition="true">Conditional</animation>
								<top>2</top>
								<width>100</width>
								<height>60</height>
								<align>right</align>
								<label>$INFO[ListItem.UserRating]</label>
								<font>font48_bold</font>
								<textcolor>grey</textcolor>
							</control>
							<control type="label">
								<top>52</top>
								<width>100</width>
								<height>30</height>
								<align>center</align>
								<scroll>true</scroll>
								<label>[LOWERCASE]$LOCALIZE[31146][/LOWERCASE]</label>
								<font>font12</font>
								<textcolor>grey</textcolor>
							</control>
							<control type="image">
								<animation effect="slide" end="56,18" condition="true">Conditional</animation>
								<width>30</width>
								<height>30</height>
								<aspectratio>keep</aspectratio>
								<texture colordiffuse="$VAR[Colour_UserRating]">star.png</texture>
							</control>
						</control>
						<control type="group">
							<visible>!String.IsEmpty(ListItem.Top250) + !Skin.HasSetting(OnlineRating)</visible>
							<width>140</width>
							<control type="label">
								<top>2</top>
								<width>170</width>
								<height>60</height>
								<align>left</align>
								<label>$INFO[ListItem.Top250,#]</label>
								<font>font48_bold</font>
								<wrapmultiline>true</wrapmultiline>
								<textcolor>grey</textcolor>
							</control>
							<control type="label">
								<top>52</top>
								<width>170</width>
								<height>30</height>
								<align>left</align>
								<scroll>true</scroll>
								<label>[LOWERCASE]$LOCALIZE[13409][/LOWERCASE]</label>
								<font>font12</font>
								<textcolor>grey</textcolor>
							</control>
						</control>
						<control type="group">
							<animation effect="slide" end="16,20" condition="true">Conditional</animation>
							<visible>String.Contains(Window(Home).Property(TMDbHelper.ListItem.Awards),Oscar) + String.Contains(Window(Home).Property(TMDbHelper.ListItem.Awards),Won) + Skin.HasSetting(OnlineRating)</visible>
							<width>140</width>
							<control type="image">
								<width>63</width>
								<height>40</height>
								<align>left</align>
								<aligny>center</aligny>
								<aspectratio>keep</aspectratio>
								<texture>$VAR[ratings_path]oscar.png</texture>
							</control>
							<control type="label">
								<animation effect="slide" end="46,2" condition="true">Conditional</animation>
								<top>2</top>
								<width>170</width>
								<height>60</height>
								<align>left</align>
								<label>$VAR[Label_Oscars,,]</label>
								<font>font48_bold</font>
								<wrapmultiline>true</wrapmultiline>
								<textcolor>grey</textcolor>
							</control>
						</control>
						<control type="group">
							<animation effect="slide" end="36,20" condition="true">Conditional</animation>
							<visible>String.Contains(Window(Home).Property(TMDbHelper.ListItem.Awards),Primetime) + String.Contains(Window(Home).Property(TMDbHelper.ListItem.Awards),Won) + Skin.HasSetting(OnlineRating)</visible>
							<width>140</width>
							<control type="image">
								<width>63</width>
								<height>40</height>
								<align>left</align>
								<aligny>center</aligny>
								<aspectratio>keep</aspectratio>
								<texture>$VAR[ratings_path]emmys.png</texture>
							</control>
							<control type="label">
								<animation effect="slide" end="36,2" condition="true">Conditional</animation>
								<top>2</top>
								<width>170</width>
								<height>60</height>
								<align>left</align>
								<label>$VAR[Label_Emmys,,]</label>
								<font>font48_bold</font>
								<wrapmultiline>true</wrapmultiline>
								<textcolor>grey</textcolor>
							</control>
						</control>
					</control>
				</control>
				<!-- Details Panel -->
				<control type="label">
					<visible>String.IsEqual(ListItem.DBTYPE,set)</visible>
					<top>120</top>
					<left>25</left>
					<width>500</width>
					<height>30</height>
					<align>left</align>
					<label>[COLOR themecolor][B]$LOCALIZE[342]:[/B][/COLOR]</label>
					<font>font15</font>
				</control>
				<include condition="String.IsEqual(ListItem.DBTYPE,set)">SetListInfo</include>
				<control type="group">
					<left>3</left>
					<top>116</top>
					<control type="textbox">
						<visible>!String.IsEqual(ListItem.DBTYPE,set)</visible>
						<left>10</left>
						<top>77</top>
						<width>1190</width>
						<height>82</height>
						<aligny>top</aligny>
						<font>font15d</font>
						<scrolltime>200</scrolltime>
						<autoscroll delay="3000" time="2000" repeat="5000">Skin.HasSetting(Enable.AutoScroll)</autoscroll>
						<label>$INFO[ListItem.FolderPath,[B][COLOR themecolor]$LOCALIZE[573]:[/COLOR][/B] ,]</label>
					</control>
					<control type="panel" id="300">
						<top>158</top>
						<width>1198</width>
						<height>250</height>
						<ondown>9000</ondown>
						<orientation>horizontal</orientation>
						<visible allowhiddenfocus="true">!Control.HasFocus(64)</visible>
						<include>VisibleFadeAnimation</include>
						<animation effect="slide" start="0,0" end="0,-45" time="0" condition="!String.IsEqual(ListItem.DBTYPE,set) + String.IsEmpty(ListItem.FolderPath)">Conditional</animation>
						<scrolltime tween="quadratic" easing="out">200</scrolltime>
						<itemlayout height="82" width="1198" condition="Integer.IsLess(Container(300).NumItems,4)">
							<control type="textbox">
								<left>10</left>
								<width>1190</width>
								<height>82</height>
								<aligny>top</aligny>
								<font>font15d</font>
								<textcolor>themecolor</textcolor>
								<label>[B]$INFO[ListItem.Label2,, ][/B]$INFO[ListItem.Label,[COLOR grey], [/COLOR]]</label>
							</control>
						</itemlayout>
						<focusedlayout height="82" width="1198" condition="Integer.IsLess(Container(300).NumItems,4)">
							<control type="image">
								<top>5</top>
								<width>1198</width>
								<height>82</height>
								<texture border="4">listselect_fo.png</texture>
								<visible>Control.HasFocus(300)</visible>
								<include>VisibleFadeAnimation</include>
							</control>
							<control type="textbox">
								<left>10</left>
								<width>1190</width>
								<height>82</height>
								<aligny>top</aligny>
								<font>font15d</font>
								<label>[B]$INFO[ListItem.Label2,, ][/B]$INFO[ListItem.Label,, ]</label>
								<animation effect="fade" start="100" end="70" time="300" tween="sine" easing="inout" condition="!Control.HasFocus(300)">Conditional</animation>
							</control>
						</focusedlayout>
						<itemlayout height="82" width="595" condition="Integer.IsGreater(Container(300).NumItems,3)">
							<control type="textbox">
								<left>10</left>
								<width>584</width>
								<height>82</height>
								<font>font15d</font>
								<aligny>top</aligny>
								<textcolor>themecolor</textcolor>
								<label>[B]$INFO[ListItem.Label2,, ][/B]$INFO[ListItem.Label,[COLOR grey], [/COLOR]]</label>
							</control>
						</itemlayout>
						<focusedlayout height="82" width="595" condition="Integer.IsGreater(Container(300).NumItems,3)">
							<control type="image">
								<top>5</top>
								<width>590</width>
								<height>82</height>
								<texture border="4">listselect_fo.png</texture>
								<visible>Control.HasFocus(300)</visible>
								<include>VisibleFadeAnimation</include>
							</control>
							<control type="textbox">
								<left>10</left>
								<width>584</width>
								<height>82</height>
								<aligny>top</aligny>
								<font>font15d</font>
								<label>[B]$INFO[ListItem.Label2,, ][/B]$INFO[ListItem.Label,, ]</label>
								<animation effect="fade" start="100" end="70" time="300" tween="sine" easing="inout" condition="!Control.HasFocus(300)">Conditional</animation>
							</control>
						</focusedlayout>
						<content>
							<item>
								<label>$INFO[ListItem.Director]</label>
								<label2>$LOCALIZE[20339]:</label2>
								<onclick condition="System.HasAddon(script.embuary.info)">SetProperty(DirectorID,True)</onclick>
								<onclick condition="System.HasAddon(script.embuary.info)">SetProperty(ActorName,$INFO[ListItem.Director])</onclick>
								<onclick condition="System.HasAddon(script.embuary.info)">ActivateWindow(1130)</onclick>
								<onclick condition="!System.HasAddon(script.embuary.info)">SendClick(2003,13)</onclick>
								<visible>!String.IsEmpty(ListItem.Director)</visible>
							</item>
							<item>
								<label>$INFO[ListItem.Writer]</label>
								<label2>$LOCALIZE[20417]:</label2>
								<onclick condition="System.HasAddon(script.embuary.info)">RunScript(script.embuary.info,call=person,query='"$INFO[ListItem.Writer]"')</onclick>
								<visible>!String.IsEmpty(ListItem.Writer) + !String.IsEqual(ListItem.DBTYPE,set)</visible>
							</item>
							<item>
								<label>$INFO[ListItem.Genre]</label>
								<label2>$LOCALIZE[515]:</label2>
								<visible>!String.IsEmpty(ListItem.Genre) + !String.IsEqual(ListItem.DBTYPE,episode) + !String.IsEqual(ListItem.DBTYPE,set)</visible>
							</item>
							<item>
								<label>$INFO[Window(Home).Property(TMDbHelper.ListItem.Status)]</label>
								<label2>$LOCALIZE[126]:</label2>
								<visible>!String.IsEmpty(Window(Home).Property(TMDbHelper.ListItem.Status) + [String.IsEqual(ListItem.DBTYPE,tvshow) | String.IsEqual(ListItem.DBTYPE,season) | String.IsEqual(ListItem.DBTYPE,episode)]</visible>
							</item>
							<item>
								<label>$INFO[ListItem.Country]</label>
								<label2>$LOCALIZE[574]:</label2>
								<visible>!String.IsEmpty(ListItem.Country) + !String.IsEqual(ListItem.DBTYPE,set)</visible>
							</item>
							<item>
								<label>$INFO[ListItem.Premiered]</label>
								<label2>$LOCALIZE[31981]:</label2>
								<visible>!String.IsEmpty(ListItem.Premiered) + !String.IsEqual(ListItem.DBTYPE,movie) + !String.IsEqual(ListItem.DBTYPE,set)</visible>
							</item>
							<item>
								<label>$INFO[ListItem.Premiered]</label>
								<label2>$LOCALIZE[172]:</label2>
								<visible>!String.IsEmpty(ListItem.Premiered) + String.IsEqual(ListItem.DBTYPE,movie) + !String.IsEqual(ListItem.DBTYPE,set)</visible>
							</item>
							<item>
								<label>[LOWERCASE]$INFO[ListItem.Property(AudioLanguage.1)] $VAR[audiochannelstajo1] $INFO[ListItem.Property(AudioCodec.1)]$INFO[ListItem.Property(AudioLanguage.2), / ] $VAR[audiochannelstajo2] $INFO[ListItem.Property(AudioCodec.2)]$INFO[ListItem.Property(AudioLanguage.3), / ] $VAR[audiochannelstajo3] $INFO[ListItem.Property(AudioCodec.3)]$INFO[ListItem.Property(AudioLanguage.4), / ] $VAR[audiochannelstajo4] $INFO[ListItem.Property(AudioCodec.4)]$INFO[ListItem.Property(AudioLanguage.5), / ] $VAR[audiochannelstajo5] $INFO[ListItem.Property(AudioCodec.5)]$INFO[ListItem.Property(AudioLanguage.6), / ] $VAR[audiochannelstajo6] $INFO[ListItem.Property(AudioCodec.6)]$INFO[ListItem.Property(AudioLanguage.7), / ] $VAR[audiochannelstajo7] $INFO[ListItem.Property(AudioCodec.7)][/LOWERCASE]</label>
								<label2>$LOCALIZE[292]:</label2>
								<visible>[!String.IsEmpty(ListItem.Property(AudioLanguage.1)) | !String.IsEmpty(ListItem.Property(AudioLanguage.4))] + !String.IsEmpty(ListItem.AudioCodec) </visible>
							</item>
							<item>
								<label>[LOWERCASE]$INFO[ListItem.Property(SubtitleLanguage.1)]$INFO[ListItem.Property(SubtitleLanguage.2), / ]$INFO[ListItem.Property(SubtitleLanguage.3), / ]$INFO[ListItem.Property(SubtitleLanguage.4), / ]$INFO[ListItem.Property(SubtitleLanguage.5), / ]$INFO[ListItem.Property(SubtitleLanguage.6), / ]$INFO[ListItem.Property(SubtitleLanguage.7), / ]$INFO[ListItem.Property(SubtitleLanguage.8), / ]$INFO[ListItem.Property(SubtitleLanguage.9), / ]$INFO[ListItem.Property(SubtitleLanguage.10), / ]$INFO[ListItem.Property(SubtitleLanguage.11), / ]$INFO[ListItem.Property(SubtitleLanguage.12), / ]$INFO[ListItem.Property(SubtitleLanguage.13), / ]$INFO[ListItem.Property(SubtitleLanguage.14), / ]$INFO[ListItem.Property(SubtitleLanguage.15), / ][/LOWERCASE]</label>
								<label2>$LOCALIZE[287]:</label2>
								<visible>!String.IsEmpty(ListItem.Property(SubtitleLanguage.1)) | !String.IsEmpty(ListItem.Property(SubtitleLanguage.4))</visible>
							</item>
							<item>
								<label>$INFO[ListItem.PercentPlayed,,%]</label>
								<label2>$LOCALIZE[575]:</label2>
								<visible>ListItem.IsResumable + !String.IsEqual(ListItem.DBTYPE,set)</visible>
							</item>
							<item>
								<label>$INFO[ListItem.LastPlayed]</label>
								<label2>$LOCALIZE[568]:</label2>
								<visible>!String.IsEmpty(ListItem.LastPlayed) + !String.IsEqual(ListItem.DBTYPE,set)</visible>
							</item>
							<item>
								<label>$INFO[ListItem.DateAdded]</label>
								<label2>$LOCALIZE[570]:</label2>
								<visible>!String.IsEmpty(ListItem.DateAdded) + !String.IsEqual(ListItem.DBTYPE,set)</visible>
							</item>
							<item>
								<label>$INFO[ListItem.PlayCount]</label>
								<label2>$LOCALIZE[567]:</label2>
								<visible>!String.IsEmpty(ListItem.PlayCount) + !String.IsEqual(ListItem.DBTYPE,set)</visible>
							</item>
							<item>
								<label>$INFO[ListItem.Tag]</label>
								<label2>$LOCALIZE[20459]:</label2>
								<visible>!String.IsEmpty(ListItem.Tag) + String.IsEqual(ListItem.DBTYPE,movie) + !String.IsEqual(ListItem.DBTYPE,set)</visible>
							</item>
							<!--item>
								<label>$INFO[ListItem.Path]</label>
								<label2>$LOCALIZE[573]:</label2>
								<visible>!String.IsEqual(ListItem.DBTYPE,set) + !String.IsEqual(ListItem.DBTYPE,tvshow) + !String.IsEmpty(ListItem.Path)</visible>
							</item>
							<item>
								<label>$INFO[ListItem.FolderPath]</label>
								<label2>$LOCALIZE[573]:</label2>
								<visible>String.IsEqual(ListItem.DBTYPE,tvshow) + !String.IsEmpty(ListItem.FolderPath)</visible>
							</item>
							<item>
								<label>$INFO[ListItem.Filename]</label>
								<label2>$LOCALIZE[21800]:</label2>
								<visible>!String.IsEmpty(ListItem.Filename) + !String.IsEqual(ListItem.DBTYPE,set)</visible>
							</item-->
						</content>
					</control>
				</control>
				<control type="group">
					<left>4</left>
					<top>527</top>
					<control type="button">
						<width>36</width>
						<height>15</height>
						<colordiffuse>88ffffff</colordiffuse>
						<texturefocus>tajo/arrow_h.gif</texturefocus>
						<texturenofocus>tajo/arrow_h.gif</texturenofocus>
						<visible>Container(300).HasPrevious</visible>
						<include>VisibleFadeAnimation</include>
					</control>
					<control type="button">
						<left>1160</left>
						<width>36</width>
						<height>15</height>
						<colordiffuse>88ffffff</colordiffuse>
						<texturefocus>tajo/arrow_hd.gif</texturefocus>
						<texturenofocus>tajo/arrow_hd.gif</texturenofocus>
						<visible>Container(300).HasNext</visible>
						<include>VisibleFadeAnimation</include>
					</control>
				</control>
				<!-- Buttons LABEL -->
				<control type="group">
					<left>-5</left>
					<top>542</top>
					<control type="button">
						<top>-2</top>
						<width>620</width>
						<texturenofocus/>
						<disabledcolor>grey</disabledcolor>
						<font>font15_bold</font>
						<align>right</align>
						<textoffsetx>16</textoffsetx>
						<include>ButtonInfoDialogsCommonValues</include>
						<label>$VAR[VideoInfoButtonLabelVar] </label>
						<enable>no</enable>
						<visible>!ControlGroup(90001).HasFocus | ControlGroup(90001).HasFocus(90003)</visible>
					</control>
					<control type="button">
						<width>620</width>
						<texturenofocus/>
						<disabledcolor>grey</disabledcolor>
						<font>font15_bold</font>
						<align>right</align>
						<textoffsetx>16</textoffsetx>
						<include>ButtonInfoDialogsCommonValues</include>
						<label>$VAR[DialogInfoDetailsLabelVar]</label>
						<enable>no</enable>
						<visible>ControlGroup(90001).HasFocus + !Control(90003).HasFocus</visible>
					</control>
				</control>
				<!-- Buttons -->
				<control type="grouplist" id="9000">
					<right>0</right>
					<top>544</top>
					<width>585</width>
					<height>60</height>
					<onleft>9000</onleft>
					<onright>9000</onright>
					<onup condition="!String.IsEqual(ListItem.DBTYPE,set)">300</onup>
					<ondown condition="String.IsEqual(ListItem.DBTYPE,set)">50</ondown>
					<ondown condition="!String.IsEqual(ListItem.DBTYPE,set)">90001</ondown>
					<align>left</align>
					<orientation>horizontal</orientation>
					<control type="button" id="895">
						<description>EmbuaryInfo</description>
						<font>IconMediumMD</font>
						<width>65</width>
						<texturenofocus/>
						<include>ButtonInfoDialogsCommonValues</include>
						<label></label>
						<onclick condition="!Window.IsActive(Home) + String.IsEqual(ListItem.DBTYPE,movie) + !String.IsEmpty(ListItem.IMDBNumber)">RunScript(script.embuary.info,call=movie,external_id=$INFO[ListItem.IMDBNumber])</onclick>
						<onclick condition="!Window.IsActive(Home) + String.IsEqual(ListItem.DBTYPE,movie) + String.IsEmpty(ListItem.IMDBNumber)">RunScript(script.embuary.info,call=movie,query='"$INFO[ListItem.Title]"',year=$INFO[ListItem.Year])</onclick>
						<onclick condition="!Window.IsActive(Home) + String.IsEqual(ListItem.DBTYPE,tvshow)">RunScript(script.embuary.info,call=tv,query='"$INFO[ListItem.Title]"',year=$INFO[ListItem.Year])</onclick>
						<onclick condition="Window.IsActive(Home) + String.IsEqual(Window(Home).Property(EmbuaryInfoSearchType),movie) + !String.IsEmpty(Window(Home).Property(EmbuaryInfoSearchStringIMDB))">RunScript(script.embuary.info,call=movie,external_id=$INFO[Window(Home).Property(EmbuaryInfoSearchStringIMDB)])</onclick>
						<onclick condition="Window.IsActive(Home) + String.IsEqual(Window(Home).Property(EmbuaryInfoSearchType),movie) + String.IsEmpty(Window(Home).Property(EmbuaryInfoSearchStringIMDB))">RunScript(script.embuary.info,call=movie,query='"$INFO[Window(Home).Property(EmbuaryInfoSearchStringTitle)]"',year=$INFO[Window(Home).Property(EmbuaryInfoSearchStringYear)])</onclick>
						<onclick condition="Window.IsActive(Home) + String.IsEqual(Window(Home).Property(EmbuaryInfoSearchType),tvshow)">RunScript(script.embuary.info,call=tv,query='"$INFO[Window(Home).Property(EmbuaryInfoSearchStringTitle)]"',year=$INFO[Window(Home).Property(EmbuaryInfoSearchStringYear)])</onclick>
						<onclick>Dialog.Close(movieinformation)</onclick>
						<visible>!String.IsEqual(ListItem.DBTYPE,set)</visible>
						<visible>System.HasAddon(script.embuary.info) + [String.IsEqual(ListItem.DBTYPE,movie) | String.IsEqual(ListItem.DBTYPE,tvshow)] | !String.IsEmpty(Window(Home).Property(EmbuaryInfoSearchType))</visible>
					</control>
					<control type="button" id="223">
						<visible>[!String.IsEmpty(Window(Home).Property(extras_yes)) | Integer.IsGreater(Container(3322).NumItems,0)] + Skin.HasSetting(SearchExtras)</visible>
						<description>Extras</description>
						<font>IconMediumMD</font>
						<width>65</width>
						<texturenofocus/>
						<include>ButtonInfoDialogsCommonValues</include>
						<onclick>SetProperty(Extras_info,True,home)</onclick>
						<onclick>SetFocus(8545)</onclick>
						<label></label>
					</control>
					<control type="togglebutton" id="8">
						<description>Play/browse to Show</description>
						<font>IconMediumMD</font>
						<width>65</width>
						<texturenofocus/>
						<include>ButtonInfoDialogsCommonValues</include>
						<label></label>
						<altlabel></altlabel>
						<usealttexture>String.IsEqual(ListItem.DBTYPE,set) | String.IsEqual(ListItem.DBTYPE,tvshow)</usealttexture>
						<visible>![Window.IsActive(home) + String.IsEqual(ListItem.DBTYPE,tvshow)]</visible>
					</control>
					<control type="button" id="808">
						<description>Browse to Item</description>
						<font>IconMediumMD</font>
						<width>65</width>
						<texturenofocus/>
						<include>ButtonInfoDialogsCommonValues</include>
						<label></label>
						<onclick>Dialog.Close(movieinformation)</onclick>
						<onclick condition="String.IsEqual(ListItem.DBTYPE,movie) + String.IsEmpty(ListItem.SetID)">ActivateWindow(Videos,videodb://movies/titles/$INFO[ListItem.DBID],return)</onclick>
						<onclick condition="String.IsEqual(ListItem.DBTYPE,movie) + !String.IsEmpty(ListItem.SetID)">ActivateWindow(Videos,videodb://movies/sets/$INFO[ListItem.SetId]/?setid=$INFO[ListItem.SetId],return)</onclick>
						<onclick condition="String.IsEqual(ListItem.DBTYPE,tvshow)">ActivateWindow(Videos,videodb://tvshows/titles/$INFO[ListItem.DBID],return)</onclick>
						<visible>Window.IsActive(home) + [String.IsEqual(ListItem.DBTYPE,movie) | String.IsEqual(ListItem.DBTYPE,tvshow)]</visible>
					</control>
					<control type="button" id="910">
						<description>Cast</description>
						<font>IconMediumMD</font>
						<width>65</width>
						<texturenofocus/>
						<include>ButtonInfoDialogsCommonValues</include>
						<label></label>
						<onclick condition="!System.HasAddon(script.embuary.info)">SetFocus(50)</onclick>
						<onclick condition="System.HasAddon(script.embuary.info)">SetFocus(90050)</onclick>
						<visible>!String.IsEmpty(ListItem.Cast)</visible>
					</control>
					<control type="button" id="11">
						<description>Play Trailer</description>
						<font>IconMediumMD</font>
						<width>65</width>
						<texturenofocus/>
						<include>ButtonInfoDialogsCommonValues</include>
						<label></label>
						<visible>!String.IsEmpty(ListItem.Trailer) + ![String.StartsWith(Container.FolderPath,plugin://) + String.Contains(Container.FolderPath,trailer)]</visible>
					</control>
					<control type="button" id="911">
						<description>Search Trailer</description>
						<font>IconMediumMD</font>
						<width>65</width>
						<texturenofocus/>
						<include>ButtonInfoDialogsCommonValues</include>
						<label></label>
						<onclick>Action(close)</onclick>
						<onclick>RunScript(script.embuary.helper,action=goto,path='"plugin://plugin.video.youtube/kodion/search/query/?q=$INFO[ListItem.Title]&amp;search_type=videos"',target=videos)</onclick>
						<visible>System.HasAddon(plugin.video.youtube) + System.HasAddon(script.embuary.helper) + String.IsEqual(ListItem.DBType,movie) + !Control.IsVisible(11)</visible>
					</control>
					<control type="togglebutton" id="7">
						<description>Set rating</description>
						<font>IconMediumMD</font>
						<width>65</width>
						<include>ButtonInfoDialogsCommonValues</include>
						<texturenofocus/>
						<alttexturenofocus/>
						<label></label>
						<altlabel></altlabel>
						<usealttexture>!String.IsEmpty(ListItem.UserRating)</usealttexture>
						<visible>!String.IsEqual(ListItem.DBTYPE,set)</visible>
					</control>
					<control type="button" id="10">
						<description>Get Thumb</description>
						<font>IconMediumMD</font>
						<width>65</width>
						<texturenofocus/>
						<include>ButtonInfoDialogsCommonValues</include>
						<label></label>
					</control>
					<control type="button" id="6">
						<description>Refresh</description>
						<font>IconMediumMD</font>
						<width>65</width>
						<texturenofocus/>
						<include>ButtonInfoDialogsCommonValues</include>
						<label></label>
						<visible>!String.IsEqual(ListItem.DBTYPE,set)</visible>
					</control>
					<control type="button" id="208">
						<description>FS Fanart button</description>
						<font>IconMediumMD</font>
						<width>65</width>
						<texturenofocus/>
						<include>ButtonInfoDialogsCommonValues</include>
						<label></label>
						<onclick condition="!String.IsEmpty(ListItem.Art(fanart)">SetProperty(FSFanart,$INFO[ListItem.Art(fanart)],movieinformation)</onclick>
						<onclick condition="!String.IsEmpty(ListItem.Art(fanart1)">SetProperty(FSFanart1,$INFO[ListItem.Art(fanart1)],movieinformation)</onclick>
						<onclick condition="!String.IsEmpty(ListItem.Art(fanart2)">SetProperty(FSFanart2,$INFO[ListItem.Art(fanart2)],movieinformation)</onclick>
						<onclick condition="!String.IsEmpty(ListItem.Art(fanart3)">SetProperty(FSFanart3,$INFO[ListItem.Art(fanart3)],movieinformation)</onclick>
						<onclick condition="!String.IsEmpty(ListItem.Art(fanart4)">SetProperty(FSFanart4,$INFO[ListItem.Art(fanart4)],movieinformation)</onclick>
						<onclick condition="!String.IsEmpty(ListItem.Art(fanart5)">SetProperty(FSFanart5,$INFO[ListItem.Art(fanart5)],movieinformation)</onclick>
						<onclick condition="!String.IsEmpty(ListItem.Art(fanart6)">SetProperty(FSFanart6,$INFO[ListItem.Art(fanart6)],movieinformation)</onclick>
						<onclick condition="!String.IsEmpty(ListItem.Art(fanart7)">SetProperty(FSFanart7,$INFO[ListItem.Art(fanart7)],movieinformation)</onclick>
						<onclick condition="!String.IsEmpty(ListItem.Art(fanart8)">SetProperty(FSFanart8,$INFO[ListItem.Art(fanart8)],movieinformation)</onclick>
						<onclick condition="!String.IsEmpty(ListItem.Art(fanart9)">SetProperty(FSFanart9,$INFO[ListItem.Art(fanart9)],movieinformation)</onclick>
						<onclick condition="!String.IsEmpty(ListItem.Art(fanart10)">SetProperty(FSFanart10,$INFO[ListItem.Art(fanart10)],movieinformation)</onclick>
						<onclick condition="!String.IsEmpty(ListItem.Art(fanart11)">SetProperty(FSFanart11,$INFO[ListItem.Art(fanart11)],movieinformation)</onclick>
						<onclick condition="!String.IsEmpty(ListItem.Art(fanart12)">SetProperty(FSFanart12,$INFO[ListItem.Art(fanart12)],movieinformation)</onclick>
						<onclick condition="!String.IsEmpty(ListItem.Art(fanart13)">SetProperty(FSFanart13,$INFO[ListItem.Art(fanart13)],movieinformation)</onclick>
						<onclick condition="!String.IsEmpty(ListItem.Art(fanart14)">SetProperty(FSFanart14,$INFO[ListItem.Art(fanart14)],movieinformation)</onclick>
						<onclick condition="!String.IsEmpty(ListItem.Art(fanart15)">SetProperty(FSFanart15,$INFO[ListItem.Art(fanart15)],movieinformation)</onclick>
						<onclick condition="!String.IsEmpty(ListItem.Art(fanart16)">SetProperty(FSFanart16,$INFO[ListItem.Art(fanart16)],movieinformation)</onclick>
						<onclick condition="!String.IsEmpty(ListItem.Art(fanart17)">SetProperty(FSFanart17,$INFO[ListItem.Art(fanart17)],movieinformation)</onclick>
						<onclick condition="!String.IsEmpty(ListItem.Art(fanart18)">SetProperty(FSFanart18,$INFO[ListItem.Art(fanart18)],movieinformation)</onclick>
						<onclick condition="!String.IsEmpty(ListItem.Art(fanart19)">SetProperty(FSFanart19,$INFO[ListItem.Art(fanart19)],movieinformation)</onclick>
						<onclick>ActivateWindow(1113)</onclick>
					</control>
				</control>
				<!-- Bottom Section -->
				<control type="grouplist" id="90001">
					<left>-7</left>
					<top>606</top>
					<width>2800</width>
					<height>500</height>
					<onup>9000</onup>
					<ondown>noop</ondown>
					<usecontrolcoords>true</usecontrolcoords>
					<scrolltime tween="quadratic" easing="out">300</scrolltime>
					<control type="group" id="90002">
						<width>1200</width>
						<height>500</height>
						<control type="button" id="90003">
							<visible>!String.IsEqual(ListItem.DBTYPE,set)</visible>
							<left>10</left>
							<top>-2</top>
							<width>1200</width>
							<height>500</height>
							<onup>9000</onup>
							<colordiffuse>dd258f8e</colordiffuse>
							<ondown condition="String.IsEqual(ListItem.DBTYPE,set) | !System.HasAddon(script.embuary.info)">50</ondown>
							<ondown condition="!String.IsEqual(ListItem.DBTYPE,set) + System.HasAddon(script.embuary.info)">90050</ondown>
							<include>ButtonInfoDialogsCommonValues</include>
							<onclick>SetProperty(TextViewerHeader,$VAR[Title_Diag,[B],[/B]],Home)</onclick>
							<onclick>SetProperty(TextViewerContent,[CR]$ESCINFO[ListItem.Plot],Home)</onclick>
							<onclick condition="String.IsEqual(ListItem.DBTYPE,episode) + !String.IsEmpty(ListItem.TvShowTitle)">SetProperty(TextViewerContent,[CR]$ESCINFO[ListItem.TvShowTitle,[B],[/B]][CR]$ESCINFO[ListItem.Plot],Home)</onclick>
							<onclick condition="String.IsEqual(ListItem.DBTYPE,movie)">SetProperty(TextViewerContent,[CR]$ESCINFO[ListItem.Tagline,[B],[/B]][CR]$ESCINFO[ListItem.Plot],Home)</onclick>
							<onclick condition="!String.IsEqual(ListItem.DBTYPE,set)">ActivateWindow(1132)</onclick>
						</control>
						<!-- Plot -->
						<control type="group">
							<visible>!String.IsEqual(ListItem.DBTYPE,set)</visible>
							<left>26</left>
							<top>20</top>
							<control type="textbox" id="400">
								<width>740</width>
								<height>351</height>
								<align>center</align>
								<font>font15info</font>
								<label>$INFO[ListItem.Plot]</label>
								<autoscroll time="3000" delay="4000" repeat="2000">Skin.HasSetting(Enable.AutoScroll)</autoscroll>
								<animation effect="fade" start="0" end="100" time="500" tween="sine" easing="inout">VisibleChange</animation>
								<animation effect="fade" start="100" end="78" time="300" tween="sine" easing="inout" condition="!Control.HasFocus(90003)">Conditional</animation>
								<visible>!String.IsEmpty(ListItem.Art(characterart)) | !String.IsEmpty(ListItem.Art(tvshow.characterart)) | !String.IsEmpty(ListItem.Art(clearart)) | !String.IsEmpty(ListItem.Art(clearlogo)) | !String.IsEmpty(ListItem.Art(discart)) | !String.IsEmpty(ListItem.Art(tvshow.clearart)) | !String.IsEmpty(ListItem.Art(tvshow.clearlogo))</visible>
							</control>
							<control type="textbox" id="401">
								<width>1162</width>
								<height>351</height>
								<label>$INFO[ListItem.Plot]</label>
								<font>font15info</font>
								<align>center</align>
								<autoscroll time="3000" delay="4000" repeat="2000">Skin.HasSetting(Enable.AutoScroll)</autoscroll>
								<animation effect="fade" start="100" end="78" time="300" tween="sine" easing="inout" condition="!Control.HasFocus(90003)">Conditional</animation>
								<visible>String.IsEmpty(ListItem.Art(characterart)) + String.IsEmpty(ListItem.Art(tvshow.characterart)) + String.IsEmpty(ListItem.Art(clearart)) + String.IsEmpty(ListItem.Art(clearlogo)) + String.IsEmpty(ListItem.Art(discart)) + String.IsEmpty(ListItem.Art(tvshow.clearart)) + String.IsEmpty(ListItem.Art(tvshow.clearlogo))</visible>
							</control>
						</control>
						<!-- Discart -->
						<control type="multiimage">
							<animation effect="slide" end="-50,-475" time="0" condition="Integer.IsLess(Container(300).NumItems,7) + String.IsEqual(ListItem.DBTYPE,set)">Conditional</animation>
							<left>805</left>
							<top>10</top>
							<width>375</width>
							<height>375</height>
							<aspectratio>keep</aspectratio>
							<fadetime>IconCrossfadeTime</fadetime>
							<imagepath colordiffuse="bbffffff" background="true">$INFO[Control.GetLabel(6927)]</imagepath>
							<visible>!String.IsEmpty(ListItem.Art(characterart)) | !String.IsEmpty(ListItem.Art(tvshow.characterart)) | !String.IsEmpty(ListItem.Art(clearart)) | !String.IsEmpty(ListItem.Art(clearlogo)) | !String.IsEmpty(ListItem.Art(discart)) | !String.IsEmpty(ListItem.Art(tvshow.clearart)) | !String.IsEmpty(ListItem.Art(tvshow.clearlogo))</visible>
							<visible>!String.IsEqual(ListItem.DBTYPE,set) | [Integer.IsLess(Container(300).NumItems,7) + String.IsEqual(ListItem.DBTYPE,set)]</visible>
						</control>
						<control type="group">
							<visible>!String.IsEqual(ListItem.DBTYPE,set)</visible>
							<top>380</top>
							<right>0</right>
							<control type="grouplist">
								<right>0</right>
								<height>90</height>
								<align>center</align>
								<orientation>horizontal</orientation>
								<visible>!ControlGroup(9001).HasFocus</visible>
								<include>SettingsFadeAnimation</include>
								<control type="image">
									<width>198</width>
									<colordiffuse>grey</colordiffuse>
									<include>MediaFlagVars</include>
									<texture fallback="resources/flag_default.png">$VAR[mediaicons_path]videoresolution/$VAR[videoresHDR,,.png]</texture>
									<visible>!String.IsEmpty(ListItem.VideoResolution)</visible>
								</control>
								<control type="group">
									<visible>String.IsEqual(ListItem.DBType,tvshow) + !String.IsEmpty(ListItem.Property(TotalSeasons))</visible>
									<width>200</width>
									<control type="label">
										<top>2</top>
										<width>200</width>
										<height>60</height>
										<align>center</align>
										<label>$INFO[ListItem.Property(TotalSeasons)]</label>
										<font>font48_bold</font>
										<wrapmultiline>true</wrapmultiline>
										<textcolor>grey</textcolor>
									</control>
									<control type="label">
										<top>52</top>
										<width>200</width>
										<height>30</height>
										<align>center</align>
										<label>[LOWERCASE]$VAR[OneOrMoreSeasonsVar][/LOWERCASE]</label>
										<font>font12</font>
										<textcolor>grey</textcolor>
									</control>
								</control>
								<control type="image">
									<width>198</width>
									<colordiffuse>grey</colordiffuse>
									<include>MediaFlagVars</include>
									<texture>$VAR[audioc_1]</texture>
									<visible>!String.IsEmpty(ListItem.AudioCodec)</visible>
								</control>
								<control type="group">
									<visible>String.IsEqual(ListItem.DBType,tvshow) + !String.IsEmpty(ListItem.Property(TotalEpisodes))</visible>
									<width>200</width>
									<control type="label">
										<top>2</top>
										<width>200</width>
										<height>60</height>
										<align>center</align>
										<label>$INFO[ListItem.Property(TotalEpisodes)]</label>
										<font>font48_bold</font>
										<wrapmultiline>true</wrapmultiline>
										<textcolor>grey</textcolor>
									</control>
									<control type="label">
										<top>52</top>
										<width>200</width>
										<height>30</height>
										<align>center</align>
										<label>[LOWERCASE]$VAR[OneOrMoreEpisodesVar][/LOWERCASE]</label>
										<font>font12</font>
										<textcolor>grey</textcolor>
									</control>
								</control>
								<control type="image">
									<width>198</width>
									<include>MediaFlagVars</include>
									<texture>$VAR[mediaicons_path]audiochannels/$INFO[ListItem.AudioChannels,,.png]</texture>
									<visible>!String.IsEmpty(ListItem.AudioChannels)</visible>
								</control>
								<control type="group">
									<visible>String.IsEqual(ListItem.DBType,tvshow) + !String.IsEmpty(ListItem.Property(UnWatchedEpisodes))</visible>
									<width>200</width>
									<control type="label">
										<top>2</top>
										<width>200</width>
										<height>60</height>
										<align>center</align>
										<label>$INFO[ListItem.Property(UnWatchedEpisodes)]</label>
										<font>font48_bold</font>
										<wrapmultiline>true</wrapmultiline>
										<textcolor>grey</textcolor>
									</control>
									<control type="label">
										<top>52</top>
										<width>200</width>
										<height>30</height>
										<align>center</align>
										<label>[LOWERCASE]$LOCALIZE[16101][/LOWERCASE]</label>
										<font>font12</font>
										<textcolor>grey</textcolor>
									</control>
								</control>
								<control type="image">
									<width>198</width>
									<colordiffuse>grey</colordiffuse>
									<include>MediaFlagVars</include>
									<texture fallback="resources/flag_default.png">$VAR[videocodec]</texture>
								</control>
								<control type="image">
									<width>198</width>
									<colordiffuse>grey</colordiffuse>
									<include>MediaFlagVars</include>
									<texture fallback="resources/flag_default.png">$VAR[mediaicons_path]aspectratio/$INFO[ListItem.VideoAspect,,.png]</texture>
								</control>
								<control type="image">
									<width>115</width>
									<colordiffuse>grey</colordiffuse>
									<include>MediaFlagVars</include>
									<texture>$VAR[mediaicons_path]cc.png</texture>
									<visible>!String.IsEmpty(ListItem.SubtitleLanguage)</visible>
								</control>
							</control>
						</control>
					</control>
					<include condition="!String.IsEqual(ListItem.DBTYPE,set) + !System.HasAddon(script.embuary.info)">DefaultActorList</include>
					<include condition="String.IsEqual(ListItem.DBTYPE,set)">DefaultSetList</include>
					<include condition="!String.IsEqual(ListItem.DBTYPE,set) + System.HasAddon(script.embuary.info)">CustomActorList</include>
					<include condition="System.HasAddon(script.embuary.helper) + String.IsEqual(ListItem.DBTYPE,movie)">ExtendedInfoMovieLists</include>
					<include condition="String.IsEqual(ListItem.DBTYPE,movie) + !String.IsEmpty(ListItem.SetID)">ExtendedMovieSetPanel</include>
					<include condition="System.HasAddon(script.embuary.helper) + String.IsEqual(ListItem.DBTYPE,tvshow)">ExtendedInfoSeriesLists</include>
					<include condition="String.IsEqual(ListItem.DBTYPE,tvshow) + Integer.IsGreater(ListItem.Property(TotalSeasons),0)">ExtendedSeasonPanel</include>
				</control>
			</control>
		</control>
		<control type="group">
			<include condition="Skin.HasSetting(SearchExtras) + !String.IsEmpty(Window(Home).Property(extras_yes))">SearchInfoExtras</include>
			<control type="grouplist">
				<left>80</left>
				<top>16</top>
				<width>400</width>
				<align>left</align>
				<orientation>horizontal</orientation>
				<itemgap>0</itemgap>
				<control type="label">
					<visible>Control.HasFocus(8545)</visible>
					<animation effect="slide" start="-750,0" end="0,0" time="600" tween="cubic" easing="out" reversible="false">Visible</animation>
					<align>left</align>
					<width min="20" max="200">auto</width>
					<height>40</height>
					<textcolor>white</textcolor>
					<shadowcolor>black</shadowcolor>
					<font>fontDiscog</font>
					<label>$INFO[Container(8545).CurrentItem]</label>
				</control>
				<control type="label">
					<visible>Control.HasFocus(8545)</visible>
					<animation effect="slide" start="-750,0" end="0,0" time="600" tween="cubic" easing="out" reversible="false">Visible</animation>
					<align>left</align>
					<width min="20" max="200">auto</width>
					<height>34</height>
					<textcolor>white</textcolor>
					<shadowcolor>black</shadowcolor>
					<font>Font_bro</font>
					<label>/$INFO[Container(8545).NumItems]</label>
				</control>
			</control>
			<control type="image">
				<visible>Control.HasFocus(8545)</visible>
				<animation effect="slide" start="-750,0" end="0,0" time="600" tween="cubic" easing="out" reversible="false">Visible</animation>
				<visible>[!String.IsEmpty(Window(Home).Property(extras_yes)) | Integer.IsGreater(Container(3322).NumItems,0)] + Skin.HasSetting(SearchExtras)</visible>
				<left>12</left>
				<top>17</top>
				<width>60</width>
				<height>60</height>
				<colordiffuse>bbffffff</colordiffuse>
				<texture background="true">tajo/extras.png</texture>
				<aspectratio>keep</aspectratio>
			</control>
			<control type="label">
				<visible>Control.HasFocus(8545)</visible>
				<animation effect="slide" start="-750,0" end="0,0" time="600" tween="cubic" easing="out" reversible="false">Visible</animation>
				<visible>[!String.IsEmpty(Window(Home).Property(extras_yes)) | Integer.IsGreater(Container(3322).NumItems,0)] + Skin.HasSetting(SearchExtras)</visible>
				<align>left</align>
				<left>17</left>
				<top>43</top>
				<width min="20" max="300">auto</width>
				<height>34</height>
				<textcolor>ffdadada</textcolor>
				<shadowcolor>black</shadowcolor>
				<font>font_Extras</font>
				<label>$LOCALIZE[31014]</label>
			</control>
			<control type="fixedlist" id="8545">
				<visible allowhiddenfocus="true">Control.HasFocus(8545)</visible>
				<animation effect="slide" start="-750,0" end="0,0" time="600" tween="cubic" easing="out" reversible="false">Visible</animation>
				<visible>[!String.IsEmpty(Window(Home).Property(extras_yes)) | Integer.IsGreater(Container(3322).NumItems,0)] + Skin.HasSetting(SearchExtras)</visible>
				<focusposition>2</focusposition>
				<movement>20</movement>
				<onright condition="!Player.HasVideo">ClearProperty(Extras_info,Home)</onright>
				<onright condition="!Player.HasVideo">SetFocus(223)</onright>
				<onright condition="Player.HasVideo">ActivateWindow(videoosd)</onright>
				<onleft condition="Player.HasVideo">ActivateWindow(videoosd)</onleft>
				<onleft condition="Player.HasAudio">ActivateWindow(1196)</onleft>
				<left>10</left>
				<top>82</top>
				<width>681</width>
				<height>968</height>
				<orientation>vertical</orientation>
				<include>Action_extras</include>
				<viewtype>list</viewtype>
				<itemlayout width="681" height="42">
					<control type="image">
						<animation effect="slide" start="-750,0" end="0,0" time="600" tween="cubic" easing="out" reversible="false">Visible</animation>
						<include>ExtrasIconMovie</include>
						<left>2</left>
						<top>-4</top>
						<width>53</width>
						<height>53</height>
					</control>
					<control type="image">
						<animation effect="slide" start="-750,0" end="0,0" time="600" tween="cubic" easing="out" reversible="false">Visible</animation>
						<include>ExtrasIconStrm</include>
						<left>2</left>
						<top>-4</top>
						<width>53</width>
						<height>53</height>
					</control>
					<control type="image">
						<animation effect="slide" start="-750,0" end="0,0" time="600" tween="cubic" easing="out" reversible="false">Visible</animation>
						<include>ExtrasIconPlaylist</include>
						<left>2</left>
						<top>-2</top>
						<width>51</width>
						<height>51</height>
					</control>
					<control type="image">
						<animation effect="slide" start="-750,0" end="0,0" time="600" tween="cubic" easing="out" reversible="false">Visible</animation>
						<include>ExtrasIconAudio</include>
						<left>2</left>
						<width>44</width>
						<height>44</height>
					</control>
					<control type="image">
						<animation effect="slide" start="-750,0" end="0,0" time="600" tween="cubic" easing="out" reversible="false">Visible</animation>
						<include>ExtrasIconOST</include>
						<left>2</left>
						<width>44</width>
						<height>44</height>
					</control>
					<control type="image">
						<animation effect="slide" start="-750,0" end="0,0" time="600" tween="cubic" easing="out" reversible="false">Visible</animation>
						<include>ExtrasIconPicture</include>
						<left>3</left>
						<width>45</width>
						<height>45</height>
					</control>
					<control type="label">
						<visible>!String.IsEmpty(ListItem.Label2)</visible>
						<animation effect="slide" start="-750,0" end="0,0" time="600" tween="cubic" easing="out" reversible="false">Visible</animation>
						<font>font15info</font>
						<scroll>false</scroll>
						<left>51</left>
						<height>40</height>
						<width>630</width>
						<align>left</align>
						<aligny>center</aligny>
						<label>[LOWERCASE][CAPITALIZE]$INFO[ListItem.Label2][/CAPITALIZE][/LOWERCASE]</label>
					</control>
					<control type="label">
						<visible>String.IsEmpty(ListItem.Label2)</visible>
						<animation effect="slide" start="-750,0" end="0,0" time="600" tween="cubic" easing="out" reversible="false">Visible</animation>
						<font>font15info</font>
						<scroll>false</scroll>
						<left>51</left>
						<height>40</height>
						<width>630</width>
						<align>left</align>
						<aligny>center</aligny>
						<selectedcolor>selected</selectedcolor>
						<label>[LOWERCASE][CAPITALIZE]$INFO[ListItem.Label][/CAPITALIZE][/LOWERCASE]</label>
					</control>
				</itemlayout>
				<focusedlayout width="681" height="42">
					<control type="image">
						<animation effect="slide" start="-750,0" end="0,0" time="600" tween="cubic" easing="out" reversible="false">Visible</animation>
						<include>ExtrasIconMovie</include>
						<left>2</left>
						<top>-4</top>
						<width>53</width>
						<height>53</height>
						<colordiffuse>themecolor</colordiffuse>
					</control>
					<control type="image">
						<animation effect="slide" start="-750,0" end="0,0" time="600" tween="cubic" easing="out" reversible="false">Visible</animation>
						<include>ExtrasIconStrm</include>
						<left>2</left>
						<top>-4</top>
						<width>53</width>
						<height>53</height>
						<aspectratio>keep</aspectratio>
					</control>
					<control type="image">
						<animation effect="slide" start="-750,0" end="0,0" time="600" tween="cubic" easing="out" reversible="false">Visible</animation>
						<include>ExtrasIconPlaylist</include>
						<left>2</left>
						<top>-2</top>
						<width>51</width>
						<height>51</height>
						<colordiffuse>themecolor</colordiffuse>
					</control>
					<control type="image">
						<animation effect="slide" start="-750,0" end="0,0" time="600" tween="cubic" easing="out" reversible="false">Visible</animation>
						<include>ExtrasIconAudio</include>
						<left>2</left>
						<width>44</width>
						<height>44</height>
						<colordiffuse>themecolor</colordiffuse>
					</control>
					<control type="image">
						<animation effect="slide" start="-750,0" end="0,0" time="600" tween="cubic" easing="out" reversible="false">Visible</animation>
						<include>ExtrasIconOST</include>
						<left>2</left>
						<width>44</width>
						<height>44</height>
						<colordiffuse>themecolor</colordiffuse>
					</control>
					<control type="image">
						<animation effect="slide" start="-750,0" end="0,0" time="600" tween="cubic" easing="out" reversible="false">Visible</animation>
						<include>ExtrasIconPicture</include>
						<left>3</left>
						<width>45</width>
						<height>45</height>
						<colordiffuse>themecolor</colordiffuse>
					</control>
					<control type="label">
						<visible>!String.IsEmpty(ListItem.Label2)</visible>
						<animation effect="slide" start="-750,0" end="0,0" time="600" tween="cubic" easing="out" reversible="false">Visible</animation>
						<textcolor>themecolor</textcolor>
						<font>font15info</font>
						<scroll>true</scroll>
						<left>51</left>
						<height>40</height>
						<width>630</width>
						<align>left</align>
						<aligny>center</aligny>
						<label>[LOWERCASE][CAPITALIZE][B]$INFO[ListItem.Label2][/CAPITALIZE][/LOWERCASE][/B]</label>
					</control>
					<control type="label">
						<visible>String.IsEmpty(ListItem.Label2)</visible>
						<animation effect="slide" start="-750,0" end="0,0" time="600" tween="cubic" easing="out" reversible="false">Visible</animation>
						<textcolor>themecolor</textcolor>
						<font>font15info</font>
						<scroll>true</scroll>
						<left>51</left>
						<height>40</height>
						<width>630</width>
						<align>left</align>
						<aligny>center</aligny>
						<selectedcolor>selected</selectedcolor>
						<label>[LOWERCASE][CAPITALIZE][B]$INFO[ListItem.Label][/CAPITALIZE][/LOWERCASE][/B]</label>
					</control>
				</focusedlayout>
				<content>
					<include content="Filter_files">
						<param name="id" value="0"/>
					</include>
					<include content="Filter_files">
						<param name="id" value="1"/>
					</include>
					<include content="Filter_files">
						<param name="id" value="2"/>
					</include>
					<include content="Filter_files">
						<param name="id" value="3"/>
					</include>
					<include content="Filter_files">
						<param name="id" value="4"/>
					</include>
					<include content="Filter_files">
						<param name="id" value="5"/>
					</include>
					<include content="Filter_files">
						<param name="id" value="6"/>
					</include>
					<include content="Filter_files">
						<param name="id" value="7"/>
					</include>
					<include content="Filter_files">
						<param name="id" value="8"/>
					</include>
					<include content="Filter_files">
						<param name="id" value="9"/>
					</include>
					<include content="Filter_files">
						<param name="id" value="10"/>
					</include>
					<include content="Filter_files">
						<param name="id" value="11"/>
					</include>
					<include content="Filter_files">
						<param name="id" value="12"/>
					</include>
					<include content="Filter_files">
						<param name="id" value="13"/>
					</include>
					<include content="Filter_files">
						<param name="id" value="14"/>
					</include>
					<include content="Filter_files">
						<param name="id" value="15"/>
					</include>
					<include content="Filter_files">
						<param name="id" value="16"/>
					</include>
					<include content="Filter_files">
						<param name="id" value="17"/>
					</include>
					<include content="Filter_files">
						<param name="id" value="18"/>
					</include>
					<include content="Filter_files">
						<param name="id" value="19"/>
					</include>
					<include content="Filter_files">
						<param name="id" value="20"/>
					</include>
					<include content="Filter_files">
						<param name="id" value="21"/>
					</include>
					<include content="Filter_files">
						<param name="id" value="22"/>
					</include>
					<include content="Filter_files">
						<param name="id" value="23"/>
					</include>
					<include content="Filter_files">
						<param name="id" value="24"/>
					</include>
					<include content="Filter_files">
						<param name="id" value="25"/>
					</include>
					<include content="Filter_files">
						<param name="id" value="26"/>
					</include>
					<include content="Filter_files">
						<param name="id" value="27"/>
					</include>
					<include content="Filter_files">
						<param name="id" value="28"/>
					</include>
					<include content="Filter_files">
						<param name="id" value="29"/>
					</include>
					<include content="Filter_files">
						<param name="id" value="30"/>
					</include>
					<include content="Filter_files">
						<param name="id" value="31"/>
					</include>
					<include content="Filter_files">
						<param name="id" value="32"/>
					</include>
					<include content="Filter_files">
						<param name="id" value="33"/>
					</include>
					<include content="Filter_files">
						<param name="id" value="34"/>
					</include>
					<include content="Filter_files">
						<param name="id" value="35"/>
					</include>
					<include content="Filter_files">
						<param name="id" value="36"/>
					</include>
					<include content="Filter_files">
						<param name="id" value="37"/>
					</include>
					<include content="Filter_files">
						<param name="id" value="38"/>
					</include>
					<include content="Filter_files">
						<param name="id" value="39"/>
					</include>
				</content>
				<content>musicdb://songs/?xsp=%7B%22rules%22%3A%7B%22and%22%3A%5B%7B%22field%22%3A%22album%22%2C%22operator%22%3A%22is%22%2C%22value%22%3A%5B%22$INFO[ListItem.Title]%22%5D%7D%2C%7B%22field%22%3A%22year%22%2C%22operator%22%3A%22is%22%2C%22value%22%3A%5B%22$INFO[ListItem.Year]%22%5D%7D%5D%7D%2C%22type%22%3A%22songs%22%7D</content>
				<content>$VAR[Title_xsp]</content>
			</control>
			<control type="image">
				<visible>Player.HasVideo</visible>
				<include>FullscreenDimensions</include>
				<texture>black.png</texture>
			</control>
			<control type="videowindow" id="2559">
				<include>FullscreenDimensions</include>
			</control>
		</control>
	</controls>
</window>