<?xml version="1.0" encoding="UTF-8"?>
<window>
	<defaultcontrol always="true">996</defaultcontrol>
	<animation type="WindowOpen" reversible="false">
		<effect type="zoom" start="150" end="100" center="auto" time="300" tween="cubic" easing="out"/>
		<effect type="fade" end="100" time="150"/>
	</animation>
	<animation type="WindowClose" reversible="false">
		<effect type="fade" start="100" end="0" time="100" delay="100"/>
		<effect type="zoom" start="100" end="130" center="auto" time="200" tween="cubic" easing="in"/>
	</animation>
	<coordinates>
		<system>1</system>
		<left>0</left>
		<top>0</top>
	</coordinates>
	<onload condition="string.isequal(window(movieinformation).property(action),show_informations_tv)">SetProperty(GoBackFocus,true,home)</onload>
	<onload condition="string.isequal(window(movieinformation).property(action),show_informations_tv)">SetFocus(1002)</onload>
	<onload condition="string.isequal(window(movieinformation).property(action),show_informations_tv)">action(select)</onload>
	<onload condition="string.isequal(window(movieinformation).property(action),show_informations_movie) + string.isequal(window(movieinformation).property(resumable),yes)">SetProperty(GoBackFocus,true,home)</onload>
	<onload condition="string.isequal(window(movieinformation).property(action),show_informations_movie) + string.isequal(window(movieinformation).property(resumable),yes)">SetFocus(1003)</onload>
	<onload condition="string.isequal(window(movieinformation).property(action),show_informations_movie) + string.isequal(window(movieinformation).property(resumable),yes)">action(select)</onload>
	<onload condition="string.isequal(window(movieinformation).property(action),show_informations_movie) + !string.isequal(window(movieinformation).property(resumable),yes)">SetProperty(GoBackFocus,true,home)</onload>
	<onload condition="string.isequal(window(movieinformation).property(action),show_informations_movie) + !string.isequal(window(movieinformation).property(resumable),yes)">SetFocus(1002)</onload>
	<onload condition="string.isequal(window(movieinformation).property(action),show_informations_movie) + !string.isequal(window(movieinformation).property(resumable),yes)">action(select)</onload>
	<onunload>ClearProperty(Action,movieinformation)</onunload>
	<onunload>ClearProperty(resumable,movieinformation)</onunload>
	<controls>
		<control type="image" id="999">
			<description>background image</description>
			<top>-34</top>
			<width>510</width>
			<height>1148</height>
			<texture border="40">dialogs/default/bg.png</texture>
		</control>
		<control type="grouplist" id="996">
			<description>grouplist for context buttons</description>
			<left>30</left>
			<width>510</width>
			<height min="60" max="1080">auto</height>
			<include condition="Window.IsActive(programs) + !String.IsEmpty(Window(Home).Property(Progams.Games))">AdvancedLauncherTrailerButton</include>
		</control>
		<control type="button" id="1000">
			<description>button template</description>
			<width>450</width>
			<height>60</height>
			<font>font14</font>
			<textoffsetx>15</textoffsetx>
			<texturefocus border="5">button_middle_focus.png</texturefocus>
			<texturenofocus border="5">button_middle3.png</texturenofocus>
		</control>
	</controls>
</window>