<?xml version="1.0" encoding="UTF-8"?>
<window>
	<defaultcontrol always="true">11</defaultcontrol>
	<animation effect="fade" start="0" end="100" time="300" easing="out">WindowOpen</animation>
	<animation effect="fade" start="100" end="0" time="300" easing="in">WindowClose</animation>
	<controls>
		<control type="image">
			<width>1920</width>
			<height>1080</height>
			<texture>blackk.jpg</texture>
			<animation effect="fade" end="80" time="0" condition="true">Conditional</animation>
		</control>
		<control type="group">
			<top>35</top>
			<left>5</left>
			<control type="image">
				<left>25</left>
				<top>15</top>
				<width>1870</width>
				<height>970</height>
				<texture border="40">dialogs/default/bg.png</texture>
			</control>
			<control type="group">
				<control type="fixedlist" id="11">
					<left>50</left>
					<top>120</top>
					<width>1900</width>
					<height>840</height>
					<onleft>Dialog.Close(all)</onleft>
					<onright>60</onright>
					<onup>11</onup>
					<ondown>11</ondown>
					<pagecontrol>60</pagecontrol>
					<scrolltime tween="cubic" easing="out">500</scrolltime>
					<movement>4</movement>
					<focusposition>4</focusposition>
					<itemlayout height="90" width="1900">
						<control type="label">
							<left>20</left>
							<width>200</width>
							<bottom>0</bottom>
							<aligny>center</aligny>
							<textcolor>grey</textcolor>
							<selectedcolor>selected</selectedcolor>
							<label>$INFO[ListItem.StartTime]</label>
						</control>
						<control type="label">
							<left>220</left>
							<width>710</width>
							<bottom>0</bottom>
							<textcolor>grey</textcolor>
							<selectedcolor>selected</selectedcolor>
							<align>right</align>
							<aligny>center</aligny>
							<label>$INFO[ListItem.EpgEventTitle]</label>
						</control>
					</itemlayout>
					<focusedlayout height="90" width="1900">
						<control type="image">
							<left>0</left>
							<width>955</width>
							<height>90</height>
							<texture border="4">listselect_fo.png</texture>
						</control>
						<control type="label">
							<left>20</left>
							<width>200</width>
							<bottom>0</bottom>
							<aligny>center</aligny>
							<label>$INFO[ListItem.StartTime]</label>
						</control>
						<control type="label">
							<left>220</left>
							<width>710</width>
							<bottom>0</bottom>
							<align>right</align>
							<aligny>center</aligny>
							<label>$INFO[ListItem.EpgEventTitle]</label>
							<scroll>true</scroll>
						</control>
					</focusedlayout>
				</control>
				<control type="group">
					<top>73</top>
					<left>90</left>
					<control type="scrollbar" id="60">
						<include>ScrollBar_Vertical</include>
						<width>37</width>
						<left>934</left>
						<top>50</top>
						<height>800</height>
						<onleft>11</onleft>
						<ondown>60</ondown>
						<onup>60</onup>
						<showonepage>false</showonepage>
						<onright>Dialog.Close(all)</onright>
					</control>
					<control type="grouplist">
						<visible>!Skin.HasSetting(noshow_numItems)</visible>
						<visible>!ListItem.IsParentFolder</visible>
						<left>1378</left>
						<top>855</top>
						<width>400</width>
						<align>right</align>
						<orientation>horizontal</orientation>
						<itemgap>0</itemgap>
						<control type="label">
							<align>left</align>
							<width min="20" max="200">auto</width>
							<height>40</height>
							<textcolor>grey2</textcolor>
							<shadowcolor>black</shadowcolor>
							<font>fontDiscog</font>
							<label>$INFO[Container(11).CurrentItem]</label>
						</control>
						<control type="label">
							<align>left</align>
							<width min="20" max="200">auto</width>
							<height>52</height>
							<textcolor>grey2</textcolor>
							<shadowcolor>black</shadowcolor>
							<font>Font_bro</font>
							<label>/$INFO[Container(11).NumItems]</label>
						</control>
					</control>
				</control>
				<control type="label" id="2">
					<description>header label</description>
					<top>30</top>
					<textoffsetx>40</textoffsetx>
					<width>1920</width>
					<height>70</height>
					<aligny>center</aligny>
					<align>center</align>
					<label>[B][COLOR themecolor]$LOCALIZE[19069][/COLOR][/B]$INFO[Container(11).ListItem.StartDate, - ][CR][COLOR themecolor]$INFO[ListItem.ChannelNumberLabel,[B]$LOCALIZE[19029]: [/COLOR], - ]$INFO[ListItem.ChannelName][/B]</label>
					<shadowcolor>black</shadowcolor>
				</control>
				<control type="image">
					<left>1180</left>
					<top>140</top>
					<width>570</width>
					<height>225</height>
					<aspectratio align="center" aligny="center">keep</aspectratio>
					<texture fallback="DefaultTVShows.png">$INFO[Container(11).Listitem.Icon]</texture>
				</control>
				<control type="group">
					<left>375</left>
					<top>360</top>
					<control type="textbox">
						<left>715</left>
						<top>50</top>
						<width>760</width>
						<height>515</height>
						<label>$INFO[Container(11).ListItem.Duration,[COLOR themecolor]$LOCALIZE[180]: [/COLOR],[CR]]$INFO[Container(11).ListItem.Genre,[COLOR themecolor]$LOCALIZE[515]: [/COLOR],[CR]]$INFO[Container(11).ListItem.Plot]</label>
						<autoscroll time="3000" delay="4000" repeat="5000">Skin.HasSetting(Enable.AutoScroll)</autoscroll>
					</control>
				</control>
			</control>
		</control>
	</controls>
</window>