<?xml version="1.0" encoding="UTF-8"?>
<window>
	<defaultcontrol always="true">20</defaultcontrol>
	<coordinates>
		<system>1</system>
		<left>159</left>
		<top>100</top>
	</coordinates>
	<include>DialogOpenCloseAnimation</include>
	<controls>
		<control type="image">
			<left>-159</left>
			<top>-100</top>
			<width>1920</width>
			<height>1080</height>
			<texture>blackk.jpg</texture>
			<animation effect="fade" end="80" time="0" condition="true">Conditional</animation>
		</control>
		<control type="image">
			<description>background image</description>
			<width>1602</width>
			<height>900</height>
			<texture border="40">dialogs/default/bg.png</texture>
		</control>
		<control type="label">
			<description>header label</description>
			<left>30</left>
			<top>18</top>
			<width>1462</width>
			<height>40</height>
			<font>font15_title</font>
			<label>$LOCALIZE[19199] - $LOCALIZE[19023]</label>
			<align>center</align>
			<textcolor>dialogheader</textcolor>
			<visible>String.IsEmpty(Window.Property(IsRadio))</visible>
		</control>
		<control type="label">
			<description>header label</description>
			<left>30</left>
			<top>18</top>
			<width>1462</width>
			<height>40</height>
			<font>font15_title</font>
			<label>$LOCALIZE[19199] - $LOCALIZE[19024]</label>
			<align>center</align>
			<textcolor>dialogheader</textcolor>
			<visible>!String.IsEmpty(Window.Property(IsRadio))</visible>
		</control>
		<control type="scrollbar" id="60">
			<include>ScrollBar_Vertical</include>
			<width>37</width>
			<left>633</left>
			<top>81</top>
			<height>785</height>
			<onleft>20</onleft>
			<ondown>60</ondown>
			<onup>60</onup>
			<showonepage>false</showonepage>
			<onright>9002</onright>
		</control>
		<control type="grouplist">
			<visible>!Skin.HasSetting(noshow_numItems)</visible>
			<visible>!ListItem.IsParentFolder</visible>
			<left>1175</left>
			<top>845</top>
			<width>400</width>
			<align>right</align>
			<orientation>horizontal</orientation>
			<itemgap>0</itemgap>
			<control type="label">
				<align>left</align>
				<width min="20" max="200">auto</width>
				<height>40</height>
				<textcolor>grey2</textcolor>
				<shadowcolor>black</shadowcolor>
				<font>fontDiscog</font>
				<label>$INFO[Container(20).CurrentItem]</label>
			</control>
			<control type="label">
				<align>left</align>
				<width min="20" max="200">auto</width>
				<height>52</height>
				<textcolor>grey2</textcolor>
				<shadowcolor>black</shadowcolor>
				<font>Font_bro</font>
				<label>/$INFO[Container(20).NumItems]</label>
			</control>
		</control>
		<control type="group" id="9000">
			<left>30</left>
			<top>86</top>
			<control type="list" id="20">
				<left>2</left>
				<top>2</top>
				<width>630</width>
				<height>770</height>
				<onup>20</onup>
				<ondown>20</ondown>
				<onleft>9001</onleft>
				<onright>60</onright>
				<pagecontrol>60</pagecontrol>
				<scrolltime>200</scrolltime>
				<itemlayout height="70" width="630">
					<control type="image">
						<left>48</left>
						<top>9</top>
						<width>50</width>
						<height>50</height>
						<visible>ListItem.Property(ActiveChannel)</visible>
						<texture>$INFO[ListItem.Property(icon)]</texture>
						<aspectratio>keep</aspectratio>
					</control>
					<control type="image">
						<left>48</left>
						<top>9</top>
						<width>50</width>
						<height>50</height>
						<visible>!ListItem.Property(ActiveChannel)</visible>
						<texture colordiffuse="33FFFFFF">$INFO[ListItem.Property(icon)]</texture>
						<aspectratio>keep</aspectratio>
					</control>
					<control type="image">
						<left>-4</left>
						<top>10</top>
						<width>50</width>
						<height>50</height>
						<texture>new_pvr/overlayLocked.png</texture>
						<aspectratio>keep</aspectratio>
						<visible>ListItem.Property(ParentalLocked)</visible>
					</control>
					<control type="label">
						<left>110</left>
						<right>40</right>
						<bottom>0</bottom>
						<aligny>center</aligny>
						<textcolor>33FFFFFF</textcolor>
						<font>font14</font>
						<visible>!ListItem.Property(ActiveChannel)</visible>
						<label>$INFO[ListItem.Property(Name)]</label>
					</control>
					<control type="label">
						<left>110</left>
						<right>40</right>
						<bottom>0</bottom>
						<aligny>center</aligny>
						<font>font14</font>
						<visible>!ListItem.Property(Changed)</visible>
						<visible>ListItem.Property(ActiveChannel)</visible>
						<label>$INFO[ListItem.Property(Number),[B],[/B] - ]$INFO[ListItem.Property(Name)]</label>
					</control>
					<control type="label">
						<left>110</left>
						<right>40</right>
						<bottom>0</bottom>
						<aligny>center</aligny>
						<font>font14</font>
						<textcolor>themecolor</textcolor>
						<visible>ListItem.Property(Changed)</visible>
						<visible>ListItem.Property(ActiveChannel)</visible>
						<label>$INFO[ListItem.Property(Number),[B],[/B] - ]$INFO[ListItem.Property(Name)]</label>
					</control>
				</itemlayout>
				<focusedlayout height="70" width="630">
					<control type="image">
						<animation effect="fade" start="100" end="70" time="0" condition="!Control.HasFocus(20)">Conditional</animation>
						<left>0</left>
						<top>-2</top>
						<height>74</height>
						<width>605</width>
						<texture border="5">listselect_fo.png</texture>
						<include>VisibleFadeAnimation</include>
					</control>
					<control type="image">
						<left>48</left>
						<top>9</top>
						<width>50</width>
						<height>50</height>
						<visible>ListItem.Property(ActiveChannel)</visible>
						<texture>$INFO[ListItem.Property(icon)]</texture>
						<aspectratio>keep</aspectratio>
					</control>
					<control type="image">
						<left>48</left>
						<top>9</top>
						<width>50</width>
						<height>50</height>
						<visible>!ListItem.Property(ActiveChannel)</visible>
						<texture colordiffuse="33FFFFFF">$INFO[ListItem.Property(icon)]</texture>
						<aspectratio>keep</aspectratio>
					</control>
					<control type="image">
						<left>-4</left>
						<top>10</top>
						<width>50</width>
						<height>50</height>
						<texture>new_pvr/overlayLocked.png</texture>
						<aspectratio>keep</aspectratio>
						<visible>ListItem.Property(ParentalLocked)</visible>
					</control>
					<control type="label">
						<left>110</left>
						<right>40</right>
						<top>-7</top>
						<height>40</height>
						<aligny>top</aligny>
						<textcolor>33FFFFFF</textcolor>
						<font>font14</font>
						<visible>!ListItem.Property(ActiveChannel)</visible>
						<label>$INFO[ListItem.Property(Name)]</label>
					</control>
					<control type="label">
						<left>110</left>
						<right>40</right>
						<top>-7</top>
						<height>40</height>
						<aligny>top</aligny>
						<font>font14</font>
						<visible>!ListItem.Property(Changed)</visible>
						<visible>ListItem.Property(ActiveChannel)</visible>
						<label>$INFO[ListItem.Property(Number),[B],[/B] - ]$INFO[ListItem.Property(Name)]</label>
					</control>
					<control type="label">
						<left>110</left>
						<right>40</right>
						<top>-7</top>
						<height>40</height>
						<aligny>top</aligny>
						<font>font14</font>
						<textcolor>themecolor</textcolor>
						<visible>ListItem.Property(Changed)</visible>
						<visible>ListItem.Property(ActiveChannel)</visible>
						<label>$INFO[ListItem.Property(Number),[B],[/B] - ]$INFO[ListItem.Property(Name)]</label>
					</control>
					<control type="label">
						<left>110</left>
						<top>35</top>
						<right>40</right>
						<height>30</height>
						<font>font12x</font>
						<textcolor>33FFFFFF</textcolor>
						<textoffsetx>45</textoffsetx>
						<visible>!ListItem.Property(ActiveChannel)</visible>
						<aligny>center</aligny>
						<label>$LOCALIZE[19210]: $INFO[ListItem.Property(ClientName)]</label>
					</control>
					<control type="label">
						<left>110</left>
						<top>35</top>
						<right>40</right>
						<height>30</height>
						<font>font12x</font>
						<textoffsetx>45</textoffsetx>
						<visible>!ListItem.Property(Changed)</visible>
						<visible>ListItem.Property(ActiveChannel)</visible>
						<aligny>center</aligny>
						<label>$LOCALIZE[19210]: $INFO[ListItem.Property(ClientName)]</label>
					</control>
					<control type="label">
						<left>110</left>
						<top>35</top>
						<right>40</right>
						<height>30</height>
						<font>font12x</font>
						<textoffsetx>45</textoffsetx>
						<textcolor>themecolor</textcolor>
						<visible>ListItem.Property(Changed)</visible>
						<visible>ListItem.Property(ActiveChannel)</visible>
						<aligny>center</aligny>
						<label>$LOCALIZE[19210]: $INFO[ListItem.Property(ClientName)]</label>
					</control>
				</focusedlayout>
			</control>
		</control>
		<control type="group">
			<left>676</left>
			<top>86</top>
			<control type="label">
				<description>channel options Header</description>
				<width>570</width>
				<height>40</height>
				<font>font14</font>
				<label>$LOCALIZE[31511]</label>
				<textcolor>labelheader</textcolor>
				<textoffsetx>15</textoffsetx>
			</control>
			<control type="grouplist" id="9002">
				<description>control area</description>
				<left>2</left>
				<top>52</top>
				<width>570</width>
				<height>720</height>
				<pagecontrol/>
				<onup>9002</onup>
				<ondown>9002</ondown>
				<onleft>9000</onleft>
				<onright>9001</onright>
				<control type="radiobutton" id="7">
					<description>Channel activated</description>
					<width>570</width>
					<label>19074</label>
				</control>
				<control type="edit" id="8">
					<description>Channel name</description>
					<width>570</width>
					<label>19201</label>
				</control>
				<control type="button" id="9">
					<description>Channel logo Button</description>
					<width>570</width>
					<label>19202</label>
				</control>
				<control type="radiobutton" id="12">
					<description>EPG activated</description>
					<width>570</width>
					<label>19206</label>
				</control>
				<control type="spincontrolex" id="13">
					<description>EPG source</description>
					<width>570</width>
					<label>19200</label>
				</control>
				<control type="radiobutton" id="14">
					<description>Parental locked</description>
					<width>570</width>
					<label>19267</label>
				</control>
				<control type="label" id="200">
					<description>channel options Header</description>
					<width>570</width>
					<height>50</height>
					<font>font14</font>
					<label>$LOCALIZE[31026]</label>
					<textcolor>labelheader</textcolor>
					<textoffsetx>15</textoffsetx>
				</control>
				<control type="button" id="30">
					<description>Group Manager Button</description>
					<width>570</width>
					<label>19205</label>
				</control>
				<control type="togglebutton" id="34">
					<description>TV/Radio Button</description>
					<width>570</width>
					<label>19024</label>
					<altlabel>19023</altlabel>
					<usealttexture>!String.IsEmpty(Window.Property(IsRadio))</usealttexture>
				</control>
				<control type="button" id="31">
					<description>New channel Button</description>
					<width>570</width>
					<label>19204</label>
				</control>
			</control>
			<control type="image" id="10">
				<description>Current Channel Icon</description>
				<left>510</left>
				<top>180</top>
				<width>45</width>
				<height>45</height>
				<aspectratio>keep</aspectratio>
				<info>ListItem.Property(Icon)</info>
			</control>
		</control>
		<!-- right group -->
		<control type="group">
			<left>1262</left>
			<top>88</top>
			<control type="grouplist" id="9001">
				<onup>9001</onup>
				<onleft>9002</onleft>
				<onright>9000</onright>
				<ondown>9001</ondown>
				<control type="button" id="4">
					<description>Ok Button</description>
					<width>310</width>
					<label>186</label>
				</control>
				<control type="button" id="5">
					<description>Apply changes Button</description>
					<width>310</width>
					<label>14070</label>
				</control>
				<control type="button" id="6">
					<description>Clear Button</description>
					<width>310</width>
					<label>222</label>
				</control>
			</control>
		</control>
	</controls>
</window>