<?xml version="1.0" encoding="UTF-8"?>
<window>
	<defaultcontrol always="true">26</defaultcontrol>
	<controls>
		<control type="image">
			<width>1920</width>
			<height>1080</height>
			<texture>blackk.jpg</texture>
			<animation effect="fade" end="80" time="0" condition="true">Conditional</animation>
		</control>
		<control type="image">
			<description>background image</description>
			<left>20</left>
			<top>100</top>
			<width>1880</width>
			<height>900</height>
			<texture border="40">dialogs/default/bg.png</texture>
		</control>
		<control type="group">
			<animation effect="fade" time="200">Visible</animation>
			<animation effect="fade" time="200">Hidden</animation>
			<centertop>46%</centertop>
			<height>830</height>
			<centerleft>50%</centerleft>
			<width>1820</width>
			<control type="label">
				<left>30</left>
				<top>42</top>
				<width>1800</width>
				<height>40</height>
				<font>font15_title</font>
				<align>center</align>
				<textcolor>dialogheader</textcolor>
				<label>$VAR[PVRGroupMgrHeader]</label>
			</control>
			<control type="grouplist" id="9000">
				<left>0</left>
				<top>50</top>
				<width>370</width>
				<height>600</height>
				<itemgap>0</itemgap>
				<align>center</align>
				<orientation>vertical</orientation>
				<onleft>12</onleft>
				<onright>13</onright>
				<onup>9000</onup>
				<ondown>9000</ondown>
				<control type="button" id="26">
					<description>Add Group</description>
					<width>370</width>
					<label>$LOCALIZE[31503]</label>
				</control>
				<control type="button" id="27">
					<description>Rename Group</description>
					<width>370</width>
					<label>$LOCALIZE[31504]</label>
				</control>
				<control type="radiobutton" id="25">
					<description>Hide Group</description>
					<width>370</width>
					<label>$LOCALIZE[19289]</label>
				</control>
				<control type="button" id="28">
					<description>Delete Group</description>
					<width>370</width>
					<label>$LOCALIZE[31505]</label>
				</control>
				<control type="button" id="35">
					<description>Regenerate Group Thumbnail</description>
					<width>370</width>
					<label>$LOCALIZE[13315]</label>
				</control>
				<control type="togglebutton" id="34">
					<description>TV/Radio toggle</description>
					<width>370</width>
					<label>$LOCALIZE[19174]</label>
					<altlabel>$LOCALIZE[19173]</altlabel>
					<usealttexture>!String.IsEmpty(Window.Property(IsRadio))</usealttexture>
				</control>
				<control type="button" id="29">
					<description>OK</description>
					<width>370</width>
					<label>$LOCALIZE[186]</label>
				</control>
			</control>
			<control type="image">
				<left>60</left>
				<top>625</top>
				<width>250</width>
				<height>250</height>
				<texture>$INFO[Container(13).ListItem.Icon]</texture>
				<bordertexture colordiffuse="black">white.jpg</bordertexture>
				<bordersize>10</bordersize>
				<aspectratio>keep</aspectratio>
			</control>
			<control type="group">
				<left>380</left>
				<top>100</top>
				<control type="label">
					<description>name label</description>
					<left>0</left>
					<top>10</top>
					<width>360</width>
					<height>69</height>
					<textcolor>themecolor</textcolor>
					<label>$LOCALIZE[19146]: [COLOR white]$INFO[Container(13).NumItems][/COLOR]</label>
					<align>center</align>
					<aligny>center</aligny>
				</control>
				<control type="list" id="13">
					<left>20</left>
					<top>76</top>
					<width>400</width>
					<height>690</height>
					<onup>13</onup>
					<ondown>13</ondown>
					<onleft>9000</onleft>
					<onright>73</onright>
					<pagecontrol>73</pagecontrol>
					<scrolltime>200</scrolltime>
					<itemlayout width="400" height="69">
						<control type="label">
							<left>20</left>
							<width>300</width>
							<height>69</height>
							<aligny>center</aligny>
							<textcolor>grey</textcolor>
							<label>$INFO[ListItem.Label]</label>
						</control>
						<control type="image">
							<width>60</width>
							<height>60</height>
							<left>333</left>
							<top>5</top>
							<texture>$INFO[ListItem.Icon]</texture>
							<bordertexture colordiffuse="black">white.jpg</bordertexture>
							<bordersize>2</bordersize>
							<aspectratio>keep</aspectratio>
						</control>
					</itemlayout>
					<focusedlayout width="400" height="69">
						<control type="image">
							<left>0</left>
							<top>-2</top>
							<width>400</width>
							<height>73</height>
							<texture border="4">listselect_fo.png</texture>
							<animation effect="fade" start="100" end="50" time="0" condition="!Control.HasFocus(13)">Conditional</animation>
						</control>
						<control type="label">
							<left>20</left>
							<width>300</width>
							<height>69</height>
							<aligny>center</aligny>
							<label>$INFO[ListItem.Label]</label>
							<scroll>true</scroll>
						</control>
						<control type="image">
							<width>60</width>
							<height>60</height>
							<left>333</left>
							<top>5</top>
							<texture>$INFO[ListItem.Icon]</texture>
							<bordertexture colordiffuse="black">white.jpg</bordertexture>
							<bordersize>2</bordersize>
							<aspectratio>keep</aspectratio>
						</control>
					</focusedlayout>
				</control>
				<control type="scrollbar" id="73">
					<include>ScrollBar_Vertical</include>
					<width>37</width>
					<left>415</left>
					<top>70</top>
					<height>700</height>
					<onleft>13</onleft>
					<ondown>73</ondown>
					<onup>73</onup>
					<showonepage>false</showonepage>
					<onright>11</onright>
				</control>
			</control>
			<control type="group">
				<description>Channels list</description>
				<left>813</left>
				<top>100</top>
				<include content="ChannelManagerList">
					<param name="lista_id" value="11"/>
					<param name="scrollbar_id" value="71"/>
					<param name="onright" value="12"/>
					<param name="onleft" value="13"/>
				</include>
				<control type="grouplist">
					<orientation>horizontal</orientation>
					<left>0</left>
					<top>10</top>
					<align>center</align>
					<width>510</width>
					<control type="label" id="21">
						<width>auto</width>
						<height>69</height>
						<align>center</align>
						<aligny>center</aligny>
						<textcolor>themecolor</textcolor>
					</control>
					<control type="label">
						<width>auto</width>
						<height>69</height>
						<align>center</align>
						<aligny>center</aligny>
						<textcolor>themecolor</textcolor>
						<label>: [COLOR white]$INFO[Container(11).Numitems][/COLOR]</label>
					</control>
				</control>
			</control>
			<control type="group">
				<description>Grouped Channels list</description>
				<left>1316</left>
				<top>100</top>
				<include content="ChannelManagerList">
					<param name="lista_id" value="12"/>
					<param name="scrollbar_id" value="72"/>
					<param name="onright" value="9000"/>
					<param name="onleft" value="11"/>
				</include>
				<control type="grouplist">
					<orientation>horizontal</orientation>
					<left>0</left>
					<top>10</top>
					<align>center</align>
					<width>510</width>
					<control type="label" id="22">
						<width>auto</width>
						<height>69</height>
						<align>center</align>
						<aligny>center</aligny>
						<textcolor>themecolor</textcolor>
					</control>
					<control type="label">
						<width>auto</width>
						<height>69</height>
						<align>center</align>
						<aligny>center</aligny>
						<textcolor>themecolor</textcolor>
						<label>: [COLOR white]$INFO[Container(12).Numitems][/COLOR]</label>
					</control>
				</control>
			</control>
		</control>
	</controls>
</window>