<?xml version="1.0" encoding="utf-8"?>
<window>
	<defaultcontrol always="true">1103</defaultcontrol>
	<depth>0.40</depth>
	<controls>
		<control type="image">
			<visible>!Window.IsActive(1101) + !Window.IsActive(GameVideoFilter) + !Window.IsActive(GameStretchMode) + !Window.IsActive(GameControllers) + !Window.IsActive(GameVideoRotation)</visible>
			<left>0</left>
			<top>0</top>
			<width>1920</width>
			<height>1080</height>
			<texture>back.png</texture>
		</control>
		<control type="group" id="1">
			<visible>!Window.IsActive(1101) + !Window.IsActive(GameVideoFilter) + !Window.IsActive(GameStretchMode) + !Window.IsActive(GameControllers) + !Window.IsActive(GameVideoRotation)</visible>
			<control type="image">
				<description>background image</description>
				<left>550</left>
				<top>300</top>
				<width>800</width>
				<height>480</height>
				<texture border="40">dialogs/default/bg.png</texture>
			</control>
			<control type="label" id="2">
				<description>header label</description>
				<left>150</left>
				<top>320</top>
				<width>1620</width>
				<height>60</height>
				<textoffsetx>15</textoffsetx>
				<align>center</align>
				<textcolor>dialogheader</textcolor>
				<shadowcolor>black</shadowcolor>
				<font>font15_title</font>
				<label>$LOCALIZE[35221]</label>
			</control>
			<control type="group" id="10">
				<visible>System.GetBool(gamesgeneral.showosdhelp)</visible>
				<defaultcontrol always="true">1103</defaultcontrol>
				<centerleft>50%</centerleft>
				<height>1040</height>
				<centertop>50%</centertop>
				<width>700</width>
				<animation effect="fade" time="200">VisibleChange</animation>
				<control type="label" id="2">
					<description>header label</description>
					<left>-450</left>
					<top>90</top>
					<width>1620</width>
					<height>60</height>
					<textoffsetx>15</textoffsetx>
					<align>center</align>
					<textcolor>white</textcolor>
					<shadowcolor>black</shadowcolor>
					<font>font13</font>
					<label>[B]$LOCALIZE[35221][/B]</label>
				</control>
				<control type="group" id="1000">
					<top>80</top>
					<control type="group" id="1100">
						<control type="textbox" id="1101">
							<description>Help text</description>
							<top>85</top>
							<left>30</left>
							<height>130</height>
							<width>640</width>
							<align>center</align>
							<aligny>center</aligny>
							<font>font13</font>
						</control>
						<control type="gamecontroller" id="1102">
							<top>240</top>
							<left>30</left>
							<width>640</width>
							<height>640</height>
						</control>
						<control type="textbox">
							<description>Additional help text. This will be removed in future versions.</description>
							<top>742</top>
							<left>30</left>
							<height>130</height>
							<width>640</width>
							<align>center</align>
							<aligny>center</aligny>
							<font>font13</font>
							<label>$LOCALIZE[35236]</label>
						</control>
						<control type="button">
							<description>Button to close the dialog</description>
							<top>0</top>
							<bottom>0</bottom>
							<left>0</left>
							<right>0</right>
							<texturefocus/>
							<texturenofocus/>
							<onclick>Action(close)</onclick>
						</control>
					</control>
				</control>
			</control>
			<control type="group" id="20">
				<visible>!System.GetBool(gamesgeneral.showosdhelp)</visible>
				<centerleft>50%</centerleft>
				<height>400</height>
				<centertop>50%</centertop>
				<width>700</width>
				<animation effect="fade" time="200">VisibleChange</animation>
				<control type="group" id="2000">
					<top>80</top>
					<control type="list" id="1103">
						<defaultcontrol always="true">2101</defaultcontrol>
						<height>400</height>
						<orientation>vertical</orientation>
						<itemlayout condition="!Control.IsVisible(2200)" width="700" height="80">
							<control type="image">
								<left>8</left>
								<top>8</top>
								<width>64</width>
								<height>64</height>
								<info>ListItem.Icon</info>
							</control>
							<control type="label">
								<left>80</left>
								<width>600</width>
								<height>80</height>
								<info>ListItem.Label</info>
								<font>font13</font>
								<align>left</align>
								<aligny>center</aligny>
							</control>
							<control type="label">
								<right>20</right>
								<width>600</width>
								<height>80</height>
								<info>ListItem.Label2</info>
								<font>font13</font>
								<align>right</align>
								<aligny>center</aligny>
								<textcolor>grey</textcolor>
							</control>
						</itemlayout>
						<itemlayout condition="Control.IsVisible(2200)" width="688" height="80">
							<control type="image">
								<left>8</left>
								<top>8</top>
								<width>64</width>
								<height>64</height>
								<info>ListItem.Icon</info>
							</control>
							<control type="label">
								<left>80</left>
								<width>600</width>
								<height>80</height>
								<info>ListItem.Label</info>
								<font>font13</font>
								<align>left</align>
								<aligny>center</aligny>
							</control>
							<control type="label">
								<right>20</right>
								<width>600</width>
								<height>80</height>
								<info>ListItem.Label2</info>
								<font>font13</font>
								<align>right</align>
								<aligny>center</aligny>
								<textcolor>grey</textcolor>
							</control>
						</itemlayout>
						<focusedlayout condition="!Control.IsVisible(2200)" width="700" height="80">
							<control type="image">
								<top>8</top>
								<width>680</width>
								<height>70</height>
								<texture border="4,5,6,8">controls\button_f.png</texture>
								<visible>Control.HasFocus(1103)</visible>
							</control>
							<control type="image">
								<left>8</left>
								<top>8</top>
								<width>64</width>
								<height>64</height>
								<info>ListItem.Icon</info>
							</control>
							<control type="label">
								<left>80</left>
								<width>600</width>
								<height>80</height>
								<info>ListItem.Label</info>
								<font>font13</font>
								<align>left</align>
								<aligny>center</aligny>
							</control>
							<control type="label">
								<right>20</right>
								<width>600</width>
								<height>80</height>
								<info>ListItem.Label2</info>
								<font>font13</font>
								<align>right</align>
								<aligny>center</aligny>
								<textcolor>grey</textcolor>
							</control>
						</focusedlayout>
						<focusedlayout condition="Control.IsVisible(2200)" width="688" height="80">
							<control type="image">
								<texture diffuse="tajo/mask_cover3.png">listselect_fo.png</texture>
								<visible>Control.HasFocus(1103)</visible>
							</control>
							<control type="image">
								<left>8</left>
								<top>8</top>
								<width>64</width>
								<height>64</height>
								<info>ListItem.Icon</info>
							</control>
							<control type="label">
								<left>80</left>
								<width>600</width>
								<height>80</height>
								<info>ListItem.Label</info>
								<font>font13</font>
								<align>left</align>
								<aligny>center</aligny>
							</control>
							<control type="label">
								<right>20</right>
								<width>600</width>
								<height>80</height>
								<info>ListItem.Label2</info>
								<font>font13</font>
								<align>right</align>
								<aligny>center</aligny>
								<textcolor>grey</textcolor>
							</control>
						</focusedlayout>
						<content>
							<item id="2101">
								<description>Pause / Resume button</description>
								<label>$LOCALIZE[35224]</label>
								<icon>osd/buttons/OSDPlayFO.png</icon>
								<onclick>Play</onclick>
							</item>
							<item id="2102">
								<description>Reset button</description>
								<label>$LOCALIZE[13007]</label>
								<icon>osd/buttons/OSDSkinFO.png</icon>
								<onclick>PlayerControl(Reset)</onclick>
							</item>
							<item id="2103">
								<description>Stop button</description>
								<label>$LOCALIZE[35222]</label>
								<icon>osd/buttons/OSDStopFO.png</icon>
								<onclick>Stop</onclick>
							</item>
							<item id="2108">
								<description>Settings button</description>
								<label>$LOCALIZE[5]</label>
								<icon>osd/buttons/OSDSettingsFO.png</icon>
								<onclick>SetProperty(settingslist_content,games,home)</onclick>
								<onclick>SetProperty(settingslist_header,$LOCALIZE[5],home)</onclick>
								<onclick>ActivateWindow(1101)</onclick>
							</item>
						</content>
						<pagecontrol>2200</pagecontrol>
					</control>
					<control type="scrollbar" id="2200">
						<top>-10</top>
						<right>0</right>
						<width>12</width>
						<orientation>vertical</orientation>
					</control>
				</control>
			</control>
		</control>
	</controls>
</window>
