<?xml version="1.0" encoding="UTF-8"?>
<includes>
	<include name="FullScreenInfoBarLiveTV">
		<animation effect="fade" start="0" end="100" time="400">WindowOpen</animation>
		<animation effect="fade" start="100" end="0" time="400">WindowClose</animation>
		<!-- Main background -->
		<control type="group">
			<top>735</top>
			<left>17</left>
			<control type="image">
				<width>1885</width>
				<height>335</height>
				<texture border="40" colordiffuse="F2FFFFFF">dialogs/default/bg.png</texture>
				<animation effect="fade" end="95" condition="true">Conditional</animation>
			</control>
			<control type="image">
				<top>106</top>
				<left>365</left>
				<width>1480</width>
				<height>2</height>
				<texture border="0" colordiffuse="white">new_pvr/osd_line_white.png</texture>
			</control>
			<control type="image">
				<top>270</top>
				<left>40</left>
				<width>1805</width>
				<height>2</height>
				<texture border="0" colordiffuse="white">new_pvr/osd_line_white.png</texture>
			</control>
			<!-- </control> -->
			<control type="group" id="2">
				<control type="image" id="3">
					<left>92</left>
					<top>40</top>
					<width>220</width>
					<height>190</height>
					<align>center</align>
					<aligny>center</aligny>
					<texture>$INFO[Player.Art(thumb)]</texture>
					<aspectratio>keep</aspectratio>
				</control>
			</control>
			<!-- Top Info (ChannelNr, Name, Date, Time) -->
			<control type="group" id="1">
				<top>18</top>
				<control type="label" id="1">
					<left>380</left>
					<width>350</width>
					<height>68</height>
					<font>font65</font>
					<textcolor>themecolor</textcolor>
					<label>$INFO[VideoPlayer.ChannelNumberLabel]</label>
					<scroll>true</scroll>
				</control>
				<control type="label" id="1">
					<left>480</left>
					<width>840</width>
					<height>68</height>
					<font>font53</font>
					<textcolor>themecolor</textcolor>
					<label>$INFO[VideoPlayer.ChannelName]</label>
					<scroll>true</scroll>
				</control>
				<control type="group" id="1">
					<left>1335</left>
					<height>70</height>
					<control type="image" id="1">
						<left>10</left>
						<width>100</width>
						<height>80</height>
						<aspectratio align="center" aligny="center">keep</aspectratio>
						<texture fallback="resources/flag_default.png">$VAR[mediaicons_path]aspectratio/$INFO[VideoPlayer.VideoAspect,,.png]</texture>
					</control>
					<control type="image" id="1">
						<left>100</left>
						<width>100</width>
						<height>80</height>
						<aspectratio align="center" aligny="center">keep</aspectratio>
						<texture>$VAR[mediaicons_path]audiochannels/$INFO[VideoPlayer.AudioChannels,,.png]</texture>
					</control>
					<control type="image" id="1">
						<left>200</left>
						<width>100</width>
						<height>80</height>
						<aspectratio align="center" aligny="center">keep</aspectratio>
						<texture>$VAR[mediaicons_path]audiocodec/$INFO[VideoPlayer.AudioCodec,,.png]</texture>
					</control>
					<control type="image" id="1">
						<left>300</left>
						<width>100</width>
						<height>80</height>
						<aspectratio align="center" aligny="center">keep</aspectratio>
						<texture>$VAR[mediaicons_path]videocodec/$INFO[VideoPlayer.VideoCodec,,.png]</texture>
					</control>
					<control type="image" id="1">
						<left>415</left>
						<width>100</width>
						<height>80</height>
						<aspectratio align="center" aligny="center">keep</aspectratio>
						<texture>$VAR[mediaicons_path]videoresolution/$INFO[VideoPlayer.VideoResolution,,.png]</texture>
					</control>
				</control>
				<control type="group" id="1">
					<top>93</top>
					<control type="label" id="1">
						<left>1610</left>
						<top>10</top>
						<width>250</width>
						<height>30</height>
						<align>center</align>
						<font>font13b</font>
						<label>$INFO[System.Date(DDD)]</label>
					</control>
					<control type="label" id="1">
						<left>1610</left>
						<top>40</top>
						<width>250</width>
						<height>30</height>
						<align>center</align>
						<font>font13b</font>
						<label>$INFO[System.Date(dd.mm.yyyy)]</label>
					</control>
				</control>
				<control type="label" id="1">
					<left>1610</left>
					<top>172</top>
					<width>250</width>
					<height>60</height>
					<align>center</align>
					<font>font65</font>
					<textcolor>white2</textcolor>
					<label>[B]$INFO[System.Time(hh:mm xx)][/B]</label>
				</control>
			</control>
			<!-- Middle Info (Start\End times, Current\Next EPG, Progress-bar, Recording) -->
			<control type="group" id="1">
				<visible>VideoPlayer.HasEpg</visible>
				<top>112</top>
				<control type="label" id="1">
					<left>380</left>
					<width>150</width>
					<height>38</height>
					<font>font16</font>
					<label>[B]$INFO[VideoPlayer.StartTime][/B]</label>
					<visible>!String.IsEmpty(VideoPlayer.Title)</visible>
				</control>
				<control type="label" id="1">
					<left>535</left>
					<width>865</width>
					<height>38</height>
					<font>font16</font>
					<scroll>true</scroll>
					<label>[B]$INFO[VideoPlayer.Title][/B]</label>
					<visible>!String.IsEmpty(VideoPlayer.Title)</visible>
					<visible>![VideoPlayer.Content(LiveTV) + Player.Recording]</visible>
				</control>
				<control type="label" id="1">
					<left>1450</left>
					<width>150</width>
					<height>38</height>
					<font>font16</font>
					<align>right</align>
					<label>[B]$INFO[VideoPlayer.TimeRemaining(hh:mm)][/B]</label>
					<visible>!String.IsEmpty(VideoPlayer.Title)</visible>
				</control>
				<control type="group" id="1">
					<visible>VideoPlayer.Content(LiveTV) + Player.Recording</visible>
					<control type="image" id="1">
						<left>499</left>
						<width>40</width>
						<height>40</height>
						<texture>new_pvr/PVR-IsRecording.png</texture>
						<animation effect="fade" start="100" end="40" time="960" pulse="true" condition="true">conditional</animation>
					</control>
					<control type="label" id="1">
						<left>535</left>
						<width>865</width>
						<height>38</height>
						<font>font16</font>
						<scroll>true</scroll>
						<label>[B]$INFO[VideoPlayer.][/B]</label>
						<visible>!String.IsEmpty(VideoPlayer.Title)</visible>
					</control>
				</control>
				<control type="label" id="1">
					<left>380</left>
					<top>75</top>
					<width>150</width>
					<height>38</height>
					<font>font16</font>
					<textcolor>grey</textcolor>
					<label>$INFO[VideoPlayer.NextStartTime]</label>
					<visible>!String.IsEmpty(VideoPlayer.NextTitle)</visible>
					<animation effect="slide" start="0,0" end="0,28" time="30" condition="!Player.ChannelPreviewActive + Pvr.IsTimeShift">Conditional</animation>
				</control>
				<control type="label" id="1">
					<left>535</left>
					<top>75</top>
					<width>880</width>
					<height>38</height>
					<font>font16</font>
					<textcolor>grey</textcolor>
					<scroll>true</scroll>
					<label>$INFO[VideoPlayer.NextTitle]</label>
					<visible>!String.IsEmpty(VideoPlayer.NextTitle)</visible>
					<animation effect="slide" start="0,0" end="0,28" time="30" condition="!Player.ChannelPreviewActive + Pvr.IsTimeShift">Conditional</animation>
				</control>
				<control type="label" id="1">
					<left>1450</left>
					<top>75</top>
					<width>150</width>
					<height>38</height>
					<font>font16</font>
					<align>right</align>
					<textcolor>grey</textcolor>
					<label>$INFO[VideoPlayer.NextEndTime]</label>
					<visible>!String.IsEmpty(VideoPlayer.NextTitle)</visible>
					<animation effect="slide" start="0,0" end="0,28" time="30" condition="!Player.ChannelPreviewActive + Pvr.IsTimeShift">Conditional</animation>
				</control>
				<control type="group">
					<top>7</top>
					<height>2</height>
					<control type="ranges">
						<left>378</left>
						<top>39.5</top>
						<width>1230</width>
						<height>22</height>
						<texturebg border="3" colordiffuse="FF6A6A6A">colors/white50.png</texturebg>
						<righttexture border="3" colordiffuse="E60096FE">colors/white.png</righttexture>
						<info>Player.Chapters</info>
					</control>
					<control type="progress">
						<left>379</left>
						<top>39.5</top>
						<width>1228</width>
						<height>22</height>
						<info2>PVR.TimeshiftProgressBufferStart</info2>
						<info>PVR.TimeshiftProgressBufferEnd</info>
						<texturebg border="3" colordiffuse="60FFFFFF">colors/white.png</texturebg>
						<midtexture border="3" colordiffuse="99FFA200">colors/white.png</midtexture>
						<visible>Player.SeekEnabled</visible>
					</control>
					<control type="progress">
						<left>380</left>
						<top>44.5</top>
						<width>1225</width>
						<height>11</height>
						<info>PVR.TimeshiftProgressEpgEnd</info>
						<info2>PVR.TimeshiftProgressPlayPos</info2>
						<texturebg border="0" colordiffuse="FF0110FA">colors/white50.png</texturebg>
						<lefttexture>colors/white50.png</lefttexture>
						<midtexture/>
						<righttexture/>
					</control>
					<control type="progress">
						<left>380</left>
						<top>44.5</top>
						<width>1225</width>
						<height>11</height>
						<info>PVR.TimeshiftProgressPlayPos</info>
						<info2>PVR.TimeshiftProgressEpgStart</info2>
						<texturebg border="-1" colordiffuse="60FFFFFF">colors/white50.png</texturebg>
						<midtexture border="-1" colordiffuse="661B00FF">colors/white.png</midtexture>
					</control>
					<control type="slider">
						<left>380</left>
						<top>42.5</top>
						<width>1225</width>
						<height>16</height>
						<visible>true</visible>
						<texturesliderbar colordiffuse="00FFFFFF">osd/progress/nub_bar.png</texturesliderbar>
						<textureslidernib colordiffuse="FF1B00FF">osd/progress/nub_bar.png</textureslidernib>
						<textureslidernibfocus colordiffuse="FF13bfbf">colors/white.png</textureslidernibfocus>
						<info>PVR.TimeShiftSeekbar</info>
						<visible>VideoPlayer.Content(LiveTV) + [Player.Seeking | Player.DisplayAfterSeek] + !Player.ChannelPreviewActive</visible>
					</control>
					<control type="label">
						<top>62</top>
						<left>374</left>
						<width>1215</width>
						<height>38</height>
						<font>font24_bold</font>
						<align>left</align>
						<textcolor>themecolor</textcolor>
						<label>$INFO[PVR.TimeshiftCur, [B][LOWERCASE][CAPITALIZE]$LOCALIZE[31163][/CAPITALIZE][/LOWERCASE]:[/B] [COLOR grey], [/COLOR]][B] $INFO[PVR.TimeshiftOffset, [COLOR grey](-,)[/COLOR]]$INFO[VideoPlayer.NextTitle,  [B]Next:[/B] [COLOR grey],[/COLOR]]$INFO[VideoPlayer.NextStartTime, [COLOR grey](,]$INFO[VideoPlayer.NextEndTime, - ,)[/COLOR]]</label>
						<visible>!Player.ChannelPreviewActive + Pvr.IsTimeShift</visible>
					</control>
				</control>
			</control>
			<control type="group" id="1">
				<visible>!VideoPlayer.HasEpg</visible>
				<top>107</top>
				<left>380</left>
				<control type="label" id="1">
					<width>865</width>
					<height>38</height>
					<font>font16</font>
					<scroll>true</scroll>
					<label>[B]No EPG[/B]</label>
					<visible>!String.IsEmpty(VideoPlayer.Title)</visible>
					<visible>![VideoPlayer.Content(LiveTV) + Player.Recording]</visible>
				</control>
			</control>
		</control>
		<!-- Top Info (ChannelNr, Name, Date, Time & Back-end info) -->
		<control type="group" id="1">
			<!-- Active backend info (DVBS\DVBS2\IPTV) -->
			<control type="group">
				<visible>false</visible>
				<control type="label" id="1">
					<left>380</left>
					<top>845</top>
					<width>1500</width>
					<height>38</height>
					<font>font12</font>
					<textcolor>grey2</textcolor>
					<label>$INFO[Window(Home).Property(PVR_SatellitePos)]  $INFO[Window(Home).Property(PVR_SatelliteName)]  DVB-S2  $INFO[Window(Home).Property(PVR_Modulation)]  $INFO[Window(Home).Property(PVR_Transponder)] MHz  $INFO[Window(Home).Property(PVR_Polarization)]  $INFO[Window(Home).Property(PVR_FEC)]  $INFO[Window(Home).Property(PVR_Frequency)]</label>
					<visible>String.Contains(PVR.ActStreamDevice,DVB-S2 #)</visible>
				</control>
				<control type="label" id="1">
					<left>380</left>
					<top>845</top>
					<width>1500</width>
					<height>38</height>
					<font>font12</font>
					<textcolor>grey2</textcolor>
					<label>$INFO[Window(Home).Property(PVR_SatellitePos)]  $INFO[Window(Home).Property(PVR_SatelliteName)]  DVB-S  $INFO[Window(Home).Property(PVR_Modulation)]  $INFO[Window(Home).Property(PVR_Transponder)] MHz  $INFO[Window(Home).Property(PVR_Polarization)]  $INFO[Window(Home).Property(PVR_FEC)]  $INFO[Window(Home).Property(PVR_Frequency)]</label>
					<visible>String.Contains(PVR.ActStreamDevice,DVB-S #)</visible>
				</control>
				<control type="label" id="1">
					<left>380</left>
					<top>845</top>
					<width>1500</width>
					<height>38</height>
					<font>font12</font>
					<textcolor>grey2</textcolor>
					<label>$INFO[Pvr.BackendName] $INFO[Pvr.BackendVersion] - $INFO[System.VideoEncoderInfo]</label>
					<visible>!String.Contains(PVR.ActStreamDevice,DVB-S2 #) | !String.Contains(PVR.ActStreamDevice,DVB-S #)</visible>
				</control>
			</control>
		</control>
		<!-- Bottom right Info (Stream status, SNR & Signal, Time-shift) -->
		<control type="group" id="1">
			<control type="group">
				<left>1330</left>
				<top>1017</top>
				<width>250</width>
				<visible>!String.Contains(PVR.ActStreamStatus,TIMESHIFT) + !Skin.HasSetting(infobar_hidesignalinfo)</visible>
				<control type="label" id="1">
					<width>250</width>
					<height>38</height>
					<font>font24_bold</font>
					<textcolor>grey</textcolor>
					<label>SNR: $INFO[PVR.ActStreamSNR]</label>
				</control>
				<control type="label" id="1">
					<left>130</left>
					<width>250</width>
					<height>38</height>
					<font>font24_bold</font>
					<textcolor>grey</textcolor>
					<label>AGC: $INFO[PVR.ActStreamSignal]</label>
				</control>
			</control>
			<control type="group">
				<left>1660</left>
				<top>1017</top>
				<visible>String.Contains(PVR.ActStreamStatus,TIMESHIFT)</visible>
				<control type="label" id="1">
					<width>250</width>
					<height>38</height>
					<font>font24_bold</font>
					<textcolor>themecolor</textcolor>
					<label>$LOCALIZE[31163]</label>
				</control>
			</control>
			<!-- Tuner info -->
			<control type="group">
				<left>1460</left>
				<top>1017</top>
				<width>300</width>
				<visible>!Skin.HasSetting(infobar_hidetuners)</visible>
				<control type="label" id="1">
					<left>135</left>
					<width>150</width>
					<height>38</height>
					<font>font24_bold</font>
					<textcolor>grey2</textcolor>
					<align>right</align>
					<label>$LOCALIZE[31132]</label>
				</control>
				<control type="label" id="1">
					<left>295</left>
					<width>50</width>
					<height>38</height>
					<font>font24_bold</font>
					<textcolor>grey2</textcolor>
					<label>A</label>
					<visible>!String.Contains(PVR.ActStreamDevice,#0)</visible>
				</control>
				<control type="label" id="1">
					<left>295</left>
					<width>50</width>
					<height>38</height>
					<font>font24_bold</font>
					<textcolor>themecolor</textcolor>
					<label>A</label>
					<visible>String.Contains(PVR.ActStreamDevice,#0)</visible>
				</control>
				<control type="label" id="1">
					<left>320</left>
					<width>50</width>
					<height>38</height>
					<font>font24_bold</font>
					<textcolor>grey2</textcolor>
					<label>B</label>
					<visible>!String.Contains(PVR.ActStreamDevice,#1)</visible>
				</control>
				<control type="label" id="1">
					<left>320</left>
					<width>50</width>
					<height>38</height>
					<font>font24_bold</font>
					<textcolor>themecolor</textcolor>
					<label>B</label>
					<visible>String.Contains(PVR.ActStreamDevice,#1)</visible>
				</control>
				<control type="label" id="1">
					<left>345</left>
					<width>50</width>
					<height>38</height>
					<font>font24_bold</font>
					<textcolor>grey2</textcolor>
					<label>C</label>
					<visible>!String.Contains(PVR.ActStreamDevice,#2)</visible>
				</control>
				<control type="label" id="1">
					<left>345</left>
					<width>50</width>
					<height>38</height>
					<font>font24_bold</font>
					<textcolor>themecolor</textcolor>
					<label>C</label>
					<visible>String.Contains(PVR.ActStreamDevice,#2)</visible>
				</control>
				<control type="label" id="1">
					<left>370</left>
					<width>50</width>
					<height>38</height>
					<font>font24_bold</font>
					<textcolor>grey2</textcolor>
					<label>D</label>
					<visible>!String.Contains(PVR.ActStreamDevice,#3)</visible>
				</control>
				<control type="label" id="1">
					<left>370</left>
					<width>50</width>
					<height>38</height>
					<font>font24_bold</font>
					<textcolor>themecolor</textcolor>
					<label>D</label>
					<visible>String.Contains(PVR.ActStreamDevice,#3)</visible>
				</control>
			</control>
		</control>
		<!-- Encryption -->
		<control type="group" id="1">
			<left>65</left>
			<top>1017</top>
			<control type="group">
				<visible>!Skin.HasSetting(infobar_hidetencrypt)</visible>
				<control type="label" id="1">
					<width>50</width>
					<height>38</height>
					<font>font24_bold</font>
					<textcolor>grey</textcolor>
					<label>S</label>
				</control>
				<control type="label" id="1">
					<visible>String.Contains(PVR.ActStreamEncryptionName,01) | String.Contains(PVR.ActStreamEncryptionName,9F)</visible>
					<width>50</width>
					<height>38</height>
					<font>font24_bold</font>
					<textcolor>themecolor</textcolor>
					<label>S</label>
				</control>
				<control type="label" id="1">
					<left>30</left>
					<width>50</width>
					<height>38</height>
					<font>font24_bold</font>
					<textcolor>grey</textcolor>
					<label>V</label>
				</control>
				<control type="label" id="1">
					<visible>String.Contains(PVR.ActStreamEncryptionName,5)</visible>
					<left>30</left>
					<width>50</width>
					<height>38</height>
					<font>font24_bold</font>
					<textcolor>themecolor</textcolor>
					<label>V</label>
				</control>
				<control type="label" id="1">
					<left>63</left>
					<width>50</width>
					<height>38</height>
					<font>font24_bold</font>
					<textcolor>grey</textcolor>
					<label>I</label>
				</control>
				<control type="label" id="1">
					<visible>String.Contains(PVR.ActStreamEncryptionName,06)</visible>
					<left>63</left>
					<width>50</width>
					<height>38</height>
					<font>font24_bold</font>
					<textcolor>themecolor</textcolor>
					<label>I</label>
				</control>
				<control type="label" id="1">
					<left>85</left>
					<width>50</width>
					<height>38</height>
					<font>font24_bold</font>
					<textcolor>grey</textcolor>
					<label>ND</label>
				</control>
				<control type="label" id="1">
					<visible>String.Contains(PVR.ActStreamEncryptionName,09)</visible>
					<left>85</left>
					<width>50</width>
					<height>38</height>
					<font>font24_bold</font>
					<textcolor>themecolor</textcolor>
					<label>ND</label>
				</control>
				<control type="label" id="1">
					<left>135</left>
					<width>50</width>
					<height>38</height>
					<font>font24_bold</font>
					<textcolor>grey</textcolor>
					<label>CO</label>
				</control>
				<control type="label" id="1">
					<visible>String.Contains(PVR.ActStreamEncryptionName,0B)</visible>
					<left>135</left>
					<width>50</width>
					<height>38</height>
					<font>font24_bold</font>
					<textcolor>themecolor</textcolor>
					<label>CO</label>
				</control>
				<control type="label" id="1">
					<left>180</left>
					<width>50</width>
					<height>38</height>
					<font>font24_bold</font>
					<textcolor>grey</textcolor>
					<label>CW</label>
				</control>
				<control type="label" id="1">
					<visible>String.Contains(PVR.ActStreamEncryptionName,0D)</visible>
					<left>180</left>
					<width>50</width>
					<height>38</height>
					<font>font24_bold</font>
					<textcolor>themecolor</textcolor>
					<label>CW</label>
				</control>
				<control type="label" id="1">
					<left>230</left>
					<width>70</width>
					<height>38</height>
					<font>font24_bold</font>
					<textcolor>grey</textcolor>
					<label>B</label>
				</control>
				<control type="label" id="1">
					<visible>String.Contains(PVR.ActStreamEncryptionName,17)</visible>
					<left>230</left>
					<width>70</width>
					<height>38</height>
					<font>font24_bold</font>
					<textcolor>themecolor</textcolor>
					<label>B</label>
				</control>
				<control type="label" id="1">
					<left>258</left>
					<width>50</width>
					<height>38</height>
					<font>font24_bold</font>
					<textcolor>grey</textcolor>
					<label>N</label>
				</control>
				<control type="label" id="1">
					<visible>String.Contains(PVR.ActStreamEncryptionName,18)</visible>
					<left>258</left>
					<width>50</width>
					<height>38</height>
					<font>font24_bold</font>
					<textcolor>themecolor</textcolor>
					<label>N</label>
				</control>
				<control type="label" id="1">
					<left>320</left>
					<width>1000</width>
					<height>38</height>
					<font>font24_bold</font>
					<textcolor>themecolor</textcolor>
					<label>$INFO[PVR.ActStreamEncryptionName]</label>
				</control>
			</control>
		</control>
	</include>
	<include name="FullScreenInfoBarLiveTV_Compact">
		<animation effect="fade" start="0" end="100" time="400">WindowOpen</animation>
		<animation effect="fade" start="100" end="0" time="400">WindowClose</animation>
		<top>810</top>
		<control type="group" id="1">
			<height>260</height>
			<width>1870</width>
			<control type="image" id="1">
				<top>6</top>
				<left>25</left>
				<width>1870</width>
				<height>260</height>
				<texture border="35">dialogs/default/bg.png</texture>
				<animation effect="fade" end="95" condition="true">Conditional</animation>
			</control>
			<control type="image" id="1">
				<top>100</top>
				<left>380</left>
				<width>1480</width>
				<height>3</height>
				<texture border="0">new_pvr/osd_line_white.png</texture>
				<colordiffuse>white2</colordiffuse>
			</control>
		</control>
		<control type="group" id="2">
			<control type="image" id="3">
				<left>92</left>
				<top>40</top>
				<width>220</width>
				<height>190</height>
				<align>center</align>
				<aligny>center</aligny>
				<texture>$INFO[Player.Art(thumb)]</texture>
				<aspectratio>keep</aspectratio>
			</control>
		</control>
		<!-- Top Info (ChannelNr, Name, Date, Time) -->
		<control type="group" id="1">
			<top>18</top>
			<control type="label" id="1">
				<left>380</left>
				<width>350</width>
				<height>68</height>
				<font>font65</font>
				<textcolor>themecolor</textcolor>
				<label>$INFO[VideoPlayer.ChannelNumberLabel]</label>
				<scroll>true</scroll>
			</control>
			<control type="label" id="1">
				<left>480</left>
				<width>840</width>
				<height>68</height>
				<font>font53</font>
				<textcolor>themecolor</textcolor>
				<label>$INFO[VideoPlayer.ChannelName]</label>
				<scroll>true</scroll>
			</control>
			<control type="group" id="1">
				<left>1335</left>
				<height>70</height>
				<control type="image" id="1">
					<left>10</left>
					<width>100</width>
					<height>80</height>
					<aspectratio align="center" aligny="center">keep</aspectratio>
					<texture fallback="resources/flag_default.png">$VAR[mediaicons_path]aspectratio/$INFO[VideoPlayer.VideoAspect,,.png]</texture>
				</control>
				<control type="image" id="1">
					<left>100</left>
					<width>100</width>
					<height>80</height>
					<aspectratio align="center" aligny="center">keep</aspectratio>
					<texture>$VAR[mediaicons_path]audiochannels/$INFO[VideoPlayer.AudioChannels,,.png]</texture>
				</control>
				<control type="image" id="1">
					<left>200</left>
					<width>100</width>
					<height>80</height>
					<aspectratio align="center" aligny="center">keep</aspectratio>
					<texture>$VAR[mediaicons_path]audiocodec/$INFO[VideoPlayer.AudioCodec,,.png]</texture>
				</control>
				<control type="image" id="1">
					<left>300</left>
					<width>100</width>
					<height>80</height>
					<aspectratio align="center" aligny="center">keep</aspectratio>
					<texture>$VAR[mediaicons_path]videocodec/$INFO[VideoPlayer.VideoCodec,,.png]</texture>
				</control>
				<control type="image" id="1">
					<left>415</left>
					<width>100</width>
					<height>80</height>
					<aspectratio align="center" aligny="center">keep</aspectratio>
					<texture>$VAR[mediaicons_path]videoresolution/$INFO[VideoPlayer.VideoResolution,,.png]</texture>
				</control>
			</control>
			<control type="group" id="1">
				<top>83</top>
				<control type="label" id="1">
					<left>1610</left>
					<top>10</top>
					<width>250</width>
					<height>30</height>
					<align>center</align>
					<font>font13b</font>
					<label>$INFO[System.Date(DDD)]</label>
				</control>
				<control type="label" id="1">
					<left>1610</left>
					<top>40</top>
					<width>250</width>
					<height>30</height>
					<align>center</align>
					<font>font13b</font>
					<label>$INFO[System.Date(dd.mm.yyyy)]</label>
				</control>
			</control>
			<control type="label" id="1">
				<left>1610</left>
				<top>162</top>
				<width>250</width>
				<height>60</height>
				<align>center</align>
				<font>font65</font>
				<textcolor>white2</textcolor>
				<label>[B]$INFO[System.Time(hh:mm xx)][/B]</label>
			</control>
		</control>
		<!-- Middle Info (Start\End times, Current\Next EPG, Progress-bar, Recording) -->
		<control type="group" id="1">
			<visible>VideoPlayer.HasEpg</visible>
			<top>112</top>
			<control type="label" id="1">
				<left>380</left>
				<width>150</width>
				<height>38</height>
				<font>font16</font>
				<label>[B]$INFO[VideoPlayer.StartTime][/B]</label>
				<visible>!String.IsEmpty(VideoPlayer.Title)</visible>
			</control>
			<control type="label" id="1">
				<left>535</left>
				<width>865</width>
				<height>38</height>
				<font>font16</font>
				<scroll>true</scroll>
				<label>[B]$INFO[VideoPlayer.Title][/B]</label>
				<visible>!String.IsEmpty(VideoPlayer.Title)</visible>
				<visible>![VideoPlayer.Content(LiveTV) + Player.Recording]</visible>
			</control>
			<control type="label" id="1">
				<left>1450</left>
				<width>150</width>
				<height>38</height>
				<font>font16</font>
				<align>right</align>
				<label>[B]$INFO[VideoPlayer.TimeRemaining(hh:mm)][/B]</label>
				<visible>!String.IsEmpty(VideoPlayer.Title)</visible>
			</control>
			<control type="group" id="1">
				<visible>VideoPlayer.Content(LiveTV) + Player.Recording</visible>
				<control type="image" id="1">
					<left>499</left>
					<width>40</width>
					<height>40</height>
					<texture>new_pvr/PVR-IsRecording.png</texture>
					<animation effect="fade" start="100" end="40" time="960" pulse="true" condition="true">conditional</animation>
				</control>
				<control type="label" id="1">
					<left>535</left>
					<width>865</width>
					<height>38</height>
					<font>font16</font>
					<scroll>true</scroll>
					<label>[B]$INFO[VideoPlayer.][/B]</label>
					<visible>!String.IsEmpty(VideoPlayer.Title)</visible>
				</control>
			</control>
			<control type="label" id="1">
				<left>380</left>
				<top>75</top>
				<width>150</width>
				<height>38</height>
				<font>font16</font>
				<textcolor>grey</textcolor>
				<label>$INFO[VideoPlayer.NextStartTime]</label>
				<visible>!String.IsEmpty(VideoPlayer.NextTitle)</visible>
				<animation effect="slide" start="0,0" end="0,23" time="30" condition="!Player.ChannelPreviewActive + Pvr.IsTimeShift">Conditional</animation>
			</control>
			<control type="label" id="1">
				<left>535</left>
				<top>75</top>
				<width>880</width>
				<height>38</height>
				<font>font16</font>
				<textcolor>grey</textcolor>
				<scroll>true</scroll>
				<label>$INFO[VideoPlayer.NextTitle]</label>
				<visible>!String.IsEmpty(VideoPlayer.NextTitle)</visible>
				<animation effect="slide" start="0,0" end="0,23" time="30" condition="!Player.ChannelPreviewActive + Pvr.IsTimeShift">Conditional</animation>
			</control>
			<control type="label" id="1">
				<left>1450</left>
				<top>75</top>
				<width>150</width>
				<height>38</height>
				<font>font16</font>
				<align>right</align>
				<textcolor>grey</textcolor>
				<label>$INFO[VideoPlayer.NextEndTime]</label>
				<visible>!String.IsEmpty(VideoPlayer.NextTitle)</visible>
				<animation effect="slide" start="0,0" end="0,23" time="30" condition="!Player.ChannelPreviewActive + Pvr.IsTimeShift">Conditional</animation>
			</control>
			<control type="group">
				<top>7</top>
				<height>2</height>
				<control type="ranges">
					<left>378</left>
					<top>39.5</top>
					<width>1230</width>
					<height>22</height>
					<texturebg border="3" colordiffuse="FF6A6A6A">colors/white50.png</texturebg>
					<righttexture border="3" colordiffuse="E60096FE">colors/white.png</righttexture>
					<info>Player.Chapters</info>
				</control>
				<control type="progress">
					<left>379</left>
					<top>39.5</top>
					<width>1228</width>
					<height>22</height>
					<info2>PVR.TimeshiftProgressBufferStart</info2>
					<info>PVR.TimeshiftProgressBufferEnd</info>
					<texturebg border="3" colordiffuse="60FFFFFF">colors/white.png</texturebg>
					<midtexture border="3" colordiffuse="99FFA200">colors/white.png</midtexture>
					<visible>Player.SeekEnabled</visible>
				</control>
				<control type="progress">
					<left>380</left>
					<top>44.5</top>
					<width>1225</width>
					<height>11</height>
					<info>PVR.TimeshiftProgressEpgEnd</info>
					<info2>PVR.TimeshiftProgressPlayPos</info2>
					<texturebg border="0" colordiffuse="FF0110FA">colors/white50.png</texturebg>
					<lefttexture>colors/white50.png</lefttexture>
					<midtexture/>
					<righttexture/>
				</control>
				<control type="progress">
					<left>380</left>
					<top>44.5</top>
					<width>1225</width>
					<height>11</height>
					<info>PVR.TimeshiftProgressPlayPos</info>
					<info2>PVR.TimeshiftProgressEpgStart</info2>
					<texturebg border="-1" colordiffuse="60FFFFFF">colors/white50.png</texturebg>
					<midtexture border="-1" colordiffuse="661B00FF">colors/white.png</midtexture>
				</control>
				<control type="slider">
					<left>380</left>
					<top>42.5</top>
					<width>1225</width>
					<height>16</height>
					<visible>true</visible>
					<texturesliderbar colordiffuse="00FFFFFF">osd/progress/nub_bar.png</texturesliderbar>
					<textureslidernib colordiffuse="FF1B00FF">osd/progress/nub_bar.png</textureslidernib>
					<textureslidernibfocus colordiffuse="FF13bfbf">colors/white.png</textureslidernibfocus>
					<info>PVR.TimeShiftSeekbar</info>
					<visible>VideoPlayer.Content(LiveTV) + [Player.Seeking | Player.DisplayAfterSeek] + !Player.ChannelPreviewActive</visible>
				</control>
				<control type="label">
					<top>60</top>
					<left>374</left>
					<width>1215</width>
					<height>38</height>
					<font>font24_bold</font>
					<align>left</align>
					<textcolor>themecolor</textcolor>
					<label>$INFO[PVR.TimeshiftCur, [B][LOWERCASE][CAPITALIZE]$LOCALIZE[31163][/CAPITALIZE][/LOWERCASE]:[/B] [COLOR grey], [/COLOR]][B] $INFO[PVR.TimeshiftOffset, [COLOR grey](-,)[/COLOR]]$INFO[VideoPlayer.NextTitle,  [B]Next:[/B] [COLOR grey],[/COLOR]]$INFO[VideoPlayer.NextStartTime, [COLOR grey](,]$INFO[VideoPlayer.NextEndTime, - ,)[/COLOR]]</label>
					<visible>!Player.ChannelPreviewActive + Pvr.IsTimeShift</visible>
				</control>
			</control>
		</control>
		<control type="group" id="1">
			<visible>!VideoPlayer.HasEpg</visible>
			<top>107</top>
			<left>380</left>
			<control type="label" id="1">
				<width>865</width>
				<height>38</height>
				<font>font16</font>
				<scroll>true</scroll>
				<label>[B]No EPG[/B]</label>
				<visible>!String.IsEmpty(VideoPlayer.Title)</visible>
				<visible>![VideoPlayer.Content(LiveTV) + Player.Recording]</visible>
			</control>
		</control>
	</include>
	<include name="ChannelManagerList">
		<control type="list" id="$PARAM[lista_id]">
			<left>20</left>
			<top>75</top>
			<width>470</width>
			<height>690</height>
			<onup>$PARAM[lista_id]</onup>
			<ondown>$PARAM[lista_id]</ondown>
			<onleft>$PARAM[onleft]</onleft>
			<onright>$PARAM[scrollbar_id]</onright>
			<pagecontrol>$PARAM[scrollbar_id]</pagecontrol>
			<scrolltime>200</scrolltime>
			<itemlayout height="69" width="470">
				<control type="image">
					<width>60</width>
					<height>60</height>
					<left>401</left>
					<top>3</top>
					<texture>$INFO[ListItem.ActualIcon]</texture>
					<aspectratio>keep</aspectratio>
				</control>
				<control type="label">
					<visible>!String.IsEqual(ListItem.ChannelNumberLabel,0)</visible>
					<left>20</left>
					<width>370</width>
					<height>69</height>
					<aligny>center</aligny>
					<textcolor>grey</textcolor>
					<label>$INFO[ListItem.ChannelNumberLabel,[B],[/B] - ]$INFO[ListItem.ChannelName]</label>
				</control>
				<control type="label">
					<visible>String.IsEqual(ListItem.ChannelNumberLabel,0)</visible>
					<left>20</left>
					<width>370</width>
					<height>69</height>
					<aligny>center</aligny>
					<textcolor>grey</textcolor>
					<label>$INFO[ListItem.ChannelName]</label>
				</control>
			</itemlayout>
			<focusedlayout height="69" width="470">
				<control type="image">
					<left>0</left>
					<top>-2</top>
					<width>470</width>
					<height>73</height>
					<texture border="4">listselect_fo.png</texture>
					<visible>Control.HasFocus($PARAM[lista_id])</visible>
				</control>
				<control type="image">
					<width>60</width>
					<height>60</height>
					<left>401</left>
					<top>3</top>
					<texture>$INFO[ListItem.ActualIcon]</texture>
					<aspectratio>keep</aspectratio>
				</control>
				<control type="label">
					<visible>!String.IsEqual(ListItem.ChannelNumberLabel,0)</visible>
					<left>20</left>
					<width>360</width>
					<height>69</height>
					<aligny>center</aligny>
					<label>$INFO[ListItem.ChannelNumberLabel,[B],[/B] - ]$INFO[ListItem.ChannelName]</label>
				</control>
				<control type="label">
					<visible>String.IsEqual(ListItem.ChannelNumberLabel,0)</visible>
					<left>20</left>
					<width>360</width>
					<height>69</height>
					<aligny>center</aligny>
					<label>$INFO[ListItem.ChannelName]</label>
				</control>
			</focusedlayout>
		</control>
		<control type="scrollbar" id="$PARAM[scrollbar_id]">
			<include>ScrollBar_Vertical</include>
			<left>487</left>
			<top>70</top>
			<width>35</width>
			<height>695</height>
			<onleft>$PARAM[lista_id]</onleft>
			<onright>$PARAM[onright]</onright>
			<ondown>$PARAM[scrollbar_id]</ondown>
			<onup>$PARAM[scrollbar_id]</onup>
			<showonepage>false</showonepage>
		</control>
	</include>
	<variable name="GuideChannelListTypeOptionsClickVar">
		<value condition="String.IsEmpty(Skin.String(LiveTV.EpgViewChannels))">Skin.SetString(LiveTV.EpgViewChannels,1)</value>
		<value condition="String.IsEqual(Skin.String(LiveTV.EpgViewChannels),1)">Skin.SetString(LiveTV.EpgViewChannels,2)</value>
		<value condition="String.IsEqual(Skin.String(LiveTV.EpgViewChannels),2)">Skin.Reset(LiveTV.EpgViewChannels)</value>
	</variable>
	<variable name="GuideChannelListTypeOptionsLabelVar">
		<value condition="String.IsEqual(Skin.String(LiveTV.EpgViewChannels),1)">Icon only</value>
		<value condition="String.IsEqual(Skin.String(LiveTV.EpgViewChannels),2)">Name &amp; Icon</value>
		<value>Name only</value>
	</variable>
	<variable name="GuideTimelineViewOptionsClickVar">
		<value condition="String.IsEmpty(Skin.String(LiveTV.EpgViewType))">Skin.SetString(LiveTV.EpgViewType,1)</value>
		<value condition="String.IsEqual(Skin.String(LiveTV.EpgViewType),1)">Skin.Reset(LiveTV.EpgViewType)</value>
	</variable>
	<variable name="GuideTimelineViewTypeOptionsLabelVar">
		<value condition="String.IsEqual(Skin.String(LiveTV.EpgViewType),1)">Minified</value>
		<value>Standard</value>
	</variable>
	<variable name="LiveTvInfobarTypeOptionsClickVar">
		<value condition="String.IsEmpty(Skin.String(LiveTV.InfobarType))">Skin.SetString(LiveTV.InfobarType,1)</value>
		<value condition="String.IsEqual(Skin.String(LiveTV.InfobarType),1)">Skin.Reset(LiveTV.InfobarType)</value>
	</variable>
	<variable name="LiveTvInfobarTypeOptionsLabelVar">
		<value condition="String.IsEqual(Skin.String(LiveTV.InfobarType),1)">Compact</value>
		<value>Standard</value>
	</variable>
</includes>