<?xml version="1.0" encoding="UTF-8"?>
<window>
	<defaultcontrol always="true">602</defaultcontrol>
	<coordinates>
		<system>1</system>
		<left>0</left>
		<top>0</top>
	</coordinates>
	<controls>
		<control type="group">
			<animation effect="slide" end="0,-238" time="240" tween="quadratic" condition="Window.IsVisible(selectdialog)">Conditional</animation>
			<animation effect="slide" start="0,-238" end="0,0" time="240" tween="quadratic">WindowOpen</animation>
			<animation effect="slide" end="0,-238" start="0,0" time="240" tween="quadratic">WindowClose</animation>
			<control type="image">
				<left>-10</left>
				<top>-100</top>
				<width>2450</width>
				<height>282</height>
				<texture flipy="true">homemenu_back.png</texture>
				<colordiffuse>themecolor</colordiffuse>
				<animation effect="fade" end="90" condition="true">Conditional</animation>
			</control>
			<control type="grouplist" id="202">
				<height>144</height>
				<width>100%</width>
				<align>center</align>
				<scrolltime tween="sine">200</scrolltime>
				<orientation>horizontal</orientation>
				<onup>Dialog.Close(musicosd)</onup>
				<ondown>Dialog.Close(musicosd)</ondown>
				<onleft>202</onleft>
				<onright>202</onright>
				<control type="button" id="802">
					<texturefocus>osd/buttons/OSDRatingFO.png</texturefocus>
					<texturenofocus>osd/buttons/OSDRatingNF.png</texturenofocus>
					<label/>
					<width>100</width>
					<height>100</height>
					<font/>
					<onclick>SetRating</onclick>
				</control>
				<control type="button" id="700">
					<texturefocus>osd/buttons/OSDPlaylistFO.png</texturefocus>
					<texturenofocus>osd/buttons/OSDPlaylistNF.png</texturenofocus>
					<label/>
					<width>100</width>
					<height>100</height>
					<font/>
					<onclick>Close</onclick>
					<onclick>ActivateWindow(MusicPlaylist)</onclick>
				</control>
				<control type="button" id="500">
					<texturefocus>osd/buttons/OSDVizFO.png</texturefocus>
					<texturenofocus>osd/buttons/OSDVizNF.png</texturenofocus>
					<label/>
					<width>100</width>
					<height>100</height>
					<font/>
				</control>
				<control type="button" id="600">
					<texturefocus>osd/buttons/OSDPrevTrackFO.png</texturefocus>
					<texturenofocus>osd/buttons/OSDPrevTrackNF.png</texturenofocus>
					<label/>
					<width>100</width>
					<height>100</height>
					<font/>
					<onclick>PlayerControl(Previous)</onclick>
				</control>
				<control type="button" id="601">
					<texturefocus>osd/buttons/OSDRewindFO.png</texturefocus>
					<texturenofocus>osd/buttons/OSDRewindNF.png</texturenofocus>
					<label/>
					<width>100</width>
					<height>100</height>
					<font/>
					<onclick>PlayerControl(Rewind)</onclick>
				</control>
				<control type="togglebutton" id="602">
					<texturefocus>osd/buttons/OSDPauseFO.png</texturefocus>
					<texturenofocus>osd/buttons/OSDPauseNF.png</texturenofocus>
					<alttexturefocus>osd/buttons/OSDPlayFO.png</alttexturefocus>
					<alttexturenofocus>osd/buttons/OSDPlayNF.png</alttexturenofocus>
					<label/>
					<altlabel>208</altlabel>
					<width>100</width>
					<height>100</height>
					<font/>
					<usealttexture>Player.Paused | Player.Forwarding | Player.Rewinding</usealttexture>
					<onclick>PlayerControl(Play)</onclick>
				</control>
				<control type="button" id="603">
					<texturefocus>osd/buttons/OSDStopFO.png</texturefocus>
					<texturenofocus>osd/buttons/OSDStopNF.png</texturenofocus>
					<label/>
					<width>100</width>
					<height>100</height>
					<font/>
					<onclick>PlayerControl(Stop)</onclick>
				</control>
				<control type="button" id="604">
					<texturefocus>osd/buttons/OSDForwardFO.png</texturefocus>
					<texturenofocus>osd/buttons/OSDForwardNF.png</texturenofocus>
					<label/>
					<width>100</width>
					<height>100</height>
					<font/>
					<onclick>PlayerControl(Forward)</onclick>
				</control>
				<control type="button" id="605">
					<texturefocus>osd/buttons/OSDNextTrackFO.png</texturefocus>
					<texturenofocus>osd/buttons/OSDNextTrackNF.png</texturenofocus>
					<label/>
					<width>100</width>
					<height>100</height>
					<font/>
					<onclick>PlayerControl(Next)</onclick>
				</control>
				<control type="button" id="747">
					<visible>!Skin.HasSetting(noLyrics)</visible>
					<texturefocus>osd/buttons/OSDLyricsFO.png</texturefocus>
					<texturenofocus>osd/buttons/OSDLyricsNF.png</texturenofocus>
					<label/>
					<width>100</width>
					<height>100</height>
					<font/>
					<onclick condition="Skin.HasSetting(noLyrics)">Skin.Reset(noLyrics)</onclick>
					<onclick condition="!Skin.HasSetting(noLyrics)">Skin.SetBool(noLyrics)</onclick>
					<onclick>Dialog.Close(musicosd)</onclick>
				</control>
				<control type="button" id="748">
					<visible>Skin.HasSetting(noLyrics)</visible>
					<texturefocus>osd/buttons/OSDnoLyricsFO.png</texturefocus>
					<texturenofocus>osd/buttons/OSDnoLyricsNF.png</texturenofocus>
					<label/>
					<width>100</width>
					<height>100</height>
					<font/>
					<onclick condition="Skin.HasSetting(noLyrics)">Skin.Reset(noLyrics)</onclick>
					<onclick condition="!Skin.HasSetting(noLyrics)">Skin.SetBool(noLyrics)</onclick>
					<onclick>Dialog.Close(musicosd)</onclick>
				</control>
				<control type="togglebutton" id="704">
					<texturefocus>osd/buttons/OSDRandomOffFO.png</texturefocus>
					<texturenofocus>osd/buttons/OSDRandomOffNF.png</texturenofocus>
					<alttexturefocus>osd/buttons/OSDRandomOnFO.png</alttexturefocus>
					<alttexturenofocus>osd/buttons/OSDRandomOnNF.png</alttexturenofocus>
					<label/>
					<width>100</width>
					<height>100</height>
					<font/>
					<usealttexture>Playlist.IsRandom</usealttexture>
					<onclick>PlayerControl(Random)</onclick>
				</control>
				<control type="button" id="707">
					<width>0.1</width>
					<height>0.1</height>
					<texturefocus/>
					<texturenofocus/>
					<label>$LOCALIZE[486]$INFO[Playlist.Repeat, : ]</label>
					<font/>
					<onclick>PlayerControl(Repeat)</onclick>
				</control>
				<control type="image" id="708">
					<texture>$VAR[MusicOSDRepeatButtonVar]</texture>
					<width>100</width>
					<height>100</height>
				</control>
				<control type="button" id="706">
					<texturefocus>osd/buttons/OSDSkinFO.png</texturefocus>
					<texturenofocus>osd/buttons/OSDSkinNF.png</texturenofocus>
					<label/>
					<width>100</width>
					<height>100</height>
					<font/>
					<onclick>Dialog.Close(musicosd)</onclick>
					<onclick>ActivateWindow(1120)</onclick>
					<onclick>SetProperty(MusicOSD.Settings,True,home)</onclick>
				</control>
			</control>
		</control>
	</controls>
</window>
