<?xml version="1.0" encoding="UTF-8"?>
<window>
	<defaultcontrol always="true">50</defaultcontrol>
	<onload>SetProperty(RowTitlem,True,home)</onload>
	<onload>ClearProperty(MoveArtist,Home)</onload>
	<onload>ClearProperty(MediaMenu,Home)</onload>
	<onunload>ClearProperty(RowTitlem,Home)</onunload>
	<onunload>ClearProperty(RowTrack,Home)</onunload>
	<onunload>ClearProperty(RowAlbum,Home)</onunload>
	<onunload>ClearProperty(RowDurationm,Home)</onunload>
	<onunload>ClearProperty(RowArtist,Home)</onunload>
	<onunload>ClearProperty(RowYearm,Home)</onunload>
	<onunload>ClearProperty(Extras_info_music,Home)</onunload>
	<views>50,584,585,588,591,593,596,597,598,599</views>
	<menucontrol>9051</menucontrol>
	<controls>
		<control type="fadelabel" id="5864">
			<top>-1000</top>
			<width>1</width>
			<height>1</height>
			<info>ListItem.Art(fanart)</info>
			<info>ListItem.Art(fanart1)</info>
			<info>ListItem.Art(fanart2)</info>
			<info>ListItem.Art(fanart3)</info>
			<info>ListItem.Art(fanart4)</info>
			<info>ListItem.Art(fanart5)</info>
			<info>ListItem.Art(fanart6)</info>
			<info>ListItem.Art(fanart7)</info>
			<info>ListItem.Art(fanart8)</info>
			<info>ListItem.Art(fanart9)</info>
			<info>ListItem.Art(artist.fanart)</info>
			<info>ListItem.Art(artist.fanart1)</info>
			<info>ListItem.Art(artist.fanart2)</info>
			<info>ListItem.Art(artist.fanart3)</info>
			<info>ListItem.Art(artist.fanart4)</info>
			<info>ListItem.Art(artist.fanart5)</info>
			<info>ListItem.Art(artist.fanart6)</info>
			<info>ListItem.Art(artist.fanart7)</info>
			<info>ListItem.Art(artist.fanart8)</info>
			<info>ListItem.Art(artist.fanart9)</info>
			<randomize>false</randomize>
			<pauseatend>6000</pauseatend>
			<scroll>false</scroll>
			<scrollout>false</scrollout>
			<resetonlabelchange>true</resetonlabelchange>
		</control>
		<control type="list" id="6983">
			<visible>Skin.HasSetting(SearchExtrasMusic) + !String.IsEmpty(Window(Home).Property(extras_music_yes)) + System.IdleTime(1)</visible>
			<visible>!Window.IsActive(musicinformation) + !Window.IsActive(songinformation)</visible>
			<itemlayout/>
			<focusedlayout/>
			<content>$VAR[Extras_lookup]</content>
		</control>
		<control type="list" id="6989">
			<visible>Skin.HasSetting(SearchExtrasMusic) + Container.Content(albums)</visible>
			<itemlayout/>
			<focusedlayout/>
			<content>$INFO[Container.ListItem.DBID,musicdb://albums/,/*]</content>
		</control>
		<include condition="Skin.HasSetting(PlayPreviewM)">PlayPreviewMusic</include>
		<include>CommonBackground</include>
		<control type="list" id="6874">
			<visible>Container.Content(albums)</visible>
			<visible>!String.IsEqual(Container.Viewmode,$LOCALIZE[21888])</visible>
			<scrolltime>3000</scrolltime>
			<autoscroll>true</autoscroll>
			<itemlayout>
			</itemlayout>
			<focusedlayout>
			</focusedlayout>
			<content>plugin://script.embuary.helper/?info=getresourceimages&amp;addon=resource.images.recordlabels.white&amp;string='$ESCINFO[ListItem.Property(Album_Label)]'</content>
		</control>
		<control type="list" id="6774">
			<visible>String.IsEqual(Container.Viewmode,$LOCALIZE[21888])</visible>
			<visible>!String.Contains(Container(5850).ListItem.Label2,singer) + [Control.HasFocus(5850) | Control.HasFocus(5852)]</visible>
			<scrolltime>3000</scrolltime>
			<autoscroll>true</autoscroll>
			<itemlayout>
			</itemlayout>
			<focusedlayout>
			</focusedlayout>
			<content>plugin://script.embuary.helper/?info=getresourceimages&amp;addon=resource.images.recordlabels.white&amp;string='$ESCINFO[Container(5850).ListItem.Property(Album_Label)]'</content>
		</control>
		<control type="group">
			<include>WindowOpenCloseAnimation</include>
			<include>MusicList</include>
			<!-- view id = 50 -->
			<include>ViewDiscog</include>
			<!-- view id = 588 -->
			<include>ViewMultiSortm</include>
			<!-- view id = 588 -->
			<include>ViewTriplem</include>
			<!-- view id = 591 -->
			<include>ViewFanart</include>
			<!-- view id = 593 -->
			<include>ViewRightListm</include>
			<!-- view id = 596 -->
			<include>ViewWallm</include>
			<!-- view id = 597 -->
			<include>ViewShelfm</include>
			<!-- view id = 598 -->
			<include>ViewMusicFlix</include>
			<!-- view id = 584 -->
			<include>ViewMagazine</include>
			<!-- view id = 599 -->
		</control>
		<control type="group">
			<left>-440</left>
			<include>SideBladeLeft</include>
			<control type="grouplist" id="9050">
				<include>MediaMenuTop</include>
				<control type="togglebutton" id="6035">
					<description>3D Toggle</description>
					<textwidth>352</textwidth>
					<include>ButtonCommonValues</include>
					<label>$VAR[Label_ShelfM]</label>
					<onclick>Skin.ToggleSetting(ShM3D)</onclick>
					<onclick>ReplaceWindow(home)</onclick>
					<onclick>ActivateWindow(music)</onclick>
					<visible>Control.IsVisible(598)</visible>
				</control>
				<control type="togglebutton" id="6036">
					<description>3D Toggle</description>
					<textwidth>352</textwidth>
					<include>ButtonCommonValues</include>
					<label>$VAR[Label_Mag]</label>
					<onclick>Skin.ToggleSetting(Mag3D)</onclick>
					<onclick>ReplaceWindow(home)</onclick>
					<onclick>ActivateWindow(music)</onclick>
					<visible>Control.IsVisible(599)</visible>
				</control>
				<control type="togglebutton" id="6037">
					<description>3D Toggle</description>
					<textwidth>352</textwidth>
					<include>ButtonCommonValues</include>
					<label>$VAR[Label_Rl3D]</label>
					<onclick>Skin.ToggleSetting(Rl3D)</onclick>
					<visible>!Container.Content(musicvideos) + !String.StartsWith(container.folderpath,library://video/musicvideos/) + !String.StartsWith(container.folderpath,videodb://musicvideos)</visible>
					<visible>Control.IsVisible(596)</visible>
				</control>
				<control type="button" id="201">
					<description>View options</description>
					<textwidth>352</textwidth>
					<font>font13_title</font>
					<include>ButtonCommonValues</include>
					<label>31026</label>
					<enable>no</enable>
					<disabledcolor>themecolor</disabledcolor>
				</control>
				<control type="button" id="8">
					<description>Search</description>
					<include>ButtonCommonValues</include>
					<label>137</label>
				</control>
				<control type="edit" id="19">
					<visible>Container.CanFilter + !Container.CanFilterAdvanced</visible>
					<description>Filter</description>
					<textwidth>345</textwidth>
					<include>ButtonCommonValues</include>
					<label>587</label>
				</control>
				<control type="radiobutton" id="98">
					<visible>Container.CanFilterAdvanced</visible>
					<description>Filter</description>
					<include>ButtonCommonValues</include>
					<label>587</label>
					<selected>Container.Filtered</selected>
					<onclick>right</onclick>
					<onclick>Filter</onclick>
				</control>
				<control type="radiobutton" id="16">
					<visible>!Container.Content(musicvideos) + !String.StartsWith(container.folderpath,library://video/musicvideos/) + !String.StartsWith(container.folderpath,videodb://musicvideos)</visible>
					<description>PartyMode</description>
					<label>589</label>
					<include>ButtonCommonValues</include>
				</control>
				<control type="button" id="285">
					<visible>Container.Content(musicvideos) | String.StartsWith(container.folderpath,library://video/musicvideos/) | String.StartsWith(container.folderpath,videodb://musicvideos)</visible>
					<description>PartyMode</description>
					<textwidth>452</textwidth>
					<label>$LOCALIZE[589] $LOCALIZE[36909]</label>
					<onclick>PlayerControl(Partymode(video))</onclick>
					<include>ButtonCommonValues</include>
				</control>
				<control type="button" id="203">
					<description>Actions</description>
					<textwidth>352</textwidth>
					<font>font13_title</font>
					<include>ButtonCommonValues</include>
					<label>31039</label>
					<enable>no</enable>
					<disabledcolor>themecolor</disabledcolor>
				</control>
				<control type="togglebutton" id="20">
					<description>Update library</description>
					<include>ButtonCommonValues</include>
					<label>653</label>
					<altlabel>13353</altlabel>
					<usealttexture>library.isscanningmusic</usealttexture>
				</control>
				<control type="button" id="613">
					<description>Get more</description>
					<include>ButtonCommonValues</include>
					<label>$LOCALIZE[21452]</label>
					<onclick>ActivateWindow(addonbrowser,addons://more/audio/,return)</onclick>
					<visible>Container.Content(addons)</visible>
				</control>
				<control type="button" id="614">
					<description>Add-on settings</description>
					<include>ButtonCommonValues</include>
					<label>$LOCALIZE[10140]</label>
					<onclick>Addon.OpenSettings($INFO[Container.PluginName])</onclick>
					<visible>!String.IsEmpty(Container.PluginName)</visible>
				</control>
				<control type="button" id="615">
					<description>Settings button</description>
					<include>ButtonCommonValues</include>
					<label>$LOCALIZE[5]</label>
					<onclick>ActivateWindow(mediasettings,music)</onclick>
					<visible>Container.Content(albums) | Container.Content(artists) | Container.Content(songs)</visible>
				</control>
				<control type="button" id="612">
					<description>Go to playlist</description>
					<include>ButtonCommonValues</include>
					<label>13350</label>
					<onclick>ActivateWindow(musicplaylist)</onclick>
					<visible>!String.IsEqual(Playlist.Length(music),0)</visible>
				</control>
				<control type="button" id="616">
					<description>Go to playercontrols</description>
					<include>ButtonCommonValues</include>
					<label>$LOCALIZE[31177]</label>
					<onclick condition="Player.HasAudio">ClearProperty(MediaMenu,Home)</onclick>
					<onclick condition="Player.HasAudio">SetFocus(50)</onclick>
					<onclick condition="Player.HasAudio">ActivateWindow(playercontrols)</onclick>
					<onclick condition="Player.HasVideo">Fullscreen</onclick>
					<onclick condition="Player.HasVideo">ActivateWindow(videoosd)</onclick>
					<onclick>ClearProperty(MediaMenu,Home)</onclick>
					<visible>Player.HasMedia</visible>
				</control>
			</control>
		</control>
		<control type="group">
			<visible>String.IsEmpty(Window(Home).Property(MediaMenu)) + !Control.IsVisible(591)</visible>
			<animation effect="fade" start="100" end="25" time="4000" tween="sine" easing="inout" condition="Control.IsVisible(585) + Player.Playing + System.Idletime(15)">Conditional</animation>
			<animation effect="fade" end="100" time="200">Visible</animation>
			<animation effect="fade" end="0" time="200">Hidden</animation>
			<top>80</top>
			<left>70</left>
			<control type="grouplist">
				<animation effect="slide" end="1820,0" time="0" condition="Control.IsVisible(585)">Conditional</animation>
				<visible>!Skin.HasSetting(noshow_Time)</visible>
				<visible>![Control.HasFocus(8546) + Player.HasVideo]</visible>
				<visible>![Control.HasFocus(8547) + Player.HasVideo]</visible>
				<visible>![Control.HasFocus(8549) + Player.HasVideo]</visible>
				<left>-52</left>
				<top>-80</top>
				<width>400</width>
				<align>left</align>
				<orientation>horizontal</orientation>
				<itemgap>0</itemgap>
				<control type="label">
					<align>left</align>
					<width min="20" max="200">auto</width>
					<height>40</height>
					<textcolor>grey2</textcolor>
					<shadowcolor>black</shadowcolor>
					<font>fontDiscog</font>
					<label>$INFO[System.Time(hh)]</label>
				</control>
				<control type="label">
					<align>left</align>
					<width min="20" max="200">auto</width>
					<height>34</height>
					<textcolor>grey2</textcolor>
					<shadowcolor>black</shadowcolor>
					<font>Font_bro</font>
					<label>:$INFO[System.Time(mm)]</label>
				</control>
			</control>
			<control type="grouplist">
				<visible>!Skin.HasSetting(noshow_numItems) + !Control.IsVisible(585) + !Control.IsVisible(593) + !Control.IsVisible(596) + !Control.IsVisible(50)</visible>
				<visible>![Control.HasFocus(8546) + Player.HasVideo]</visible>
				<visible>![Control.HasFocus(8547) + Player.HasVideo]</visible>
				<left>-52</left>
				<top>952</top>
				<width>400</width>
				<align>left</align>
				<orientation>horizontal</orientation>
				<itemgap>0</itemgap>
				<control type="label">
					<align>left</align>
					<width min="20" max="200">auto</width>
					<height>40</height>
					<textcolor>grey2</textcolor>
					<shadowcolor>black</shadowcolor>
					<font>fontDiscog</font>
					<label>$INFO[Container.CurrentItem]</label>
				</control>
				<control type="label">
					<align>left</align>
					<width min="20" max="200">auto</width>
					<height>52</height>
					<textcolor>grey2</textcolor>
					<shadowcolor>black</shadowcolor>
					<font>Font_bro</font>
					<label>/$INFO[Container.NumItems]</label>
				</control>
			</control>
			<control type="grouplist">
				<visible>!Skin.HasSetting(noshow_numItems) + ![Control.IsVisible(585) + Player.Playing] + !Control.IsVisible(597) + !Control.IsVisible(598) + !Control.IsVisible(584) + !Control.IsVisible(599) + !Control.IsVisible(588)</visible>
				<visible>![Control.HasFocus(8549) + Player.HasVideo]</visible>
				<left>1440</left>
				<top>952</top>
				<width>400</width>
				<align>right</align>
				<orientation>horizontal</orientation>
				<itemgap>0</itemgap>
				<control type="label">
					<align>left</align>
					<width min="20" max="200">auto</width>
					<height>40</height>
					<textcolor>grey2</textcolor>
					<shadowcolor>black</shadowcolor>
					<font>fontDiscog</font>
					<label>$INFO[Container.CurrentItem]</label>
				</control>
				<control type="label">
					<align>left</align>
					<width min="20" max="200">auto</width>
					<height>52</height>
					<textcolor>grey2</textcolor>
					<shadowcolor>black</shadowcolor>
					<font>Font_bro</font>
					<label>/$INFO[Container.NumItems]</label>
				</control>
			</control>
		</control>
		<include condition="Skin.HasSetting(ScreensaverNetflix)">Screensaver_Netflix_Music</include>
		<control type="group">
			<visible>Control.IsVisible(591) | Control.IsVisible(597) | Control.IsVisible(596) | Control.IsVisible(50) | Control.IsVisible(588) | Control.IsVisible(585)</visible>
			<visible allowhiddenfocus="true">Control.HasFocus(5919)</visible>
			<animation effect="fade" start="0" end="90" time="1200" reversible="false">Visible</animation>
			<animation effect="slide" end="0,-120" time="0" condition="Control.IsVisible(591)">Conditional</animation>
			<animation effect="slide" end="0,305" time="0" condition="Control.IsVisible(588)">Conditional</animation>
			<animation effect="slide" end="573,0" time="0" condition="Control.IsVisible(588) + String.IsEqual(Container.SortMethod,$LOCALIZE[557])">Conditional</animation>
			<animation effect="slide" end="1025,0" time="0" condition="Control.IsVisible(588) + String.IsEqual(Container.SortMethod,$LOCALIZE[558])">Conditional</animation>
			<animation effect="slide" end="1868,20" time="0" condition="Control.IsVisible(597)">Conditional</animation>
			<animation effect="slide" end="1850,5" time="0" condition="Control.IsVisible(50)">Conditional</animation>
			<animation effect="slide" end="1864,0" time="0" condition="Control.IsVisible(596)">Conditional</animation>
			<left>-5</left>
			<top>470</top>
			<control type="button" id="5919">
				<include>HiddenObject</include>
				<onleft condition="Control.IsVisible(591) | Control.IsVisible(585)">80</onleft>
				<onleft condition="Control.IsVisible(588)">80</onleft>
				<onright condition="Control.IsVisible(591) | Control.IsVisible(585)">50</onright>
				<onleft condition="Control.IsVisible(596) | Control.IsVisible(597) | Control.IsVisible(50)">50</onleft>
				<onright condition="Control.IsVisible(596) | Control.IsVisible(50)">80</onright>
				<onright condition="Control.IsVisible(588)">50</onright>
				<onright condition="Control.IsVisible(597)">80</onright>
				<onup>SetFocus(50)</onup>
				<onup>Action(prevletter)</onup>
				<onup>SetFocus(5919)</onup>
				<ondown>SetFocus(50)</ondown>
				<ondown>Action(nextletter)</ondown>
				<ondown>SetFocus(5919)</ondown>
				<onclick>SetFocus(50)</onclick>
				<onback>50</onback>
			</control>
			<control type="image">
				<animation effect="fade" end="70" condition="true">Conditional</animation>
				<left>-7</left>
				<top>-64</top>
				<width>65</width>
				<height>65</height>
				<aspectratio>keep</aspectratio>
				<texture background="true">tajo/arrow_v.gif</texture>
			</control>
			<control type="image">
				<animation effect="fade" end="70" condition="true">Conditional</animation>
				<left>-7</left>
				<top>110</top>
				<width>65</width>
				<height>65</height>
				<aspectratio>keep</aspectratio>
				<texture background="true">tajo/arrow_vd.gif</texture>
			</control>
			<control type="image">
				<animation effect="slide" end="-15,0" time="0" condition="Control.IsVisible(597) | Control.IsVisible(596)">Conditional</animation>
				<top>5</top>
				<left>1</left>
				<width>80</width>
				<height>100</height>
				<texture border="40">dialogs/default/bg.png</texture>
			</control>
			<control type="label">
				<visible>!String.StartsWith(ListItem.Label,*)</visible>
				<animation effect="slide" end="-10,0" time="0" condition="Control.IsVisible(597) | Control.IsVisible(596)">Conditional</animation>
				<top>-5</top>
				<left>-5</left>
				<width>80</width>
				<height>120</height>
				<align>center</align>
				<label>$INFO[ListItem.SortLetter]</label>
				<textcolor>white</textcolor>
				<font>font_MainMenu2</font>
			</control>
			<control type="label">
				<visible>String.StartsWith(ListItem.Label,*)</visible>
				<animation effect="slide" end="-10,0" time="0" condition="Control.IsVisible(597) | Control.IsVisible(596)">Conditional</animation>
				<top>-5</top>
				<left>-5</left>
				<width>80</width>
				<height>120</height>
				<align>center</align>
				<label>#</label>
				<textcolor>white</textcolor>
				<font>font_MainMenu2</font>
			</control>
		</control>
		<control type="group">
			<visible>Control.IsVisible(584) | Control.IsVisible(598) | Control.IsVisible(599) | Control.IsVisible(593)</visible>
			<visible allowhiddenfocus="true">Control.HasFocus(5929)</visible>
			<animation effect="fade" start="0" end="90" time="1200">Visible</animation>
			<animation effect="slide" end="-150,0" time="0" condition="Control.IsVisible(593)">Conditional</animation>
			<animation effect="slide" end="200,0" time="0" condition="Control.IsVisible(584)">Conditional</animation>
			<left>310</left>
			<top>980</top>
			<control type="button" id="5929">
				<include>HiddenObject</include>
				<ondown>86</ondown>
				<onup>50</onup>
				<onleft>SetFocus(50)</onleft>
				<onleft>Action(prevletter)</onleft>
				<onleft>SetFocus(5929)</onleft>
				<onright>SetFocus(50)</onright>
				<onright>Action(nextletter)</onright>
				<onright>SetFocus(5929)</onright>
				<onclick>SetFocus(50)</onclick>
				<onback>50</onback>
			</control>
			<control type="image">
				<animation effect="fade" end="70" condition="true">Conditional</animation>
				<left>-78</left>
				<top>38</top>
				<width>65</width>
				<height>65</height>
				<aspectratio>keep</aspectratio>
				<texture background="true">tajo/arrow_h.gif</texture>
			</control>
			<control type="image">
				<animation effect="fade" end="70" condition="true">Conditional</animation>
				<left>81</left>
				<top>38</top>
				<width>65</width>
				<height>65</height>
				<aspectratio>keep</aspectratio>
				<texture background="true">tajo/arrow_hd.gif</texture>
			</control>
			<control type="image">
				<top>19</top>
				<left>-9</left>
				<width>86</width>
				<height>100</height>
				<texture border="40">dialogs/default/bg.png</texture>
			</control>
			<control type="label">
				<visible>!String.StartsWith(ListItem.Label,*)</visible>
				<top>1</top>
				<left>-5</left>
				<width>80</width>
				<height>120</height>
				<align>center</align>
				<label>$INFO[ListItem.SortLetter]</label>
				<textcolor>white</textcolor>
				<font>font_MainMenu2</font>
			</control>
			<control type="label">
				<visible>String.StartsWith(ListItem.Label,*)</visible>
				<top>1</top>
				<left>-5</left>
				<width>80</width>
				<height>120</height>
				<align>center</align>
				<label>#</label>
				<textcolor>white</textcolor>
				<font>font_MainMenu2</font>
			</control>
		</control>
		<control type="image">
			<visible>String.Contains(Window(Home).Property(Show_clips),Player.Filenameandpath) + Player.HasVideo</visible>
			<include>FullscreenDimensions</include>
			<texture>black.png</texture>
		</control>
		<control type="image">
			<visible>Player.HasVideo + [!String.IsEmpty(Window(Home).Property(Extras_info_music)) | Container.Content(musicvideos)]</visible>
			<include>FullscreenDimensions</include>
			<texture>black.png</texture>
		</control>
		<control type="videowindow" id="2433">
			<visible>Player.HasVideo + [!String.IsEmpty(Window(Home).Property(Extras_info_music)) | String.Contains(Window(Home).Property(Show_clips),Player.Filenameandpath)]</visible>
			<include>FullscreenDimensions</include>
		</control>
	</controls>
</window>