<?xml version="1.0" encoding="UTF-8"?>
<window>
	<defaultcontrol always="true">50</defaultcontrol>
	<onload>ClearProperty(MediaMenu,Home)</onload>
	<views>50,51</views>
	<menucontrol>9051</menucontrol>
	<controls>
		<include>CommonBackground</include>
		<control type="image">
			<left>-30</left>
			<top>-30</top>
			<width>2040</width>
			<height>1277</height>
			<texture background="true">black.png</texture>
			<animation effect="fade" end="85" condition="true">Conditional</animation>
		</control>
		<control type="grouplist">
			<visible>!Skin.HasSetting(noshow_Time)</visible>
			<visible>!ListItem.IsParentFolder</visible>
			<left>10</left>
			<width>400</width>
			<align>left</align>
			<orientation>horizontal</orientation>
			<itemgap>0</itemgap>
			<control type="label">
				<align>left</align>
				<width min="20" max="200">auto</width>
				<height>40</height>
				<textcolor>grey2</textcolor>
				<shadowcolor>black</shadowcolor>
				<font>fontDiscog</font>
				<label>$INFO[System.Time(hh)]</label>
			</control>
			<control type="label">
				<align>left</align>
				<width min="20" max="200">auto</width>
				<height>34</height>
				<textcolor>grey2</textcolor>
				<shadowcolor>black</shadowcolor>
				<font>Font_bro</font>
				<label>:$INFO[System.Time(mm)]</label>
			</control>
		</control>
		<control type="grouplist">
			<visible>!Skin.HasSetting(noshow_numItems)</visible>
			<visible>!ListItem.IsParentFolder</visible>
			<left>1485</left>
			<top>1030</top>
			<width>400</width>
			<align>right</align>
			<orientation>horizontal</orientation>
			<itemgap>0</itemgap>
			<control type="label">
				<align>left</align>
				<width min="20" max="200">auto</width>
				<height>40</height>
				<textcolor>grey2</textcolor>
				<shadowcolor>black</shadowcolor>
				<font>fontDiscog</font>
				<label>$INFO[Container.CurrentItem]</label>
			</control>
			<control type="label">
				<align>left</align>
				<width min="20" max="200">auto</width>
				<height>52</height>
				<textcolor>grey2</textcolor>
				<shadowcolor>black</shadowcolor>
				<font>Font_bro</font>
				<label>/$INFO[Container.NumItems]</label>
			</control>
		</control>
		<control type="group">
			<description>Channels group</description>
			<include>VisibleFadeAnimation</include>
			<top>80</top>
			<include>WindowOpenCloseAnimation</include>
			<control type="list" id="50">
				<left>82</left>
				<top>32</top>
				<width>821</width>
				<height>840</height>
				<onleft>SetProperty(MediaMenu,True,home)</onleft>
				<onleft>SetFocus(9050)</onleft>
				<onright>70</onright>
				<onup>50</onup>
				<ondown>50</ondown>
				<viewtype label="535">list</viewtype>
				<pagecontrol>70</pagecontrol>
				<scrolltime tween="quadratic" easing="out">200</scrolltime>
				<itemlayout height="120" width="821">
					<control type="label">
						<width>120</width>
						<height>95</height>
						<font>font35_title_bold</font>
						<textcolor>grey2</textcolor>
						<selectedcolor>selected</selectedcolor>
						<align>center</align>
						<label>[B]$INFO[ListItem.ChannelNumberLabel][/B]</label>
					</control>
					<control type="label">
						<left>130</left>
						<width>520</width>
						<height>70</height>
						<font>font30</font>
						<textcolor>grey2</textcolor>
						<selectedcolor>selected</selectedcolor>
						<label>$INFO[ListItem.Label]</label>
					</control>
					<control type="label">
						<left>130</left>
						<top>50</top>
						<width>520</width>
						<height>60</height>
						<font>font15</font>
						<textcolor>grey3</textcolor>
						<selectedcolor>grey3</selectedcolor>
						<label>$INFO[ListItem.Title]</label>
					</control>
					<control type="progress">
						<description>Progressbar</description>
						<left>5</left>
						<top>88</top>
						<width>112</width>
						<height>8</height>
						<visible>ListItem.HasEpg</visible>
						<info>ListItem.Progress</info>
						<midtexture colordiffuse="themecolor">new_pvr/texturebg_white.png</midtexture>
						<texturebg colordiffuse="grey3">new_pvr/texturebg.png</texturebg>
					</control>
					<control type="image">
						<left>671</left>
						<top>8</top>
						<width>105</width>
						<height>105</height>
						<aspectratio>keep</aspectratio>
						<texture colordiffuse="grey2" background="true">$INFO[ListItem.Icon]</texture>
					</control>
					<control type="image">
						<left>783</left>
						<top>46</top>
						<width>30</width>
						<height>30</height>
						<texture>$VAR[PVRStatusImageVar]</texture>
					</control>
				</itemlayout>
				<focusedlayout height="120" width="821">
					<control type="image">
						<width>821</width>
						<height>120</height>
						<texture border="4">listselect_fo.png</texture>
						<visible>Control.HasFocus(50)</visible>
						<include>VisibleFadeAnimation</include>
					</control>
					<control type="label">
						<width>120</width>
						<height>95</height>
						<font>font35_title_bold</font>
						<selectedcolor>selected</selectedcolor>
						<align>center</align>
						<label>[B]$INFO[ListItem.ChannelNumberLabel][/B]</label>
					</control>
					<control type="label">
						<left>130</left>
						<width>520</width>
						<height>70</height>
						<font>font30</font>
						<selectedcolor>white</selectedcolor>
						<label>$INFO[ListItem.Label]</label>
						<animation effect="fade" start="100" end="70" time="300" tween="sine" easing="inout" condition="!Control.HasFocus(50)">Conditional</animation>
					</control>
					<control type="label">
						<left>130</left>
						<top>50</top>
						<width>520</width>
						<height>60</height>
						<font>font15</font>
						<selectedcolor>white</selectedcolor>
						<label>$INFO[ListItem.Title]</label>
						<animation effect="fade" start="100" end="30" time="300" tween="sine" easing="inout" condition="!Control.HasFocus(50)">Conditional</animation>
					</control>
					<control type="progress">
						<description>Progressbar</description>
						<left>5</left>
						<top>88</top>
						<width>112</width>
						<height>8</height>
						<visible>ListItem.HasEpg</visible>
						<info>ListItem.Progress</info>
						<midtexture colordiffuse="themecolor">new_pvr/texturebg_white.png</midtexture>
						<texturebg colordiffuse="grey3">new_pvr/texturebg.png</texturebg>
					</control>
					<control type="image">
						<left>671</left>
						<top>8</top>
						<width>105</width>
						<height>105</height>
						<aspectratio>keep</aspectratio>
						<texture background="true">$INFO[ListItem.Icon]</texture>
					</control>
					<control type="image">
						<left>783</left>
						<top>46</top>
						<width>30</width>
						<height>30</height>
						<texture>$VAR[PVRStatusImageVar]</texture>
					</control>
				</focusedlayout>
			</control>
			<control type="scrollbar" id="70">
				<visible>Control.IsVisible(50)</visible>
				<include>ScrollBar_Vertical</include>
				<left>903</left>
				<top>32</top>
				<height>840</height>
				<onleft>50</onleft>
				<onright condition="!Control.IsVisible(62)">SetProperty(MediaMenu,True,home)</onright>
				<onright condition="!Control.IsVisible(62)">SetFocus(9050)</onright>
				<onright condition="Control.IsVisible(62)">62</onright>
				<ondown>70</ondown>
				<onup>70</onup>
			</control>
			<control type="group">
				<visible>Control.IsVisible(50)</visible>
				<description>Small Media Window</description>
				<left>985</left>
				<top>-25</top>
				<control type="image">
					<left>32</left>
					<top>32</top>
					<width>821</width>
					<height>461</height>
					<texture>special://skin/backgrounds/default_tv.jpg</texture>
					<include>VisibleFadeAnimation</include>
					<visible>!Player.HasVideo</visible>
				</control>
				<control type="image">
					<left>31</left>
					<top>32</top>
					<width>822</width>
					<height>461</height>
					<texture>black.png</texture>
					<include>VisibleFadeAnimation</include>
					<visible>Player.HasVideo</visible>
				</control>
				<control type="videowindow">
					<left>31</left>
					<top>32</top>
					<width>822</width>
					<height>461</height>
					<visible>Player.HasVideo</visible>
				</control>
			</control>
			<control type="group">
				<left>1002</left>
				<top>475</top>
				<control type="label">
					<top>15</top>
					<width>821</width>
					<height>105</height>
					<font>font16</font>
					<textcolor>grey2</textcolor>
					<textoffsetx>15</textoffsetx>
					<visible>Container(50).ListItem.HasEpg</visible>
					<label>[COLOR labelheader][B]$INFO[Container(50).ListItem.StartTime]$INFO[Container(50).ListItem.EndTime, - ,    ][/B][/COLOR]$INFO[ListItem.Duration,$LOCALIZE[180]: ,][CR][COLOR white][B]$INFO[Container(50).ListItem.Title][/B][/COLOR][CR]$INFO[ListItem.Genre,[COLOR labelheader]$LOCALIZE[515]:[/COLOR] ,]</label>
				</control>
				<control type="textbox" id="80">
					<label>$INFO[Container(50).ListItem.Plot]</label>
					<left>15</left>
					<top>145</top>
					<width>806</width>
					<height>206</height>
					<font>font15t</font>
					<pagecontrol>62</pagecontrol>
					<include>ShowCaseInfoPanelButtonsValues</include>
					<autoscroll time="3000" delay="4000" repeat="5000">Skin.HasSetting(Enable.AutoScroll) + !Control.HasFocus(62)</autoscroll>
				</control>
				<control type="textbox">
					<left>15</left>
					<top>365</top>
					<width>806</width>
					<height>85</height>
					<font>font15t</font>
					<textcolor>grey2</textcolor>
					<visible>!String.IsEmpty(Container(50).ListItem.NextTitle)</visible>
					<label>$INFO[Container(50).ListItem.NextTitle,[COLOR labelheader]$LOCALIZE[19031]:[/COLOR] ,]</label>
				</control>
				<control type="scrollbar" id="62">
					<left>820</left>
					<top>105</top>
					<width>14</width>
					<height>272</height>
					<onup>PageUp(80)</onup>
					<ondown>PageUp(80)</ondown>
					<onleft>50</onleft>
					<onright>SetProperty(MediaMenu,True,home)</onright>
					<onright>SetFocus(9050)</onright>
					<texturesliderbackground/>
					<texturesliderbar colordiffuse="55ffffff" border="1">scrollbar/texturesliderbar2.png</texturesliderbar>
					<texturesliderbarfocus border="1">scrollbar/texturesliderbar2.png</texturesliderbarfocus>
					<showonepage>false</showonepage>
					<orientation>vertical</orientation>
				</control>
			</control>
		</control>
		<control type="group">
			<left>50</left>
			<top>55</top>
			<description>Channels Wall</description>
			<visible>Control.IsVisible(51)</visible>
			<include>VisibleFadeAnimation</include>
			<control type="panel" id="51">
				<left>30</left>
				<top>30</top>
				<width>1800</width>
				<height>715</height>
				<onleft>SetProperty(MediaMenu,True,home)</onleft>
				<onleft>SetFocus(9050)</onleft>
				<onright>60</onright>
				<onup>51</onup>
				<ondown>51</ondown>
				<pagecontrol>60</pagecontrol>
				<preloaditems>2</preloaditems>
				<viewtype label="Wall">icon</viewtype>
				<scrolltime tween="quadratic" easing="out">300</scrolltime>
				<itemlayout height="180" width="445">
					<control type="image">
						<width>440</width>
						<height>175</height>
						<aspectratio>stretch</aspectratio>
						<colordiffuse>99ffffff</colordiffuse>
						<texture border="40">dialogs/default/bg.png</texture>
						<visible>true</visible>
					</control>
					<control type="textbox">
						<left>14</left>
						<top>10</top>
						<width>310</width>
						<height>77</height>
						<font>font12d</font>
						<textcolor>grey</textcolor>
						<selectedcolor>selected</selectedcolor>
						<label>[B]$INFO[ListItem.ChannelNumberLabel] - $INFO[ListItem.Label][/B]</label>
					</control>
					<control type="image">
						<left>335</left>
						<top>10</top>
						<width>90</width>
						<height>59</height>
						<aspectratio align="right">keep</aspectratio>
						<texture fallback="new_pvr/tv.png">$INFO[ListItem.Icon]</texture>
						<colordiffuse>BAffffff</colordiffuse>
					</control>
					<control type="group">
						<left>15</left>
						<top>85</top>
						<width>440</width>
						<height>165</height>
						<visible>ListItem.HasEpg</visible>
						<control type="label">
							<width>350</width>
							<height>30</height>
							<font>font12b</font>
							<textcolor>grey2</textcolor>
							<selectedcolor>selected</selectedcolor>
							<label>$INFO[ListItem.Title] $INFO[ListItem.Title]</label>
						</control>
						<control type="progress">
							<top>38</top>
							<width>408</width>
							<height>6</height>
							<info>ListItem.Progress</info>
							<visible>!String.IsEqual(ListItem.Title,)</visible>
							<midtexture colordiffuse="themecolor">new_pvr/texturebg_white.png</midtexture>
							<texturebg colordiffuse="grey3">new_pvr/texturebg.png</texturebg>
						</control>
						<control type="label">
							<top>48</top>
							<width>400</width>
							<height>30</height>
							<font>font12</font>
							<textcolor>grey3</textcolor>
							<selectedcolor>grey2</selectedcolor>
							<label>$LOCALIZE[19031]: $INFO[ListItem.NextTitle]</label>
							<visible>true</visible>
						</control>
					</control>
					<control type="image">
						<left>380</left>
						<top>85</top>
						<width>30</width>
						<height>30</height>
						<texture>$VAR[PVRStatusImageVar]</texture>
					</control>
				</itemlayout>
				<focusedlayout height="180" width="445">
					<control type="group">
						<animation type="Focus">
							<effect type="fade" start="80" end="100" time="200" tween="sine" easing="in"/>
						</animation>
						<control type="image">
							<width>440</width>
							<height>175</height>
							<colordiffuse>ccffffff</colordiffuse>
							<aspectratio align="center">stretch</aspectratio>
							<texture border="5">listselect_fo.png</texture>
						</control>
						<control type="image">
							<left>335</left>
							<top>10</top>
							<width>90</width>
							<height>59</height>
							<aspectratio align="right">keep</aspectratio>
							<texture fallback="new_pvr/tv.png">$INFO[ListItem.Icon]</texture>
							<colordiffuse>BAffffff</colordiffuse>
						</control>
						<control type="textbox">
							<left>14</left>
							<top>10</top>
							<width>310</width>
							<height>77</height>
							<font>font12d</font>
							<selectedcolor>selected</selectedcolor>
							<label>[B]$INFO[ListItem.ChannelNumberLabel] - $INFO[ListItem.Label][/B]</label>
						</control>
						<control type="group">
							<left>15</left>
							<top>85</top>
							<width>440</width>
							<height>165</height>
							<visible>ListItem.HasEpg</visible>
							<control type="label">
								<width>350</width>
								<height>30</height>
								<font>font12b</font>
								<selectedcolor>selected</selectedcolor>
								<label>$INFO[ListItem.Title]</label>
							</control>
							<control type="progress">
								<top>38</top>
								<width>408</width>
								<height>6</height>
								<info>ListItem.Progress</info>
								<visible>!String.IsEqual(ListItem.Title,)</visible>
								<midtexture colordiffuse="themecolor">new_pvr/texturebg_white.png</midtexture>
								<texturebg colordiffuse="grey3">new_pvr/texturebg.png</texturebg>
							</control>
							<control type="label">
								<top>48</top>
								<width>400</width>
								<height>30</height>
								<font>font12</font>
								<textcolor>grey</textcolor>
								<selectedcolor>selected</selectedcolor>
								<label>$LOCALIZE[19031]: $INFO[ListItem.NextTitle]</label>
							</control>
						</control>
						<control type="image">
							<left>380</left>
							<top>85</top>
							<width>30</width>
							<height>30</height>
							<texture>$VAR[PVRStatusImageVar]</texture>
						</control>
					</control>
				</focusedlayout>
			</control>
			<control type="scrollbar" id="60">
				<include>ScrollBar_Vertical</include>
				<left>1810</left>
				<top>30</top>
				<height>715</height>
				<onleft>51</onleft>
				<ondown>60</ondown>
				<onup>60</onup>
			</control>
			<!-- Bottom info-panel -->
			<control type="group">
				<left>30</left>
				<top>750</top>
				<!-- Videopreview and logo -->
				<control type="group">
					<visible>!Player.HasVideo</visible>
					<left>122</left>
					<top>12</top>
					<control type="image">
						<width>200</width>
						<height>200</height>
						<aspectratio>keep</aspectratio>
						<fadetime>400</fadetime>
						<texture>$INFO[ListItem.Icon]</texture>
					</control>
				</control>
				<control type="group">
					<visible>Player.HasVideo</visible>
					<top>12</top>
					<control type="image">
						<width>445</width>
						<height>225</height>
						<aspectratio>stretch</aspectratio>
						<texture border="0">black-back.png</texture>
					</control>
					<control type="videowindow">
						<width>445</width>
						<height>225</height>
					</control>
				</control>
				<!-- Discription and fanart -->
				<control type="group">
					<left>450</left>
					<control type="label">
						<top>15</top>
						<width>1316</width>
						<height>30</height>
						<font>font14</font>
						<textcolor>grey2</textcolor>
						<textoffsetx>15</textoffsetx>
						<label>[COLOR labelheader]$INFO[ListItem.StartTime]$INFO[ListItem.EndTime, - , ][/COLOR][B][COLOR white]  $INFO[ListItem.Title]  [/COLOR][/B]  $INFO[ListItem.Duration,[COLOR labelheader]$LOCALIZE[180]:[/COLOR] ,]</label>
					</control>
					<control type="textbox" id="81">
						<label>[COLOR grey2]$INFO[ListItem.Genre,[COLOR labelheader]$LOCALIZE[515]:[/COLOR] , - ][/COLOR]$INFO[ListItem.Plot]</label>
						<left>15</left>
						<top>58</top>
						<width>1286</width>
						<height>176</height>
						<font>font14_textbox2</font>
						<autoscroll time="3000" delay="4000" repeat="5000">Skin.HasSetting(Enable.AutoScroll)</autoscroll>
						<visible>![String.StartsWith(ListItem.PlotOutline,"http://") | String.StartsWith(ListItem.PlotOutline,"https://")]</visible>
					</control>
					<control type="textbox">
						<left>15</left>
						<top>58</top>
						<width>1000</width>
						<height>176</height>
						<font>font14_textbox2</font>
						<label>$INFO[ListItem.Plot]</label>
						<autoscroll time="3000" delay="4000" repeat="5000">Skin.HasSetting(Enable.AutoScroll)</autoscroll>
						<visible>String.StartsWith(ListItem.PlotOutline,"http://") | String.StartsWith(ListItem.PlotOutline,"https://")</visible>
					</control>
					<control type="image">
						<left>1020</left>
						<top>5</top>
						<width>300</width>
						<height>220</height>
						<align>center</align>
						<aspectratio>keep</aspectratio>
						<texture>$INFO[ListItem.PlotOutline]</texture>
						<visible>String.StartsWith(ListItem.PlotOutline,"http://") | String.StartsWith(ListItem.PlotOutline,"https://")</visible>
					</control>
				</control>
			</control>
		</control>
		<control type="image">
			<width>1920</width>
			<height>1080</height>
			<texture>black-back.png</texture>
			<animation effect="fade" time="400">Visible</animation>
			<animation effect="fade" time="200">Hidden</animation>
			<visible>Window.IsActive(FileBrowser) | Window.IsActive(PVRGuideInfo) | Window.IsActive(PVRRecordingInfo) | Window.IsActive(PVRTimerSetting) | Window.IsActive(PVRGroupManager) | Window.IsActive(PVRGuideSearch)</visible>
		</control>
		<include>PVRMediaMenu</include>
	</controls>
</window>
