<?xml version="1.0" encoding="UTF-8"?>
<window>
	<defaultcontrol>50</defaultcontrol>
	<onload>ClearProperty(MediaMenu,Home)</onload>
	<views>50</views>
	<menucontrol>9051</menucontrol>
	<controls>
		<include>CommonBackground</include>
		<control type="image">
			<left>-30</left>
			<top>-30</top>
			<width>2040</width>
			<height>1277</height>
			<texture background="true">black.png</texture>
			<animation effect="fade" end="85" condition="true">Conditional</animation>
		</control>
		<control type="grouplist">
			<visible>!Skin.HasSetting(noshow_Time)</visible>
			<visible>!ListItem.IsParentFolder</visible>
			<left>10</left>
			<width>400</width>
			<align>left</align>
			<orientation>horizontal</orientation>
			<itemgap>0</itemgap>
			<control type="label">
				<align>left</align>
				<width min="20" max="200">auto</width>
				<height>40</height>
				<textcolor>grey2</textcolor>
				<shadowcolor>black</shadowcolor>
				<font>fontDiscog</font>
				<label>$INFO[System.Time(hh)]</label>
			</control>
			<control type="label">
				<align>left</align>
				<width min="20" max="200">auto</width>
				<height>34</height>
				<textcolor>grey2</textcolor>
				<shadowcolor>black</shadowcolor>
				<font>Font_bro</font>
				<label>:$INFO[System.Time(mm)]</label>
			</control>
		</control>
		<control type="grouplist">
			<visible>!Skin.HasSetting(noshow_numItems)</visible>
			<visible>!ListItem.IsParentFolder</visible>
			<left>1485</left>
			<top>1030</top>
			<width>400</width>
			<align>right</align>
			<orientation>horizontal</orientation>
			<itemgap>0</itemgap>
			<control type="label">
				<align>left</align>
				<width min="20" max="200">auto</width>
				<height>40</height>
				<textcolor>grey2</textcolor>
				<shadowcolor>black</shadowcolor>
				<font>fontDiscog</font>
				<label>$INFO[Container.CurrentItem]</label>
			</control>
			<control type="label">
				<align>left</align>
				<width min="20" max="200">auto</width>
				<height>52</height>
				<textcolor>grey2</textcolor>
				<shadowcolor>black</shadowcolor>
				<font>Font_bro</font>
				<label>/$INFO[Container.NumItems]</label>
			</control>
		</control>
		<control type="group">
			<description>Search group</description>
			<visible>Control.IsVisible(50)</visible>
			<include>WindowOpenCloseAnimation</include>
			<top>65</top>
			<control type="list" id="50">
				<left>82</left>
				<top>32</top>
				<width>1100</width>
				<height>880</height>
				<onleft>SetProperty(MediaMenu,True,home)</onleft>
				<onleft>SetFocus(9050)</onleft>
				<onright>72</onright>
				<onup>50</onup>
				<ondown>50</ondown>
				<viewtype label="535">list</viewtype>
				<pagecontrol>72</pagecontrol>
				<scrolltime tween="quadratic" easing="out">200</scrolltime>
				<itemlayout height="88" width="1100">
					<control type="label">
						<visible>String.IsEmpty(ListItem.Date)</visible>
						<left>130</left>
						<top>9</top>
						<width>1267</width>
						<height>52</height>
						<font>font13_title_sel</font>
						<aligny>center</aligny>
						<align>left</align>
						<label>[B]$INFO[ListItem.Label][/B]</label>
					</control>
					<control type="label">
						<width>128</width>
						<height>50</height>
						<font>font35</font>
						<textcolor>grey</textcolor>
						<selectedcolor>themecolor</selectedcolor>
						<align>center</align>
						<label>[B]$INFO[ListItem.ChannelNumberLabel][/B]</label>
					</control>
					<control type="label">
						<top>-8</top>
						<left>130</left>
						<width>550</width>
						<height>50</height>
						<align>left</align>
						<textcolor>grey</textcolor>
						<selectedcolor>themecolor</selectedcolor>
						<label>$INFO[ListItem.ChannelName]</label>
					</control>
					<control type="label">
						<top>14</top>
						<left>662</left>
						<width>300</width>
						<align>right</align>
						<height>50</height>
						<font>font28</font>
						<scroll>true</scroll>
						<textcolor>grey</textcolor>
						<label>$INFO[ListItem.Date]</label>
					</control>
					<control type="label">
						<aligny>top</aligny>
						<left>130</left>
						<top>32</top>
						<width>550</width>
						<height>60</height>
						<label>[B]$INFO[ListItem.Title][/B]</label>
					</control>
					<control type="progress">
						<description>Progressbar</description>
						<visible>!String.IsEmpty(ListItem.Date)</visible>
						<left>15</left>
						<top>50</top>
						<width>102</width>
						<height>10</height>
						<info>ListItem.Progress</info>
						<midtexture colordiffuse="themecolor">new_pvr/texturebg_white.png</midtexture>
						<texturebg colordiffuse="grey3">new_pvr/texturebg.png</texturebg>
					</control>
					<control type="image">
						<visible>!String.IsEmpty(ListItem.Date)</visible>
						<top>5</top>
						<left>978</left>
						<width>105</width>
						<height>66</height>
						<aspectratio align="center" aligny="center">keep</aspectratio>
						<texture background="true">$INFO[ListItem.Icon]</texture>
					</control>
				</itemlayout>
				<focusedlayout height="88" width="1100">
					<control type="image">
						<top>-3</top>
						<width>1100</width>
						<height>83</height>
						<texture border="4">listselect_fo.png</texture>
						<visible>Control.HasFocus(50)</visible>
						<include>VisibleFadeAnimation</include>
					</control>
					<control type="label">
						<visible>String.IsEmpty(ListItem.Date)</visible>
						<left>130</left>
						<top>9</top>
						<width>1267</width>
						<height>52</height>
						<font>font13_title_sel</font>
						<aligny>center</aligny>
						<align>left</align>
						<label>[B]$INFO[ListItem.Label][/B]</label>
					</control>
					<control type="label">
						<width>128</width>
						<height>50</height>
						<font>font35</font>
						<textcolor>grey</textcolor>
						<selectedcolor>themecolor</selectedcolor>
						<align>center</align>
						<label>[B]$INFO[ListItem.ChannelNumberLabel][/B]</label>
					</control>
					<control type="label">
						<top>-8</top>
						<left>130</left>
						<width>550</width>
						<height>50</height>
						<align>left</align>
						<textcolor>grey</textcolor>
						<selectedcolor>themecolor</selectedcolor>
						<label>$INFO[ListItem.ChannelName]</label>
					</control>
					<control type="label">
						<top>14</top>
						<left>662</left>
						<width>300</width>
						<align>right</align>
						<height>50</height>
						<font>font28</font>
						<scroll>true</scroll>
						<textcolor>grey</textcolor>
						<label>$INFO[ListItem.Date]</label>
					</control>
					<control type="label">
						<aligny>top</aligny>
						<left>130</left>
						<top>32</top>
						<width>550</width>
						<height>60</height>
						<label>[B]$INFO[ListItem.Title][/B]</label>
					</control>
					<control type="progress">
						<description>Progressbar</description>
						<visible>!String.IsEmpty(ListItem.Date)</visible>
						<left>15</left>
						<top>50</top>
						<width>102</width>
						<height>10</height>
						<info>ListItem.Progress</info>
						<midtexture colordiffuse="themecolor">new_pvr/texturebg_white.png</midtexture>
						<texturebg colordiffuse="grey3">new_pvr/texturebg.png</texturebg>
					</control>
					<control type="image">
						<visible>!String.IsEmpty(ListItem.Date)</visible>
						<top>5</top>
						<left>978</left>
						<width>105</width>
						<height>66</height>
						<aspectratio align="center" aligny="center">keep</aspectratio>
						<texture background="true">$INFO[ListItem.Icon]</texture>
					</control>
				</focusedlayout>
			</control>
			<control type="scrollbar" id="72">
				<include>ScrollBar_Vertical</include>
				<left>1180</left>
				<top>110</top>
				<width>14</width>
				<height>800</height>
				<onleft>50</onleft>
				<onright>SetProperty(MediaMenu,True,home)</onright>
				<onright>SetFocus(9050)</onright>
				<showonepage>false</showonepage>
			</control>
			<control type="group">
				<description>Small Media Window</description>
				<left>1210</left>
				<control type="image">
					<left>35</left>
					<top>32</top>
					<width>580</width>
					<height>325</height>
					<texture>search-tv.jpg</texture>
					<visible>String.IsEmpty(ListItem.Date)</visible>
					<visible>!Player.HasVideo</visible>
				</control>
				<control type="image">
					<left>35</left>
					<top>32</top>
					<width>580</width>
					<height>325</height>
					<texture background="true">$INFO[ListItem.Icon]</texture>
					<aspectratio align="center" aligny="center">keep</aspectratio>
					<visible>!String.IsEmpty(ListItem.Date)</visible>
					<fadetime>400</fadetime>
					<visible>!Player.HasVideo</visible>
				</control>
				<control type="videowindow">
					<left>35</left>
					<top>32</top>
					<width>580</width>
					<height>325</height>
					<visible>Player.HasVideo</visible>
				</control>
			</control>
			<control type="group">
				<left>1245</left>
				<top>365</top>
				<control type="label">
					<top>15</top>
					<width>605</width>
					<height>200</height>
					<align>left</align>
					<textcolor>white</textcolor>
					<shadowcolor>black</shadowcolor>
					<label>[B]$INFO[ListItem.ChannelName][/B][CR]$INFO[ListItem.StartDate,,[CR]]$INFO[ListItem.StartTime,,]$INFO[ListItem.EndTime, - ][CR]$INFO[ListItem.Duration,[COLOR grey]$LOCALIZE[180]:[/COLOR] ]</label>
				</control>
				<control type="label">
					<top>193</top>
					<width>605</width>
					<height>70</height>
					<aligny>center</aligny>
					<wrapmultiline>true</wrapmultiline>
					<label>[B][COLOR themecolor]$INFO[ListItem.Title][/B][/COLOR]</label>
				</control>
				<control type="textbox" id="80">
					<label>[B]$INFO[ListItem.Genre,$LOCALIZE[515]: , - ][/B]$INFO[ListItem.Plot]</label>
					<top>282</top>
					<width>590</width>
					<height>250</height>
					<font>font14_textbox2</font>
					<autoscroll time="3000" delay="4000" repeat="5000">Skin.HasSetting(Enable.AutoScroll)</autoscroll>
				</control>
			</control>
		</control>
		<control type="image">
			<width>100%</width>
			<height>1080</height>
			<texture>black-back.png</texture>
			<animation effect="fade" time="400">Visible</animation>
			<animation effect="fade" time="200">Hidden</animation>
			<visible>Window.IsActive(FileBrowser) | Window.IsActive(PVRGuideInfo) | Window.IsActive(PVRRecordingInfo) | Window.IsActive(PVRTimerSetting) | Window.IsActive(PVRGroupManager) | Window.IsActive(PVRGuideSearch)</visible>
		</control>
		<include>PVRMediaMenu</include>
	</controls>
</window>
