<?xml version="1.0" encoding="UTF-8"?>
<window>
	<defaultcontrol always="true">50</defaultcontrol>
	<views>50,595,590,593,594,596,597,589,586,587</views>
	<menucontrol>9051</menucontrol>
	<onload>ClearProperty(MediaMenu,Home)</onload>
	<onload>ClearProperty(HideWall,home)</onload>
	<onload condition="Skin.HasSetting(playTheme)">ClearProperty(PlayingOST,Home)</onload>
	<onload condition="Skin.HasSetting(playTheme)">ClearProperty(theme_ready,home)</onload>
	<onload>AlarmClock(AnimMulti2,SetProperty(AnimWall2,True,home),00:03,silent)</onload>
	<onload condition="Control.IsVisible(586)">AlarmClock(AnimMulti3,SetFocus(586),00:03,silent)</onload>
	<onload condition="Control.IsVisible(589)">SetProperty(RowTitle,True,home)</onload>
	<onload condition="String.Contains(Container.Viewmode,Shelf) + !Integer.IsGreater(Container.CurrentItem,1) + String.IsEmpty(Window(home).Property(MediaMovie5))">Control.Move(595,4)</onload>
	<onload condition="Container.Content(movies)">SetProperty(MediaMovie5,True,home)</onload>
	<onload condition="String.IsEmpty(Window(home).Property(MediaMovie8))">AlarmClock(ThemeWall,SetProperty(FirstWall,True,home),00:03,silent)</onload>
	<onload condition="String.Contains(Container.Viewmode,MultiWall) + !Integer.IsGreater(Container.CurrentItem,1) + String.IsEmpty(Window(home).Property(MediaMovie8))">SetFocus(586,42)</onload>
	<onload condition="Container.Content(movies)">SetProperty(MediaMovie8,True,home)</onload>
	<onload condition="String.Contains(Container.Viewmode,RightList) + !Integer.IsGreater(Container.CurrentItem,1) + String.IsEmpty(Window(home).Property(MediaMovie6))">Control.Move(596,2)</onload>
	<onload condition="Container.Content(movies)">SetProperty(MediaMovie6,True,home)</onload>
	<onload>ClearProperty(TMDbHelper.WidgetContainer,Home)</onload>
	<onunload condition="Skin.HasSetting(OnlineRating) + !String.IsEqual(Container.CurrentItem,Window(Home).Property(CurrPos))">SetProperty(FirstOscar,$VAR[Label_Oscars],home)</onunload>
	<onunload condition="Skin.HasSetting(OnlineRating) + !String.IsEqual(Container.CurrentItem,Window(Home).Property(CurrPos))">SetProperty(FirstEmmy,$VAR[Label_Emmys],home)</onunload>
	<onunload condition="Skin.HasSetting(OnlineRating) + !String.IsEqual(Container.CurrentItem,Window(Home).Property(CurrPos))">SetProperty(FirstMetacritic,$INFO[Window(Home).Property(TMDbHelper.ListItem.MetaCritic_Rating)],home)</onunload>
	<onunload condition="Skin.HasSetting(OnlineRating) + !String.IsEqual(Container.CurrentItem,Window(Home).Property(CurrPos))">SetProperty(FirstTrakt,$INFO[Window(Home).Property(TMDbHelper.ListItem.Trakt_Rating)],home)</onunload>
	<onunload condition="Skin.HasSetting(OnlineRating) + !String.IsEqual(Container.CurrentItem,Window(Home).Property(CurrPos))">SetProperty(FirstTMDB,$INFO[Window(Home).Property(TMDbHelper.ListItem.TMDB_Rating)],home)</onunload>
	<onunload condition="Skin.HasSetting(OnlineRating) + !String.IsEqual(Container.CurrentItem,Window(Home).Property(CurrPos))">SetProperty(FirstRottenR,$INFO[Window(Home).Property(TMDbHelper.ListItem.RottenTomatoes_Rating)],home)</onunload>
	<onunload condition="Skin.HasSetting(OnlineRating) + !String.IsEqual(Container.CurrentItem,Window(Home).Property(CurrPos))">SetProperty(FirstRottenU,$INFO[Window(Home).Property(TMDbHelper.ListItem.RottenTomatoes_UserMeter)],home)</onunload>
	<onunload condition="Skin.HasSetting(OnlineRating) + !String.IsEqual(Container.CurrentItem,Window(Home).Property(CurrPos))">SetProperty(FirstIMDB,$INFO[Window(Home).Property(TMDbHelper.ListItem.IMDB_Rating)],home)</onunload>
	<onunload condition="Skin.HasSetting(OnlineRating) + !String.IsEqual(Container.CurrentItem,Window(Home).Property(CurrPos))">SetProperty(First250,$INFO[Window(Home).Property(TMDbHelper.ListItem.Top250)],home)</onunload>
	<onunload condition="Skin.HasSetting(OnlineRating)">SetProperty(CurrPos,$INFO[Container.CurrentItem],home)</onunload>
	<onunload>ClearProperty(RowTitle,Home)</onunload>
	<onunload>ClearProperty(RowYear,Home)</onunload>
	<onunload>ClearProperty(RowRating,Home)</onunload>
	<onunload>ClearProperty(RowDuration,Home)</onunload>
	<onunload>ClearProperty(RowMpaa,Home)</onunload>
	<onunload>ClearProperty(RowDate,Home)</onunload>
	<onunload>ClearProperty(AnimWall2,Home)</onunload>
	<controls>
		<include>CommonBackground</include>
		<control type="image" id="4685">
			<top>-1000</top>
			<left>-1000</left>
			<width>1</width>
			<height>1</height>
			<texture fallback="resources/mpaa/NR.png">$VAR[mpaa]</texture>
		</control>
		<include condition="!Skin.HasSetting(Coloured.icons)">NotColouredIcons</include>
		<include condition="Skin.HasSetting(Coloured.icons)">ColouredIcons</include>
		<control type="label" id="4186">
			<visible>!Skin.HasSetting(Coloured.icons)</visible>
			<width>1</width>
			<height>1</height>
			<textcolor>grey2</textcolor>
			<top>-1000</top>
			<left>-1000</left>
			<font>fontDiscog</font>
			<label>$INFO[Container(6952).ListItem(0).Icon]</label>
		</control>
		<control type="label" id="4187">
			<visible>Skin.HasSetting(Coloured.icons)</visible>
			<width>1</width>
			<height>1</height>
			<textcolor>grey2</textcolor>
			<top>-1000</top>
			<left>-1000</left>
			<font>fontDiscog</font>
			<label>$INFO[Container(6953).ListItem(0).Icon]</label>
		</control>
		<control type="list" id="59631">
			<visible>ListItem.IsCollection</visible>
			<content sortby="year" sortorder="ascending">$INFO[ListItem.FolderPath]</content>
			<itemlayout/>
			<focusedlayout/>
		</control>
		<control type="list" id="3322">
			<visible>[String.IsEqual(ListItem.DBTYPE,movie) | String.IsEqual(ListItem.DBTYPE,tvshow)] + Skin.HasSetting(SearchExtras) + Skin.HasSetting(SettingCommon) + !Window.IsActive(movieinformation)</visible>
			<content>musicdb://songs/?xsp=%7B%22rules%22%3A%7B%22and%22%3A%5B%7B%22field%22%3A%22album%22%2C%22operator%22%3A%22is%22%2C%22value%22%3A%5B%22$INFO[ListItem.Title]%22%5D%7D%2C%7B%22field%22%3A%22year%22%2C%22operator%22%3A%22is%22%2C%22value%22%3A%5B%22$INFO[ListItem.Year]%22%5D%7D%5D%7D%2C%22type%22%3A%22songs%22%7D</content>
			<content>$VAR[Title_xsp]</content>
			<itemlayout/>
			<focusedlayout/>
		</control>
		<control type="list" id="6983">
			<visible>Skin.HasSetting(SearchExtras) + !String.IsEmpty(Window(Home).Property(extras_yes)) + System.IdleTime(1)</visible>
			<visible>!Window.IsActive(movieinformation)</visible>
			<itemlayout/>
			<focusedlayout/>
			<content>$VAR[Extras_lookup]</content>
		</control>
		<control type="fadelabel" id="6410">
			<visible>ListItem.IsCollection</visible>
			<top>-100</top>
			<width>100</width>
			<height>0</height>
			<pauseatend>3000</pauseatend>
			<font>font10</font>
			<textcolor>white</textcolor>
			<randomize>true</randomize>
			<scroll>false</scroll>
			<scrollout>false</scrollout>
			<label>$INFO[Container(59631).ListItemAbsolute(0).Path]</label>
			<label>$INFO[Container(59631).ListItemAbsolute(1).Path]</label>
			<label>$INFO[Container(59631).ListItemAbsolute(2).Path]</label>
			<label>$INFO[Container(59631).ListItemAbsolute(3).Path]</label>
			<label>$INFO[Container(59631).ListItemAbsolute(4).Path]</label>
			<label>$INFO[Container(59631).ListItemAbsolute(5).Path]</label>
			<label>$INFO[Container(59631).ListItemAbsolute(6).Path]</label>
			<label>$INFO[Container(59631).ListItemAbsolute(7).Path]</label>
			<label>$INFO[Container(59631).ListItemAbsolute(8).Path]</label>
			<label>$INFO[Container(59631).ListItemAbsolute(9).Path]</label>
		</control>
		<control type="fadelabel" id="4410">
			<visible>Control.IsVisible(590) | Control.IsVisible(594) | Control.IsVisible(595) | Control.IsVisible(596) | Control.IsVisible(597) | Control.IsVisible(587)</visible>
			<top>-100</top>
			<width>2560</width>
			<height>0</height>
			<pauseatend>7000</pauseatend>
			<font>font10</font>
			<textcolor>white</textcolor>
			<randomize>true</randomize>
			<scroll>false</scroll>
			<scrollout>false</scrollout>
			<resetonlabelchange>true</resetonlabelchange>
			<label>$INFO[ListItem.Art(fanart)]</label>
			<label>$INFO[ListItem.Art(fanart1)]</label>
			<label>$INFO[ListItem.Art(fanart2)]</label>
			<label>$INFO[ListItem.Art(fanart3)]</label>
			<label>$INFO[ListItem.Art(fanart4)]</label>
			<label>$INFO[ListItem.Art(fanart5)]</label>
			<label>$INFO[ListItem.Art(fanart6)]</label>
			<label>$INFO[ListItem.Art(fanart7)]</label>
			<label>$INFO[ListItem.Art(fanart8)]</label>
			<label>$INFO[ListItem.Art(fanart9)]</label>
		</control>
		<include condition="Skin.HasSetting(extraposters)">Extra_posters</include>
		<control type="group">
			<visible>[!Control.IsVisible(593) + !Control.IsVisible(586) + !Control.IsVisible(50)] | [Control.IsVisible(586) + System.IdleTime(4)]</visible>
			<include>DisplayChar</include>
			<control type="group">
				<include condition="Skin.HasSetting(showCast) + System.HasAddon(script.embuary.helper)">DisplayCast</include>
			</control>
			<control type="group">
				<include condition="Skin.HasSetting(showCast) + System.HasAddon(script.embuary.helper) + System.HasAddon(resource.images.actorart)">DisplayPngCast</include>
			</control>
		</control>
		<control type="group">
			<include>WindowOpenCloseAnimation</include>
			<include>VideoList</include>
			<!-- view id = 50 -->
			<include>ViewTriple</include>
			<!-- view id = 590 -->
			<include>ViewMultiSort</include>
			<!-- view id = 589 -->
			<include>ViewFanart</include>
			<!-- view id = 593 -->
			<include>ViewBanner</include>
			<!-- view id = 594 -->
			<include>ViewShelf</include>
			<!-- view id = 595 -->
			<include>ViewFlix</include>
			<!-- view id = 587 -->
			<include>ViewRightList</include>
			<!-- view id = 596 -->
			<include>ViewWall</include>
			<!-- view id = 597 -->
			<include>ViewMultiWall</include>
			<!-- view id = 586 -->
		</control>
		<control type="group">
			<left>-440</left>
			<include>SideBladeLeft</include>
			<control type="grouplist" id="9050">
				<include>MediaMenuTop</include>
				<control type="togglebutton" id="6053">
					<description>3D Toggle</description>
					<textwidth>352</textwidth>
					<include>ButtonCommonValues</include>
					<label>$VAR[Label_Shelf]</label>
					<onclick>Skin.ToggleSetting(Sh3D)</onclick>
					<onclick>ReplaceWindow(home)</onclick>
					<onclick>ActivateWindow(videos)</onclick>
					<visible>Control.IsVisible(595)</visible>
				</control>
				<control type="togglebutton" id="6054">
					<description>Actors Thumbs</description>
					<textwidth>352</textwidth>
					<include>ButtonCommonValues</include>
					<label>$VAR[Label_Sh2_actors]</label>
					<onclick>Skin.ToggleSetting(Sh2)</onclick>
					<visible>Control.IsVisible(595) + Skin.HasSetting(showCast) + !Container.Content(seasons)</visible>
				</control>
				<control type="togglebutton" id="6055">
					<description>3D Toggle</description>
					<textwidth>352</textwidth>
					<include>ButtonCommonValues</include>
					<label>$VAR[Label_List]</label>
					<onclick>Skin.ToggleSetting(Li3D)</onclick>
					<visible>Control.IsVisible(596) + !Container.Content(episodes)</visible>
				</control>
				<control type="button" id="201">
					<description>View options</description>
					<textwidth>352</textwidth>
					<font>font13_title</font>
					<include>ButtonCommonValues</include>
					<label>31026</label>
					<enable>no</enable>
					<disabledcolor>themecolor</disabledcolor>
				</control>
				<control type="button" id="10">
					<visible>Container.Content(movies) | Container.Content(tvshows) | Container.Content(seasons) | Container.Content(episodes)</visible>
					<description>Watched Toggle</description>
					<textwidth>255</textwidth>
					<include>ButtonCommonValues</include>
					<label>20367</label>
					<label2>[COLOR themecolor]$INFO[Container.NumItems][/COLOR]</label2>
				</control>
				<control type="button" id="8">
					<description>Search</description>
					<include>ButtonCommonValues</include>
					<label>137</label>
					<onclick>ClearProperty(MediaMenu,Home)</onclick>
					<onclick>SetFocus(50)</onclick>
				</control>
				<control type="edit" id="19">
					<visible>Container.CanFilter + !Container.CanFilterAdvanced</visible>
					<description>Filter</description>
					<textwidth>345</textwidth>
					<include>ButtonCommonValues</include>
					<label>587</label>
				</control>
				<control type="radiobutton" id="98">
					<visible>Container.CanFilterAdvanced</visible>
					<description>Filter</description>
					<include>ButtonCommonValues</include>
					<label>587</label>
					<selected>Container.Filtered</selected>
					<onclick>ClearProperty(MediaMenu,Home)</onclick>
					<onclick>SetFocus(50)</onclick>
					<onclick>Filter</onclick>
				</control>
				<control type="radiobutton" id="16">
					<description>PartyMode</description>
					<label>589</label>
					<include>ButtonCommonValues</include>
					<visible>Container.Content(MusicVideos)</visible>
				</control>
				<control type="radiobutton" id="11">
					<description>Unlock Shares</description>
					<textwidth>255</textwidth>
					<include>ButtonCommonValues</include>
					<label>20336</label>
					<onclick>xbmc.mastermode</onclick>
					<selected>system.ismaster</selected>
					<visible>system.haslocks</visible>
				</control>
				<control type="button" id="203">
					<description>View options</description>
					<textwidth>352</textwidth>
					<font>font13_title</font>
					<include>ButtonCommonValues</include>
					<label>31039</label>
					<enable>no</enable>
					<disabledcolor>themecolor</disabledcolor>
				</control>
				<control type="button" id="616">
					<description>Go to playercontrols</description>
					<include>ButtonCommonValues</include>
					<label>$LOCALIZE[31177]</label>
					<onclick condition="Player.HasAudio">ClearProperty(MediaMenu,Home)</onclick>
					<onclick condition="Player.HasAudio">SetFocus(50)</onclick>
					<onclick condition="Player.HasAudio">ActivateWindow(playercontrols)</onclick>
					<onclick condition="Player.HasVideo">Fullscreen</onclick>
					<onclick condition="Player.HasVideo">ActivateWindow(videoosd)</onclick>
					<onclick>ClearProperty(MediaMenu,Home)</onclick>
					<visible>Player.HasMedia</visible>
				</control>
				<control type="togglebutton" id="20">
					<description>Update library</description>
					<include>ButtonCommonValues</include>
					<label>653</label>
					<altlabel>13353</altlabel>
					<usealttexture>library.isscanningvideo</usealttexture>
				</control>
				<control type="button" id="613">
					<description>Get more</description>
					<include>ButtonCommonValues</include>
					<label>$LOCALIZE[21452]</label>
					<onclick>ActivateWindow(addonbrowser,addons://more/video/,return)</onclick>
					<visible>Container.Content(addons)</visible>
				</control>
				<control type="button" id="614">
					<description>Add-on settings</description>
					<include>ButtonCommonValues</include>
					<label>$LOCALIZE[10140]</label>
					<onclick>Addon.OpenSettings($INFO[Container.PluginName])</onclick>
					<visible>!String.IsEmpty(Container.PluginName)</visible>
				</control>
				<control type="button" id="617">
					<description>Settings button</description>
					<include>ButtonCommonValues</include>
					<label>$LOCALIZE[5]</label>
					<onclick>ActivateWindow(mediasettings,video)</onclick>
					<visible>Container.Content(movies) | Container.Content(tvshows) | Container.Content(episodes) | Container.Content(musicvideos)</visible>
				</control>
				<control type="button" id="612">
					<description>Go to playlist</description>
					<include>ButtonCommonValues</include>
					<label>13350</label>
					<onclick>ActivateWindow(videoplaylist)</onclick>
					<visible>!String.IsEqual(Playlist.Length(video),0)</visible>
				</control>
			</control>
		</control>
		<control type="group">
			<visible>String.IsEmpty(Window(Home).Property(MediaMenu)) + !Control.IsVisible(590) + !Control.IsVisible(586)</visible>
			<animation effect="fade" end="100" time="200">Visible</animation>
			<animation effect="fade" end="0" time="200">Hidden</animation>
			<top>85</top>
			<left>108</left>
			<control type="grouplist">
				<animation effect="slide" end="0,-8" time="0" condition="Control.IsVisible(589)">Conditional</animation>
				<visible>!Skin.HasSetting(noshow_Time)</visible>
				<visible>![Control.HasFocus(8542) + Player.HasVideo]</visible>
				<visible>![Control.HasFocus(8541) + Player.HasVideo]</visible>
				<visible>![Control.HasFocus(8543) + Player.HasVideo]</visible>
				<left>-100</left>
				<top>-85</top>
				<width>400</width>
				<align>left</align>
				<orientation>horizontal</orientation>
				<itemgap>0</itemgap>
				<control type="label">
					<align>left</align>
					<width min="20" max="200">auto</width>
					<height>40</height>
					<textcolor>grey2</textcolor>
					<shadowcolor>black</shadowcolor>
					<font>fontDiscog</font>
					<label>$INFO[System.Time(hh)]</label>
				</control>
				<control type="label">
					<align>left</align>
					<width min="20" max="200">auto</width>
					<height>34</height>
					<textcolor>grey2</textcolor>
					<shadowcolor>black</shadowcolor>
					<font>Font_bro</font>
					<label>:$INFO[System.Time(mm)]</label>
				</control>
			</control>
			<control type="grouplist">
				<visible>!Skin.HasSetting(noshow_numItems) + !Control.IsVisible(587) + !Control.IsVisible(595) + !Control.IsVisible(593) + !Control.IsVisible(596) + !Control.IsVisible(50)</visible>
				<animation effect="slide" end="10,0" time="0" condition="Control.IsVisible(589)">Conditional</animation>
				<left>-100</left>
				<top>948</top>
				<width>400</width>
				<align>left</align>
				<orientation>horizontal</orientation>
				<itemgap>0</itemgap>
				<control type="label">
					<align>left</align>
					<width min="20" max="200">auto</width>
					<height>40</height>
					<textcolor>grey2</textcolor>
					<shadowcolor>black</shadowcolor>
					<font>fontDiscog</font>
					<label>$INFO[Container.CurrentItem]</label>
				</control>
				<control type="label">
					<align>left</align>
					<width min="20" max="200">auto</width>
					<height>52</height>
					<textcolor>grey2</textcolor>
					<shadowcolor>black</shadowcolor>
					<font>Font_bro</font>
					<label>/$INFO[Container.NumItems]</label>
				</control>
			</control>
			<control type="grouplist">
				<visible>!Skin.HasSetting(noshow_numItems) + [Control.IsVisible(587) | Control.IsVisible(593) | Control.IsVisible(595) | Control.IsVisible(596) | Control.IsVisible(50)] + !Control.HasFocus(5929)</visible>
				<visible>![Control.HasFocus(8542) + Player.HasVideo]</visible>
				<visible>![Control.HasFocus(8541) + Player.HasVideo]</visible>
				<visible>![Control.HasFocus(8543) + Player.HasVideo]</visible>
				<left>1400</left>
				<top>948</top>
				<width>400</width>
				<align>right</align>
				<orientation>horizontal</orientation>
				<itemgap>0</itemgap>
				<control type="label">
					<align>left</align>
					<width min="20" max="200">auto</width>
					<height>40</height>
					<textcolor>grey2</textcolor>
					<shadowcolor>black</shadowcolor>
					<font>fontDiscog</font>
					<label>$INFO[Container.CurrentItem]</label>
				</control>
				<control type="label">
					<align>left</align>
					<width min="20" max="200">auto</width>
					<height>52</height>
					<textcolor>grey2</textcolor>
					<shadowcolor>black</shadowcolor>
					<font>Font_bro</font>
					<label>/$INFO[Container.NumItems]</label>
				</control>
			</control>
		</control>
		<include condition="Skin.HasSetting(ScreensaverNetflix)">Screensaver_Netflix</include>
		<control type="group">
			<visible>Control.IsVisible(589) | Control.IsVisible(590) | Control.IsVisible(594) | Control.IsVisible(597) | Control.IsVisible(596) | Control.IsVisible(50)</visible>
			<visible allowhiddenfocus="true">Control.HasFocus(5919)</visible>
			<animation effect="fade" start="0" end="90" time="1200">Visible</animation>
			<animation effect="slide" end="2,-110" time="0" condition="Control.IsVisible(590)">Conditional</animation>
			<animation effect="slide" end="1,300" time="0" condition="Control.IsVisible(589)">Conditional</animation>
			<animation effect="slide" end="1869,0" time="0" condition="Control.IsVisible(597) | Control.IsVisible(596)">Conditional</animation>
			<animation effect="slide" end="1860,5" time="0" condition="Control.IsVisible(50)">Conditional</animation>
			<animation effect="slide" end="1869,12" time="0" condition="Control.IsVisible(594)">Conditional</animation>
			<left>-5</left>
			<top>470</top>
			<control type="button" id="5919">
				<include>HiddenObject</include>
				<onleft condition="!Control.IsVisible(596) + !Control.IsVisible(50)">80</onleft>
				<onright condition="!Control.IsVisible(596) + !Control.IsVisible(50) + !Control.IsVisible(597) + !Control.IsVisible(594)">50</onright>
				<onleft condition="Control.IsVisible(596) | Control.IsVisible(50)">50</onleft>
				<onright condition="Control.IsVisible(596) | Control.IsVisible(50) | Control.IsVisible(597) | Control.IsVisible(594)">80</onright>
				<onup>SetFocus(50)</onup>
				<onup>Action(prevletter)</onup>
				<onup>SetFocus(5919)</onup>
				<ondown>SetFocus(50)</ondown>
				<ondown>Action(nextletter)</ondown>
				<ondown>SetFocus(5919)</ondown>
				<onclick>SetFocus(50)</onclick>
				<onback>50</onback>
			</control>
			<control type="image">
				<animation effect="fade" end="70" condition="true">Conditional</animation>
				<left>-9</left>
				<top>-64</top>
				<width>65</width>
				<height>65</height>
				<aspectratio>keep</aspectratio>
				<texture background="true">tajo/arrow_v.gif</texture>
			</control>
			<control type="image">
				<animation effect="fade" end="70" condition="true">Conditional</animation>
				<left>-9</left>
				<top>110</top>
				<width>65</width>
				<height>65</height>
				<aspectratio>keep</aspectratio>
				<texture background="true">tajo/arrow_vd.gif</texture>
			</control>
			<control type="image">
				<animation effect="slide" end="-20,0" time="0" condition="Control.IsVisible(597) | Control.IsVisible(596)">Conditional</animation>
				<animation effect="slide" end="-14,0" time="0" condition="Control.IsVisible(594)">Conditional</animation>
				<animation effect="slide" end="-10,0" time="0" condition="Control.IsVisible(589) | Control.IsVisible(590)">Conditional</animation>
				<top>5</top>
				<left>1</left>
				<width>80</width>
				<height>100</height>
				<texture border="40">dialogs/default/bg.png</texture>
			</control>
			<control type="label">
				<animation effect="slide" end="-15,0" time="0" condition="Control.IsVisible(597) | Control.IsVisible(596)">Conditional</animation>
				<animation effect="slide" end="-9,0" time="0" condition="Control.IsVisible(594)">Conditional</animation>
				<top>-5</top>
				<left>-5</left>
				<width>80</width>
				<height>120</height>
				<align>center</align>
				<label>$INFO[ListItem.SortLetter]</label>
				<textcolor>white</textcolor>
				<font>font_MainMenu2</font>
			</control>
		</control>
		<control type="group">
			<visible>Control.IsVisible(595) | Control.IsVisible(593) | Control.IsVisible(587)</visible>
			<visible allowhiddenfocus="true">Control.HasFocus(5929)</visible>
			<animation effect="fade" start="0" end="90" time="1200">Visible</animation>
			<animation effect="slide" end="1225,0" time="0" condition="Control.IsVisible(593)">Conditional</animation>
			<animation effect="slide" end="80,0" time="0" condition="Control.IsVisible(587)">Conditional</animation>
			<animation effect="slide" end="1360,0" time="0" condition="Control.IsVisible(587)">Conditional</animation>
			<animation effect="slide" end="1453,0" time="0" condition="Control.IsVisible(595)">Conditional</animation>
			<left>310</left>
			<top>980</top>
			<control type="button" id="5929">
				<include>HiddenObject</include>
				<ondown>86</ondown>
				<onup>50</onup>
				<onleft>SetFocus(50)</onleft>
				<onleft>Action(prevletter)</onleft>
				<onleft>SetFocus(5929)</onleft>
				<onright>SetFocus(50)</onright>
				<onright>Action(nextletter)</onright>
				<onright>SetFocus(5929)</onright>
				<onclick>SetFocus(50)</onclick>
				<onback>50</onback>
			</control>
			<control type="image">
				<animation effect="fade" end="70" condition="true">Conditional</animation>
				<left>-78</left>
				<top>38</top>
				<width>65</width>
				<height>65</height>
				<aspectratio>keep</aspectratio>
				<texture background="true">tajo/arrow_h.gif</texture>
			</control>
			<control type="image">
				<animation effect="fade" end="70" condition="true">Conditional</animation>
				<left>81</left>
				<top>38</top>
				<width>65</width>
				<height>65</height>
				<aspectratio>keep</aspectratio>
				<texture background="true">tajo/arrow_hd.gif</texture>
			</control>
			<control type="image">
				<top>19</top>
				<left>-9</left>
				<width>86</width>
				<height>100</height>
				<texture border="40">dialogs/default/bg.png</texture>
			</control>
			<control type="label">
				<top>1</top>
				<left>-5</left>
				<width>80</width>
				<height>120</height>
				<align>center</align>
				<label>$INFO[ListItem.SortLetter]</label>
				<textcolor>white</textcolor>
				<font>font_MainMenu2</font>
			</control>
		</control>
		<control type="image">
			<visible>[String.Contains(ListItem.Filenameandpath,Player.Filenameandpath) | String.Contains(Container(5904).ListItem.Filenameandpath,Player.Filenameandpath)] + Player.HasVideo</visible>
			<include>FullscreenDimensions</include>
			<texture>black.png</texture>
		</control>
		<control type="videowindow">
			<visible>[String.Contains(ListItem.Filenameandpath,Player.Filenameandpath) | String.Contains(Container(5904).ListItem.Filenameandpath,Player.Filenameandpath)] + Player.HasVideo</visible>
			<include>FullscreenDimensions</include>
			<visible>Player.HasVideo</visible>
		</control>
	</controls>
</window>
