<?xml version="1.0" encoding="UTF-8"?>
<window>
	<controls>
		<control type="group">
			<control type="image">
				<visible>!Skin.HasSetting(noLyrics)</visible>
				<animation effect="fade" start="0" end="100" time="1000">Visible</animation>
				<top>-400</top>
				<left>-15</left>
				<width>1950</width>
				<height>1920</height>
				<texture background="true" flipy="true">tajo/osd_black_bg.png</texture>
			</control>
			<control type="list" id="110">
				<left>74</left>
				<top>55</top>
				<width>1830</width>
				<height>454</height>
				<onleft>110</onleft>
				<onright>110</onright>
				<onup>110</onup>
				<ondown>110</ondown>
				<pagecontrol>101</pagecontrol>
				<scrolltime>200</scrolltime>
				<itemlayout height="50">
					<control type="label">
						<width>1830</width>
						<height>50</height>
						<font>font15t</font>
						<textcolor>01ffffff</textcolor>
						<align>center</align>
						<selectedcolor>selected</selectedcolor>
						<label>$INFO[ListItem.Label]</label>
					</control>
					<control type="group">
						<visible>Skin.HasSetting(ClassicLyrics) + !Skin.HasSetting(noLyrics)</visible>
						<control type="label">
							<left>2</left>
							<top>0</top>
							<width>1620</width>
							<height>43</height>
							<label>$INFO[ListItem.Label]</label>
							<font>lyr0</font>
							<align>left</align>
							<aligny>top</aligny>
							<textcolor>black</textcolor>
						</control>
						<control type="label">
							<left>-1</left>
							<top>0</top>
							<width>1620</width>
							<height>43</height>
							<label>$INFO[ListItem.Label]</label>
							<font>lyr0</font>
							<align>left</align>
							<aligny>top</aligny>
							<textcolor>black</textcolor>
						</control>
						<control type="label">
							<left>1</left>
							<top>2</top>
							<width>1620</width>
							<height>43</height>
							<label>$INFO[ListItem.Label]</label>
							<font>lyr0</font>
							<align>left</align>
							<aligny>top</aligny>
							<textcolor>black</textcolor>
						</control>
						<control type="label">
							<left>0</left>
							<top>-1</top>
							<width>1620</width>
							<height>43</height>
							<label>$INFO[ListItem.Label]</label>
							<font>lyr0</font>
							<align>left</align>
							<aligny>top</aligny>
							<textcolor>black</textcolor>
						</control>
						<control type="label">
							<width>1620</width>
							<height>43</height>
							<label>$INFO[ListItem.Label]</label>
							<font>lyr0</font>
							<align>left</align>
							<aligny>top</aligny>
							<textcolor>FFE9F2F3</textcolor>
						</control>
					</control>
				</itemlayout>
				<focusedlayout height="50">
					<control type="label">
						<width>1830</width>
						<height>50</height>
						<font>font15t</font>
						<align>center</align>
						<textcolor>01ffffff</textcolor>
						<label fallback="--">$INFO[ListItem.Label]</label>
					</control>
					<control type="group">
						<visible>Skin.HasSetting(ClassicLyrics) + !Skin.HasSetting(noLyrics)</visible>
						<control type="label">
							<left>2</left>
							<top>0</top>
							<width>1620</width>
							<height>43</height>
							<label>$INFO[ListItem.Label]</label>
							<font>lyr0</font>
							<align>left</align>
							<aligny>top</aligny>
							<textcolor>black</textcolor>
						</control>
						<control type="label">
							<left>-1</left>
							<top>0</top>
							<width>1620</width>
							<height>43</height>
							<label>$INFO[ListItem.Label]</label>
							<font>lyr0</font>
							<align>left</align>
							<aligny>top</aligny>
							<textcolor>black</textcolor>
						</control>
						<control type="label">
							<left>1</left>
							<top>2</top>
							<width>1620</width>
							<height>43</height>
							<label>$INFO[ListItem.Label]</label>
							<font>lyr0</font>
							<align>left</align>
							<aligny>top</aligny>
							<textcolor>black</textcolor>
						</control>
						<control type="label">
							<left>0</left>
							<top>-1</top>
							<width>1620</width>
							<height>43</height>
							<label>$INFO[ListItem.Label]</label>
							<font>lyr0</font>
							<align>left</align>
							<aligny>top</aligny>
							<textcolor>black</textcolor>
						</control>
						<control type="label">
							<width>1620</width>
							<height>43</height>
							<label>$INFO[ListItem.Label]</label>
							<font>lyr0</font>
							<align>left</align>
							<aligny>top</aligny>
							<textcolor>themecolor</textcolor>
						</control>
					</control>
				</focusedlayout>
			</control>
			<control type="label">
				<description>Scraper label</description>
				<left>870</left>
				<top>1020</top>
				<width>825</width>
				<height>45</height>
				<label>$LOCALIZE[31205] - $INFO[Control.GetLabel(200)]</label>
				<font>font12_title</font>
				<align>right</align>
				<textcolor>grey2</textcolor>
				<visible>false</visible>
			</control>
			<control type="label" id="200">
				<description>Scraper label</description>
				<visible>false</visible>
			</control>
		</control>
		<include condition="String.IsEmpty(Window(home).Property(melodiesPlaying)) + Window.IsActive(visualisation)">Video_Lyrics</include>
	</controls>
</window>