<?xml version="1.0" encoding="UTF-8"?>
<window>
	<defaultcontrol always="true">9000</defaultcontrol>
	<onunload>RunScript(script.skinshortcuts,type=buildxml&amp;mainmenuID=9000&amp;group=x1|x2|x3|x4|x5|x6|x7|x8|x9|x10|x11|x12|x13|x101|x202|x303|x404|x505|x606)</onunload>
	<controls>
		<include content="CommonBackground">
			<param name="windowOpen" value="!Window.Previous(SettingsCategory.xml)"/>
			<param name="windowClose" value="!Window.Next(SettingsCategory.xml)"/>
		</include>
		<control type="image">
			<left>-10</left>
			<top>-10</top>
			<width>1950</width>
			<height>1100</height>
			<aspectratio>stretch</aspectratio>
			<texture background="true">black.png</texture>
			<animation effect="fade" end="85" condition="true">Conditional</animation>
		</control>
		<control type="group">
			<top>128</top>
			<left>SettingsLeft</left>
			<include content="WindowOpenCloseAnimation">
				<param name="windowOpen" value="!Window.Previous(SettingsCategory.xml)"/>
				<param name="windowClose" value="!Window.Next(SettingsCategory.xml)"/>
			</include>
			<control type="panel" id="9000">
				<left>82</left>
				<top>-13</top>
				<width>370</width>
				<height>840</height>
				<onleft>9000</onleft>
				<onright>9010</onright>
				<onup>9007</onup>
				<ondown>9007</ondown>
				<orientation>vertical</orientation>
				<pagecontrol/>
				<scrolltime tween="quadratic" easing="out">200</scrolltime>
				<visible>!Window.IsActive(1121)</visible>
				<include>SettingsFadeAnimation</include>
				<itemlayout height="90" width="370">
					<control type="textbox">
						<width>356</width>
						<height>90</height>
						<font>font15_bold</font>
						<textcolor>grey2</textcolor>
						<selectedcolor>grey2</selectedcolor>
						<align>right</align>
						<aligny>center</aligny>
						<label>$INFO[ListItem.Label]</label>
					</control>
				</itemlayout>
				<focusedlayout height="90" width="370">
					<control type="image">
						<width>370</width>
						<height>90</height>
						<texture border="4">listselect_fo.png</texture>
						<visible>Control.HasFocus(9000)</visible>
						<include>VisibleFadeAnimation</include>
					</control>
					<control type="textbox">
						<width>356</width>
						<height>90</height>
						<font>font15_bold</font>
						<textcolor>white</textcolor>
						<selectedcolor>white</selectedcolor>
						<visible>Control.HasFocus(9000)</visible>
						<align>right</align>
						<aligny>center</aligny>
						<label>$INFO[ListItem.Label]</label>
					</control>
					<control type="label">
						<width>356</width>
						<height>90</height>
						<font>font15_bold</font>
						<visible>!Control.HasFocus(9000)</visible>
						<textcolor>themecolor</textcolor>
						<selectedcolor>themecolor</selectedcolor>
						<align>right</align>
						<label>$INFO[ListItem.Label]</label>
					</control>
				</focusedlayout>
				<content>
					<item id="1">
						<label>32003</label>
						<onclick>noop</onclick>
						<icon/>
					</item>
					<item id="2">
						<label>32004</label>
						<onclick>noop</onclick>
						<icon/>
					</item>
					<item id="3">
						<label>32005</label>
						<onclick>noop</onclick>
						<icon/>
					</item>
					<include condition="!Skin.HasSetting(SettingCommon)">Button_4</include>
				</content>
			</control>
			<control type="image">
				<description>LOGO</description>
				<left>82</left>
				<top>752</top>
				<width>356</width>
				<height>120</height>
				<aspectratio>keep</aspectratio>
				<texture>aeon-tajo.png</texture>
			</control>
			<control type="textbox">
				<description>description area</description>
				<left>552</left>
				<top>764</top>
				<width>1256</width>
				<height>120</height>
				<font>font15_textbox</font>
				<textcolor>grey2</textcolor>
				<label>$VAR[SkinSettingsDescriptionVar]</label>
				<autoscroll time="3000" delay="4000" repeat="5000">true</autoscroll>
				<animation effect="fade" start="0" end="100" time="300" tween="sine" easing="inout">Visible</animation>
				<animation effect="fade" start="100" end="0" time="0" tween="sine" easing="inout">Hidden</animation>
				<visible>!Window.IsActive(1121)</visible>
			</control>
			<control type="group" id="9010">
				<visible>!Window.IsActive(1121)</visible>
				<include>SettingsFadeAnimation</include>
				<control type="grouplist" id="9001">
					<description>control area</description>
					<left>522</left>
					<top>-8</top>
					<width>1316</width>
					<height>720</height>
					<onleft>9000</onleft>
					<onright>9001</onright>
					<onup>9001</onup>
					<ondown>9001</ondown>
					<visible>Container(9000).HasFocus(1)</visible>
					<visible>!Control.HasFocus(9007)</visible>
					<control type="button" id="113">
						<label>31971</label>
						<font>font15</font>
						<width>1128</width>
						<height>80</height>
						<textoffsetx>30</textoffsetx>
						<onclick condition="String.IsEmpty(skin.string(flat_back))">Skin.SetString(flat_back,1)</onclick>
						<onclick condition="String.IsEqual(skin.string(flat_back),1)">Skin.SetString(flat_back,2)</onclick>
						<onclick condition="String.IsEqual(skin.string(flat_back),2)">Skin.SetString(flat_back,3)</onclick>
						<onclick condition="String.IsEqual(skin.string(flat_back),3)">Skin.SetString(flat_back,4)</onclick>
						<onclick condition="String.IsEqual(skin.string(flat_back),4)">Skin.SetString(flat_back,5)</onclick>
						<onclick condition="String.IsEqual(skin.string(flat_back),5)">Skin.SetString(flat_back,6)</onclick>
						<onclick condition="String.IsEqual(skin.string(flat_back),6)">Skin.Reset(flat_back)</onclick>
					</control>
					<control type="radiobutton" id="392">
						<visible>Skin.HasSetting(SettingCommon)</visible>
						<width>1316</width>
						<height>80</height>
						<textoffsetx>30</textoffsetx>
						<font>font15</font>
						<textcolor>themecolor</textcolor>
						<label>32024</label>
						<onclick>Skin.ToggleSetting(HomeAnimation)</onclick>
						<selected>!Skin.HasSetting(HomeAnimation)</selected>
					</control>
					<control type="radiobutton" id="102">
						<width>1316</width>
						<height>80</height>
						<textoffsetx>30</textoffsetx>
						<font>font15</font>
						<label>20083</label>
						<onclick>Skin.ToggleSetting(Disable.Musicinfo)</onclick>
						<selected>!Skin.HasSetting(Disable.Musicinfo)</selected>
					</control>
					<control type="radiobutton" id="103">
						<width>1316</width>
						<height>80</height>
						<textoffsetx>30</textoffsetx>
						<font>font15</font>
						<label>20176</label>
						<onclick>Skin.ToggleSetting(Disable.Videoinfo)</onclick>
						<selected>!Skin.HasSetting(Disable.Videoinfo)</selected>
					</control>
					<control type="radiobutton" id="203">
						<width>1316</width>
						<height>80</height>
						<textoffsetx>30</textoffsetx>
						<font>font15</font>
						<label>$LOCALIZE[31170]</label>
						<onclick>Skin.ToggleSetting(Disable.Netflix.Pause)</onclick>
						<selected>!Skin.HasSetting(Disable.Netflix.Pause)</selected>
					</control>
					<control type="radiobutton" id="388">
						<visible>System.HasAddon(resource.images.studios.coloured)</visible>
						<width>1316</width>
						<height>80</height>
						<textoffsetx>30</textoffsetx>
						<font>font15</font>
						<label>$LOCALIZE[32020]</label>
						<onclick>Skin.ToggleSetting(Coloured.icons)</onclick>
						<selected>Skin.HasSetting(Coloured.icons)</selected>
					</control>
					<control type="radiobutton" id="120">
						<width>1316</width>
						<height>80</height>
						<textoffsetx>30</textoffsetx>
						<font>font15</font>
						<label>31182</label>
						<onclick>Skin.ToggleSetting(noshow_Time)</onclick>
						<selected>Skin.HasSetting(noshow_Time)</selected>
					</control>
					<control type="radiobutton" id="121">
						<width>1316</width>
						<height>80</height>
						<textoffsetx>30</textoffsetx>
						<font>font15</font>
						<label>31183</label>
						<onclick>Skin.ToggleSetting(noshow_numItems)</onclick>
						<selected>Skin.HasSetting(noshow_numItems)</selected>
					</control>
					<control type="radiobutton" id="394">
						<width>1316</width>
						<height>80</height>
						<textoffsetx>30</textoffsetx>
						<font>font15</font>
						<label>32042</label>
						<onclick>Skin.ToggleSetting(noshow_watched)</onclick>
						<selected>Skin.HasSetting(noshow_watched)</selected>
					</control>
				</control>
				<control type="image">
					<left>1650</left>
					<top>-8</top>
					<width>187</width>
					<height>80</height>
					<aspectratio>stretch</aspectratio>
					<texture>$VAR[Option_Back]</texture>
					<visible>Container(9000).HasFocus(1)</visible>
					<visible>!Control.HasFocus(9007)</visible>
					<colordiffuse>ddffffff</colordiffuse>
				</control>
				<control type="grouplist" id="9002">
					<description>control area</description>
					<left>522</left>
					<top>-8</top>
					<width>1316</width>
					<height>720</height>
					<onleft>9000</onleft>
					<onright>9002</onright>
					<onup>9002</onup>
					<ondown>9002</ondown>
					<visible>Container(9000).HasFocus(2)</visible>
					<visible>!Control.HasFocus(9007)</visible>
					<control type="radiobutton" id="313">
						<width>1316</width>
						<height>80</height>
						<textoffsetx>30</textoffsetx>
						<font>font15</font>
						<label>31402</label>
						<onclick>Skin.ToggleSetting(Enable.StartupIntro)</onclick>
						<selected>Skin.HasSetting(Enable.StartupIntro)</selected>
					</control>
					<control type="radiobutton" id="116">
						<width>1316</width>
						<height>80</height>
						<textoffsetx>30</textoffsetx>
						<font>font15</font>
						<label>32014</label>
						<onclick>Skin.ToggleSetting(melodyForHome)</onclick>
						<selected>Skin.HasSetting(melodyForHome)</selected>
					</control>
					<control type="button" id="297">
						<width>1316</width>
						<height>80</height>
						<textoffsetx>30</textoffsetx>
						<font>font15</font>
						<label>-- $LOCALIZE[32012]</label>
						<visible>Skin.HasSetting(melodyForHome)</visible>
						<label2>[COLOR themecolor]$INFO[Skin.String(melodyPlaylist)][/COLOR]</label2>
						<onclick>Skin.SetPath(melodyPlaylist)</onclick>
					</control>
					<control type="button" id="298">
						<width>1316</width>
						<height>80</height>
						<textoffsetx>30</textoffsetx>
						<font>font15</font>
						<label>--- $LOCALIZE[32013]</label>
						<visible>Skin.HasSetting(melodyForHome) + Skin.String(melodyPlaylist)</visible>
						<onclick>Skin.Reset(melodyPlaylist)</onclick>
					</control>
					<control type="radiobutton" id="199">
						<width>1316</width>
						<height>80</height>
						<textoffsetx>30</textoffsetx>
						<font>font15</font>
						<label>31252</label>
						<onclick>Skin.ToggleSetting(showWidget)</onclick>
						<selected>Skin.HasSetting(showWidget)</selected>
					</control>
					<control type="radiobutton" id="115">
						<width>1316</width>
						<height>80</height>
						<textoffsetx>30</textoffsetx>
						<font>font15</font>
						<label>31999</label>
						<onclick>Skin.ToggleSetting(ScreensaverNetflix)</onclick>
						<selected>Skin.HasSetting(ScreensaverNetflix)</selected>
					</control>
					<control type="radiobutton" id="237">
						<width>1316</width>
						<height>80</height>
						<textoffsetx>30</textoffsetx>
						<font>font15</font>
						<label>32010</label>
						<onclick>Skin.ToggleSetting(PlayPreviewM)</onclick>
						<selected>Skin.HasSetting(PlayPreviewM)</selected>
					</control>
					<control type="radiobutton" id="90218">
						<visible>Skin.HasSetting(SettingCommon)</visible>
						<width>1316</width>
						<height>80</height>
						<textoffsetx>30</textoffsetx>
						<font>font15</font>
						<textcolor>themecolor</textcolor>
						<label>$LOCALIZE[32041]</label>
						<onclick>Skin.ToggleSetting(BlurredAlbum)</onclick>
						<selected>Skin.HasSetting(BlurredAlbum)</selected>
					</control>
					<control type="radiobutton" id="119">
						<width>1316</width>
						<height>80</height>
						<textoffsetx>30</textoffsetx>
						<font>font15</font>
						<label>31181</label>
						<onclick>Skin.ToggleSetting(showCast)</onclick>
						<onclick condition="!System.HasAddon(script.embuary.helper)">InstallAddon(script.embuary.helper)</onclick>
						<selected>Skin.HasSetting(showCast)</selected>
					</control>
					<control type="radiobutton" id="227">
						<width>1316</width>
						<height>80</height>
						<textoffsetx>30</textoffsetx>
						<font>font15</font>
						<label>32001</label>
						<onclick>Skin.ToggleSetting(playTrailer)</onclick>
						<selected>Skin.HasSetting(playTrailer)</selected>
					</control>
					<control type="radiobutton" id="238">
						<width>1316</width>
						<height>80</height>
						<textoffsetx>30</textoffsetx>
						<font>font15</font>
						<label>32006</label>
						<visible>Skin.HasSetting(playTrailer)</visible>
						<onclick>Skin.Reset(StartTrailer)</onclick>
						<selected>!String.IsEqual(Skin.String(StartTrailer),10)</selected>
					</control>
					<control type="radiobutton" id="239">
						<width>1316</width>
						<height>80</height>
						<textoffsetx>30</textoffsetx>
						<font>font15</font>
						<label>32007</label>
						<visible>Skin.HasSetting(playTrailer)</visible>
						<onclick>Skin.SetString(StartTrailer,10)</onclick>
						<selected>String.IsEqual(Skin.String(StartTrailer),10)</selected>
					</control>
					<control type="radiobutton" id="200">
						<width>1316</width>
						<height>80</height>
						<textoffsetx>30</textoffsetx>
						<font>font15</font>
						<label>20189</label>
						<onclick>Skin.ToggleSetting(Enable.AutoScroll)</onclick>
						<selected>Skin.HasSetting(Enable.AutoScroll)</selected>
					</control>
				</control>
				<control type="grouplist" id="9003">
					<description>control area</description>
					<left>522</left>
					<top>-8</top>
					<width>1316</width>
					<height>720</height>
					<onleft>9000</onleft>
					<onright>9003</onright>
					<onup>9003</onup>
					<ondown>9003</ondown>
					<visible>Container(9000).HasFocus(3)</visible>
					<visible>!Control.HasFocus(9007)</visible>
					<control type="radiobutton" id="117">
						<width>1316</width>
						<height>80</height>
						<textoffsetx>30</textoffsetx>
						<font>font15</font>
						<label>31180</label>
						<onclick>Skin.ToggleSetting(playTheme)</onclick>
						<selected>Skin.HasSetting(playTheme)</selected>
						<visible>System.HasAddon(script.embuary.helper)</visible>
					</control>
					<control type="radiobutton" id="247">
						<visible>System.HasAddon(plugin.video.themoviedb.helper)</visible>
						<width>1316</width>
						<height>80</height>
						<textoffsetx>30</textoffsetx>
						<font>font15</font>
						<label>32017</label>
						<onclick>Skin.ToggleSetting(OnlineRating)</onclick>
						<selected>Skin.HasSetting(OnlineRating)</selected>
					</control>
					<control type="radiobutton" id="253">
						<visible>Skin.HasSetting(SettingCommon)</visible>
						<width>1316</width>
						<height>80</height>
						<textoffsetx>30</textoffsetx>
						<font>font15</font>
						<label>32021</label>
						<textcolor>themecolor</textcolor>
						<onclick>Skin.ToggleSetting(SearchExtras)</onclick>
						<onclick condition="!System.HasAddon(script.embuary.helper)">InstallAddon(script.embuary.helper)</onclick>
						<selected>Skin.HasSetting(SearchExtras)</selected>
					</control>
					<control type="radiobutton" id="255">
						<visible>Skin.HasSetting(SettingCommon)</visible>
						<width>1316</width>
						<height>80</height>
						<textoffsetx>30</textoffsetx>
						<font>font15</font>
						<label>32034</label>
						<textcolor>themecolor</textcolor>
						<onclick>Skin.ToggleSetting(SearchExtrasMusic)</onclick>
						<onclick condition="!System.HasAddon(script.embuary.helper)">InstallAddon(script.embuary.helper)</onclick>
						<selected>Skin.HasSetting(SearchExtrasMusic)</selected>
					</control>
					<control type="button" id="371">
						<visible>Skin.HasSetting(SettingCommon)</visible>
						<width>1316</width>
						<height>80</height>
						<textoffsetx>30</textoffsetx>
						<font>font15</font>
						<label>-- $LOCALIZE[32026]</label>
						<textcolor>themecolor</textcolor>
						<visible>Skin.HasSetting(SearchExtras) | Skin.HasSetting(SearchExtrasMusic)</visible>
						<label2>[COLOR themecolor]$INFO[Skin.String(extras_folder)][/COLOR]</label2>
						<onclick>Skin.SetString(extras_folder)</onclick>
					</control>
					<control type="radiobutton" id="229">
						<width>1316</width>
						<height>80</height>
						<textoffsetx>30</textoffsetx>
						<font>font15</font>
						<label>31225</label>
						<onclick>Skin.Reset(animatedposters)</onclick>
						<onclick>Skin.Reset(extraposters)</onclick>
						<selected>!Skin.HasSetting(animatedposters) + !Skin.HasSetting(extraposters)</selected>
					</control>
					<control type="radiobutton" id="118">
						<width>1316</width>
						<height>80</height>
						<textoffsetx>30</textoffsetx>
						<font>font15</font>
						<label>31224</label>
						<onclick>Skin.SetBool(animatedposters)</onclick>
						<onclick>Skin.Reset(extraposters)</onclick>
						<selected>Skin.HasSetting(animatedposters) + !Skin.HasSetting(extraposters)</selected>
					</control>
					<control type="radiobutton" id="219">
						<width>1316</width>
						<height>80</height>
						<textoffsetx>30</textoffsetx>
						<font>font15</font>
						<label>31226</label>
						<onclick>Skin.SetBool(extraposters)</onclick>
						<onclick>Skin.Reset(animatedposters)</onclick>
						<selected>!Skin.HasSetting(animatedposters) + Skin.HasSetting(extraposters)</selected>
					</control>
				</control>
				<control type="group">
					<visible>Container(9000).HasFocus(4) + !Skin.HasSetting(SettingCommon)</visible>
					<visible>!Control.HasFocus(9007)</visible>
					<control type="textbox">
						<top>-50</top>
						<left>600</left>
						<width>1200</width>
						<height>850</height>
						<font>font15_textbox</font>
						<textcolor>grey2</textcolor>
						<autoscroll time="4000" delay="5000" repeat="6000">true</autoscroll>
						<align>left</align>
						<aligny>top</aligny>
						<label>$LOCALIZE[32040]</label>
					</control>
					<control type="textbox">
						<top>750</top>
						<left>600</left>
						<width>1200</width>
						<height>300</height>
						<font>font13</font>
						<textcolor>grey2</textcolor>
						<align>left</align>
						<aligny>top</aligny>
						<label>$LOCALIZE[32043]</label>
					</control>
					<include condition="!Skin.HasSetting(SettingCommon)">CommonSetting</include>
				</control>
				<control type="group">
					<control type="textbox">
						<visible>Control.HasFocus(9007)</visible>
						<top>12</top>
						<left>600</left>
						<width>1200</width>
						<height>850</height>
						<font>font15_textbox</font>
						<textcolor>grey2</textcolor>
						<autoscroll time="4000" delay="5000" repeat="6000">true</autoscroll>
						<align>left</align>
						<aligny>top</aligny>
						<label>$INFO[Window(home).Property(MyCredits)]</label>
					</control>
				</control>
			</control>
			<control type="button" id="9007">
				<left>82</left>
				<top>626</top>
				<width>356</width>
				<height>90</height>
				<font>font15_bold</font>
				<textoffsetx>20</textoffsetx>
				<textcolor>grey2</textcolor>
				<selectedcolor>white</selectedcolor>
				<align>right</align>
				<onup>SetFocus(9000,3)</onup>
				<ondown>SetFocus(9000,0)</ondown>
				<label>470</label>
			</control>
		</control>
	</controls>
</window>