<includes>
	<!--#############################################################################   VISTA MULTISORT - ID 589   #############################################################################-->
	<include name="ViewMultiSort">
		<control type="group">
			<top>-2</top>
			<visible>Control.IsVisible(589)</visible>
			<control type="group">
				<visible>Container.Content(movies) | Container.Content(sets)</visible>
				<control type="image">
					<left>-50</left>
					<top>-50</top>
					<width>2050</width>
					<height>1200</height>
					<texture>back.png</texture>
					<colordiffuse>themecolor</colordiffuse>
					<animation effect="fade" end="90" condition="true">Conditional</animation>
				</control>
				<control type="group">
					<visible>String.IsEqual(Container.SortMethod,$LOCALIZE[369])</visible>
					<include content="Res_brow">
						<param name="left_res">-25</param>
						<param name="width_res">800</param>
					</include>
				</control>
				<control type="group">
					<visible>String.IsEqual(Container.SortMethod,$LOCALIZE[345])</visible>
					<include content="Res_brow">
						<param name="left_res">770</param>
						<param name="width_res">170</param>
					</include>
				</control>
				<control type="group">
					<visible>String.IsEqual(Container.SortMethod,$LOCALIZE[563])</visible>
					<include content="Res_brow">
						<param name="left_res">940</param>
						<param name="width_res">150</param>
					</include>
				</control>
				<control type="group">
					<visible>String.IsEqual(Container.SortMethod,$LOCALIZE[180])</visible>
					<include content="Res_brow">
						<param name="left_res">1080</param>
						<param name="width_res">260</param>
					</include>
				</control>
				<control type="group">
					<visible>String.IsEqual(Container.SortMethod,$LOCALIZE[20074])</visible>
					<include content="Res_brow">
						<param name="left_res">1340</param>
						<param name="width_res">250</param>
					</include>
				</control>
				<control type="group">
					<visible>String.IsEqual(Container.SortMethod,$LOCALIZE[570])</visible>
					<include content="Res_brow">
						<param name="left_res">1590</param>
						<param name="width_res">350</param>
					</include>
				</control>
				<control type="wraplist" id="589">
					<viewtype label="MultiSort">list</viewtype>
					<visible>Container.Content(movies) | Container.Content(sets)</visible>
					<animation effect="slide" start="0,0" end="20,0" time="200" easing="inout" tween="cubic" condition="Control.HasFocus(80) | Control.HasFocus(5919)">Conditional</animation>
					<width>1930</width>
					<height>1035</height>
					<top>40</top>
					<pagecontrol>80</pagecontrol>
					<scrolltime tween="cubic" easing="out">500</scrolltime>
					<orientation>vertical</orientation>
					<movement>2</movement>
					<focusposition>5</focusposition>
					<preloaditems>2</preloaditems>
					<onleft condition="!String.IsEmpty(Window(Home).Property(RowTitle)) + String.Contains(Container.SortMethod,$LOCALIZE[369]) + !ListItem.IsParentFolder">5919</onleft>
					<onright condition="!String.IsEmpty(Window(Home).Property(RowTitle))">SetProperty(RowYear,True,home)</onright>
					<onright condition="!String.IsEmpty(Window(Home).Property(RowTitle))">ClearProperty(RowTitle,Home)</onright>
					<onright condition="!String.IsEmpty(Window(Home).Property(RowYear))">SetProperty(RowRating,True,home)</onright>
					<onright condition="!String.IsEmpty(Window(Home).Property(RowYear))">ClearProperty(RowYear,Home)</onright>
					<onright condition="!String.IsEmpty(Window(Home).Property(RowRating))">SetProperty(RowDuration,True,home)</onright>
					<onright condition="!String.IsEmpty(Window(Home).Property(RowRating))">ClearProperty(RowRating,Home)</onright>
					<onright condition="!String.IsEmpty(Window(Home).Property(RowDuration))">SetProperty(RowMpaa,True,home)</onright>
					<onright condition="!String.IsEmpty(Window(Home).Property(RowDuration))">ClearProperty(RowDuration,Home)</onright>
					<onright condition="!String.IsEmpty(Window(Home).Property(RowMpaa))">SetProperty(RowDate,True,home)</onright>
					<onright condition="!String.IsEmpty(Window(Home).Property(RowMpaa))">ClearProperty(RowMpaa,Home)</onright>
					<onright condition="!String.IsEmpty(Window(Home).Property(RowDate))">SetProperty(RowTitle,True,home)</onright>
					<onright condition="!String.IsEmpty(Window(Home).Property(RowDate))">ClearProperty(RowDate,Home)</onright>
					<onleft condition="!String.IsEmpty(Window(Home).Property(RowDate))">SetProperty(RowMpaa,True,home)</onleft>
					<onleft condition="!String.IsEmpty(Window(Home).Property(RowDate))">ClearProperty(RowDate,Home)</onleft>
					<onleft condition="!String.IsEmpty(Window(Home).Property(RowMpaa))">SetProperty(RowDuration,True,home)</onleft>
					<onleft condition="!String.IsEmpty(Window(Home).Property(RowMpaa))">ClearProperty(RowMpaa,Home)</onleft>
					<onleft condition="!String.IsEmpty(Window(Home).Property(RowDuration))">SetProperty(RowRating,True,home)</onleft>
					<onleft condition="!String.IsEmpty(Window(Home).Property(RowDuration))">ClearProperty(RowDuration,Home)</onleft>
					<onleft condition="!String.IsEmpty(Window(Home).Property(RowRating))">SetProperty(RowYear,True,home)</onleft>
					<onleft condition="!String.IsEmpty(Window(Home).Property(RowRating))">ClearProperty(RowRating,Home)</onleft>
					<onleft condition="!String.IsEmpty(Window(Home).Property(RowYear))">SetProperty(RowTitle,True,home)</onleft>
					<onleft condition="!String.IsEmpty(Window(Home).Property(RowYear))">ClearProperty(RowYear,Home)</onleft>
					<onleft condition="!String.IsEmpty(Window(Home).Property(RowTitle)) + !ListItem.IsParentFolder">80</onleft>
					<onleft condition="ListItem.IsParentFolder">SetProperty(MediaMenu,True,home)</onleft>
					<onleft condition="ListItem.IsParentFolder">SetFocus(9050)</onleft>
					<onup>589</onup>
					<ondown>589</ondown>
					<visible>Container.Content(movies) | Container.Content(sets)</visible>
					<itemlayout height="65">
						<control type="image">
							<left>-350</left>
							<top>0</top>
							<width>2500</width>
							<height>3</height>
							<texture diffuse="tajo/shadow_mask_v5.png">tajo/line.png</texture>
						</control>
						<control type="textbox">
							<visible>!String.IsEqual(Container.SortMethod,$LOCALIZE[369])</visible>
							<width>750</width>
							<top>6</top>
							<height>53</height>
							<align>right</align>
							<aligny>center</aligny>
							<font>font15t</font>
							<label>$INFO[ListItem.Label]</label>
							<textcolor>white</textcolor>
							<shadowcolor>black</shadowcolor>
						</control>
						<control type="textbox">
							<visible>String.IsEqual(Container.SortMethod,$LOCALIZE[369])</visible>
							<top>6</top>
							<width>750</width>
							<height>53</height>
							<align>right</align>
							<aligny>center</aligny>
							<font>font15t</font>
							<label>$INFO[ListItem.Label]</label>
							<textcolor>themecolor</textcolor>
							<shadowcolor>black</shadowcolor>
						</control>
						<control type="image">
							<left>771</left>
							<top>2</top>
							<width>4</width>
							<height>63</height>
							<aspectratio align="center">stretch</aspectratio>
							<texture diffuse="tajo/mask_cover3.png">tajo/$VAR[GlobalCaseVarTajo]</texture>
						</control>
						<control type="textbox">
							<visible>!String.IsEqual(Container.SortMethod,$LOCALIZE[345])</visible>
							<top>6</top>
							<left>750</left>
							<width>200</width>
							<height>53</height>
							<align>center</align>
							<aligny>center</aligny>
							<font>font15t</font>
							<label>$INFO[ListItem.Year]</label>
							<textcolor>white</textcolor>
							<shadowcolor>black</shadowcolor>
						</control>
						<control type="textbox">
							<visible>String.IsEqual(Container.SortMethod,$LOCALIZE[345])</visible>
							<top>6</top>
							<left>750</left>
							<width>200</width>
							<height>53</height>
							<align>center</align>
							<aligny>center</aligny>
							<font>font15t</font>
							<label>$INFO[ListItem.Year]</label>
							<textcolor>themecolor</textcolor>
							<shadowcolor>black</shadowcolor>
						</control>
						<control type="textbox">
							<visible>!String.IsEqual(Container.SortMethod,$LOCALIZE[563])</visible>
							<top>6</top>
							<left>950</left>
							<width>120</width>
							<height>53</height>
							<align>center</align>
							<aligny>center</aligny>
							<font>font15t</font>
							<label>$INFO[ListItem.Rating]</label>
							<textcolor>white</textcolor>
							<shadowcolor>black</shadowcolor>
						</control>
						<control type="textbox">
							<visible>String.IsEqual(Container.SortMethod,$LOCALIZE[563])</visible>
							<top>6</top>
							<left>950</left>
							<width>120</width>
							<height>53</height>
							<align>center</align>
							<aligny>center</aligny>
							<font>font15t</font>
							<label>$INFO[ListItem.Rating]</label>
							<textcolor>themecolor</textcolor>
							<shadowcolor>black</shadowcolor>
						</control>
						<control type="textbox">
							<visible>!String.IsEqual(Container.SortMethod,$LOCALIZE[180])</visible>
							<top>6</top>
							<left>1070</left>
							<width>270</width>
							<height>53</height>
							<align>center</align>
							<aligny>center</aligny>
							<font>font15t</font>
							<label>$INFO[ListItem.Duration]</label>
							<textcolor>white</textcolor>
							<shadowcolor>black</shadowcolor>
						</control>
						<control type="textbox">
							<visible>String.IsEqual(Container.SortMethod,$LOCALIZE[180])</visible>
							<top>6</top>
							<left>1070</left>
							<width>270</width>
							<height>53</height>
							<align>center</align>
							<aligny>center</aligny>
							<font>font15t</font>
							<label>$INFO[ListItem.Duration]</label>
							<textcolor>themecolor</textcolor>
							<shadowcolor>black</shadowcolor>
						</control>
						<control type="textbox">
							<visible>!String.IsEqual(Container.SortMethod,$LOCALIZE[20074])</visible>
							<top>6</top>
							<left>1340</left>
							<width>250</width>
							<height>53</height>
							<align>center</align>
							<aligny>center</aligny>
							<font>font15t</font>
							<label>$INFO[ListItem.Mpaa]</label>
							<textcolor>white</textcolor>
							<shadowcolor>black</shadowcolor>
						</control>
						<control type="textbox">
							<visible>String.IsEqual(Container.SortMethod,$LOCALIZE[20074])</visible>
							<top>6</top>
							<left>1340</left>
							<width>250</width>
							<height>53</height>
							<align>center</align>
							<aligny>center</aligny>
							<font>font15t</font>
							<label>$INFO[ListItem.Mpaa]</label>
							<textcolor>themecolor</textcolor>
							<shadowcolor>black</shadowcolor>
						</control>
						<control type="textbox">
							<visible>!String.IsEqual(Container.SortMethod,$LOCALIZE[570])</visible>
							<top>6</top>
							<left>1590</left>
							<width>300</width>
							<height>53</height>
							<align>center</align>
							<aligny>center</aligny>
							<font>font15t</font>
							<label>$INFO[ListItem.DateAdded]</label>
							<textcolor>white</textcolor>
							<shadowcolor>black</shadowcolor>
						</control>
						<control type="textbox">
							<visible>String.IsEqual(Container.SortMethod,$LOCALIZE[570])</visible>
							<top>6</top>
							<left>1590</left>
							<width>300</width>
							<height>53</height>
							<align>center</align>
							<aligny>center</aligny>
							<font>font15t</font>
							<label>$INFO[ListItem.DateAdded]</label>
							<textcolor>themecolor</textcolor>
							<shadowcolor>black</shadowcolor>
						</control>
						<control type="image">
							<left>0</left>
							<top>2</top>
							<width>50</width>
							<height>50</height>
							<aspectratio>keep</aspectratio>
							<texture flipx="true" colordiffuse="DDff0303">$VAR[watched_style]</texture>
							<visible>String.IsEqual(ListItem.Overlay,OverlayWatched.png)</visible>
						</control>
					</itemlayout>
					<focusedlayout condition="System.IdleTime(6) + !Control.HasFocus(80) + !Control.HasFocus(5919) + !ListItem.IsParentFolder" height="325">
					</focusedlayout>
					<focusedlayout condition="!System.IdleTime(6) | Control.HasFocus(80) | Control.HasFocus(5919) | ListItem.IsParentFolder" height="190">
						<control type="button" id="2858">
							<include>HiddenObject</include>
							<visible>String.IsEmpty(Window(Home).Property(RowTitle)) + String.IsEmpty(Window(Home).Property(RowYear)) + String.IsEmpty(Window(Home).Property(RowRating)) + String.IsEmpty(Window(Home).Property(RowDuration)) + String.IsEmpty(Window(Home).Property(Mpaa)) + String.IsEmpty(Window(Home).Property(Date))</visible>
							<onfocus condition="String.IsEmpty(Window(Home).Property(FirstRow))">SetProperty(RowTitle,True,home)</onfocus>
							<onfocus condition="String.IsEmpty(Window(Home).Property(FirstRow))">SetProperty(FirstRow,True,home)</onfocus>
						</control>
					</focusedlayout>
				</control>
				<control type="group">
					<animation effect="slide" start="0,0" end="20,0" time="200" easing="inout" tween="cubic" condition="Control.HasFocus(80) | Control.HasFocus(5919)">Conditional</animation>
					<top>-3</top>
					<control type="label">
						<font>Font_plot</font>
						<align>right</align>
						<aligny>center</aligny>
						<width>750</width>
						<height>40</height>
						<textcolor>themecolor</textcolor>
						<label>$LOCALIZE[369]</label>
					</control>
					<control type="label">
						<left>764</left>
						<font>Font_plot</font>
						<align>center</align>
						<aligny>center</aligny>
						<width>170</width>
						<height>40</height>
						<textcolor>themecolor</textcolor>
						<label>$LOCALIZE[345]</label>
					</control>
					<control type="label">
						<left>920</left>
						<font>Font_plot</font>
						<align>center</align>
						<aligny>center</aligny>
						<width>190</width>
						<height>40</height>
						<textcolor>themecolor</textcolor>
						<label>$LOCALIZE[563]</label>
					</control>
					<control type="label">
						<left>1080</left>
						<font>Font_plot</font>
						<align>center</align>
						<aligny>center</aligny>
						<width>260</width>
						<height>40</height>
						<textcolor>themecolor</textcolor>
						<label>$LOCALIZE[180]</label>
					</control>
					<control type="label">
						<left>1319</left>
						<font>Font_plot</font>
						<align>center</align>
						<aligny>center</aligny>
						<width>290</width>
						<height>40</height>
						<textcolor>themecolor</textcolor>
						<label>$LOCALIZE[20074]</label>
					</control>
					<control type="label">
						<left>1580</left>
						<font>Font_plot</font>
						<align>center</align>
						<aligny>center</aligny>
						<width>330</width>
						<height>40</height>
						<textcolor>themecolor</textcolor>
						<label>$LOCALIZE[570]</label>
					</control>
				</control>
				<control type="image">
					<visible>System.IdleTime(6) + !Control.HasFocus(80) + !Control.HasFocus(5919)</visible>
					<visible>!ListItem.IsParentFolder</visible>
					<left>-50</left>
					<top>-50</top>
					<width>2050</width>
					<height>1200</height>
					<texture>back.png</texture>
					<colordiffuse>themecolor</colordiffuse>
					<animation effect="fade" start="0" end="50" time="500">Visible</animation>
				</control>
				<control type="group">
					<animation effect="slide" start="0,0" end="40,0" time="200" easing="inout" tween="cubic" condition="Control.HasFocus(80) | Control.HasFocus(5919)">Conditional</animation>
					<visible>System.IdleTime(6) + !Control.HasFocus(80) + !Control.HasFocus(5919) + !ListItem.IsParentFolder</visible>
					<left>-20</left>
					<control type="image">
						<left>-2</left>
						<top>366</top>
						<width>1940</width>
						<height>327</height>
						<texture border="4">listselect_fo.png</texture>
						<aspectratio align="center">stretch</aspectratio>
					</control>
					<control type="image">
						<left>-2</left>
						<top>368</top>
						<width>1940</width>
						<height>323</height>
						<texture>black.png</texture>
						<aspectratio align="center">stretch</aspectratio>
					</control>
				</control>
				<control type="group">
					<top>381</top>
					<visible>System.IdleTime(6) + !Control.HasFocus(80) + !Control.HasFocus(5919) + !ListItem.IsCollection</visible>
					<visible>!ListItem.IsParentFolder</visible>
					<animation effect="fade" start="0" end="100" time="400" condition="System.IdleTime(6) + !Control.HasFocus(80) + !Control.HasFocus(5919)">Conditional</animation>
					<include>MultiSort</include>
				</control>
				<control type="group">
					<visible>System.IdleTime(6) + !Control.HasFocus(80) + !Control.HasFocus(5919)</visible>
					<visible>!ListItem.IsParentFolder</visible>
					<animation effect="fade" start="0" end="100" time="500">Visible</animation>
					<animation effect="slide" start="0,0" end="-935,0" time="0" condition="ListItem.IsCollection">Conditional</animation>
					<control type="image">
						<visible>String.IsEmpty(Container(5927).ListItem.Label)</visible>
						<left>540</left>
						<top>434</top>
						<width>300</width>
						<height>162</height>
						<colordiffuse>30ffffff</colordiffuse>
						<aspectratio align="right" aligny="center">keep</aspectratio>
						<texture background="true">$INFO[ListItem.Art(clearart)]</texture>
					</control>
					<control type="image">
						<visible>String.IsEmpty(ListItem.Art(clearart)) + String.IsEmpty(Container(5927).ListItem.Label)</visible>
						<left>540</left>
						<top>434</top>
						<width>300</width>
						<height>162</height>
						<colordiffuse>30ffffff</colordiffuse>
						<aspectratio align="right" aligny="center">keep</aspectratio>
						<texture background="true">$INFO[ListItem.Art(clearlogo)]</texture>
					</control>
					<control type="image">
						<visible>!ListItem.IsCollection</visible>
						<left>540</left>
						<top>434</top>
						<width>300</width>
						<height>240</height>
						<fadetime>250</fadetime>
						<colordiffuse>88ffffff</colordiffuse>
						<aspectratio aligny="center" align="right">keep</aspectratio>
						<texture background="true">$INFO[Container(5927).ListItem.Label]</texture>
					</control>
				</control>
				<control type="group">
					<visible>System.IdleTime(6) + !Control.HasFocus(80) + !Control.HasFocus(5919)</visible>
					<visible>!ListItem.IsParentFolder</visible>
					<animation effect="slide" start="0,0" end="0,65" time="0" condition="ListItem.IsCollection">Conditional</animation>
					<animation effect="fade" start="0" end="100" time="500">Visible</animation>
					<left>-54</left>
					<top>414</top>
					<control type="group">
						<top>-33</top>
						<left>70</left>
						<control type="textbox" id="2810">
							<top>-800</top>
							<left>60</left>
							<align>left</align>
							<width>790</width>
							<height>60</height>
							<font>titletest</font>
							<label>12345 12345 $INFO[ListItem.Label]</label>
							<textcolor>00ffffff</textcolor>
						</control>
						<control type="textbox">
							<visible>!Container(2810).HasNext</visible>
							<top>-15</top>
							<left>59</left>
							<align>left</align>
							<width>790</width>
							<height>100</height>
							<font>titlelist</font>
							<label>$INFO[ListItem.Label]</label>
							<textcolor>white</textcolor>
							<shadowcolor>black</shadowcolor>
						</control>
						<control type="textbox" id="2811">
							<visible>Container(2810).HasNext + !Container(2811).HasNext</visible>
							<top>-7</top>
							<left>60</left>
							<align>left</align>
							<width>790</width>
							<height>70</height>
							<font>titlemove</font>
							<label>$INFO[ListItem.Label]</label>
							<textcolor>white</textcolor>
							<shadowcolor>black</shadowcolor>
						</control>
						<control type="textbox">
							<visible>Container(2811).HasNext</visible>
							<top>-21</top>
							<left>59</left>
							<align>left</align>
							<aligny>center</aligny>
							<width>790</width>
							<height>110</height>
							<font>titlesort</font>
							<label>$INFO[ListItem.Label]</label>
							<textcolor>white</textcolor>
							<shadowcolor>black</shadowcolor>
						</control>
					</control>
				</control>
				<control type="grouplist">
					<visible>System.IdleTime(6) + !Control.HasFocus(80) + !Control.HasFocus(5919)</visible>
					<visible>!ListItem.IsParentFolder</visible>
					<animation effect="fade" start="0" end="100" time="400">Visible</animation>
					<left>53</left>
					<top>492</top>
					<align>left</align>
					<width>1500</width>
					<height>60</height>
					<orientation>horizontal</orientation>
					<itemgap>2</itemgap>
					<control type="label">
						<align>right</align>
						<aligny>center</aligny>
						<width>60</width>
						<height>52</height>
						<font>Font_plot</font>
						<label>$VAR[audiochannelstajo1]</label>
					</control>
					<control type="image">
						<width>80</width>
						<height>40</height>
						<animation effect="slide" start="0,0" end="0,10" time="0" condition="true">Conditional</animation>
						<aspectratio aligny="center" align="center">keep</aspectratio>
						<texture>$VAR[audioc_1]</texture>
					</control>
					<control type="label">
						<font>Font_plot</font>
						<scroll>false</scroll>
						<align>left</align>
						<aligny>center</aligny>
						<width>60</width>
						<height>50</height>
						<label>[B][LOWERCASE]$INFO[ListItem.Property(AudioLanguage.1)][/LOWERCASE][/B]</label>
					</control>
					<control type="label">
						<align>right</align>
						<aligny>center</aligny>
						<width>60</width>
						<height>52</height>
						<font>Font_plot</font>
						<label>$VAR[audiochannelstajo2]</label>
					</control>
					<control type="image">
						<width>80</width>
						<height>40</height>
						<animation effect="slide" start="0,0" end="0,10" time="0" condition="true">Conditional</animation>
						<aspectratio aligny="center" align="center">keep</aspectratio>
						<texture>$VAR[audioc_2]</texture>
					</control>
					<control type="label">
						<font>Font_plot</font>
						<scroll>false</scroll>
						<align>left</align>
						<aligny>center</aligny>
						<width>60</width>
						<height>50</height>
						<label>[B][LOWERCASE]$INFO[ListItem.Property(AudioLanguage.2)][/LOWERCASE][/B]</label>
					</control>
					<control type="label">
						<align>right</align>
						<aligny>center</aligny>
						<width>60</width>
						<height>52</height>
						<font>Font_plot</font>
						<label>$VAR[audiochannelstajo3]</label>
					</control>
					<control type="image">
						<width>80</width>
						<height>40</height>
						<animation effect="slide" start="0,0" end="0,10" time="0" condition="true">Conditional</animation>
						<aspectratio aligny="center" align="center">keep</aspectratio>
						<texture>$VAR[audioc_3]</texture>
					</control>
					<control type="label">
						<font>Font_plot</font>
						<scroll>false</scroll>
						<align>left</align>
						<aligny>center</aligny>
						<width>60</width>
						<height>50</height>
						<label>[B][LOWERCASE]$INFO[ListItem.Property(AudioLanguage.3)][/LOWERCASE][/B]</label>
					</control>
					<control type="label">
						<align>right</align>
						<aligny>center</aligny>
						<width>60</width>
						<height>52</height>
						<font>Font_plot</font>
						<label>$VAR[audiochannelstajo4]</label>
					</control>
					<control type="image">
						<width>80</width>
						<height>40</height>
						<animation effect="slide" start="0,0" end="0,10" time="0" condition="true">Conditional</animation>
						<aspectratio aligny="center" align="center">keep</aspectratio>
						<texture>$VAR[audioc_4]</texture>
					</control>
					<control type="label">
						<font>Font_plot</font>
						<scroll>false</scroll>
						<align>left</align>
						<aligny>center</aligny>
						<width>60</width>
						<height>50</height>
						<label>[B][LOWERCASE]$INFO[ListItem.Property(AudioLanguage.4)][/LOWERCASE][/B]</label>
					</control>
				</control>
				<control type="group">
					<visible>System.IdleTime(6) + !Control.HasFocus(80) + !Control.HasFocus(5919)</visible>
					<visible>!ListItem.IsParentFolder</visible>
					<animation effect="fade" start="0" end="100" time="400">Visible</animation>
					<control type="image">
						<visible>Integer.IsGreater(Container(5952).NumItems,1) + !ListItem.IsCollection + Skin.HasSetting(showCast)</visible>
						<include>HiddenObject</include>
						<texture background="true">$INFO[Container(5952).ListItem.Icon]</texture>
					</control>
					<control type="group">
						<visible>!ListItem.IsCollection + Skin.HasSetting(showCast)</visible>
						<left>-580</left>
						<top>-285</top>
						<control type="image">
							<colordiffuse>bbffffff</colordiffuse>
							<left>1668</left>
							<top>708</top>
							<width>195</width>
							<height>250</height>
							<aspectratio align="center" aligny="bottom">keep</aspectratio>
							<fadetime>300</fadetime>
							<texture background="true">$INFO[Container(5952).ListItem.Icon]</texture>
						</control>
						<control type="textbox">
							<textcolor>themecolor</textcolor>
							<shadowcolor>black</shadowcolor>
							<font>Font_bro</font>
							<align>center</align>
							<aligny>center</aligny>
							<left>1673</left>
							<top>650</top>
							<width>170</width>
							<height>60</height>
							<label>[B]$INFO[Container(5952).ListItem.Label][/B]</label>
						</control>
					</control>
					<control type="textbox">
						<visible>!ListItem.IsCollection + Skin.HasSetting(showCast)</visible>
						<visible>Integer.IsGreater(Container(524).NumItems,0)</visible>
						<font>Font_plotc</font>
						<shadowcolor>black</shadowcolor>
						<align>left</align>
						<left>880</left>
						<top>376</top>
						<width>260</width>
						<height>303</height>
						<label>[B][COLOR themecolor]$LOCALIZE[206]:[/COLOR][/B][CR][COLOR white]$INFO[Container(524).ListItemAbsolute(0).Label,-,][CR]$INFO[Container(524).ListItemAbsolute(1).Label,-,][CR]$INFO[Container(524).ListItemAbsolute(2).Label,-,][CR]$INFO[Container(524).ListItemAbsolute(3).Label,-,][CR]$INFO[Container(524).ListItemAbsolute(4).Label,-,][CR]$INFO[Container(524).ListItemAbsolute(5).Label,-,][CR]$INFO[Container(524).ListItemAbsolute(6).Label,-,][CR]$INFO[Container(524).ListItemAbsolute(7).Label,-,][CR]$INFO[Container(524).ListItemAbsolute(8).Label,-,][CR]$INFO[Container(524).ListItemAbsolute(9).Label,-,][/COLOR]</label>
					</control>
					<control type="textbox">
						<visible>!ListItem.IsCollection + Skin.HasSetting(showCast)</visible>
						<left>1280</left>
						<top>383</top>
						<width>595</width>
						<height>282</height>
						<font>font28</font>
						<align>justify</align>
						<scrolltime>200</scrolltime>
						<shadowcolor>black</shadowcolor>
						<label>[B][COLOR themecolor][CAPITALIZE]$VAR[value_ground11_label]:[/B][/COLOR] [/CAPITALIZE][COLOR=FFFFFAF0]$VAR[value_ground11_value][/COLOR][CR][B][COLOR themecolor]$VAR[value_ground14_label]:[/B][/COLOR] [COLOR=FFFFFAF0]$VAR[value_ground14_value][/COLOR]$INFO[ListItem.OriginalTitle,[CR][B][COLOR themecolor]$LOCALIZE[20376]: [/B][/COLOR],][CR][B][COLOR themecolor]$LOCALIZE[207]:[/B][/COLOR] $VAR[value_plot]</label>
						<autoscroll delay="8000" time="2000" repeat="8000">Skin.HasSetting(Enable.AutoScroll)</autoscroll>
					</control>
					<control type="textbox">
						<visible>!ListItem.IsCollection + !Skin.HasSetting(showCast)</visible>
						<left>920</left>
						<top>383</top>
						<width>955</width>
						<height>282</height>
						<font>font28</font>
						<align>justify</align>
						<scrolltime>200</scrolltime>
						<shadowcolor>black</shadowcolor>
						<label>[B][COLOR themecolor][CAPITALIZE]$VAR[value_ground11_label]:[/B][/COLOR] [/CAPITALIZE][COLOR=FFFFFAF0]$VAR[value_ground11_value][/COLOR][CR][B][COLOR themecolor]$VAR[value_ground14_label]:[/B][/COLOR] [COLOR=FFFFFAF0]$VAR[value_ground14_value][/COLOR]$INFO[ListItem.OriginalTitle,[CR][B][COLOR themecolor]$LOCALIZE[20376]: [/B][/COLOR],][CR][B][COLOR themecolor]$LOCALIZE[207]:[/B][/COLOR] $VAR[value_plot]</label>
						<autoscroll delay="8000" time="2000" repeat="8000">Skin.HasSetting(Enable.AutoScroll)</autoscroll>
					</control>
					<control type="textbox">
						<left>364</left>
						<top>532</top>
						<width>360</width>
						<height>85</height>
						<align>left</align>
						<aligny>center</aligny>
						<font>font14_bold</font>
						<label>$VAR[value_ground12_value]</label>
						<textcolor>white</textcolor>
						<shadowcolor>black</shadowcolor>
					</control>
				</control>
				<control type="group">
					<visible>System.IdleTime(6) + !Control.HasFocus(80) + !Control.HasFocus(5919)</visible>
					<visible>!ListItem.IsParentFolder</visible>
					<animation effect="fade" start="0" end="100" time="400">Visible</animation>
					<left>22</left>
					<top>-355</top>
					<include>IconsMulti</include>
				</control>
				<control type="group">
					<visible>System.IdleTime(6) + !Control.HasFocus(80) + !Control.HasFocus(5919)</visible>
					<visible>!ListItem.IsParentFolder</visible>
					<animation effect="fade" start="0" end="100" time="400">Visible</animation>
					<left>1085</left>
					<top>175</top>
					<include>Oscar_Emmy</include>
				</control>
				<control type="group">
					<control type="textbox">
						<animation effect="slide" start="0,0" end="20,0" time="200" easing="inout" tween="cubic" condition="Control.HasFocus(80) | Control.HasFocus(5919)">Conditional</animation>
						<visible>System.IdleTime(6) + !Control.HasFocus(80) + !Control.HasFocus(5919) + ListItem.IsCollection</visible>
						<visible>!ListItem.IsParentFolder</visible>
						<left>75</left>
						<width>700</width>
						<top>550</top>
						<height>150</height>
						<font>font13_bold</font>
						<align>left</align>
						<aligny>top</aligny>
						<textcolor>FFFFFFFF</textcolor>
						<shadowcolor>black</shadowcolor>
						<selectedcolor>FFFFFFFF</selectedcolor>
						<label>[COLOR=themecolor]$LOCALIZE[515]: [/COLOR]$INFO[Container(59631).ListItemAbsolute(0).Genre][CR][COLOR=themecolor]$LOCALIZE[342]: [/COLOR][B]$INFO[Container(59631).NumItems][/B]</label>
					</control>
					<control type="list" id="5863">
						<animation effect="slide" start="0,0" end="20,0" time="200" easing="inout" tween="cubic" condition="Control.HasFocus(80) | Control.HasFocus(5919)">Conditional</animation>
						<animation effect="fade" start="0" end="100" time="500">Visible</animation>
						<visible>System.IdleTime(6) + !Control.HasFocus(80) + !Control.HasFocus(5919) + ListItem.IsCollection</visible>
						<scrolltime tween="sine" easing="out">2200</scrolltime>
						<autoscroll>true</autoscroll>
						<left>910</left>
						<top>382</top>
						<height>290</height>
						<width>985</width>
						<itemlayout height="32">
							<control type="label">
								<left>0</left>
								<top>0</top>
								<height>32</height>
								<width>985</width>
								<align>left</align>
								<scroll>false</scroll>
								<font>font14</font>
								<textcolor>FFFFFFFF</textcolor>
								<shadowcolor>black</shadowcolor>
								<selectedcolor>FFFFFFFF</selectedcolor>
								<label>- $INFO[ListItem.Label] ($INFO[ListItem.Year])</label>
							</control>
						</itemlayout>
						<focusedlayout height="32">
							<control type="label">
								<left>0</left>
								<top>0</top>
								<height>32</height>
								<width>985</width>
								<align>left</align>
								<scroll>false</scroll>
								<font>font14</font>
								<textcolor>FFFFFFFF</textcolor>
								<shadowcolor>black</shadowcolor>
								<selectedcolor>FFFFFFFF</selectedcolor>
								<label>- $INFO[ListItem.Label] ($INFO[ListItem.Year])</label>
							</control>
						</focusedlayout>
						<content sortby="year" sortorder="ascending">$INFO[ListItem.FolderPath]</content>
					</control>
					<control type="image">
						<animation effect="slide" start="0,0" end="20,0" time="200" easing="inout" tween="cubic" condition="Control.HasFocus(80) | Control.HasFocus(5919)">Conditional</animation>
						<animation effect="fade" start="0" end="100" time="500">Visible</animation>
						<visible>System.IdleTime(6) + !Control.HasFocus(80) + !Control.HasFocus(5919) + ListItem.IsCollection</visible>
						<left>1645</left>
						<top>386</top>
						<width>195</width>
						<height>288</height>
						<colordiffuse>aaffffff</colordiffuse>
						<texture diffuse="tajo/mask_cover3.png">$VAR[poster]</texture>
						<aspectratio>stretch</aspectratio>
					</control>
				</control>
				<control type="group">
					<animation effect="slide" start="0,0" end="40,0" time="200" easing="inout" tween="cubic" condition="Control.HasFocus(80) | Control.HasFocus(5919)">Conditional</animation>
					<left>-20</left>
					<visible>!System.IdleTime(6) | Control.HasFocus(80) | Control.HasFocus(5919)</visible>
					<control type="image">
						<left>-2</left>
						<top>366</top>
						<width>1940</width>
						<height>191</height>
						<texture border="4">listselect_fo.png</texture>
						<aspectratio align="center">stretch</aspectratio>
					</control>
					<control type="image">
						<left>-2</left>
						<top>368</top>
						<width>1940</width>
						<height>187
						</height>
						<texture border="4">black.png</texture>
						<aspectratio align="center">stretch</aspectratio>
					</control>
				</control>
				<control type="group">
					<animation effect="slide" start="0,0" end="20,0" time="200" easing="inout" tween="cubic" condition="Control.HasFocus(80) | Control.HasFocus(5919)">Conditional</animation>
					<control type="image">
						<visible>!String.IsEmpty(Window(Home).Property(RowTitle)) + !System.IdleTime(6)</visible>
						<visible>!Control.HasFocus(80) + !Control.HasFocus(5919)</visible>
						<top>365</top>
						<left>-2</left>
						<width>777</width>
						<height>192</height>
						<texture diffuse="tajo/mask_cover3.png">back.png</texture>
						<aspectratio align="center">stretch</aspectratio>
						<colordiffuse>ddffffff</colordiffuse>
					</control>
					<control type="image">
						<visible>[Control.HasFocus(80) | Control.HasFocus(5919)] + String.IsEqual(Container.SortMethod,$LOCALIZE[369])</visible>
						<top>365</top>
						<left>-2</left>
						<width>777</width>
						<height>192</height>
						<texture diffuse="tajo/mask_cover3.png">back.png</texture>
						<aspectratio align="center">stretch</aspectratio>
						<colordiffuse>ddffffff</colordiffuse>
					</control>
					<control type="image">
						<visible>!String.IsEmpty(Window(Home).Property(RowTitle)) + [!System.IdleTime(6) | Control.HasFocus(80) | Control.HasFocus(5919)]</visible>
						<left>-2</left>
						<top>365</top>
						<width>777</width>
						<height>192</height>
						<texture diffuse="tajo/recua1b.png">$VAR[Option_Back]</texture>
						<aspectratio align="center">stretch</aspectratio>
						<colordiffuse>ddffffff</colordiffuse>
					</control>
					<control type="image">
						<visible>!String.IsEmpty(Window(Home).Property(RowYear)) + [!System.IdleTime(6) | Control.HasFocus(80) | Control.HasFocus(5919)]</visible>
						<top>365</top>
						<left>770</left>
						<width>170</width>
						<height>192</height>
						<texture diffuse="tajo/mask_cover3.png">back.png</texture>
						<aspectratio align="center">stretch</aspectratio>
						<colordiffuse>ddffffff</colordiffuse>
					</control>
					<control type="image">
						<visible>[Control.HasFocus(80) | Control.HasFocus(5919)] + String.IsEqual(Container.SortMethod,$LOCALIZE[345])</visible>
						<top>365</top>
						<left>770</left>
						<width>170</width>
						<height>192</height>
						<texture diffuse="tajo/mask_cover3.png">back.png</texture>
						<aspectratio align="center">stretch</aspectratio>
						<colordiffuse>ddffffff</colordiffuse>
					</control>
					<control type="image">
						<visible>!String.IsEmpty(Window(Home).Property(RowYear)) + [!System.IdleTime(6) | Control.HasFocus(80) | Control.HasFocus(5919)]</visible>
						<top>365</top>
						<left>770</left>
						<width>170</width>
						<height>192</height>
						<texture diffuse="tajo/recua1d.png">$VAR[Option_Back]</texture>
						<aspectratio align="center">stretch</aspectratio>
						<colordiffuse>ddffffff</colordiffuse>
					</control>
					<control type="image">
						<visible>!String.IsEmpty(Window(Home).Property(RowRating)) + [!System.IdleTime(6) | Control.HasFocus(80) | Control.HasFocus(5919)]</visible>
						<top>365</top>
						<left>940</left>
						<width>150</width>
						<height>192</height>
						<texture diffuse="tajo/mask_cover3.png">back.png</texture>
						<aspectratio align="center">stretch</aspectratio>
						<colordiffuse>ddffffff</colordiffuse>
					</control>
					<control type="image">
						<visible>[Control.HasFocus(80) | Control.HasFocus(5919)] + String.IsEqual(Container.SortMethod,$LOCALIZE[563])</visible>
						<top>365</top>
						<left>940</left>
						<width>150</width>
						<height>192</height>
						<texture diffuse="tajo/mask_cover3.png">back.png</texture>
						<aspectratio align="center">stretch</aspectratio>
						<colordiffuse>ddffffff</colordiffuse>
					</control>
					<control type="image">
						<visible>!String.IsEmpty(Window(Home).Property(RowRating)) + [!System.IdleTime(6) | Control.HasFocus(80) | Control.HasFocus(5919)]</visible>
						<top>365</top>
						<left>940</left>
						<width>150</width>
						<height>192</height>
						<texture diffuse="tajo/recua1d.png">$VAR[Option_Back]</texture>
						<aspectratio align="center">stretch</aspectratio>
						<colordiffuse>ddffffff</colordiffuse>
					</control>
					<control type="image">
						<visible>!String.IsEmpty(Window(Home).Property(RowDuration)) + [!System.IdleTime(6) | Control.HasFocus(80) | Control.HasFocus(5919)]</visible>
						<top>365</top>
						<left>1080</left>
						<width>260</width>
						<height>192</height>
						<texture diffuse="tajo/mask_cover3.png">back.png</texture>
						<aspectratio align="center">stretch</aspectratio>
						<colordiffuse>ddffffff</colordiffuse>
					</control>
					<control type="image">
						<visible>[Control.HasFocus(80) | Control.HasFocus(5919)] + String.IsEqual(Container.SortMethod,$LOCALIZE[180])</visible>
						<top>365</top>
						<left>1080</left>
						<width>260</width>
						<height>192</height>
						<texture diffuse="tajo/mask_cover3.png">back.png</texture>
						<aspectratio align="center">stretch</aspectratio>
						<colordiffuse>ddffffff</colordiffuse>
					</control>
					<control type="image">
						<visible>!String.IsEmpty(Window(Home).Property(RowDuration)) + [!System.IdleTime(6) | Control.HasFocus(80) | Control.HasFocus(5919)]</visible>
						<top>365</top>
						<left>1080</left>
						<width>260</width>
						<height>192</height>
						<texture diffuse="tajo/recua1.png">$VAR[Option_Back]</texture>
						<aspectratio align="center">stretch</aspectratio>
						<colordiffuse>ddffffff</colordiffuse>
					</control>
					<control type="image">
						<visible>!String.IsEmpty(Window(Home).Property(RowMpaa)) + [!System.IdleTime(6) | Control.HasFocus(80) | Control.HasFocus(5919)]</visible>
						<top>365</top>
						<left>1340</left>
						<width>250</width>
						<height>192</height>
						<texture diffuse="tajo/mask_cover3.png">back.png</texture>
						<aspectratio align="center">stretch</aspectratio>
						<colordiffuse>ddffffff</colordiffuse>
					</control>
					<control type="image">
						<visible>[Control.HasFocus(80) | Control.HasFocus(5919)] + String.IsEqual(Container.SortMethod,$LOCALIZE[20074])</visible>
						<top>365</top>
						<left>1340</left>
						<width>250</width>
						<height>192</height>
						<texture diffuse="tajo/mask_cover3.png">back.png</texture>
						<aspectratio align="center">stretch</aspectratio>
						<colordiffuse>ddffffff</colordiffuse>
					</control>
					<control type="image">
						<visible>!String.IsEmpty(Window(Home).Property(RowMpaa)) + [!System.IdleTime(6) | Control.HasFocus(80) | Control.HasFocus(5919)]</visible>
						<top>365</top>
						<left>1340</left>
						<width>250</width>
						<height>192</height>
						<texture diffuse="tajo/recua1.png">$VAR[Option_Back]</texture>
						<aspectratio align="center">stretch</aspectratio>
						<colordiffuse>ddffffff</colordiffuse>
					</control>
					<control type="image">
						<visible>!String.IsEmpty(Window(Home).Property(RowDate)) + [!System.IdleTime(6) | Control.HasFocus(80) | Control.HasFocus(5919)]</visible>
						<top>365</top>
						<left>1590</left>
						<width>328</width>
						<height>192</height>
						<texture diffuse="tajo/mask_cover3.png">back.png</texture>
						<aspectratio align="center">stretch</aspectratio>
						<colordiffuse>ddffffff</colordiffuse>
					</control>
					<control type="image">
						<visible>[Control.HasFocus(80) | Control.HasFocus(5919)] + String.IsEqual(Container.SortMethod,$LOCALIZE[570])</visible>
						<top>365</top>
						<left>1590</left>
						<width>328</width>
						<height>192</height>
						<texture diffuse="tajo/mask_cover3.png">back.png</texture>
						<aspectratio align="center">stretch</aspectratio>
						<colordiffuse>ddffffff</colordiffuse>
					</control>
					<control type="image">
						<visible>!String.IsEmpty(Window(Home).Property(RowDate)) + [!System.IdleTime(6) | Control.HasFocus(80) | Control.HasFocus(5919)]</visible>
						<top>365</top>
						<left>1590</left>
						<width>323</width>
						<height>192</height>
						<texture diffuse="tajo/recua1.png">$VAR[Option_Back]</texture>
						<aspectratio align="center">stretch</aspectratio>
						<colordiffuse>ddffffff</colordiffuse>
					</control>
				</control>
				<control type="group">
					<top>370</top>
					<animation effect="slide" start="0,0" end="20,0" time="200" easing="inout" tween="cubic" condition="Control.HasFocus(80) | Control.HasFocus(5919)">Conditional</animation>
					<visible>!System.IdleTime(6) | Control.HasFocus(80) | Control.HasFocus(5919)</visible>
					<control type="label">
						<font>Font_plot</font>
						<align>right</align>
						<aligny>center</aligny>
						<width>750</width>
						<height>40</height>
						<textcolor>themecolor</textcolor>
						<label>$LOCALIZE[369]</label>
					</control>
					<control type="label">
						<left>764</left>
						<font>Font_plot</font>
						<align>center</align>
						<aligny>center</aligny>
						<width>170</width>
						<height>40</height>
						<textcolor>themecolor</textcolor>
						<label>$LOCALIZE[345]</label>
					</control>
					<control type="label">
						<left>920</left>
						<font>Font_plot</font>
						<align>center</align>
						<aligny>center</aligny>
						<width>190</width>
						<height>40</height>
						<textcolor>themecolor</textcolor>
						<label>$LOCALIZE[563]</label>
					</control>
					<control type="label">
						<left>1080</left>
						<font>Font_plot</font>
						<align>center</align>
						<aligny>center</aligny>
						<width>260</width>
						<height>40</height>
						<textcolor>themecolor</textcolor>
						<label>$LOCALIZE[180]</label>
					</control>
					<control type="label">
						<left>1319</left>
						<font>Font_plot</font>
						<align>center</align>
						<aligny>center</aligny>
						<width>290</width>
						<height>40</height>
						<textcolor>themecolor</textcolor>
						<label>$LOCALIZE[20074]</label>
					</control>
					<control type="label">
						<left>1580</left>
						<font>Font_plot</font>
						<align>center</align>
						<aligny>center</aligny>
						<width>330</width>
						<height>40</height>
						<textcolor>themecolor</textcolor>
						<label>$LOCALIZE[570]</label>
					</control>
				</control>
				<control type="group">
					<animation effect="slide" start="0,0" end="20,0" time="200" easing="inout" tween="cubic" condition="Control.HasFocus(80) | Control.HasFocus(5919)">Conditional</animation>
					<visible>!System.IdleTime(6) | Control.HasFocus(80) | Control.HasFocus(5919)</visible>
					<top>370</top>
					<control type="textbox">
						<visible>String.IsEmpty(Window(Home).Property(RowTitle))</visible>
						<visible>![Container.OnNext | Container.OnPrevious]</visible>
						<animation effect="fade" start="10" end="100" time="200">Visible</animation>
						<left>20</left>
						<width>730</width>
						<height>190</height>
						<align>right</align>
						<aligny>center</aligny>
						<font>titleshelf</font>
						<label>$INFO[ListItem.Label]</label>
						<textcolor>white</textcolor>
						<shadowcolor>black</shadowcolor>
					</control>
					<control type="textbox">
						<visible>!String.IsEmpty(Window(Home).Property(RowTitle))</visible>
						<visible>![Container.OnNext | Container.OnPrevious]</visible>
						<animation effect="fade" start="10" end="100" time="200">Visible</animation>
						<left>20</left>
						<width>730</width>
						<height>190</height>
						<align>right</align>
						<aligny>center</aligny>
						<font>titleshelf</font>
						<label>$INFO[ListItem.Label]</label>
						<textcolor>white</textcolor>
						<shadowcolor>black</shadowcolor>
					</control>
					<control type="textbox">
						<visible>String.IsEmpty(Window(Home).Property(RowYear))</visible>
						<visible>![Container.OnNext | Container.OnPrevious]</visible>
						<animation effect="fade" start="10" end="100" time="200">Visible</animation>
						<left>750</left>
						<width>200</width>
						<height>190</height>
						<align>center</align>
						<aligny>center</aligny>
						<font>font15t</font>
						<label>$INFO[ListItem.Year]</label>
						<textcolor>white</textcolor>
						<shadowcolor>black</shadowcolor>
					</control>
					<control type="textbox">
						<visible>!String.IsEmpty(Window(Home).Property(RowYear))</visible>
						<visible>![Container.OnNext | Container.OnPrevious]</visible>
						<animation effect="fade" start="10" end="100" time="200">Visible</animation>
						<left>750</left>
						<width>200</width>
						<height>190</height>
						<align>center</align>
						<aligny>center</aligny>
						<font>titleshelf</font>
						<label>$INFO[ListItem.Year]</label>
						<textcolor>white</textcolor>
						<shadowcolor>black</shadowcolor>
					</control>
					<control type="textbox">
						<visible>String.IsEmpty(Window(Home).Property(RowRating))</visible>
						<visible>![Container.OnNext | Container.OnPrevious]</visible>
						<animation effect="fade" start="10" end="100" time="200">Visible</animation>
						<left>950</left>
						<width>120</width>
						<height>190</height>
						<align>center</align>
						<aligny>center</aligny>
						<font>font15t</font>
						<label>$INFO[ListItem.Rating]</label>
						<textcolor>white</textcolor>
						<shadowcolor>black</shadowcolor>
					</control>
					<control type="textbox">
						<visible>!String.IsEmpty(Window(Home).Property(RowRating))</visible>
						<visible>![Container.OnNext | Container.OnPrevious]</visible>
						<animation effect="fade" start="10" end="100" time="200">Visible</animation>
						<left>950</left>
						<width>120</width>
						<height>190</height>
						<align>center</align>
						<aligny>center</aligny>
						<font>titleshelf</font>
						<label>$INFO[ListItem.Rating]</label>
						<textcolor>white</textcolor>
						<shadowcolor>black</shadowcolor>
					</control>
					<control type="textbox">
						<visible>String.IsEmpty(Window(Home).Property(RowDuration))</visible>
						<visible>![Container.OnNext | Container.OnPrevious]</visible>
						<animation effect="fade" start="10" end="100" time="200">Visible</animation>
						<left>1070</left>
						<width>270</width>
						<height>190</height>
						<align>center</align>
						<aligny>center</aligny>
						<font>font15t</font>
						<label>$INFO[ListItem.Duration]</label>
						<textcolor>white</textcolor>
						<shadowcolor>black</shadowcolor>
					</control>
					<control type="textbox">
						<visible>!String.IsEmpty(Window(Home).Property(RowDuration))</visible>
						<visible>![Container.OnNext | Container.OnPrevious]</visible>
						<animation effect="fade" start="10" end="100" time="200">Visible</animation>
						<left>1070</left>
						<width>270</width>
						<height>190</height>
						<align>center</align>
						<aligny>center</aligny>
						<font>titleshelf</font>
						<label>$INFO[ListItem.Duration]</label>
						<textcolor>white</textcolor>
						<shadowcolor>black</shadowcolor>
					</control>
					<control type="textbox">
						<visible>String.IsEmpty(Window(Home).Property(RowMpaa))</visible>
						<visible>![Container.OnNext | Container.OnPrevious]</visible>
						<animation effect="fade" start="10" end="100" time="200">Visible</animation>
						<top>25</top>
						<left>1340</left>
						<width>250</width>
						<height>140</height>
						<align>center</align>
						<aligny>center</aligny>
						<font>font15t</font>
						<label>$INFO[ListItem.Mpaa]</label>
						<textcolor>white</textcolor>
						<shadowcolor>black</shadowcolor>
					</control>
					<control type="textbox">
						<visible>!String.IsEmpty(Window(Home).Property(RowMpaa))</visible>
						<visible>![Container.OnNext | Container.OnPrevious]</visible>
						<animation effect="fade" start="10" end="100" time="200">Visible</animation>
						<top>40</top>
						<left>1340</left>
						<width>250</width>
						<height>110</height>
						<align>center</align>
						<aligny>center</aligny>
						<font>titleshelf</font>
						<label>$INFO[ListItem.Mpaa]</label>
						<textcolor>white</textcolor>
						<shadowcolor>black</shadowcolor>
					</control>
					<control type="textbox">
						<visible>String.IsEmpty(Window(Home).Property(RowDate))</visible>
						<visible>![Container.OnNext | Container.OnPrevious]</visible>
						<animation effect="fade" start="10" end="100" time="200">Visible</animation>
						<left>1590</left>
						<width>300</width>
						<height>190</height>
						<align>center</align>
						<aligny>center</aligny>
						<font>font15t</font>
						<label>$INFO[ListItem.DateAdded]</label>
						<textcolor>white</textcolor>
						<shadowcolor>black</shadowcolor>
					</control>
					<control type="textbox">
						<visible>!String.IsEmpty(Window(Home).Property(RowDate))</visible>
						<visible>![Container.OnNext | Container.OnPrevious]</visible>
						<animation effect="fade" start="10" end="100" time="200">Visible</animation>
						<left>1590</left>
						<width>300</width>
						<height>190</height>
						<align>center</align>
						<aligny>center</aligny>
						<font>titleshelf</font>
						<label>$INFO[ListItem.DateAdded]</label>
						<textcolor>white</textcolor>
						<shadowcolor>black</shadowcolor>
					</control>
				</control>
				<control type="image">
					<visible>!System.IdleTime(6) | Control.HasFocus(80) | Control.HasFocus(5919)</visible>
					<animation effect="slide" start="0,0" end="20,0" time="200" easing="inout" tween="cubic" condition="Control.HasFocus(80) | Control.HasFocus(5919)">Conditional</animation>
					<left>771</left>
					<top>365</top>
					<width>4</width>
					<height>192</height>
					<aspectratio align="center">stretch</aspectratio>
					<texture diffuse="tajo/mask_cover3.png">tajo/$VAR[GlobalCaseVarTajo]</texture>
				</control>
				<control type="image">
					<visible>System.IdleTime(6) + !Control.HasFocus(80) + !Control.HasFocus(5919)</visible>
					<visible>!ListItem.IsParentFolder</visible>
					<animation effect="slide" start="0,0" end="20,0" time="200" easing="inout" tween="cubic" condition="Control.HasFocus(80) | Control.HasFocus(5919)">Conditional</animation>
					<left>0</left>
					<top>367</top>
					<width>6</width>
					<height>325</height>
					<aspectratio align="center">stretch</aspectratio>
					<texture diffuse="tajo/mask_cover3.png">tajo/$VAR[GlobalCaseVarTajo]</texture>
				</control>
				<control type="image">
					<animation effect="slide" start="0,0" end="20,0" time="200" easing="inout" tween="cubic" condition="Control.HasFocus(80) | Control.HasFocus(5919)">Conditional</animation>
					<left>0</left>
					<top>367</top>
					<width>50</width>
					<height>50</height>
					<aspectratio>keep</aspectratio>
					<texture flipx="true" colordiffuse="DDff0303">$VAR[watched_style]</texture>
					<visible>String.IsEqual(ListItem.Overlay,OverlayWatched.png)</visible>
				</control>
			</control>
			<control type="group">
				<animation effect="slide" start="0,0" end="40,0" time="200" easing="inout" tween="cubic" condition="Control.HasFocus(80) | Control.HasFocus(5919)">Conditional</animation>
				<left>-20</left>
				<visible>ListItem.IsParentFolder</visible>
				<control type="image">
					<left>-2</left>
					<top>366</top>
					<width>1940</width>
					<height>191</height>
					<texture border="4">listselect_fo.png</texture>
					<aspectratio align="center">stretch</aspectratio>
				</control>
				<control type="image">
					<left>-2</left>
					<top>368</top>
					<width>1940</width>
					<height>187
					</height>
					<texture border="4">black.png</texture>
					<aspectratio align="center">stretch</aspectratio>
				</control>
				<control type="image">
					<left>580</left>
					<top>318</top>
					<width>287</width>
					<height>287</height>
					<texture>tajo/FolderBack.png</texture>
					<aspectratio align="center">keep</aspectratio>
				</control>
			</control>
			<control type="scrollbar" id="80">
				<animation effect="fade" start="0" end="100" time="500">Visible</animation>
				<include>ScrollBar_Vertical</include>
				<left>-13</left>
				<top>38</top>
				<height>1035</height>
				<onleft>SetProperty(MediaMenu,True,home)</onleft>
				<onleft>SetFocus(9050)</onleft>
				<onright>589</onright>
				<visible allowhiddenfocus="true">Control.IsVisible(589) + Control.HasFocus(80)</visible>
			</control>
		</control>
	</include>
</includes>
