<includes>
	<!--##################################################################################   VISTA WALL - ID 597   ##################################################################################-->
	<include name="ViewWall">
		<control type="group">
			<visible>Control.IsVisible(597)</visible>
			<left>-100</left>
			<top>-87</top>
			<!-- default group -->
			<include>ViewBack2</include>
			<control type="group">
				<left>110</left>
				<top>95</top>
				<control type="group">
					<animation effect="fade" start="100" end="0" time="1000" reversible="false" condition="Skin.HasSetting(playTrailer) + !String.IsEmpty(ListItem.Trailer) + !VideoPlayer.IsFullscreen + Player.Playing + !String.Contains(Player.Filenameandpath,theme.mp3) + !String.IsEqual(ListItem.FileExtension,strm)">Conditional</animation>
					<control type="image">
						<left>-15</left>
						<top>-8</top>
						<width>700</width>
						<height>400</height>
						<visible>String.IsEmpty(ListItem.Art(fanart1))</visible>
						<aspectratio aligny="top">scale</aspectratio>
						<texture diffuse="tajo/mask_cover3.png" background="true">$INFO[ListItem.Art(fanart)]</texture>
					</control>
					<control type="multiimage">
						<left>-15</left>
						<top>-8</top>
						<width>700</width>
						<height>400</height>
						<aspectratio aligny="top">scale</aspectratio>
						<fadetime>500</fadetime>
						<visible>!String.IsEmpty(ListItem.Art(fanart1))</visible>
						<imagepath background="true">$INFO[Control.GetLabel(4410)]</imagepath>
					</control>
					<control type="image">
						<visible>!String.IsEmpty(ListItem.Art(clearlogo))</visible>
						<left>-15</left>
						<top>142</top>
						<width>700</width>
						<height>250</height>
						<texture background="true">tajo/osd_black_bg.png</texture>
						<aspectratio>stretch</aspectratio>
					</control>
				</control>
				<control type="videowindow" id="3834">
					<visible>Integer.IsGreater(Player.Time,0) + Skin.HasSetting(playTrailer)</visible>
					<left>-55</left>
					<top>-8</top>
					<width>780</width>
					<height>440</height>
				</control>
			</control>
			<control type="group">
				<visible>!ListItem.IsParentFolder</visible>
				<left>-220</left>
				<top>12</top>
				<control type="group">
					<left>40</left>
					<control type="image">
						<left>945</left>
						<top>70</top>
						<width>260</width>
						<height>1530</height>
						<texture background="true">tajo/osd_black_bg2.png</texture>
						<aspectratio>stretch</aspectratio>
					</control>
					<control type="image">
						<animation effect="rotate" center="auto" start="180" end="180" time="0" condition="true">Conditional</animation>
						<left>687</left>
						<top>70</top>
						<width>260</width>
						<height>1530</height>
						<texture background="true">tajo/osd_black_bg2.png</texture>
						<aspectratio>stretch</aspectratio>
					</control>
				</control>
				<control type="group">
					<top>40</top>
					<control type="image">
						<left>-100</left>
						<top>296</top>
						<width>2400</width>
						<height>140</height>
						<aspectratio>stretch</aspectratio>
						<texture background="true">tajo/osd_black_bg.png</texture>
					</control>
					<control type="image">
						<animation effect="rotate" center="auto" start="180" end="180" time="0" condition="true">Conditional</animation>
						<left>-100</left>
						<top>434</top>
						<width>2400</width>
						<height>460</height>
						<aspectratio>stretch</aspectratio>
						<texture background="true">tajo/osd_black_bg.png</texture>
					</control>
				</control>
			</control>
			<control type="group">
				<top>20</top>
				<left>12</left>
				<control type="group">
					<animation effect="fade" delay="500" start="0" end="100" time="50">WindowOpen</animation>
					<animation effect="slide" end="0,268" time="300" tween="cubic" easing="inout" condition="Integer.IsGreater(Container(597).Row,2)">Conditional</animation>
					<animation effect="slide" end="0,268" time="300" tween="cubic" easing="inout" condition="Integer.IsGreater(Container(597).Row,1)">Conditional</animation>
					<animation effect="slide" end="0,268" time="300" tween="cubic" easing="inout" condition="Integer.IsGreater(Container(597).Row,0)">Conditional</animation>
					<animation effect="slide" end="202,0" time="300" tween="cubic" easing="inout" condition="Integer.IsGreater(Container(597).Column,4)">Conditional</animation>
					<animation effect="slide" end="202,0" time="300" tween="cubic" easing="inout" condition="Integer.IsGreater(Container(597).Column,3)">Conditional</animation>
					<animation effect="slide" end="202,0" time="300" tween="cubic" easing="inout" condition="Integer.IsGreater(Container(597).Column,2)">Conditional</animation>
					<animation effect="slide" end="202,0" time="300" tween="cubic" easing="inout" condition="Integer.IsGreater(Container(597).Column,1)">Conditional</animation>
					<animation effect="slide" end="202,0" time="300" tween="cubic" easing="inout" condition="Integer.IsGreater(Container(597).Column,0)">Conditional</animation>
					<control type="image">
						<visible>Control.IsVisible(597)</visible>
						<left>738</left>
						<top>67</top>
						<width>205</width>
						<height>278</height>
						<texture diffuse="tajo/mask_cover3.png">$VAR[Option_Back]</texture>
						<aspectratio align="center">stretch</aspectratio>
						<colordiffuse>ddffffff</colordiffuse>
					</control>
				</control>
				<control type="panel" id="597">
					<viewtype label="Wall">icon</viewtype>
					<left>746</left>
					<top>75</top>
					<width>1356</width>
					<height>1133</height>
					<onleft>SetProperty(MediaMenu,True,home)</onleft>
					<onleft>SetFocus(9050)</onleft>
					<onright condition="!Container.Content(seasons) + !Container.Content(episodes) + [String.Contains(Container.SortMethod,$LOCALIZE[369]) | String.Contains(Container.SortMethod,$LOCALIZE[557])]">5919</onright>
					<onright>80</onright>
					<pagecontrol>80</pagecontrol>
					<scrolltime>300</scrolltime>
					<orientation>vertical</orientation>
					<preloaditems>2</preloaditems>
					<visible>Container.Content(movies) | Container.Content(tvshows) | Container.Content(seasons) | Container.Content(sets)</visible>
					<itemlayout width="202" height="268">
						<control type="image">
							<animation effect="rotate" end="180" center="auto" condition="true">Conditional</animation>
							<left>6</left>
							<top>255</top>
							<width>177</width>
							<height>5</height>
							<aspectratio align="center">stretch</aspectratio>
							<texture diffuse="tajo/mask_cover3.png">tajo/$VAR[GlobalCaseVarTajo]</texture>
						</control>
						<control type="image">
							<left>6</left>
							<top>5</top>
							<width>177</width>
							<height>252</height>
							<texture fallback="tajo/DefaultVideoPoster.png" diffuse="tajo/mask_cover3.png" background="true">$VAR[poster]</texture>
							<aspectratio align="center">stretch</aspectratio>
						</control>
						<control type="group">
							<visible>Skin.HasSetting(extraposters)</visible>
							<include>CharacPos</include>
						</control>
						<control type="image">
							<left>6</left>
							<top>5</top>
							<width>177</width>
							<height>252</height>
							<texture>tajo/darkgrey.png</texture>
							<colordiffuse>themecolor</colordiffuse>
							<animation effect="fade" start="30" end="30" condition="true">Conditional</animation>
						</control>
						<control type="image">
							<left>133</left>
							<top>6</top>
							<width>50</width>
							<height>50</height>
							<texture colordiffuse="DDff0303">$VAR[watched_style]</texture>
							<visible>String.IsEqual(ListItem.Overlay,OverlayWatched.png)</visible>
						</control>
						<control type="image">
							<visible>!ListItem.IsParentFolder</visible>
							<visible>Integer.IsGreater(ListItem.Property(UnWatchedEpisodes),0)</visible>
							<left>130</left>
							<top>6</top>
							<width>53</width>
							<height>53</height>
							<texture background="true">tajo/shelf/corner2.png</texture>
							<aspectratio scalediffuse="false">keep</aspectratio>
							<visible>!String.IsEqual(ListItem.Overlay,OverlayWatched.png) + [Container.Content(tvshows) | Container.Content(seasons)]</visible>
						</control>
						<control type="label">
							<visible>!String.IsEqual(ListItem.Overlay,OverlayWatched.png)</visible>
							<visible>Integer.IsGreater(ListItem.Property(UnWatchedEpisodes),0)</visible>
							<left>120</left>
							<top>-10</top>
							<font>titlesmall3</font>
							<textcolor>white</textcolor>
							<shadowcolor>black</shadowcolor>
							<align>right</align>
							<aligny>center</aligny>
							<width>60</width>
							<height>52</height>
							<label>$INFO[ListItem.Property(UnWatchedEpisodes)]</label>
						</control>
					</itemlayout>
					<focusedlayout width="202" height="268">
						<control type="button" id="2991">
							<include>HiddenObject</include>
							<onfocus condition="!String.IsEmpty(Window(Home).Property(FirstRow))">ClearProperty(FirstRow,home)</onfocus>
							<onfocus condition="!String.IsEmpty(Window(Home).Property(extras_yes))">ClearProperty(extras_yes,home)</onfocus>
						</control>
						<control type="image">
							<animation effect="rotate" end="180" center="auto" condition="true">Conditional</animation>
							<left>6</left>
							<top>255</top>
							<width>177</width>
							<height>5</height>
							<aspectratio align="center">stretch</aspectratio>
							<texture diffuse="tajo/mask_cover3.png">tajo/$VAR[GlobalCaseVarTajo]</texture>
						</control>
						<control type="image">
							<left>6</left>
							<top>5</top>
							<width>177</width>
							<height>252</height>
							<texture fallback="tajo/DefaultVideoPoster.png" diffuse="tajo/mask_cover3.png" background="true">$VAR[poster]</texture>
							<aspectratio align="center">stretch</aspectratio>
						</control>
						<control type="image">
							<visible>ListItem.IsParentFolder</visible>
							<left>6</left>
							<top>5</top>
							<width>177</width>
							<height>252</height>
							<texture>$INFO[ListItem.Icon]</texture>
							<aspectratio align="center">stretch</aspectratio>
						</control>
						<control type="group">
							<visible>Skin.HasSetting(extraposters)</visible>
							<include>CharacPos</include>
						</control>
						<control type="image">
							<left>133</left>
							<top>6</top>
							<width>50</width>
							<height>50</height>
							<texture colordiffuse="DDff0303">$VAR[watched_style]</texture>
							<visible>String.IsEqual(ListItem.Overlay,OverlayWatched.png)</visible>
						</control>
						<control type="image">
							<visible>!ListItem.IsParentFolder</visible>
							<visible>Integer.IsGreater(ListItem.Property(UnWatchedEpisodes),0)</visible>
							<left>130</left>
							<top>6</top>
							<width>53</width>
							<height>53</height>
							<texture background="true">tajo/shelf/corner2.png</texture>
							<aspectratio scalediffuse="false">keep</aspectratio>
							<visible>!String.IsEqual(ListItem.Overlay,OverlayWatched.png) + [Container.Content(tvshows) | Container.Content(seasons)]</visible>
						</control>
						<control type="label">
							<visible>!String.IsEqual(ListItem.Overlay,OverlayWatched.png)</visible>
							<visible>Integer.IsGreater(ListItem.Property(UnWatchedEpisodes),0)</visible>
							<left>120</left>
							<top>-10</top>
							<font>titlesmall3</font>
							<textcolor>white</textcolor>
							<shadowcolor>black</shadowcolor>
							<align>right</align>
							<aligny>center</aligny>
							<width>60</width>
							<height>52</height>
							<label>$INFO[ListItem.Property(UnWatchedEpisodes)]</label>
						</control>
					</focusedlayout>
				</control>
			</control>
			<!-- Info Panel -->
			<control type="group">
				<visible>Control.IsVisible(597)</visible>
				<visible>!ListItem.IsParentFolder</visible>
				<left>125</left>
				<top>145</top>
				<control type="textbox">
					<visible>!ListItem.IsCollection + [!Skin.HasSetting(showCast) | !System.HasAddon(script.embuary.helper) | Container.Content(seasons)]</visible>
					<left>30</left>
					<top>373</top>
					<width>535</width>
					<height>303</height>
					<font>font28b</font>
					<align>center</align>
					<label>$VAR[value_plot]</label>
					<autoscroll delay="6000" time="2000" repeat="6000">Skin.HasSetting(Enable.AutoScroll)</autoscroll>
				</control>
				<control type="textbox">
					<visible>!ListItem.IsCollection + [Skin.HasSetting(showCast) + System.HasAddon(script.embuary.helper) + !Container.Content(seasons)]</visible>
					<left>220</left>
					<top>373</top>
					<width>360</width>
					<height>303</height>
					<font>font28b</font>
					<align>center</align>
					<label>$VAR[value_plot]</label>
					<autoscroll delay="4000" time="2000" repeat="4000">Skin.HasSetting(Enable.AutoScroll)</autoscroll>
				</control>
				<control type="group">
					<top>50</top>
					<control type="image">
						<visible>!ListItem.IsCollection</visible>
						<left>370</left>
						<top>620</top>
						<width>200</width>
						<height>200</height>
						<fadetime>200</fadetime>
						<aspectratio aligny="bottom" align="right">keep</aspectratio>
						<texture background="true">$INFO[Container(5927).ListItem.Label]</texture>
					</control>
					<control type="group">
						<top>-20</top>
						<visible>!ListItem.IsParentFolder</visible>
						<control type="textbox" id="20411">
							<animation effect="fade" start="0" end="100" time="250" tween="sine">Visible</animation>
							<visible>!ListItem.IsCollection + !Container(20411).HasNext</visible>
							<left>15</left>
							<top>670</top>
							<width>570</width>
							<height>130</height>
							<aligny>center</aligny>
							<align>center</align>
							<font>titlemove</font>
							<label>$INFO[ListItem.Label]</label>
							<shadowcolor>black</shadowcolor>
						</control>
						<control type="textbox" id="20413">
							<animation effect="fade" start="0" end="100" time="250" tween="sine">Visible</animation>
							<visible>!ListItem.IsCollection + Container(20411).HasNext + !Container(20413).HasNext</visible>
							<left>15</left>
							<top>670</top>
							<width>570</width>
							<height>130</height>
							<aligny>center</aligny>
							<align>center</align>
							<font>titleshelf</font>
							<label>$INFO[ListItem.Label]</label>
							<shadowcolor>black</shadowcolor>
						</control>
						<control type="textbox">
							<animation effect="fade" start="0" end="100" time="250" tween="sine">Visible</animation>
							<visible>!ListItem.IsCollection + Container(20411).HasNext + Container(20413).HasNext</visible>
							<left>15</left>
							<top>670</top>
							<width>570</width>
							<height>130</height>
							<aligny>center</aligny>
							<align>center</align>
							<font>titlewall</font>
							<label>$INFO[ListItem.Label]</label>
							<autoscroll delay="1500" time="2000" repeat="2000">Skin.HasSetting(Enable.AutoScroll)</autoscroll>
							<shadowcolor>black</shadowcolor>
						</control>
						<control type="textbox" id="20412">
							<animation effect="fade" start="0" end="100" time="250" tween="sine">Visible</animation>
							<visible>ListItem.IsCollection + !Container(20412).HasNext</visible>
							<left>15</left>
							<top>615</top>
							<width>570</width>
							<height>130</height>
							<aligny>center</aligny>
							<align>center</align>
							<font>titlemove</font>
							<label>$INFO[ListItem.Label]</label>
							<shadowcolor>black</shadowcolor>
						</control>
						<control type="textbox" id="20414">
							<animation effect="fade" start="0" end="100" time="250" tween="sine">Visible</animation>
							<visible>ListItem.IsCollection + Container(20412).HasNext + !Container(20414).HasNext</visible>
							<left>15</left>
							<top>615</top>
							<width>570</width>
							<height>130</height>
							<aligny>center</aligny>
							<align>center</align>
							<font>titleshelf</font>
							<label>$INFO[ListItem.Label]</label>
							<shadowcolor>black</shadowcolor>
						</control>
						<control type="textbox">
							<animation effect="fade" start="0" end="100" time="250" tween="sine">Visible</animation>
							<visible>ListItem.IsCollection + Container(20412).HasNext + Container(20414).HasNext</visible>
							<left>15</left>
							<top>615</top>
							<width>570</width>
							<height>130</height>
							<aligny>center</aligny>
							<align>center</align>
							<font>titlewall</font>
							<label>$INFO[ListItem.Label]</label>
							<autoscroll delay="1500" time="2000" repeat="2000">Skin.HasSetting(Enable.AutoScroll)</autoscroll>
							<shadowcolor>black</shadowcolor>
						</control>
					</control>
					<control type="list" id="5977">
						<visible>ListItem.IsCollection</visible>
						<scrolltime>1500</scrolltime>
						<autoscroll time="600">Skin.HasSetting(Enable.AutoScroll)</autoscroll>
						<left>15</left>
						<top>786</top>
						<height>140</height>
						<width>570</width>
						<itemlayout height="34">
							<control type="label">
								<left>0</left>
								<top>0</top>
								<height>34</height>
								<width>570</width>
								<align>center</align>
								<scroll>false</scroll>
								<font>Font_plot</font>
								<textcolor>FFFFFFFF</textcolor>
								<selectedcolor>FFFFFFFF</selectedcolor>
								<label>- $INFO[ListItem.Label] $INFO[ListItem.Year,(,)]</label>
							</control>
						</itemlayout>
						<focusedlayout height="34">
							<control type="label">
								<left>0</left>
								<top>0</top>
								<height>34</height>
								<width>570</width>
								<align>center</align>
								<scroll>false</scroll>
								<font>Font_plot</font>
								<textcolor>FFFFFFFF</textcolor>
								<selectedcolor>FFFFFFFF</selectedcolor>
								<label>- $INFO[ListItem.Label] $INFO[ListItem.Year,(,)]</label>
							</control>
						</focusedlayout>
						<content sortby="year" sortorder="ascending">$INFO[ListItem.FolderPath]</content>
					</control>
					<control type="textbox">
						<visible>!Container.Content(movies) + !Container.Content(sets)</visible>
						<left>-10</left>
						<top>810</top>
						<width>630</width>
						<height>38</height>
						<visible>!String.IsEmpty(ListItem.Rating) + !ListItem.IsCollection</visible>
						<align>center</align>
						<aligny>top</aligny>
						<font>font28b</font>
						<label>$VAR[value_ground17_label]: [COLOR=FFFFFAF0]$VAR[value_ground17_value][/COLOR] - $VAR[value_ground14_label]: [COLOR=FFFFFAF0]$VAR[value_ground14_value][/COLOR]</label>
						<textcolor>themecolor</textcolor>
					</control>
					<control type="textbox">
						<visible>Container.Content(movies) | Container.Content(sets)</visible>
						<animation effect="slide" start="0,0" end="-45,0" time="0" condition="String.IsEmpty(ListItem.Trailer)">Conditional</animation>
						<left>55</left>
						<top>810</top>
						<width>560</width>
						<height>38</height>
						<visible>!String.IsEmpty(ListItem.Rating) + !ListItem.IsCollection</visible>
						<align>center</align>
						<aligny>top</aligny>
						<font>font28b</font>
						<label>$VAR[value_ground17_label]: [COLOR=FFFFFAF0]$VAR[value_ground17_value][/COLOR] - $VAR[value_ground14_label]: [COLOR=FFFFFAF0]$VAR[value_ground14_value][/COLOR]</label>
						<textcolor>themecolor</textcolor>
					</control>
					<control type="textbox">
						<left>15</left>
						<top>810</top>
						<width>560</width>
						<height>38</height>
						<visible>Container.Content(seasons)</visible>
						<align>center</align>
						<aligny>top</aligny>
						<font>font13_bold</font>
						<label>$VAR[value_ground14_label]: [COLOR=FFFFFAF0]$VAR[value_ground14_value][/COLOR]</label>
						<textcolor>themecolor</textcolor>
					</control>
					<control type="textbox">
						<left>15</left>
						<top>750</top>
						<width>560</width>
						<height>38</height>
						<visible>ListItem.IsCollection</visible>
						<align>center</align>
						<font>font13_bold</font>
						<label>[COLOR=themecolor]$LOCALIZE[342]: [/COLOR][B]$INFO[Container(5977).NumItems][/B]</label>
						<textcolor>FFFFFFFF</textcolor>
					</control>
					<control type="image">
						<animation effect="fade" start="100" end="0" time="1000" reversible="false" condition="Skin.HasSetting(playTrailer) + !String.IsEmpty(ListItem.Trailer) + !VideoPlayer.IsFullscreen + Player.Playing + !String.Contains(Player.Filenameandpath,theme.mp3) + !String.IsEqual(ListItem.FileExtension,strm)">Conditional</animation>
						<left>300</left>
						<top>170</top>
						<width>250</width>
						<height>150</height>
						<texture background="true">$INFO[ListItem.Art(clearlogo)]</texture>
						<aspectratio>keep</aspectratio>
					</control>
					<control type="image">
						<left>300</left>
						<top>170</top>
						<width>250</width>
						<height>150</height>
						<texture background="true">$INFO[ListItem.Art(tvshow.clearlogo)]</texture>
						<aspectratio>keep</aspectratio>
					</control>
					<control type="textbox">
						<visible>Container.Content(seasons)</visible>
						<visible>!ListItem.IsParentFolder</visible>
						<visible>String.IsEmpty(ListItem.Art(tvshow.clearlogo))</visible>
						<left>24</left>
						<top>79</top>
						<width>520</width>
						<height>190</height>
						<aligny>center</aligny>
						<align>right</align>
						<textcolor>black</textcolor>
						<font>titlemus</font>
						<label>$INFO[ListItem.TvShowTitle]</label>
					</control>
					<control type="textbox">
						<visible>Container.Content(seasons)</visible>
						<visible>!ListItem.IsParentFolder</visible>
						<visible>String.IsEmpty(ListItem.Art(tvshow.clearlogo))</visible>
						<left>27</left>
						<top>82</top>
						<width>520</width>
						<height>190</height>
						<aligny>center</aligny>
						<align>right</align>
						<textcolor>black</textcolor>
						<font>titlemus</font>
						<label>$INFO[ListItem.TvShowTitle]</label>
					</control>
					<control type="textbox">
						<visible>Container.Content(seasons)</visible>
						<visible>!ListItem.IsParentFolder</visible>
						<visible>String.IsEmpty(ListItem.Art(tvshow.clearlogo))</visible>
						<left>25</left>
						<top>80</top>
						<width>520</width>
						<height>190</height>
						<aligny>center</aligny>
						<align>right</align>
						<shadowcolor>black</shadowcolor>
						<font>titlemus</font>
						<label>$INFO[ListItem.TvShowTitle]</label>
					</control>
					<control type="image">
						<animation effect="fade" start="100" end="0" time="1000" reversible="false" condition="Skin.HasSetting(playTrailer) + !String.IsEmpty(ListItem.Trailer) + !VideoPlayer.IsFullscreen + Player.Playing + !String.Contains(Player.Filenameandpath,theme.mp3) + !String.IsEqual(ListItem.FileExtension,strm)">Conditional</animation>
						<visible>[!String.IsEmpty(Window(Home).Property(extras_yes)) | Integer.IsGreater(Container(3322).NumItems,0)] + Skin.HasSetting(SearchExtras)</visible>
						<visible>!Container.Content(seasons)</visible>
						<animation effect="fade" start="0" end="100" delay="600" time="200">Visible</animation>
						<left>546</left>
						<top>-101</top>
						<width>60</width>
						<height>60</height>
						<colordiffuse>ccffffff</colordiffuse>
						<texture background="true">tajo/extras.png</texture>
						<aspectratio>keep</aspectratio>
					</control>
					<control type="label">
						<animation effect="fade" start="100" end="0" time="1000" reversible="false" condition="Skin.HasSetting(playTrailer) + !String.IsEmpty(ListItem.Trailer) + !VideoPlayer.IsFullscreen + Player.Playing + !String.Contains(Player.Filenameandpath,theme.mp3) + !String.IsEqual(ListItem.FileExtension,strm)">Conditional</animation>
						<visible>[!String.IsEmpty(Window(Home).Property(extras_yes)) | Integer.IsGreater(Container(3322).NumItems,0)] + Skin.HasSetting(SearchExtras)</visible>
						<visible>!Container.Content(seasons)</visible>
						<animation effect="fade" start="0" end="100" delay="600" time="200">Visible</animation>
						<align>left</align>
						<left>551</left>
						<top>-74</top>
						<width min="20" max="300">auto</width>
						<height>34</height>
						<textcolor>ffdadada</textcolor>
						<shadowcolor>black</shadowcolor>
						<font>font_Extras</font>
						<label>$LOCALIZE[31014]</label>
					</control>
					<control type="textbox">
						<visible>ListItem.IsCollection</visible>
						<left>30</left>
						<top>335</top>
						<width>535</width>
						<height>240</height>
						<font>font28b</font>
						<align>center</align>
						<label>[B][COLOR themecolor]$INFO[Container(5977).ListItemAbsolute(0).Label][/B][/COLOR][CR]$INFO[Container(5977).ListItemAbsolute(0).Plot][CR][CR][B][COLOR themecolor]$INFO[Container(5977).ListItemAbsolute(1).Label][/B][/COLOR][CR]$INFO[Container(5977).ListItemAbsolute(1).Plot][CR][CR][B][COLOR themecolor]$INFO[Container(5977).ListItemAbsolute(2).Label][/B][/COLOR][CR]$INFO[Container(5977).ListItemAbsolute(2).Plot][CR][CR][B][COLOR themecolor]$INFO[Container(5977).ListItemAbsolute(3).Label][/B][/COLOR][CR]$INFO[Container(5977).ListItemAbsolute(3).Plot][CR][CR][B][COLOR themecolor]$INFO[Container(5977).ListItemAbsolute(4).Label][/B][/COLOR][CR]$INFO[Container(5977).ListItemAbsolute(4).Plot][CR][CR][B][COLOR themecolor]$INFO[Container(5977).ListItemAbsolute(5).Label][/B][/COLOR][CR]$INFO[Container(5977).ListItemAbsolute(5).Plot][CR][CR][B][COLOR themecolor]$INFO[Container(5977).ListItemAbsolute(6).Label][/B][/COLOR][CR]$INFO[Container(5977).ListItemAbsolute(6).Plot][CR][CR][B][COLOR themecolor]$INFO[Container(5977).ListItemAbsolute(7).Label][/B][/COLOR][CR]$INFO[Container(5977).ListItemAbsolute(7).Plot][CR][CR]</label>
						<autoscroll delay="4000" time="2000" repeat="4000">Skin.HasSetting(Enable.AutoScroll)</autoscroll>
					</control>
					<control type="group">
						<animation effect="zoom" start="92" end="92" time="0" condition="true">Conditional</animation>
						<animation effect="slide" end="200,0" time="0" condition="Container.Content(tvshows) + !Container.Content(tvshows)">Conditional</animation>
						<animation effect="slide" end="70,0" time="0" condition="Container.Content(tvshows) + Container.Content(tvshows)">Conditional</animation>
						<animation effect="slide" end="100,0" time="0" condition="Container.Content(tvshows) + Container.Content(tvshows) + Skin.HasSetting(OnlineRating)">Conditional</animation>
						<left>7</left>
						<top>937</top>
						<include>IconsVideo</include>
					</control>
				</control>
				<control type="textbox">
					<visible>[!System.IdleTime(3) | Integer.IsLess(Container(5952).NumItems,2)] + !ListItem.IsCollection + Skin.HasSetting(showCast)</visible>
					<visible>!Container.Content(seasons)</visible>
					<visible>Integer.IsGreater(Container(524).NumItems,0)</visible>
					<font>Font_plot4</font>
					<align>center</align>
					<left>10</left>
					<top>372</top>
					<width>190</width>
					<height>303</height>
					<label>[B][COLOR themecolor]$LOCALIZE[206]:[/COLOR][/B][CR][COLOR white]$INFO[Container(524).ListItemAbsolute(0).Label,-,][CR]$INFO[Container(524).ListItemAbsolute(1).Label,-,][CR]$INFO[Container(524).ListItemAbsolute(2).Label,-,][CR]$INFO[Container(524).ListItemAbsolute(3).Label,-,][CR]$INFO[Container(524).ListItemAbsolute(4).Label,-,][CR]$INFO[Container(524).ListItemAbsolute(5).Label,-,][CR]$INFO[Container(524).ListItemAbsolute(6).Label,-,][CR]$INFO[Container(524).ListItemAbsolute(7).Label,-,][CR]$INFO[Container(524).ListItemAbsolute(8).Label,-,][CR]$INFO[Container(524).ListItemAbsolute(9).Label,-,][/COLOR]</label>
				</control>
				<control type="image">
					<visible>Integer.IsGreater(Container(5952).NumItems,1) + !ListItem.IsCollection + Skin.HasSetting(showCast)</visible>
					<visible>!Container.Content(seasons)</visible>
					<include>HiddenObject</include>
					<texture background="true">$INFO[Container(5952).ListItem.Icon]</texture>
				</control>
				<control type="group">
					<visible>!Container.Content(seasons)</visible>
					<control type="textbox">
						<visible>System.IdleTime(3) + Integer.IsGreater(Container(5952).NumItems,1) + !ListItem.IsCollection + Skin.HasSetting(showCast)</visible>
						<visible>!String.IsEqual(Container(5952).ListItem.Label2,Cast)</visible>
						<font>Font_plot4</font>
						<align>center</align>
						<aligny>top</aligny>
						<left>10</left>
						<top>610</top>
						<width>190</width>
						<height>70</height>
						<label>$INFO[Container(5952).ListItem.Label]</label>
					</control>
					<control type="textbox">
						<visible>System.IdleTime(3) + Integer.IsGreater(Container(5952).NumItems,1) + !ListItem.IsCollection + Skin.HasSetting(showCast)</visible>
						<visible>String.IsEqual(Container(5952).ListItem.Label2,Cast)</visible>
						<textcolor>themecolor</textcolor>
						<font>Font_plot4</font>
						<align>center</align>
						<aligny>top</aligny>
						<left>10</left>
						<top>372</top>
						<width>190</width>
						<height>303</height>
						<label>$INFO[Container(5952).ListItem.Label]</label>
					</control>
					<control type="image">
						<visible>System.IdleTime(3) + Integer.IsGreater(Container(5952).NumItems,1) + !ListItem.IsCollection + Skin.HasSetting(showCast)</visible>
						<left>30</left>
						<top>385</top>
						<width>170</width>
						<height>220</height>
						<colordiffuse>DFffffff</colordiffuse>
						<aspectratio align="center" aligny="bottom">keep</aspectratio>
						<fadetime>200</fadetime>
						<texture background="true">$INFO[Container(5952).ListItem.Icon]</texture>
					</control>
				</control>
			</control>
			<control type="scrollbar" id="80">
				<include>ScrollBar_Vertical</include>
				<left>1975</left>
				<top>100</top>
				<height>1060</height>
				<onleft>50</onleft>
				<onright>50</onright>
				<visible allowhiddenfocus="true">Control.IsVisible(597) + Control.HasFocus(80)</visible>
			</control>
		</control>
	</include>
	<include name="ViewWallm">
		<control type="group">
			<visible>Control.IsVisible(597)</visible>
			<left>-80</left>
			<top>-87</top>
			<!-- default group -->
			<include>ViewBack2</include>
			<control type="group">
				<left>90</left>
				<top>90</top>
				<control type="image">
					<visible>String.IsEmpty(ListItem.Art(fanart1))</visible>
					<left>-15</left>
					<top>-8</top>
					<width>650</width>
					<height>365</height>
					<aspectratio aligny="top">scale</aspectratio>
					<texture diffuse="tajo/mask_cover3.png" background="true">$INFO[ListItem.Art(fanart)]</texture>
				</control>
				<control type="image">
					<visible>String.IsEmpty(ListItem.Art(artist.fanart1))</visible>
					<left>-15</left>
					<top>-8</top>
					<width>650</width>
					<height>365</height>
					<aspectratio aligny="top">scale</aspectratio>
					<texture diffuse="tajo/mask_cover3.png" background="true">$INFO[ListItem.Art(artist.fanart)]</texture>
				</control>
				<control type="multiimage">
					<visible>!String.IsEmpty(ListItem.Art(fanart1)) | !String.IsEmpty(ListItem.Art(artist.fanart1))</visible>
					<left>-15</left>
					<top>-8</top>
					<width>650</width>
					<height>365</height>
					<aspectratio aligny="top">scale</aspectratio>
					<fadetime>650</fadetime>
					<imagepath background="true">$INFO[Control.GetLabel(5864)]</imagepath>
				</control>
				<control type="image">
					<animation type="Conditional" condition="System.IdleTime(3)" reversible="false">
						<effect type="fade" delay="0" start="100" end="0" time="500"/>
					</animation>
					<left>-15</left>
					<top>-8</top>
					<width>650</width>
					<height>365</height>
					<aspectratio aligny="top">scale</aspectratio>
					<texture background="true">$INFO[ListItem.Art(landscape)]</texture>
				</control>
				<control type="image">
					<visible>Container.Content(albums) + !String.StartsWith(ListItem.Label,*) + String.IsEmpty(ListItem.Art(artist.clearlogo))</visible>
					<animation type="Conditional" condition="System.IdleTime(3)" reversible="false">
						<effect type="fade" delay="0" start="100" end="0" time="500"/>
					</animation>
					<left>-15</left>
					<top>-8</top>
					<width>650</width>
					<height>365</height>
					<aspectratio aligny="top">scale</aspectratio>
					<texture background="true">$INFO[ListItem.Art(artist.landscape)]</texture>
				</control>
			</control>
			<control type="group">
				<visible>Container.Content(artists) | [!Container.Content(musicvideos) + !String.StartsWith(container.folderpath,library://video/musicvideos/) + !String.StartsWith(container.folderpath,videodb://musicvideos)]</visible>
				<visible>!ListItem.IsParentFolder</visible>
				<left>-220</left>
				<top>12</top>
				<control type="image">
					<left>945</left>
					<top>70</top>
					<width>260</width>
					<height>1530</height>
					<texture background="true">tajo/osd_black_bg2.png</texture>
					<aspectratio>stretch</aspectratio>
				</control>
				<control type="image">
					<animation effect="rotate" center="auto" start="180" end="180" time="0" condition="true">Conditional</animation>
					<left>687</left>
					<top>70</top>
					<width>260</width>
					<height>1530</height>
					<texture background="true">tajo/osd_black_bg2.png</texture>
					<aspectratio>stretch</aspectratio>
				</control>
				<control type="group">
					<left>-1355</left>
					<control type="image">
						<left>-100</left>
						<top>296</top>
						<width>2400</width>
						<height>140</height>
						<aspectratio>stretch</aspectratio>
						<texture background="true">tajo/osd_black_bg.png</texture>
					</control>
					<control type="image">
						<animation effect="rotate" center="auto" start="180" end="180" time="0" condition="true">Conditional</animation>
						<left>-100</left>
						<top>434</top>
						<width>2400</width>
						<height>360</height>
						<aspectratio>stretch</aspectratio>
						<texture background="true">tajo/osd_black_bg.png</texture>
					</control>
				</control>
			</control>
			<control type="image">
				<visible>Container.Content(albums) + !String.StartsWith(ListItem.Label,*)</visible>
				<left>382</left>
				<top>350</top>
				<width>220</width>
				<height>100</height>
				<texture background="true">$INFO[ListItem.Art(artist.clearlogo)]</texture>
				<aspectratio>keep</aspectratio>
			</control>
			<control type="group">
				<animation effect="zoom" end="120" center="auto" condition="true">Conditional</animation>
				<top>20</top>
				<left>-7</left>
				<control type="group">
					<animation effect="slide" end="0,213" time="300" tween="cubic" easing="inout" condition="Integer.IsGreater(Container(597).Row,2)">Conditional</animation>
					<animation effect="slide" end="0,213" time="300" tween="cubic" easing="inout" condition="Integer.IsGreater(Container(597).Row,1)">Conditional</animation>
					<animation effect="slide" end="0,213" time="300" tween="cubic" easing="inout" condition="Integer.IsGreater(Container(597).Row,0)">Conditional</animation>
					<animation effect="slide" end="218,0" time="300" tween="cubic" easing="inout" condition="Integer.IsGreater(Container(597).Column,3)">Conditional</animation>
					<animation effect="slide" end="218,0" time="300" tween="cubic" easing="inout" condition="Integer.IsGreater(Container(597).Column,2)">Conditional</animation>
					<animation effect="slide" end="218,0" time="300" tween="cubic" easing="inout" condition="Integer.IsGreater(Container(597).Column,1)">Conditional</animation>
					<animation effect="slide" end="218,0" time="300" tween="cubic" easing="inout" condition="Integer.IsGreater(Container(597).Column,0)">Conditional</animation>
					<control type="image">
						<visible>Container.Content(albums)</visible>
						<visible>Control.IsVisible(597)</visible>
						<left>722</left>
						<top>173</top>
						<width>217</width>
						<height>216</height>
						<texture diffuse="tajo/mask_cover3.png">$VAR[Option_Back]</texture>
						<aspectratio align="center">stretch</aspectratio>
						<colordiffuse>ddFFFFFF</colordiffuse>
					</control>
					<control type="image">
						<visible>Container.Content(artists)</visible>
						<visible>Control.IsVisible(597)</visible>
						<left>726</left>
						<top>174</top>
						<width>216</width>
						<height>216</height>
						<texture diffuse="tajo/mask_circle.png">$VAR[Option_Back]</texture>
						<aspectratio scalediffuse="false" align="center" aligny="center">scale</aspectratio>
						<colordiffuse>ddffffff</colordiffuse>
					</control>
				</control>
				<control type="panel" id="597">
					<viewtype label="Wall">icon</viewtype>
					<visible>Container.Content(albums) | Container.Content(artists)</visible>
					<left>730</left>
					<top>180</top>
					<width>1130</width>
					<height>860</height>
					<onleft>SetProperty(MediaMenu,True,home)</onleft>
					<onleft>SetFocus(9050)</onleft>
					<onright condition="String.Contains(Container.SortMethod,$LOCALIZE[557]) | String.Contains(Container.SortMethod,$LOCALIZE[558])">5919</onright>
					<onright>80</onright>
					<pagecontrol>80</pagecontrol>
					<scrolltime>300</scrolltime>
					<orientation>vertical</orientation>
					<preloaditems>2</preloaditems>
					<itemlayout width="218" height="213">
						<control type="image">
							<visible>Container.Content(albums)</visible>
							<left>11</left>
							<top>9</top>
							<width>181</width>
							<height>184</height>
							<texture diffuse="tajo/mask_cover3.png" fallback="tajo/defaultalbumcover.png" background="true">$VAR[poster]</texture>
							<aspectratio align="center">scale</aspectratio>
						</control>
						<control type="image">
							<visible>Container.Content(artists)</visible>
							<left>11</left>
							<top>9</top>
							<width>185</width>
							<height>185</height>
							<texture fallback="tajo/DefaultArtist.png" diffuse="tajo/mask_circle.png" background="true">$VAR[poster]</texture>
							<aspectratio scalediffuse="false" align="center" aligny="center">scale</aspectratio>
						</control>
						<control type="image">
							<visible>Container.Content(albums) + String.StartsWith(ListItem.Label,*)</visible>
							<left>11</left>
							<top>9</top>
							<width>181</width>
							<height>184</height>
							<texture flipy="true" diffuse="tajo/shelf/diffuse_box.png" background="true">tajo/magazine/cmusiclandJ.png</texture>
							<aspectratio scalediffuse="false">stretch</aspectratio>
						</control>
						<control type="image">
							<visible>Container.Content(albums)</visible>
							<animation effect="fade" end="65" condition="true">Conditional</animation>
							<left>11</left>
							<top>9</top>
							<width>181</width>
							<height>184</height>
							<colordiffuse>ffFFFFFF</colordiffuse>
							<aspectratio scalediffuse="false" align="center" aligny="center">scale</aspectratio>
							<texture background="true">tajo/osd_black_bg.png</texture>
						</control>
						<control type="image">
							<visible>Container.Content(artists)</visible>
							<animation effect="fade" end="65" condition="true">Conditional</animation>
							<left>10</left>
							<top>8</top>
							<width>187</width>
							<height>187</height>
							<colordiffuse>ffFFFFFF</colordiffuse>
							<aspectratio scalediffuse="false" align="center" aligny="center">scale</aspectratio>
							<texture diffuse="tajo/mask_circle.png" background="true">tajo/osd_black_bg.png</texture>
						</control>
						<control type="textbox">
							<visible>Container.Content(albums) + String.StartsWith(ListItem.Label,*)</visible>
							<left>29</left>
							<top>9</top>
							<width>150</width>
							<height>190</height>
							<font>titlesmall</font>
							<textcolor>white</textcolor>
							<shadowcolor>black</shadowcolor>
							<align>center</align>
							<aligny>center</aligny>
							<label>$INFO[ListItem.Label]</label>
						</control>
						<control type="image">
							<visible>Container.Content(artists) + String.StartsWith(ListItem.Label,*)</visible>
							<left>11</left>
							<top>9</top>
							<width>185</width>
							<height>185</height>
							<texture diffuse="tajo/mask_circle.png" background="true">tajo/magazine/allartists.jpg</texture>
							<aspectratio scalediffuse="false">scale</aspectratio>
						</control>
						<control type="textbox">
							<visible>Container.Content(artists) + String.StartsWith(ListItem.Label,*)</visible>
							<left>4</left>
							<top>9</top>
							<width>200</width>
							<height>190</height>
							<font>titlesmall</font>
							<textcolor>white</textcolor>
							<shadowcolor>black</shadowcolor>
							<align>center</align>
							<aligny>center</aligny>
							<label>$LOCALIZE[15103]</label>
						</control>
						<control type="textbox">
							<visible>Container.Content(artists) + String.IsEmpty(ListItem.Art(clearlogo))</visible>
							<left>1</left>
							<top>144</top>
							<width>168</width>
							<height>47</height>
							<align>right</align>
							<font>titleartist</font>
							<label>$INFO[ListItem.Artist]</label>
							<textcolor>white</textcolor>
							<shadowcolor>black</shadowcolor>
						</control>
						<control type="image">
							<left>12</left>
							<top>136</top>
							<width>174</width>
							<height>50</height>
							<texture background="true">$INFO[ListItem.Art(clearlogo)]</texture>
							<aspectratio>keep</aspectratio>
						</control>
					</itemlayout>
					<focusedlayout width="218" height="213">
						<control type="button" id="5965">
							<include>HiddenObject</include>
							<onfocus condition="!String.IsEmpty(Window(Home).Property(MoveArtist))">ClearProperty(MoveArtist,Home)</onfocus>
							<onfocus condition="!String.IsEmpty(Window(Home).Property(extras_music_yes))">ClearProperty(extras_music_yes,home)</onfocus>
						</control>
						<control type="button" id="2890">
							<include>HiddenObject</include>
							<onfocus condition="!String.IsEmpty(Window(Home).Property(FirstRow))">ClearProperty(FirstRow,home)</onfocus>
						</control>
						<control type="group">
							<control type="image">
								<visible>Container.Content(albums)</visible>
								<left>11</left>
								<top>9</top>
								<width>181</width>
								<height>184</height>
								<texture diffuse="tajo/mask_cover3.png" fallback="tajo/defaultalbumcover.png" background="true">$VAR[poster]</texture>
								<aspectratio align="center">scale</aspectratio>
							</control>
							<control type="image">
								<visible>Container.Content(artists)</visible>
								<left>11</left>
								<top>9</top>
								<width>185</width>
								<height>185</height>
								<texture fallback="tajo/DefaultArtist.png" diffuse="tajo/mask_circle.png" background="true">$VAR[poster]</texture>
								<aspectratio scalediffuse="false" align="center" aligny="center">scale</aspectratio>
							</control>
							<control type="image">
								<visible>ListItem.IsParentFolder + Container.Content(artists) </visible>
								<left>11</left>
								<top>9</top>
								<width>185</width>
								<height>185</height>
								<texture diffuse="tajo/mask_circle.png" background="true">$INFO[ListItem.Icon]</texture>
								<aspectratio scalediffuse="false" align="center" aligny="center">scale</aspectratio>
							</control>
							<control type="image">
								<visible>ListItem.IsParentFolder + Container.Content(albums) </visible>
								<left>11</left>
								<top>9</top>
								<width>181</width>
								<height>184</height>
								<texture diffuse="tajo/mask_cover3.png" background="true">$INFO[ListItem.Icon]</texture>
								<aspectratio scalediffuse="false" align="center" aligny="center">scale</aspectratio>
							</control>
							<control type="image">
								<visible>Container.Content(albums) + String.StartsWith(ListItem.Label,*)</visible>
								<left>11</left>
								<top>9</top>
								<width>181</width>
								<height>184</height>
								<texture flipy="true" diffuse="tajo/shelf/diffuse_box.png" background="true">tajo/magazine/cmusiclandJ.png</texture>
								<aspectratio scalediffuse="false">stretch</aspectratio>
							</control>
							<control type="textbox">
								<visible>Container.Content(albums) + String.StartsWith(ListItem.Label,*)</visible>
								<left>29</left>
								<top>9</top>
								<width>150</width>
								<height>190</height>
								<font>titlesmall</font>
								<textcolor>white</textcolor>
								<shadowcolor>black</shadowcolor>
								<align>center</align>
								<aligny>center</aligny>
								<label>$INFO[ListItem.Label]</label>
							</control>
							<control type="image">
								<visible>Container.Content(artists) + String.StartsWith(ListItem.Label,*)</visible>
								<left>11</left>
								<top>9</top>
								<width>185</width>
								<height>185</height>
								<texture diffuse="tajo/mask_circle.png" background="true">tajo/magazine/allartists.jpg</texture>
								<aspectratio scalediffuse="false">scale</aspectratio>
							</control>
							<control type="textbox">
								<visible>Container.Content(artists) + String.StartsWith(ListItem.Label,*)</visible>
								<left>4</left>
								<top>9</top>
								<width>200</width>
								<height>190</height>
								<font>titlesmall</font>
								<textcolor>white</textcolor>
								<shadowcolor>black</shadowcolor>
								<align>center</align>
								<aligny>center</aligny>
								<label>$LOCALIZE[15103]</label>
							</control>
							<control type="image">
								<left>12</left>
								<top>136</top>
								<width>174</width>
								<height>50</height>
								<texture background="true">$INFO[ListItem.Art(clearlogo)]</texture>
								<aspectratio>keep</aspectratio>
							</control>
							<control type="textbox">
								<visible>Container.Content(artists) + String.IsEmpty(ListItem.Art(clearlogo))</visible>
								<left>1</left>
								<top>144</top>
								<width>168</width>
								<height>47</height>
								<align>right</align>
								<font>titleartist</font>
								<label>$INFO[ListItem.Artist]</label>
								<textcolor>white</textcolor>
								<shadowcolor>black</shadowcolor>
							</control>
						</control>
					</focusedlayout>
				</control>
			</control>
			<!-- Info Panel -->
			<control type="group">
				<visible>Control.IsVisible(597) + [Container.Content(albums) | Container.Content(artists)]</visible>
				<visible>!ListItem.IsParentFolder</visible>
				<left>90</left>
				<top>90</top>
				<control type="textbox" id="5011">
					<visible>![Container.Content(albums) + String.StartsWith(ListItem.Label,*)]</visible>
					<left>25</left>
					<top>-800</top>
					<width>510</width>
					<height>60</height>
					<aligny>center</aligny>
					<align>center</align>
					<font>titlemus2</font>
					<label>1234 13 $INFO[ListItem.Label]$INFO[ListItem.Year, (,)]</label>
					<textcolor>00ffffff</textcolor>
				</control>
				<control type="label">
					<animation effect="slide" end="0,-248" time="0" condition="Container.Content(albums) + String.IsEmpty(ListItem.Property(Album_Description))">Conditional</animation>
					<visible>![Container.Content(albums) + String.StartsWith(ListItem.Label,*)] + !Container(5011).HasNext</visible>
					<left>25</left>
					<top>640</top>
					<width>510</width>
					<height>40</height>
					<aligny>center</aligny>
					<align>center</align>
					<font>titlemove</font>
					<label>$INFO[ListItem.Label]$INFO[ListItem.Year, (,)]</label>
					<shadowcolor>black</shadowcolor>
				</control>
				<control type="textbox" id="5022">
					<animation effect="slide" end="0,-248" time="0" condition="Container.Content(albums) + String.IsEmpty(ListItem.Property(Album_Description))">Conditional</animation>
					<visible>![Container.Content(albums) + String.StartsWith(ListItem.Label,*)] + Container(5011).HasNext + !Container(5022).HasNext</visible>
					<left>25</left>
					<top>615</top>
					<width>510</width>
					<height>90</height>
					<aligny>center</aligny>
					<align>center</align>
					<font>titlemus2</font>
					<label>$INFO[ListItem.Label]$INFO[ListItem.Year, (,)]</label>
				</control>
				<control type="textbox">
					<animation effect="slide" end="0,-248" time="0" condition="Container.Content(albums) + String.IsEmpty(ListItem.Property(Album_Description))">Conditional</animation>
					<visible>![Container.Content(albums) + String.StartsWith(ListItem.Label,*)] + Container(5011).HasNext + Container(5022).HasNext</visible>
					<left>25</left>
					<top>615</top>
					<width>510</width>
					<height>80</height>
					<aligny>center</aligny>
					<align>center</align>
					<font>titletri</font>
					<autoscroll delay="2000" time="2000" repeat="2000">Skin.HasSetting(Enable.AutoScroll)</autoscroll>
					<label>$INFO[ListItem.Label]$INFO[ListItem.Year, (,)]</label>
				</control>
				<control type="textbox" id="5012">
					<visible>Container.Content(albums) + !String.StartsWith(ListItem.Label,*)</visible>
					<left>25</left>
					<top>-800</top>
					<width>510</width>
					<height>60</height>
					<aligny>center</aligny>
					<align>center</align>
					<font>titlemus2</font>
					<label>1234 123 $INFO[ListItem.Artist]</label>
					<textcolor>00ffffff</textcolor>
				</control>
				<control type="label">
					<visible>Container.Content(albums) + !String.StartsWith(ListItem.Label,*) + !Container(5012).HasNext</visible>
					<visible>!Container.Content(musicvideos) + !String.StartsWith(container.folderpath,library://video/musicvideos/) + !String.StartsWith(container.folderpath,videodb://musicvideos)</visible>
					<left>25</left>
					<top>950</top>
					<width>510</width>
					<height>40</height>
					<aligny>center</aligny>
					<align>center</align>
					<font>titlemove</font>
					<textcolor>white</textcolor>
					<label>$INFO[ListItem.Artist]</label>
					<shadowcolor>black</shadowcolor>
				</control>
				<control type="textbox">
					<visible>Container.Content(albums) + !String.StartsWith(ListItem.Label,*) + Container(5012).HasNext</visible>
					<visible>!Container.Content(musicvideos) + !String.StartsWith(container.folderpath,library://video/musicvideos/) + !String.StartsWith(container.folderpath,videodb://musicvideos)</visible>
					<left>25</left>
					<top>925</top>
					<width>510</width>
					<height>90</height>
					<aligny>center</aligny>
					<align>center</align>
					<font>titlemus2</font>
					<textcolor>white</textcolor>
					<label>$INFO[ListItem.Artist]</label>
					<shadowcolor>black</shadowcolor>
				</control>
				<control type="textbox">
					<visible>Container.Content(albums) + !String.StartsWith(ListItem.Label,*)</visible>
					<visible>Container.Content(musicvideos) | String.StartsWith(container.folderpath,library://video/musicvideos/) | String.StartsWith(container.folderpath,videodb://musicvideos)</visible>
					<left>25</left>
					<top>40</top>
					<width>510</width>
					<height>250</height>
					<aligny>center</aligny>
					<align>center</align>
					<font>titlemove</font>
					<textcolor>white</textcolor>
					<label>$INFO[ListItem.Artist]</label>
					<shadowcolor>black</shadowcolor>
				</control>
				<control type="group">
					<left>-80</left>
					<control type="image" id="4587">
						<visible>!Container.OnScrollNext + !Container.OnScrollPrevious</visible>
						<animation effect="fade" start="0" end="100" time="200" reversible="false">Visible</animation>
						<width>120</width>
						<height>45</height>
						<left>370</left>
						<top>1020</top>
						<aspectratio>keep</aspectratio>
						<colordiffuse>99FFFFFF</colordiffuse>
						<texture>$INFO[Container(6874).ListItem.Icon]</texture>
					</control>
					<control type="label">
						<visible>!Container.OnScrollNext + !Container.OnScrollPrevious</visible>
						<animation effect="fade" start="0" end="100" time="1100" reversible="false">Visible</animation>
						<top>1017</top>
						<left>370</left>
						<width>130</width>
						<height>45</height>
						<align>center</align>
						<aligny>center</aligny>
						<label>[B]$INFO[ListItem.Property(Album_Label)][/B]</label>
						<font>font10t</font>
						<textcolor>grey</textcolor>
						<wrapmultiline>true</wrapmultiline>
						<visible>String.IsEmpty(Control.GetLabel(4587))</visible>
					</control>
				</control>
				<control type="image">
					<left>259</left>
					<top>445</top>
					<width>304</width>
					<height>170</height>
					<colordiffuse>ccffffff</colordiffuse>
					<texture background="true" diffuse="tajo/osd_black_bg3.png">$INFO[ListItem.Art(clearart)]</texture>
					<aspectratio>keep</aspectratio>
				</control>
				<control type="group">
					<visible>Container.Content(artists) + !String.IsEmpty(ListItem.Artist)</visible>
					<control type="textbox">
						<visible>String.IsEmpty(ListItem.Appearances)</visible>
						<top>372</top>
						<left>25</left>
						<height>40</height>
						<width>510</width>
						<font>font13</font>
						<aligny>center</aligny>
						<align>left</align>
						<textcolor>themecolor</textcolor>
						<label>[B]$LOCALIZE[132]: [COLOR=FFFFFAF0]$INFO[Container(5971).NumItems][/B][/COLOR]</label>
					</control>
					<control type="textbox">
						<visible>!String.IsEmpty(ListItem.Appearances)</visible>
						<top>372</top>
						<left>25</left>
						<height>40</height>
						<width>510</width>
						<font>font13</font>
						<aligny>center</aligny>
						<align>left</align>
						<textcolor>themecolor</textcolor>
						<label>[B]$LOCALIZE[20389]: [COLOR=FFFFFAF0]$INFO[ListItem.Appearances][/B][/COLOR]</label>
					</control>
					<control type="list" id="5971">
						<top>420</top>
						<left>25</left>
						<width>512</width>
						<height>194</height>
						<orientation>vertical</orientation>
						<scrolltime>1500</scrolltime>
						<autoscroll time="600">Skin.HasSetting(Enable.AutoScroll)</autoscroll>
						<viewtype label="11">list</viewtype>
						<itemlayout width="510" height="32">
							<control type="label">
								<font>Font_plot</font>
								<scroll>false</scroll>
								<height>30</height>
								<aligny>center</aligny>
								<label>- [B]$INFO[ListItem.Label][/B] $INFO[ListItem.Year,(,)]</label>
							</control>
						</itemlayout>
						<focusedlayout width="510" height="32">
							<control type="label">
								<font>Font_plot</font>
								<scroll>false</scroll>
								<height>30</height>
								<aligny>center</aligny>
								<label>- [B]$INFO[ListItem.Label][/B] $INFO[ListItem.Year,(,)]</label>
							</control>
						</focusedlayout>
						<content target="music" sortby="year" sortorder="ascending">$INFO[Container(597).ListItem.FolderPath]</content>
					</control>
					<control type="textbox" id="5972">
						<left>25</left>
						<top>705</top>
						<width>510</width>
						<height>280</height>
						<font>Font_plot</font>
						<align>center</align>
						<label>$INFO[ListItem.Plot]$INFO[ListItem.Property(Artist_Description)]</label>
						<autoscroll delay="6000" time="2000" repeat="7000">Skin.HasSetting(Enable.AutoScroll)</autoscroll>
					</control>
					<control type="textbox">
						<visible>String.IsEmpty(Control.GetLabel(5972))</visible>
						<visible>!Container.Content(musicvideos) + !String.StartsWith(container.folderpath,library://video/musicvideos/) + !String.StartsWith(container.folderpath,videodb://musicvideos)</visible>
						<top>705</top>
						<left>25</left>
						<height>40</height>
						<width>510</width>
						<font>font13</font>
						<aligny>center</aligny>
						<align>left</align>
						<textcolor>themecolor</textcolor>
						<label>[B]$LOCALIZE[134]: [COLOR=FFFFFAF0]$INFO[Container(5973).NumItems][/B][/COLOR]</label>
					</control>
					<control type="list" id="5973">
						<visible>String.IsEmpty(Control.GetLabel(5972))</visible>
						<width>512</width>
						<height>258</height>
						<left>25</left>
						<top>750</top>
						<orientation>vertical</orientation>
						<scrolltime>1500</scrolltime>
						<autoscroll time="600">Skin.HasSetting(Enable.AutoScroll)</autoscroll>
						<viewtype label="14">list</viewtype>
						<itemlayout width="510" height="28">
							<control type="label">
								<scroll>false</scroll>
								<height>28</height>
								<aligny>center</aligny>
								<align>left</align>
								<font>Font_plot</font>
								<selectedcolor>themecolor</selectedcolor>
								<label>- $INFO[ListItem.Label] $INFO[ListItem.Duration,(,)]</label>
							</control>
						</itemlayout>
						<focusedlayout width="510" height="28">
							<control type="label">
								<scroll>false</scroll>
								<height>28</height>
								<aligny>center</aligny>
								<align>left</align>
								<font>Font_plot</font>
								<selectedcolor>themecolor</selectedcolor>
								<label>- $INFO[ListItem.Label] $INFO[ListItem.Duration,(,)]</label>
							</control>
						</focusedlayout>
						<content target="music" sortby="track" sortorder="ascending">$INFO[Container(597).ListItem.DBID,musicdb://artists/,/*]</content>
					</control>
					<control type="list" id="5949">
						<animation effect="slide" end="0,290" time="0" condition="String.IsEmpty(ListItem.Plot)">Conditional</animation>
						<visible>Container.Content(musicvideos) | String.StartsWith(container.folderpath,library://video/musicvideos/) | String.StartsWith(container.folderpath,videodb://musicvideos)</visible>
						<width>512</width>
						<height>214</height>
						<left>25</left>
						<top>418</top>
						<orientation>vertical</orientation>
						<scrolltime>1500</scrolltime>
						<autoscroll time="600">Skin.HasSetting(Enable.AutoScroll)</autoscroll>
						<itemlayout width="510" height="30">
							<control type="label">
								<scroll>false</scroll>
								<height>30</height>
								<aligny>center</aligny>
								<align>left</align>
								<font>Font_plot</font>
								<selectedcolor>themecolor</selectedcolor>
								<label>[B]· $INFO[ListItem.Label] [/B]$INFO[ListItem.Duration,(,)]</label>
							</control>
						</itemlayout>
						<focusedlayout width="510" height="30">
							<control type="label">
								<scroll>false</scroll>
								<height>30</height>
								<aligny>center</aligny>
								<align>left</align>
								<font>Font_plot</font>
								<selectedcolor>themecolor</selectedcolor>
								<label>[B]· $INFO[ListItem.Label] [/B]$INFO[ListItem.Duration,(,)]</label>
							</control>
						</focusedlayout>
						<content>videodb://musicvideos/artists/$INFO[Container(597).ListItem.DBID]/-1/?artistid=$INFO[Container(597).ListItem.DBID]</content>
					</control>
				</control>
				<control type="group">
					<visible>Container.Content(albums) + !String.IsEmpty(ListItem.Album)</visible>
					<control type="textbox">
						<visible>String.IsEmpty(ListItem.Property(Album_Description))</visible>
						<visible>!Container.Content(musicvideos) + !String.StartsWith(container.folderpath,library://video/musicvideos/) + !String.StartsWith(container.folderpath,videodb://musicvideos)</visible>
						<left>23</left>
						<top>437</top>
						<height>74</height>
						<width>545</width>
						<font>font13</font>
						<aligny>center</aligny>
						<align>left</align>
						<textcolor>themecolor</textcolor>
						<label>[B]$LOCALIZE[134]: [/B][COLOR=FFFFFFFF]$INFO[Container(3547).NumItems][/COLOR] $INFO[ListItem.Property(Album_Duration),[B]  $LOCALIZE[180]: [/B][COLOR=FFFFFFFF],[/COLOR]]</label>
					</control>
					<control type="textbox">
						<visible>!String.IsEmpty(ListItem.Property(Album_Description))</visible>
						<visible>!Container.Content(musicvideos) + !String.StartsWith(container.folderpath,library://video/musicvideos/) + !String.StartsWith(container.folderpath,videodb://musicvideos)</visible>
						<left>23</left>
						<top>352</top>
						<height>74</height>
						<width>545</width>
						<font>font13</font>
						<aligny>center</aligny>
						<align>left</align>
						<textcolor>themecolor</textcolor>
						<label>[B]$LOCALIZE[134]: [/B][COLOR=FFFFFFFF]$INFO[Container(3548).NumItems][/COLOR] $INFO[ListItem.Property(Album_Duration),[B]  $LOCALIZE[180]: [/B][COLOR=FFFFFFFF],[/COLOR]]</label>
					</control>
					<control type="textbox">
						<visible>String.IsEmpty(ListItem.Property(Album_Description)) + [Container.Content(musicvideos) | String.StartsWith(container.folderpath,library://video/musicvideos/) | String.StartsWith(container.folderpath,videodb://musicvideos)]</visible>
						<left>25</left>
						<top>437</top>
						<height>74</height>
						<width>510</width>
						<font>font13</font>
						<aligny>center</aligny>
						<align>left</align>
						<textcolor>themecolor</textcolor>
						<label>[B]$LOCALIZE[20389]: [/B][COLOR=FFFFFFFF]$INFO[Container(4547).NumItems][/COLOR]</label>
					</control>
					<control type="textbox">
						<visible>!String.IsEmpty(ListItem.Property(Album_Description)) + [Container.Content(musicvideos) | String.StartsWith(container.folderpath,library://video/musicvideos/) | String.StartsWith(container.folderpath,videodb://musicvideos)]</visible>
						<left>25</left>
						<top>352</top>
						<height>74</height>
						<width>510</width>
						<font>font13</font>
						<aligny>center</aligny>
						<align>left</align>
						<textcolor>themecolor</textcolor>
						<label>[B]$LOCALIZE[20389]: [/B][COLOR=FFFFFFFF]$INFO[Container(4548).NumItems][/COLOR]</label>
					</control>
					<control type="list" id="3547">
						<visible>String.IsEmpty(ListItem.Property(Album_Description))</visible>
						<visible>!Container.Content(musicvideos) + !String.StartsWith(container.folderpath,library://video/musicvideos/) + !String.StartsWith(container.folderpath,videodb://musicvideos)</visible>
						<left>27</left>
						<top>498</top>
						<width>512</width>
						<height>424</height>
						<orientation>vertical</orientation>
						<scrolltime>1500</scrolltime>
						<autoscroll time="600">Skin.HasSetting(Enable.AutoScroll)</autoscroll>
						<viewtype label="Songs">list</viewtype>
						<itemlayout width="510" height="28">
							<control type="label">
								<font>Font_plot</font>
								<scroll>false</scroll>
								<height>28</height>
								<aligny>center</aligny>
								<selectedcolor>themecolor</selectedcolor>
								<label>[LOWERCASE][CAPITALIZE]$INFO[ListItem.TrackNumber]. $INFO[ListItem.Label]$INFO[ListItem.Duration, (,)][/CAPITALIZE][/LOWERCASE]</label>
							</control>
						</itemlayout>
						<focusedlayout width="510" height="28">
							<control type="label">
								<font>Font_plot</font>
								<scroll>false</scroll>
								<height>28</height>
								<aligny>center</aligny>
								<selectedcolor>themecolor</selectedcolor>
								<label>[LOWERCASE][CAPITALIZE]$INFO[ListItem.TrackNumber]. $INFO[ListItem.Label]$INFO[ListItem.Duration, (,)][/CAPITALIZE][/LOWERCASE]</label>
							</control>
						</focusedlayout>
						<content target="music" sortby="track">$INFO[Container(597).ListItem.DBID,musicdb://albums/,/*]</content>
					</control>
					<control type="list" id="4547">
						<visible>String.IsEmpty(ListItem.Property(Album_Description)) + [Container.Content(musicvideos) | String.StartsWith(container.folderpath,library://video/musicvideos/) | String.StartsWith(container.folderpath,videodb://musicvideos)]</visible>
						<left>27</left>
						<top>498</top>
						<width>512</width>
						<height>424</height>
						<orientation>vertical</orientation>
						<scrolltime>1500</scrolltime>
						<autoscroll time="600">Skin.HasSetting(Enable.AutoScroll)</autoscroll>
						<viewtype label="Songs">list</viewtype>
						<itemlayout width="510" height="28">
							<control type="label">
								<font>Font_plot</font>
								<scroll>false</scroll>
								<height>28</height>
								<aligny>center</aligny>
								<selectedcolor>themecolor</selectedcolor>
								<label>[B][LOWERCASE][CAPITALIZE]$INFO[ListItem.TrackNumber]· $INFO[ListItem.Label][/B]$INFO[ListItem.Duration, (,)][/CAPITALIZE][/LOWERCASE]</label>
							</control>
						</itemlayout>
						<focusedlayout width="510" height="28">
							<control type="label">
								<font>Font_plot</font>
								<scroll>false</scroll>
								<height>28</height>
								<aligny>center</aligny>
								<selectedcolor>themecolor</selectedcolor>
								<label>[B][LOWERCASE][CAPITALIZE]$INFO[ListItem.TrackNumber]· $INFO[ListItem.Label][/B]$INFO[ListItem.Duration, (,)][/CAPITALIZE][/LOWERCASE]</label>
							</control>
						</focusedlayout>
						<content target="music" sortby="track" sortorder="ascending">$INFO[Container(597).ListItem.FolderPath]</content>
					</control>
					<control type="list" id="3548">
						<visible>!String.IsEmpty(ListItem.Property(Album_Description))</visible>
						<visible>!Container.Content(musicvideos) + !String.StartsWith(container.folderpath,library://video/musicvideos/) + !String.StartsWith(container.folderpath,videodb://musicvideos)</visible>
						<left>25</left>
						<top>418</top>
						<width>512</width>
						<height>199</height>
						<orientation>vertical</orientation>
						<scrolltime>1500</scrolltime>
						<autoscroll time="600">Skin.HasSetting(Enable.AutoScroll)</autoscroll>
						<viewtype label="Songs">list</viewtype>
						<itemlayout width="510" height="28">
							<control type="label">
								<font>Font_plot</font>
								<scroll>false</scroll>
								<height>28</height>
								<aligny>center</aligny>
								<selectedcolor>themecolor</selectedcolor>
								<label>[LOWERCASE][CAPITALIZE]$INFO[ListItem.TrackNumber]. $INFO[ListItem.Label]$INFO[ListItem.Duration, (,)][/CAPITALIZE][/LOWERCASE]</label>
							</control>
						</itemlayout>
						<focusedlayout width="510" height="28">
							<control type="label">
								<font>Font_plot</font>
								<scroll>false</scroll>
								<height>28</height>
								<aligny>center</aligny>
								<selectedcolor>themecolor</selectedcolor>
								<label>[LOWERCASE][CAPITALIZE]$INFO[ListItem.TrackNumber]. $INFO[ListItem.Label]$INFO[ListItem.Duration, (,)][/CAPITALIZE][/LOWERCASE]</label>
							</control>
						</focusedlayout>
						<content target="music" sortby="track">$INFO[Container(597).ListItem.DBID,musicdb://albums/,/*]</content>
					</control>
					<control type="list" id="4548">
						<visible>!String.IsEmpty(ListItem.Property(Album_Description)) + [Container.Content(musicvideos) | String.StartsWith(container.folderpath,library://video/musicvideos/) | String.StartsWith(container.folderpath,videodb://musicvideos)]</visible>
						<left>25</left>
						<top>418</top>
						<width>512</width>
						<height>199</height>
						<orientation>vertical</orientation>
						<scrolltime>1500</scrolltime>
						<autoscroll time="600">Skin.HasSetting(Enable.AutoScroll)</autoscroll>
						<viewtype label="Songs">list</viewtype>
						<itemlayout width="510" height="28">
							<control type="label">
								<font>Font_plot</font>
								<scroll>false</scroll>
								<height>28</height>
								<aligny>center</aligny>
								<selectedcolor>themecolor</selectedcolor>
								<label>[B][LOWERCASE][CAPITALIZE]$INFO[ListItem.TrackNumber]· $INFO[ListItem.Label][/B]$INFO[ListItem.Duration, (,)][/CAPITALIZE][/LOWERCASE]</label>
							</control>
						</itemlayout>
						<focusedlayout width="510" height="28">
							<control type="label">
								<font>Font_plot</font>
								<scroll>false</scroll>
								<height>28</height>
								<aligny>center</aligny>
								<selectedcolor>themecolor</selectedcolor>
								<label>[B][LOWERCASE][CAPITALIZE]$INFO[ListItem.TrackNumber]· $INFO[ListItem.Label][/B]$INFO[ListItem.Duration, (,)][/CAPITALIZE][/LOWERCASE]</label>
							</control>
						</focusedlayout>
						<content target="music" sortby="track" sortorder="ascending">$INFO[Container(597).ListItem.FolderPath]</content>
					</control>
					<control type="textbox">
						<left>25</left>
						<top>713</top>
						<height>212</height>
						<width>510</width>
						<font>Font_plot</font>
						<align>center</align>
						<autoscroll delay="6000" time="2000" repeat="6000">Skin.HasSetting(Enable.AutoScroll)</autoscroll>
						<label>$INFO[ListItem.Property(Album_Description)]</label>
					</control>
					<control type="image">
						<animation effect="fade" start="0" end="100" time="200">Visible</animation>
						<visible>!String.IsEmpty(Window(Home).Property(extras_music_yes)) + Skin.HasSetting(SearchExtrasMusic)</visible>
						<left>18</left>
						<top>297</top>
						<width>60</width>
						<height>60</height>
						<colordiffuse>bbffffff</colordiffuse>
						<texture background="true">tajo/extras.png</texture>
						<aspectratio>keep</aspectratio>
					</control>
					<control type="label">
						<animation effect="fade" start="0" end="100" time="200">Visible</animation>
						<visible>!String.IsEmpty(Window(Home).Property(extras_music_yes)) + Skin.HasSetting(SearchExtrasMusic)</visible>
						<align>left</align>
						<left>22</left>
						<top>323</top>
						<width min="20" max="300">auto</width>
						<height>34</height>
						<textcolor>ffdadada</textcolor>
						<shadowcolor>black</shadowcolor>
						<font>font_Extras</font>
						<label>$LOCALIZE[31014]</label>
					</control>
				</control>
			</control>
			<control type="scrollbar" id="80">
				<include>ScrollBar_Vertical</include>
				<left>1961</left>
				<top>125</top>
				<height>1000</height>
				<onleft>50</onleft>
				<onright>50</onright>
				<visible allowhiddenfocus="true">Control.IsVisible(597) + Control.HasFocus(80)</visible>
			</control>
			<control type="group">
				<left>270</left>
				<top>1100</top>
				<control type="image">
					<animation effect="slide" end="-2,20" condition="true">Conditional</animation>
					<width>30</width>
					<height>30</height>
					<aspectratio>keep</aspectratio>
					<texture colordiffuse="$VAR[Colour_UserRating]">star.png</texture>
					<visible>!String.IsEmpty(ListItem.UserRating)</visible>
				</control>
				<control type="label">
					<animation effect="slide" end="34,13" condition="true">Conditional</animation>
					<width>40</width>
					<visible>!String.IsEmpty(ListItem.UserRating)</visible>
					<align>left</align>
					<aligny>bottom</aligny>
					<font>font13_bold</font>
					<label>[COLOR white][B]$INFO[ListItem.UserRating][/B][/COLOR]</label>
					<textcolor>FFFFFAF0</textcolor>
					<shadowcolor>black</shadowcolor>
				</control>
			</control>
		</control>
	</include>
</includes>
