<includes>
	<!--#############################################################################   VISTA TRIPLE - ID 590   #############################################################################-->
	<include name="ViewTriple">
		<control type="group">
			<visible>Control.IsVisible(590)</visible>
			<top>-13</top>
			<left>8</left>
			<include>ViewBack4</include>
			<control type="image">
				<left>-100</left>
				<top>-100</top>
				<width>2200</width>
				<height>1300</height>
				<animation effect="fade" end="65" condition="true">Conditional</animation>
				<texture diffuse="tajo/mask_cover3.png">tajo/solid_bg.png</texture>
				<aspectratio align="center">stretch</aspectratio>
				<colordiffuse>black</colordiffuse>
			</control>
			<control type="image">
				<visible>Control.IsVisible(590) + Container.Content(tvshows)</visible>
				<visible>!ListItem.IsParentFolder</visible>
				<animation effect="rotate" center="auto" start="90" end="90" condition="true">Conditional</animation>
				<left>551</left>
				<top>548</top>
				<width>1062</width>
				<height>3</height>
				<texture>tajo/line.png</texture>
			</control>
			<control type="image">
				<animation effect="rotate" center="auto" start="-90" end="-90" condition="true">Conditional</animation>
				<left>-10</left>
				<top>548</top>
				<width>1062</width>
				<height>3</height>
				<texture>tajo/line.png</texture>
			</control>
			<control type="group">
				<visible>Container.Content(movies) | Container.Content(tvshows) | Container.Content(sets)</visible>
				<control type="wraplist" id="590">
					<viewtype label="Triple">list</viewtype>
					<width>600</width>
					<height>1105</height>
					<top>12</top>
					<left>25</left>
					<pagecontrol>80</pagecontrol>
					<scrolltime tween="cubic" easing="out">500</scrolltime>
					<orientation>vertical</orientation>
					<autoscroll>false</autoscroll>
					<movement>2</movement>
					<focusposition>1</focusposition>
					<preloaditems>2</preloaditems>
					<onleft condition="!Container.Content(seasons) + !Container.Content(episodes) + !ListItem.IsParentFolder + [String.Contains(Container.SortMethod,$LOCALIZE[369]) | String.Contains(Container.SortMethod,$LOCALIZE[557])]">5919</onleft>
					<onleft>80</onleft>
					<onright condition="Container.Content(tvshows) + Control.IsVisible(5903)">5903</onright>
					<onright condition="[Container.Content(movies) | Container.Content(sets)] + [!String.IsEmpty(Window(Home).Property(extras_yes)) | Integer.IsGreater(Container(3322).NumItems,0)] + Skin.HasSetting(SearchExtras) + Player.Playing + !String.Contains(Player.Filenameandpath,theme.mp3)">Stop</onright>
					<onright condition="[Container.Content(movies) | Container.Content(sets)] + [!String.IsEmpty(Window(Home).Property(extras_yes)) | Integer.IsGreater(Container(3322).NumItems,0)] + Skin.HasSetting(SearchExtras) + Player.Playing + !String.Contains(Player.Filenameandpath,theme.mp3)">SetFocus(8541)</onright>
					<onright condition="[Container.Content(movies) | Container.Content(sets)] + [!String.IsEmpty(Window(Home).Property(extras_yes)) | Integer.IsGreater(Container(3322).NumItems,0)] + Skin.HasSetting(SearchExtras)">8544</onright>
					<onup>590</onup>
					<ondown>590</ondown>
					<visible>Container.Content(movies) | Container.Content(tvshows) | Container.Content(sets)</visible>
					<focusedlayout height="270">
						<control type="button" id="2893">
							<include>HiddenObject</include>
							<visible>!String.IsEmpty(Window(Home).Property(FirstRow))</visible>
							<onfocus condition="!String.IsEmpty(Window(Home).Property(FirstRow))">ClearProperty(FirstRow,home)</onfocus>
							<onfocus condition="!String.IsEmpty(Window(Home).Property(extras_yes))">ClearProperty(extras_yes,home)</onfocus>
						</control>
						<control type="image">
							<visible>!Container.OnNext + !Container.OnPrevious</visible>
							<animation effect="fade" start="0" end="100" time="500" tween="sine" easing="inout">Visible</animation>
							<left>25</left>
							<width>469</width>
							<height>270</height>
							<texture diffuse="tajo/recua1.png">$VAR[Option_Back]</texture>
							<aspectratio align="center">stretch</aspectratio>
							<colordiffuse>ddffffff</colordiffuse>
						</control>
						<control type="group">
							<top>14</top>
							<left>30</left>
							<control type="group">
								<control type="image">
									<animation effect="rotate" end="180" center="auto" condition="true">Conditional</animation>
									<top>240</top>
									<left>11</left>
									<width>438</width>
									<height>5</height>
									<aspectratio align="center">stretch</aspectratio>
									<texture diffuse="tajo/mask_cover3.png">tajo/$VAR[GlobalCaseVarTajo]</texture>
								</control>
								<control type="image">
									<left>10</left>
									<width>440</width>
									<height>242</height>
									<texture diffuse="tajo/mask_cover3.png" background="true">$INFO[ListItem.Art(fanart)]</texture>
									<aspectratio align="center">scale</aspectratio>
								</control>
								<control type="image">
									<visible>ListItem.IsParentFolder</visible>
									<left>10</left>
									<width>440</width>
									<height>242</height>
									<texture background="true">tajo/fondo_2.png</texture>
									<aspectratio align="center">scale</aspectratio>
								</control>
								<control type="image">
									<visible>ListItem.IsParentFolder</visible>
									<left>10</left>
									<width>440</width>
									<height>242</height>
									<texture>tajo/FolderBack.png</texture>
									<aspectratio align="center">keep</aspectratio>
								</control>
								<control type="image">
									<left>394</left>
									<width>55</width>
									<height>55</height>
									<texture colordiffuse="DDff0303">$VAR[watched_style]</texture>
									<visible>String.IsEqual(ListItem.Overlay,OverlayWatched.png)</visible>
								</control>
								<control type="image">
									<visible>!ListItem.IsParentFolder</visible>
									<left>10</left>
									<width>55</width>
									<height>55</height>
									<texture flipx="true" background="true">tajo/shelf/corner2.png</texture>
									<aspectratio scalediffuse="false">keep</aspectratio>
									<visible>!String.IsEqual(ListItem.Overlay,OverlayWatched.png) + [Container.Content(tvshows) | Container.Content(seasons)]</visible>
								</control>
								<control type="label">
									<visible>!String.IsEqual(ListItem.Overlay,OverlayWatched.png)</visible>
									<left>13</left>
									<top>-15</top>
									<font>titlesmall3</font>
									<textcolor>white</textcolor>
									<shadowcolor>black</shadowcolor>
									<align>left</align>
									<aligny>center</aligny>
									<width>60</width>
									<height>52</height>
									<label>$INFO[ListItem.Property(UnWatchedEpisodes)]</label>
								</control>
								<control type="image">
									<animation effect="fade" end="45" condition="true">Conditional</animation>
									<left>9</left>
									<top>73</top>
									<width>443</width>
									<height>170</height>
									<texture diffuse="tajo/mask_cover3.png">tajo/shadow_mask.png</texture>
									<colordiffuse>black</colordiffuse>
								</control>
								<control type="image">
									<left>130</left>
									<top>80</top>
									<width>260</width>
									<height>157</height>
									<aspectratio aligny="bottom" align="right">keep</aspectratio>
									<texture background="true">$INFO[ListItem.Art(clearlogo)]</texture>
								</control>
								<control type="textbox">
									<visible>String.IsEmpty(ListItem.Art(clearlogo))</visible>
									<visible>!ListItem.IsParentFolder</visible>
									<left>20</left>
									<top>107</top>
									<width>390</width>
									<height>117</height>
									<align>right</align>
									<aligny>center</aligny>
									<font>titletri</font>
									<label>$INFO[ListItem.Label]</label>
									<textcolor>white</textcolor>
									<shadowcolor>black</shadowcolor>
								</control>
							</control>
						</control>
					</focusedlayout>
					<itemlayout height="270">
						<control type="image">
							<left>-130</left>
							<width>630</width>
							<height>3</height>
							<texture diffuse="tajo/shadow_mask_v5.png">tajo/line.png</texture>
						</control>
						<control type="group">
							<top>14</top>
							<left>30</left>
							<control type="group">
								<control type="image">
									<animation effect="rotate" end="180" center="auto" condition="true">Conditional</animation>
									<top>240</top>
									<left>11</left>
									<width>438</width>
									<height>5</height>
									<aspectratio align="center">stretch</aspectratio>
									<texture diffuse="tajo/mask_cover3.png">tajo/$VAR[GlobalCaseVarTajo]</texture>
								</control>
								<control type="image">
									<left>10</left>
									<width>440</width>
									<height>242</height>
									<texture diffuse="tajo/mask_cover3.png" background="true">$INFO[ListItem.Art(fanart)]</texture>
									<aspectratio align="center">scale</aspectratio>
								</control>
								<control type="image">
									<visible>ListItem.IsParentFolder</visible>
									<left>10</left>
									<width>440</width>
									<height>242</height>
									<texture background="true">tajo/fondo_2.png</texture>
									<aspectratio align="center">scale</aspectratio>
								</control>
								<control type="image">
									<visible>ListItem.IsParentFolder</visible>
									<left>10</left>
									<width>440</width>
									<height>242</height>
									<texture>tajo/FolderBack.png</texture>
									<aspectratio align="center">keep</aspectratio>
								</control>
								<control type="image">
									<left>394</left>
									<width>55</width>
									<height>55</height>
									<texture colordiffuse="DDff0303">$VAR[watched_style]</texture>
									<visible>String.IsEqual(ListItem.Overlay,OverlayWatched.png)</visible>
								</control>
								<control type="image">
									<visible>!ListItem.IsParentFolder</visible>
									<left>10</left>
									<width>55</width>
									<height>55</height>
									<texture flipx="true" background="true">tajo/shelf/corner2.png</texture>
									<aspectratio scalediffuse="false">keep</aspectratio>
									<visible>!String.IsEqual(ListItem.Overlay,OverlayWatched.png) + [Container.Content(tvshows) | Container.Content(seasons)]</visible>
								</control>
								<control type="label">
									<visible>!String.IsEqual(ListItem.Overlay,OverlayWatched.png)</visible>
									<left>13</left>
									<top>-15</top>
									<font>titlesmall3</font>
									<textcolor>white</textcolor>
									<shadowcolor>black</shadowcolor>
									<align>left</align>
									<aligny>center</aligny>
									<width>60</width>
									<height>52</height>
									<label>$INFO[ListItem.Property(UnWatchedEpisodes)]</label>
								</control>
								<control type="image">
									<animation effect="fade" end="45" condition="true">Conditional</animation>
									<left>9</left>
									<top>73</top>
									<width>443</width>
									<height>170</height>
									<texture diffuse="tajo/mask_cover3.png">tajo/shadow_mask.png</texture>
									<colordiffuse>black</colordiffuse>
								</control>
								<control type="image">
									<left>130</left>
									<top>80</top>
									<width>260</width>
									<height>157</height>
									<aspectratio aligny="bottom" align="right">keep</aspectratio>
									<texture background="true">$INFO[ListItem.Art(clearlogo)]</texture>
								</control>
								<control type="textbox">
									<visible>String.IsEmpty(ListItem.Art(clearlogo))</visible>
									<visible>!ListItem.IsParentFolder</visible>
									<left>20</left>
									<top>107</top>
									<width>390</width>
									<height>117</height>
									<align>right</align>
									<aligny>center</aligny>
									<font>titletri</font>
									<label>$INFO[ListItem.Label]</label>
									<textcolor>white</textcolor>
									<shadowcolor>black</shadowcolor>
								</control>
								<control type="image">
									<colordiffuse>50000000</colordiffuse>
									<left>8</left>
									<width>444</width>
									<height>242</height>
									<texture diffuse="tajo/mask_cover3.png">tajo/solid_bg.png</texture>
									<aspectratio align="center">scale</aspectratio>
								</control>
								<control type="image">
									<visible>!Control.HasFocus(590)</visible>
									<colordiffuse>65000000</colordiffuse>
									<left>8</left>
									<width>444</width>
									<height>242</height>
									<texture diffuse="tajo/mask_cover3.png">tajo/solid_bg.png</texture>
									<aspectratio align="center">scale</aspectratio>
								</control>
							</control>
						</control>
					</itemlayout>
				</control>
				<control type="group">
					<visible>Container.Content(movies) | Container.Content(sets)</visible>
					<control type="videowindow" id="3499">
						<visible>Integer.IsGreater(Player.Time,0) + Skin.HasSetting(playTrailer)</visible>
						<left>1018</left>
						<top>-5</top>
						<width>990</width>
						<height>580</height>
					</control>
					<control type="group">
						<animation effect="fade" start="100" end="0" time="1000" reversible="false" condition="Skin.HasSetting(playTrailer) + !String.IsEmpty(ListItem.Trailer) + !VideoPlayer.IsFullscreen + Player.Playing + !String.IsEqual(ListItem.FileExtension,strm) + !String.Contains(Player.Filenameandpath,theme.mp3) + !Control.HasFocus(8544)">Conditional</animation>
						<left>20</left>
						<top>-35</top>
						<control type="image">
							<left>1038</left>
							<top>30</top>
							<width>920</width>
							<height>540</height>
							<visible>String.IsEmpty(ListItem.Art(fanart1))</visible>
							<aspectratio aligny="top" align="center">scale</aspectratio>
							<texture diffuse="tajo/mask_cover3.png" background="true">$INFO[ListItem.Art(fanart)]</texture>
						</control>
						<control type="multiimage">
							<left>1038</left>
							<top>30</top>
							<width>920</width>
							<height>540</height>
							<aspectratio aligny="top" align="center">scale</aspectratio>
							<fadetime>500</fadetime>
							<visible>!String.IsEmpty(ListItem.Art(fanart1))</visible>
							<imagepath background="true">$INFO[Control.GetLabel(4410)]</imagepath>
						</control>
					</control>
					<control type="group">
						<visible>!ListItem.IsParentFolder</visible>
						<left>-220</left>
						<top>2</top>
						<control type="group">
							<left>332</left>
							<top>-150</top>
							<control type="image">
								<left>945</left>
								<top>70</top>
								<width>260</width>
								<height>1530</height>
								<texture background="true">tajo/osd_black_bg2.png</texture>
								<aspectratio>stretch</aspectratio>
							</control>
							<control type="image">
								<animation effect="rotate" center="auto" start="180" end="180" time="0" condition="true">Conditional</animation>
								<left>547</left>
								<top>70</top>
								<width>400</width>
								<height>1530</height>
								<texture background="true">tajo/osd_black_bg2.png</texture>
								<aspectratio>stretch</aspectratio>
							</control>
						</control>
						<control type="group">
							<top>97</top>
							<left>1250</left>
							<control type="image">
								<left>-100</left>
								<top>296</top>
								<width>2000</width>
								<height>140</height>
								<aspectratio>stretch</aspectratio>
								<texture background="true">tajo/osd_black_bg.png</texture>
							</control>
							<control type="image">
								<animation effect="rotate" center="auto" start="180" end="180" time="0" condition="true">Conditional</animation>
								<left>-100</left>
								<top>434</top>
								<width>2000</width>
								<height>460</height>
								<aspectratio>stretch</aspectratio>
								<texture background="true">tajo/osd_black_bg.png</texture>
							</control>
						</control>
					</control>
					<control type="group">
						<animation effect="fade" start="100" end="0" time="1000" reversible="false" condition="Skin.HasSetting(playTrailer) + !String.IsEmpty(ListItem.Trailer) + !VideoPlayer.IsFullscreen + Player.Playing + !String.IsEqual(ListItem.FileExtension,strm) + !String.Contains(Player.Filenameandpath,theme.mp3) + !Control.HasFocus(8544)">Conditional</animation>
						<left>12</left>
						<top>-65</top>
						<control type="image">
							<visible>Control.HasFocus(8544)</visible>
							<left>860</left>
							<top>75</top>
							<width>1250</width>
							<height>575</height>
							<texture background="true" flipx="true">tajo/gradient_small2.png</texture>
							<aspectratio>stretch</aspectratio>
						</control>
						<control type="group">
							<visible>!ListItem.IsParentFolder</visible>
							<left>-35</left>
							<top>-10</top>
							<control type="image">
								<visible>[!String.IsEmpty(Window(Home).Property(extras_yes)) | Integer.IsGreater(Container(3322).NumItems,0)] + Skin.HasSetting(SearchExtras)</visible>
								<visible>!System.IdleTime(6) + !Control.HasFocus(8544)</visible>
								<animation effect="fade" start="40" end="0" time="1000" pulse="true" condition="true">Conditional</animation>
								<animation effect="fade" start="0" end="100" delay="600" time="200">Visible</animation>
								<animation effect="rotate" center="auto" end="-90" time="0" condition="true">Conditional</animation>
								<left>1850</left>
								<top>100</top>
								<width>32</width>
								<height>32</height>
								<aspectratio aligny="bottom" align="left">keep</aspectratio>
								<texture background="true">arrow_up.png</texture>
							</control>
							<control type="grouplist">
								<left>1464</left>
								<top>97</top>
								<width>400</width>
								<align>right</align>
								<orientation>horizontal</orientation>
								<itemgap>0</itemgap>
								<control type="label">
									<visible>Control.HasFocus(8544)</visible>
									<animation effect="fade" start="0" end="80" time="600">Visible</animation>
									<align>left</align>
									<width min="20" max="200">auto</width>
									<height>40</height>
									<textcolor>white</textcolor>
									<shadowcolor>black</shadowcolor>
									<font>fontDiscog</font>
									<label>$INFO[Container(8544).CurrentItem]</label>
								</control>
								<control type="label">
									<visible>Control.HasFocus(8544)</visible>
									<animation effect="fade" start="0" end="80" time="600">Visible</animation>
									<align>left</align>
									<width min="20" max="200">auto</width>
									<height>34</height>
									<textcolor>white</textcolor>
									<shadowcolor>black</shadowcolor>
									<font>Font_bro</font>
									<label>/$INFO[Container(8544).NumItems]</label>
								</control>
							</control>
							<control type="image">
								<animation effect="fade" start="0" end="100" delay="600" time="200">Visible</animation>
								<visible>[!String.IsEmpty(Window(Home).Property(extras_yes)) | Integer.IsGreater(Container(3322).NumItems,0)] + Skin.HasSetting(SearchExtras)</visible>
								<left>1870</left>
								<top>97</top>
								<width>60</width>
								<height>60</height>
								<colordiffuse>bbffffff</colordiffuse>
								<texture background="true">tajo/extras.png</texture>
								<aspectratio>keep</aspectratio>
							</control>
							<control type="label">
								<animation effect="fade" start="0" end="100" delay="600" time="200">Visible</animation>
								<visible>[!String.IsEmpty(Window(Home).Property(extras_yes)) | Integer.IsGreater(Container(3322).NumItems,0)] + Skin.HasSetting(SearchExtras)</visible>
								<align>left</align>
								<left>1874</left>
								<top>123</top>
								<width min="20" max="300">auto</width>
								<height>34</height>
								<textcolor>ffdadada</textcolor>
								<shadowcolor>black</shadowcolor>
								<font>font_Extras</font>
								<label>$LOCALIZE[31014]</label>
							</control>
							<control type="group">
								<visible>!String.IsEmpty(Window(Home).Property(extras_yes)) | Integer.IsGreater(Container(3322).NumItems,0)</visible>
								<top>153</top>
								<left>1354</left>
								<include condition="Skin.HasSetting(SearchExtras)" content="Extras_view">
									<param name="View_n" value="590"/>
									<param name="HeightList" value="422"/>
									<param name="Num_control" value="8544"/>
									<param name="Num_movement" value="10"/>
								</include>
							</control>
						</control>
					</control>
					<control type="image">
						<visible>!ListItem.IsCollection</visible>
						<animation effect="fade" start="100" end="0" time="1000" reversible="false" condition="Skin.HasSetting(playTrailer) + !String.IsEmpty(ListItem.Trailer) + !VideoPlayer.IsFullscreen + Player.Playing + !String.IsEqual(ListItem.FileExtension,strm) + !String.Contains(Player.Filenameandpath,theme.mp3) + !Control.HasFocus(8544)">Conditional</animation>
						<left>1085</left>
						<top>340</top>
						<width>300</width>
						<height>300</height>
						<fadetime>250</fadetime>
						<colordiffuse>f1ffffff</colordiffuse>
						<aspectratio aligny="bottom" align="left">keep</aspectratio>
						<texture background="true">$INFO[Container(5927).ListItem.Label]</texture>
					</control>
					<control type="image">
						<visible>!ListItem.IsParentFolder</visible>
						<left>554</left>
						<top>28</top>
						<width>480</width>
						<height>710</height>
						<fadetime>250</fadetime>
						<aspectratio aligny="top" align="center">scale</aspectratio>
						<texture diffuse="tajo/mask_cover3.png" background="true">$VAR[poster]</texture>
					</control>
					<control type="multiimage">
						<visible>Skin.HasSetting(extraposters) + !String.IsEmpty(ListItem.Art(poster1)) + !String.IsEmpty(ListItem.Art(poster2))</visible>
						<left>554</left>
						<top>28</top>
						<width>480</width>
						<height>710</height>
						<aspectratio aligny="top" align="center">scale</aspectratio>
						<fadetime>250</fadetime>
						<imagepath background="true">$INFO[Control.GetLabel(5905)]</imagepath>
					</control>
					<control type="image">
						<animation effect="fade" end="25" condition="true">Conditional</animation>
						<visible>!ListItem.IsParentFolder</visible>
						<left>552</left>
						<top>235</top>
						<width>484</width>
						<height>505</height>
						<texture diffuse="tajo/mask_cover3.png">tajo/shadow_mask.png</texture>
						<colordiffuse>black</colordiffuse>
					</control>
					<control type="image">
						<visible>ListItem.IsCollection</visible>
						<left>675</left>
						<top>825</top>
						<width>260</width>
						<height>220</height>
						<fadetime>250</fadetime>
						<colordiffuse>ddffffff</colordiffuse>
						<aspectratio aligny="center" align="center">keep</aspectratio>
						<texture background="true">$INFO[ListItem.Art(clearart)]</texture>
					</control>
					<control type="textbox">
						<visible>!ListItem.IsCollection</visible>
						<visible>!ListItem.IsParentFolder</visible>
						<left>518</left>
						<top>775</top>
						<width>530</width>
						<height>100</height>
						<align>center</align>
						<font>font28</font>
						<textcolor>themecolor</textcolor>
						<label>[B]$VAR[value_ground16_label]:[/B] [COLOR=FFFFFAF0]$VAR[value_ground16_value][/COLOR][CR][CAPITALIZE][B][LOWERCASE]$LOCALIZE[19081]:[/B][/LOWERCASE][/CAPITALIZE][COLOR=FFFFFAF0] $INFO[ListItem.EndTime][/COLOR]</label>
					</control>
					<control type="group">
						<visible>!ListItem.IsCollection</visible>
						<left>524</left>
						<top>820</top>
						<control type="grouplist">
							<left>10</left>
							<top>50</top>
							<width>1000</width>
							      <height>60</height>
							<orientation>horizontal</orientation>
							<itemgap>10</itemgap>
							<control type="label">
								<font>Font_plot</font>
								<align>right</align>
								<aligny>center</aligny>
								<width>60</width>
								<height>60</height>
								<label>$VAR[audiochannelstajo1]</label>
							</control>
							<control type="image">
								<width>80</width>
								<height>40</height>
								<animation effect="slide" start="0,0" end="0,15" time="0" condition="true">Conditional</animation>
								<aspectratio aligny="center" align="center">keep</aspectratio>
								<texture>$VAR[audioc_1]</texture>
							</control>
							<control type="label">
								<font>Font_plot</font>
								<scroll>false</scroll>
								<align>left</align>
								<aligny>center</aligny>
								<width>60</width>
								<height>60</height>
								<label>[LOWERCASE]$INFO[ListItem.Property(AudioLanguage.1)][/LOWERCASE]</label>
							</control>
						</control>
						<control type="grouplist">
							<left>10</left>
							<top>87</top>
							<width>1000</width>
							      <height>60</height>
							<orientation>horizontal</orientation>
							<itemgap>10</itemgap>
							<control type="label">
								<font>Font_plot</font>
								<align>right</align>
								<aligny>center</aligny>
								<width>60</width>
								<height>60</height>
								<label>$VAR[audiochannelstajo3]</label>
							</control>
							<control type="image">
								<width>80</width>
								<height>40</height>
								<animation effect="slide" start="0,0" end="0,15" time="0" condition="true">Conditional</animation>
								<aspectratio aligny="center" align="center">keep</aspectratio>
								<texture>$VAR[audioc_3]</texture>
							</control>
							<control type="label">
								<font>Font_plot</font>
								<scroll>false</scroll>
								<align>left</align>
								<aligny>center</aligny>
								<width>60</width>
								<height>60</height>
								<label>[LOWERCASE]$INFO[ListItem.Property(AudioLanguage.3)][/LOWERCASE]</label>
							</control>
						</control>
					</control>
					<control type="group">
						<visible>!ListItem.IsCollection</visible>
						<left>790</left>
						<top>820</top>
						<control type="grouplist">
							<left>10</left>
							<top>50</top>
							<width>1000</width>
							      <height>60</height>
							<orientation>horizontal</orientation>
							<itemgap>10</itemgap>
							<control type="label">
								<font>Font_plot</font>
								<align>right</align>
								<aligny>center</aligny>
								<width>60</width>
								<height>60</height>
								<label>$VAR[audiochannelstajo2]</label>
							</control>
							<control type="image">
								<width>80</width>
								<height>40</height>
								<animation effect="slide" start="0,0" end="0,15" time="0" condition="true">Conditional</animation>
								<aspectratio aligny="center" align="center">keep</aspectratio>
								<texture>$VAR[audioc_2]</texture>
							</control>
							<control type="label">
								<font>Font_plot</font>
								<scroll>false</scroll>
								<align>left</align>
								<aligny>center</aligny>
								<width>60</width>
								<height>60</height>
								<label>[LOWERCASE]$INFO[ListItem.Property(AudioLanguage.2)][/LOWERCASE]</label>
							</control>
						</control>
						<control type="grouplist">
							<left>10</left>
							<top>87</top>
							<width>1000</width>
							      <height>60</height>
							<orientation>horizontal</orientation>
							<itemgap>10</itemgap>
							<control type="label">
								<font>Font_plot</font>
								<align>right</align>
								<aligny>center</aligny>
								<width>60</width>
								<height>60</height>
								<label>$VAR[audiochannelstajo4]</label>
							</control>
							<control type="image">
								<width>80</width>
								<height>40</height>
								<animation effect="slide" start="0,0" end="0,15" time="0" condition="true">Conditional</animation>
								<aspectratio aligny="center" align="center">keep</aspectratio>
								<texture>$VAR[audioc_4]</texture>
							</control>
							<control type="label">
								<font>Font_plot</font>
								<scroll>false</scroll>
								<align>left</align>
								<aligny>center</aligny>
								<width>60</width>
								<height>60</height>
								<label>[LOWERCASE]$INFO[ListItem.Property(AudioLanguage.4)][/LOWERCASE]</label>
							</control>
						</control>
					</control>
					<control type="group">
						<visible>!ListItem.IsParentFolder</visible>
						<control type="group">
							<left>980</left>
							<top>560</top>
							<control type="group">
								<top>-10</top>
								<left>15</left>
								<control type="textbox" id="2110">
									<top>-800</top>
									<left>58</left>
									<align>center</align>
									<width>840</width>
									<height>60</height>
									<font>titletest</font>
									<label>12345 12345 $INFO[ListItem.Label]</label>
									<textcolor>00ffffff</textcolor>
								</control>
								<control type="textbox">
									<visible>!Container(2110).HasNext</visible>
									<animation effect="fade" start="0" end="100" time="250" tween="sine">Visible</animation>
									<top>-16</top>
									<left>58</left>
									<align>center</align>
									<width>840</width>
									<height>100</height>
									<font>titlelist</font>
									<label>$INFO[ListItem.Label]</label>
									<textcolor>black</textcolor>
								</control>
								<control type="textbox">
									<visible>!Container(2110).HasNext</visible>
									<animation effect="fade" start="0" end="100" time="200" tween="sine">Visible</animation>
									<top>-15</top>
									<left>59</left>
									<align>center</align>
									<width>840</width>
									<height>100</height>
									<font>titlelist</font>
									<label>$INFO[ListItem.Label]</label>
									<shadowcolor>black</shadowcolor>
								</control>
								<control type="textbox" id="2111">
									<animation effect="fade" start="0" end="100" time="250" tween="sine">Visible</animation>
									<visible>Container(2110).HasNext + !Container(2111).HasNext</visible>
									<top>-8</top>
									<left>59</left>
									<align>center</align>
									<width>840</width>
									<height>70</height>
									<font>titlemove</font>
									<label>$INFO[ListItem.Label]</label>
									<textcolor>black</textcolor>
								</control>
								<control type="textbox">
									<animation effect="fade" start="0" end="100" time="200" tween="sine">Visible</animation>
									<visible>Container(2110).HasNext + !Container(2111).HasNext</visible>
									<top>-7</top>
									<left>60</left>
									<align>center</align>
									<width>840</width>
									<height>70</height>
									<font>titlemove</font>
									<label>$INFO[ListItem.Label]</label>
									<shadowcolor>black</shadowcolor>
								</control>
								<control type="textbox">
									<animation effect="fade" start="0" end="100" time="250" tween="sine">Visible</animation>
									<visible>Container(2111).HasNext</visible>
									<top>-25</top>
									<left>58</left>
									<align>center</align>
									<aligny>center</aligny>
									<width>840</width>
									<height>110</height>
									<font>titleshelf</font>
									<label>$INFO[ListItem.Label]</label>
									<textcolor>black</textcolor>
								</control>
								<control type="textbox">
									<animation effect="fade" start="0" end="100" time="200" tween="sine">Visible</animation>
									<visible>Container(2111).HasNext</visible>
									<top>-24</top>
									<left>59</left>
									<align>center</align>
									<aligny>center</aligny>
									<width>840</width>
									<height>110</height>
									<font>titleshelf</font>
									<label>$INFO[ListItem.Label]</label>
									<shadowcolor>black</shadowcolor>
								</control>
							</control>
						</control>
						<control type="textbox">
							<visible>!ListItem.IsCollection + [!Skin.HasSetting(showCast) | !System.HasAddon(script.embuary.helper)]</visible>
							<visible>!ListItem.IsParentFolder</visible>
							<left>1070</left>
							<top>650</top>
							<width>810</width>
							<height>326</height>
							<font>font28</font>
							<align>center</align>
							<label>[B][COLOR themecolor]$VAR[value_ground17_label]:[/COLOR][/B] [COLOR=FFFFFAF0]$VAR[value_ground17_value][/COLOR][B][COLOR themecolor]    [CAPITALIZE]$VAR[value_ground11_label]:[/B][/COLOR] [/CAPITALIZE][COLOR=FFFFFAF0]$VAR[value_ground11_value][/COLOR][CR][COLOR themecolor][B]$VAR[value_ground12_label]:[/B][/COLOR] [COLOR=FFFFFAF0]$VAR[value_ground12_value][/COLOR][B][COLOR themecolor]    $VAR[value_ground14_label]:[/B][/COLOR] [COLOR=FFFFFAF0]$VAR[value_ground14_value][/COLOR]$INFO[ListItem.OriginalTitle,[CR][B][COLOR themecolor]$LOCALIZE[20376]: [/B][/COLOR],][CR][B][COLOR themecolor]$LOCALIZE[207]:[/B][/COLOR] $VAR[value_plot]</label>
							<autoscroll delay="8000" time="2000" repeat="8000">Skin.HasSetting(Enable.AutoScroll)</autoscroll>
						</control>
						<control type="textbox">
							<visible>!ListItem.IsCollection + [Skin.HasSetting(showCast) + System.HasAddon(script.embuary.helper)]</visible>
							<visible>!ListItem.IsParentFolder</visible>
							<left>1070</left>
							<top>650</top>
							<width>570</width>
							<height>326</height>
							<font>font28</font>
							<align>center</align>
							<label>[B][COLOR themecolor]$VAR[value_ground17_label]:[/COLOR][/B] [COLOR=FFFFFAF0]$VAR[value_ground17_value][/COLOR][B][COLOR themecolor]    [CAPITALIZE]$VAR[value_ground11_label]:[/B][/COLOR] [/CAPITALIZE][COLOR=FFFFFAF0]$VAR[value_ground11_value][/COLOR][CR][COLOR themecolor][B]$VAR[value_ground12_label]:[/B][/COLOR] [COLOR=FFFFFAF0]$VAR[value_ground12_value][/COLOR][B][COLOR themecolor]    $VAR[value_ground14_label]:[/B][/COLOR] [COLOR=FFFFFAF0]$VAR[value_ground14_value][/COLOR]$INFO[ListItem.OriginalTitle,[CR][B][COLOR themecolor]$LOCALIZE[20376]: [/B][/COLOR],][CR][B][COLOR themecolor]$LOCALIZE[207]:[/B][/COLOR] $VAR[value_plot]</label>
							<autoscroll delay="5000" time="2000" repeat="5000">Skin.HasSetting(Enable.AutoScroll)</autoscroll>
						</control>
						<control type="textbox">
							<visible>[!System.IdleTime(3) | Integer.IsLess(Container(5952).NumItems,2)] + !ListItem.IsCollection + Skin.HasSetting(showCast)</visible>
							<visible>Integer.IsGreater(Container(524).NumItems,0)</visible>
							<font>Font_plotc</font>
							<align>center</align>
							<left>1660</left>
							<top>650</top>
							<width>230</width>
							<height>328</height>
							<label>[B][COLOR themecolor]$LOCALIZE[206]:[/COLOR][/B][CR][COLOR white]$INFO[Container(524).ListItemAbsolute(0).Label,-,][CR]$INFO[Container(524).ListItemAbsolute(1).Label,-,][CR]$INFO[Container(524).ListItemAbsolute(2).Label,-,][CR]$INFO[Container(524).ListItemAbsolute(3).Label,-,][CR]$INFO[Container(524).ListItemAbsolute(4).Label,-,][CR]$INFO[Container(524).ListItemAbsolute(5).Label,-,][CR]$INFO[Container(524).ListItemAbsolute(6).Label,-,][CR]$INFO[Container(524).ListItemAbsolute(7).Label,-,][CR]$INFO[Container(524).ListItemAbsolute(8).Label,-,][CR]$INFO[Container(524).ListItemAbsolute(9).Label,-,][/COLOR]</label>
						</control>
						<control type="image">
							<visible>Integer.IsGreater(Container(5952).NumItems,1) + !ListItem.IsCollection + Skin.HasSetting(showCast)</visible>
							<include>HiddenObject</include>
							<texture background="true">$INFO[Container(5952).ListItem.Icon]</texture>
						</control>
						<control type="group">
							<left>22</left>
							<control type="textbox">
								<visible>System.IdleTime(3) + Integer.IsGreater(Container(5952).NumItems,1) + !ListItem.IsCollection + Skin.HasSetting(showCast)</visible>
								<visible>!String.IsEqual(Container(5952).ListItem.Label2,Cast)</visible>
								<textcolor>themecolor</textcolor>
								<font>Font_plotc</font>
								<align>center</align>
								<aligny>top</aligny>
								<left>1635</left>
								<top>940</top>
								<width>230</width>
								<height>90</height>
								<label>[B]$INFO[Container(5952).ListItem.Label][/B]</label>
							</control>
							<control type="textbox">
								<visible>System.IdleTime(3) + Integer.IsGreater(Container(5952).NumItems,1) + !ListItem.IsCollection + Skin.HasSetting(showCast)</visible>
								<visible>String.IsEqual(Container(5952).ListItem.Label2,Cast)</visible>
								<textcolor>themecolor</textcolor>
								<font>Font_plotc</font>
								<align>center</align>
								<aligny>top</aligny>
								<left>1638</left>
								<top>650</top>
								<width>230</width>
								<height>328</height>
								<label>$INFO[Container(5952).ListItem.Label]</label>
							</control>
							<control type="image">
								<visible>System.IdleTime(3) + Integer.IsGreater(Container(5952).NumItems,1) + !ListItem.IsCollection + Skin.HasSetting(showCast)</visible>
								<left>1660</left>
								<top>650</top>
								<width>195</width>
								<height>280</height>
								<colordiffuse>DFffffff</colordiffuse>
								<aspectratio align="center" aligny="bottom">keep</aspectratio>
								<fadetime>200</fadetime>
								<texture background="true">$INFO[Container(5952).ListItem.Icon]</texture>
							</control>
						</control>
						<control type="textbox">
							<visible>ListItem.IsCollection</visible>
							<left>1070</left>
							<top>660</top>
							<height>34</height>
							<width>810</width>
							<font>font28</font>
							<aligny>top</aligny>
							<align>center</align>
							<label>[B][COLOR=themecolor]$LOCALIZE[515]: [/COLOR][/B]$INFO[Container(59230).ListItemAbsolute(0).Genre]</label>
						</control>
						<control type="textbox">
							<visible>ListItem.IsCollection</visible>
							<left>1070</left>
							<top>720</top>
							<height>34</height>
							<width>810</width>
							<font>font28</font>
							<aligny>top</aligny>
							<align>center</align>
							<label>[B][COLOR=themecolor]$LOCALIZE[342]: [/COLOR]$INFO[Container(59230).NumItems][/B]</label>
						</control>
						<control type="list" id="59230">
							<visible>ListItem.IsCollection</visible>
							<scrolltime>1500</scrolltime>
							<autoscroll time="600">Skin.HasSetting(Enable.AutoScroll)</autoscroll>
							<left>1070</left>
							<top>780</top>
							<height>281</height>
							<width>810</width>
							<itemlayout height="35">
								<control type="label">
									<left>0</left>
									<top>0</top>
									<height>35</height>
									<width>809</width>
									<align>center</align>
									<scroll>false</scroll>
									<font>font28</font>
									<textcolor>ffd4d4d4</textcolor>
									<label>[B]- $INFO[ListItem.Label] [/B]$INFO[ListItem.Year,(,)]</label>
								</control>
							</itemlayout>
							<focusedlayout height="35">
								<control type="label">
									<left>0</left>
									<top>0</top>
									<height>35</height>
									<width>809</width>
									<align>center</align>
									<scroll>false</scroll>
									<font>font28</font>
									<textcolor>ffd4d4d4</textcolor>
									<label>[B]- $INFO[ListItem.Label] [/B]$INFO[ListItem.Year,(,)]</label>
								</control>
							</focusedlayout>
							<content sortby="year" sortorder="ascending">$INFO[ListItem.FolderPath]</content>
						</control>
						<control type="group">
							<visible>!ListItem.IsCollection</visible>
							<visible>!ListItem.IsParentFolder</visible>
							<left>600</left>
							<top>1002</top>
							<include>IconsVideo</include>
						</control>
					</control>
				</control>
			</control>
			<control type="group">
				<visible>Control.IsVisible(590) + Container.Content(tvshows)</visible>
				<control type="fixedlist" id="5903">
					<visible>Container.Content(tvshows)</visible>
					<visible>!ListItem.IsParentFolder</visible>
					<viewtype label="Triple">list</viewtype>
					<animation effect="fade" start="100" end="70" condition="!Control.HasFocus(5903) + !Control.HasFocus(5904)">Conditional</animation>
					<width>640</width>
					<height>1080</height>
					<top>10</top>
					<left>518</left>
					<scrolltime tween="cubic" easing="out">500</scrolltime>
					<orientation>vertical</orientation>
					<preloaditems>2</preloaditems>
					<movement>3</movement>
					<focusposition>0</focusposition>
					<onleft>590</onleft>
					<onright>SetProperty(TMDbHelper.WidgetContainer,5904,Home)</onright>
					<onright>5904</onright>
					<onup>5903</onup>
					<ondown>5903</ondown>
					<focusedlayout height="270">
						<control type="group">
							<control type="image">
								<left>-80</left>
								<top>268</top>
								<width>648</width>
								<height>3</height>
								<texture diffuse="tajo/shadow_mask_v5.png">tajo/line.png</texture>
							</control>
							<control type="image">
								<top>1.5</top>
								<visible>Control.HasFocus(5903) | Control.HasFocus(5904)</visible>
								<visible>!Container(5903).OnNext + !Container(5903).OnPrevious</visible>
								<animation effect="fade" start="0" end="100" time="500" tween="sine" easing="inout">Visible</animation>
								<width>564</width>
								<height>270</height>
								<texture diffuse="tajo/recua1.png">$VAR[Option_Back]</texture>
								<colordiffuse>ddffffff</colordiffuse>
								<aspectratio align="center">stretch</aspectratio>
							</control>
						</control>
						<control type="group">
							<left>35</left>
							<top>13</top>
							<control type="image">
								<left>10</left>
								<width>170</width>
								<height>242</height>
								<texture diffuse="tajo/mask_cover3.png" background="true">$INFO[ListItem.Art(poster)]</texture>
								<aspectratio align="center">scale</aspectratio>
							</control>
							<control type="image">
								<left>142</left>
								<width>38</width>
								<height>38</height>
								<texture colordiffuse="DDff0303">$VAR[watched_style]</texture>
								<visible>String.IsEqual(ListItem.Overlay,OverlayWatched.png)</visible>
							</control>
							<control type="image">
								<left>10</left>
								<width>55</width>
								<height>55</height>
								<texture flipx="true" background="true">tajo/shelf/corner3.png</texture>
								<aspectratio scalediffuse="false">keep</aspectratio>
								<visible>!String.IsEqual(ListItem.Overlay,OverlayWatched.png)</visible>
							</control>
							<control type="label">
								<visible>!String.IsEqual(ListItem.Overlay,OverlayWatched.png)</visible>
								<left>13</left>
								<top>-15</top>
								<font>titlesmall3</font>
								<textcolor>white</textcolor>
								<shadowcolor>black</shadowcolor>
								<align>left</align>
								<aligny>center</aligny>
								<width>60</width>
								<height>52</height>
								<label>$INFO[ListItem.Property(UnWatchedEpisodes)]</label>
							</control>
							<control type="textbox">
								<left>220</left>
								<top>5</top>
								<height>210</height>
								<right>30</right>
								<width>260</width>
								<font>fontmusic</font>
								<align>left</align>
								<aligny>center</aligny>
								<textcolor>ffd4d4d4</textcolor>
								<label>$INFO[ListItem.Label] $INFO[ListItem.Year,(,)]</label>
								<shadowcolor>black</shadowcolor>
							</control>
						</control>
					</focusedlayout>
					<itemlayout height="270">
						<control type="image">
							<left>-80</left>
							<top>268</top>
							<width>648</width>
							<height>3</height>
							<texture diffuse="tajo/shadow_mask_v5.png">tajo/line.png</texture>
						</control>
						<control type="group">
							<left>35</left>
							<top>13</top>
							<control type="image">
								<left>10</left>
								<width>170</width>
								<height>242</height>
								<texture diffuse="tajo/mask_cover3.png" background="true">$INFO[ListItem.Art(poster)]</texture>
								<aspectratio align="center">scale</aspectratio>
							</control>
							<control type="image">
								<left>142</left>
								<width>38</width>
								<height>38</height>
								<texture colordiffuse="DDff0303">$VAR[watched_style]</texture>
								<visible>String.IsEqual(ListItem.Overlay,OverlayWatched.png)</visible>
							</control>
							<control type="image">
								<left>10</left>
								<width>55</width>
								<height>55</height>
								<texture flipx="true" background="true">tajo/shelf/corner3.png</texture>
								<aspectratio scalediffuse="false">keep</aspectratio>
								<visible>!String.IsEqual(ListItem.Overlay,OverlayWatched.png)</visible>
							</control>
							<control type="label">
								<visible>!String.IsEqual(ListItem.Overlay,OverlayWatched.png)</visible>
								<left>13</left>
								<top>-15</top>
								<font>titlesmall3</font>
								<textcolor>white</textcolor>
								<shadowcolor>black</shadowcolor>
								<align>left</align>
								<aligny>center</aligny>
								<width>60</width>
								<height>52</height>
								<label>$INFO[ListItem.Property(UnWatchedEpisodes)]</label>
							</control>
							<control type="textbox">
								<visible>Control.HasFocus(5903)</visible>
								<left>220</left>
								<top>5</top>
								<height>210</height>
								<right>30</right>
								<width>260</width>
								<font>fontmusic2</font>
								<align>left</align>
								<aligny>center</aligny>
								<textcolor>white</textcolor>
								<label>$INFO[ListItem.Label] $INFO[ListItem.Year,(,)]</label>
								<shadowcolor>black</shadowcolor>
							</control>
							<control type="textbox">
								<visible>!Control.HasFocus(5903)</visible>
								<left>220</left>
								<top>5</top>
								<height>210</height>
								<right>30</right>
								<width>260</width>
								<font>fontmusic2</font>
								<align>left</align>
								<aligny>center</aligny>
								<textcolor>ff696967</textcolor>
								<label>$INFO[ListItem.Label] $INFO[ListItem.Year,(,)]</label>
								<shadowcolor>black</shadowcolor>
							</control>
							<control type="image">
								<top>-1</top>
								<colordiffuse>50000000</colordiffuse>
								<left>10</left>
								<width>170</width>
								<height>242</height>
								<texture diffuse="tajo/mask_cover3.png">tajo/solid_bg.png</texture>
								<aspectratio align="center">scale</aspectratio>
							</control>
						</control>
					</itemlayout>
					<content target="video" sortby="year" sortorder="ascending">$INFO[Container(590).ListItem.FolderPath]</content>
				</control>
			</control>
			<control type="group">
				<top>-48</top>
				<left>89</left>
				<visible>Control.IsVisible(590) + Container.Content(tvshows)</visible>
				<control type="fixedlist" id="5904">
					<visible>!ListItem.IsParentFolder</visible>
					<animation effect="fade" start="100" end="70" condition="!Control.HasFocus(5903) + !Control.HasFocus(5904)">Conditional</animation>
					<width>1000</width>
					<height>1080</height>
					<top>60</top>
					<left>989</left>
					<preloaditems>2</preloaditems>
					<onright>5904</onright>
					<onleft>ClearProperty(TMDbHelper.WidgetContainer,Home)</onleft>
					<onleft>5903</onleft>
					<onup>5904</onup>
					<ondown>5904</ondown>
					<scrolltime tween="cubic" easing="out">500</scrolltime>
					<orientation>vertical</orientation>
					<movement>15</movement>
					<focusposition>0</focusposition>
					<viewtype label="Triple">list</viewtype>
					<itemlayout height="67.5" condition="Container.Content(tvshows)">
						<control type="image">
							<left>-80</left>
							<top>65.5</top>
							<width>915</width>
							<height>3</height>
							<texture diffuse="tajo/shadow_mask_v5.png">tajo/line.png</texture>
						</control>
						<control type="image">
							<animation effect="fade" end="70" condition="true">Conditional</animation>
							<top>1</top>
							<left>790</left>
							<width>43</width>
							<height>43</height>
							<texture colordiffuse="DDff0303">$VAR[watched_style]</texture>
							<visible>String.IsEqual(ListItem.Overlay,OverlayWatched.png)</visible>
						</control>
						<control type="label">
							<visible>Control.HasFocus(5904)</visible>
							<top>1</top>
							<left>25</left>
							<height>58</height>
							<width>784</width>
							<align>left</align>
							<font>fontmusic2</font>
							<textcolor>white</textcolor>
							<label>$INFO[ListItem.Label]  ($VAR[ItemDuration])</label>
							<selectedcolor>white</selectedcolor>
							<shadowcolor>black</shadowcolor>
						</control>
						<control type="label">
							<visible>!Control.HasFocus(5904)</visible>
							<top>1</top>
							<left>25</left>
							<height>58</height>
							<width>784</width>
							<align>left</align>
							<font>fontmusic2</font>
							<textcolor>ff696967</textcolor>
							<label>$INFO[ListItem.Label]  ($VAR[ItemDuration])</label>
							<selectedcolor>white</selectedcolor>
							<shadowcolor>black</shadowcolor>
						</control>
					</itemlayout>
					<focusedlayout height="270" condition="Container.Content(tvshows) + System.IdleTime(2) + Control.HasFocus(5904)">
						<control type="group">
							<visible>System.IdleTime(2) + Control.HasFocus(5904)</visible>
							<control type="image">
								<top>-0.5</top>
								<visible>Control.HasFocus(5904)</visible>
								<width>836</width>
								<height>269.5</height>
								<texture diffuse="tajo/recua1b.png">$VAR[Option_Back]</texture>
								<aspectratio align="center">stretch</aspectratio>
								<colordiffuse>ddffffff</colordiffuse>
							</control>
							<control type="image">
								<visible>Control.IsVisible(5904)</visible>
								<animation effect="fade" end="90" condition="true">Conditional</animation>
								<top>1</top>
								<left>790</left>
								<width>43</width>
								<height>43</height>
								<texture colordiffuse="DDff0303">$VAR[watched_style]</texture>
								<visible>String.IsEqual(ListItem.Overlay,OverlayWatched.png)</visible>
							</control>
						</control>
						<control type="label">
							<visible>System.IdleTime(2) + Control.HasFocus(5904)</visible>
							<top>1</top>
							<left>25</left>
							<height>58</height>
							<width>770</width>
							<align>left</align>
							<font>fontmusic</font>
							<scroll>true</scroll>
							<label>[B]$INFO[ListItem.Label][/B]  ($VAR[ItemDuration])</label>
							<textcolor>white</textcolor>
							<selectedcolor>white</selectedcolor>
							<shadowcolor>black</shadowcolor>
						</control>
						<control type="group">
							<visible>System.IdleTime(2) + Control.HasFocus(5904)</visible>
							<top>19</top>
							<left>30</left>
							<control type="image">
								<top>43</top>
								<left>2</left>
								<width>300</width>
								<height>170</height>
								<texture diffuse="tajo/mask_cover3.png" fallback="tajo/DefaultExtraThumbs.png" background="true">$INFO[ListItem.Icon]</texture>
								<aspectratio align="center">scale</aspectratio>
							</control>
							<control type="label">
								<top>19</top>
								<left>317</left>
								<height>58</height>
								<width>785</width>
								<align>left</align>
								<font>font28</font>
								<scroll>true</scroll>
								<label>[B][CAPITALIZE][COLOR themecolor][LOWERCASE]$LOCALIZE[19081]:[/LOWERCASE][/CAPITALIZE][/COLOR][/B] $INFO[ListItem.EndTime]</label>
								<textcolor>white</textcolor>
								<selectedcolor>white</selectedcolor>
								<shadowcolor>black</shadowcolor>
							</control>
							<control type="group">
								<left>500</left>
								<top>14</top>
								<control type="image">
									<animation effect="slide" end="31,20" condition="true">Conditional</animation>
									<width>30</width>
									<height>30</height>
									<aspectratio>keep</aspectratio>
									<texture colordiffuse="$VAR[Colour_UserRatingT3D]">star.png</texture>
									<visible>!String.IsEmpty(ListItem.UserRating)</visible>
								</control>
								<control type="label">
									<animation effect="slide" end="-12,14" condition="true">Conditional</animation>
									<width>40</width>
									<visible>!String.IsEmpty(ListItem.UserRating)</visible>
									<align>right</align>
									<aligny>bottom</aligny>
									<font>font13_bold</font>
									<label>[COLOR white][B]$INFO[ListItem.UserRating][/B][/COLOR]</label>
									<textcolor>FFFFFAF0</textcolor>
									<shadowcolor>black</shadowcolor>
								</control>
							</control>
							<control type="group">
								<visible>!Skin.HasSetting(OnlineRating)</visible>
								<left>585</left>
								<top>23</top>
								<width>450</width>
								<height>50</height>
								<control type="label">
									<width>70</width>
									<visible>!String.IsEmpty(ListItem.Rating)</visible>
									<align>left</align>
									<aligny>center</aligny>
									<font>font13_bold</font>
									<label>[COLOR=white][B]$INFO[ListItem.Rating][/B][/COLOR]</label>
									<textcolor>white</textcolor>
									<shadowcolor>black</shadowcolor>
								</control>
								<control type="image">
									<top>1</top>
									<left>57</left>
									<width>140</width>
									<height>50</height>
									<texture fallback="$VAR[styleratingstars,,0.png]">$VAR[styleratingstars]$INFO[ListItem.Rating,,.png]</texture>
									<aspectratio align="left" aligny="center">stretch</aspectratio>
									<colordiffuse>$VAR[colorratingstarsT3D]</colordiffuse>
									<visible>!String.IsEqual(ListItem.Label,..)</visible>
								</control>
							</control>
							<control type="group">
								<animation effect="slide" end="-60,0" condition="String.IsEmpty(ListItem.UserRating) + Container.Content(tvshows)">Conditional</animation>
								<control type="group">
									<visible>Skin.HasSetting(OnlineRating)</visible>
									<left>617</left>
									<top>28</top>
									<!-- TMDB -->
									<control type="image">
										<left>-50</left>
										<top>7</top>
										<width>50</width>
										<height>34</height>
										<align>left</align>
										<aligny>center</aligny>
										<aspectratio>keep</aspectratio>
										<texture>$VAR[ratings_path]tmdb.png</texture>
										<visible>!String.IsEmpty(Window(Home).Property(TMDbHelper.ListItem.TMDB_Rating)) + Integer.IsGreater(Window(Home).Property(TMDbHelper.ListItem.TMDB_Rating),0)</visible>
									</control>
									<control type="label">
										<width>88</width>
										<visible>!String.IsEmpty(Window(Home).Property(TMDbHelper.ListItem.TMDB_Rating)) + Integer.IsGreater(Window(Home).Property(TMDbHelper.ListItem.TMDB_Rating),0)</visible>
										<align>left</align>
										<aligny>bottom</aligny>
										<font>font13_bold</font>
										<label>[COLOR white][B]$INFO[Window(Home).Property(TMDbHelper.ListItem.TMDB_Rating)]    [/B][/COLOR]</label>
										<textcolor>FFFFFAF0</textcolor>
										<shadowcolor>black</shadowcolor>
									</control>
								</control>
								<control type="group">
									<visible>Skin.HasSetting(OnlineRating)</visible>
									<left>735</left>
									<top>28</top>
									<!-- IMDB -->
									<control type="image">
										<left>-57</left>
										<top>7</top>
										<width>50</width>
										<height>34</height>
										<align>left</align>
										<aligny>center</aligny>
										<aspectratio>keep</aspectratio>
										<texture>$VAR[ratings_path]imdb.png</texture>
										<visible>!String.IsEmpty(Window(Home).Property(TMDbHelper.ListItem.IMDB_Rating)) + Integer.IsGreater(Window(Home).Property(TMDbHelper.ListItem.IMDB_Rating),0)</visible>
									</control>
									<control type="label">
										<width>88</width>
										<visible>!String.IsEmpty(Window(Home).Property(TMDbHelper.ListItem.IMDB_Rating)) + Integer.IsGreater(Window(Home).Property(TMDbHelper.ListItem.IMDB_Rating),0)</visible>
										<align>left</align>
										<aligny>bottom</aligny>
										<font>font13_bold</font>
										<label>[COLOR white][B]$INFO[Window(Home).Property(TMDbHelper.ListItem.IMDB_Rating)]    [/B][/COLOR]</label>
										<textcolor>FFFFFAF0</textcolor>
										<shadowcolor>black</shadowcolor>
									</control>
								</control>
								<control type="group">
									<visible>Skin.HasSetting(OnlineRating) + [String.IsEmpty(Window(Home).Property(TMDbHelper.ListItem.IMDB_Rating)) | !Integer.IsGreater(Window(Home).Property(TMDbHelper.ListItem.IMDB_Rating),0)]</visible>
									<left>735</left>
									<top>28</top>
									<!-- Trakt -->
									<control type="image">
										<left>-47</left>
										<top>7</top>
										<width>30</width>
										<height>30</height>
										<align>left</align>
										<aligny>center</aligny>
										<aspectratio>keep</aspectratio>
										<texture>$VAR[ratings_path]trakt.png</texture>
										<visible>!String.IsEmpty(Window(Home).Property(TMDbHelper.ListItem.Trakt_Rating)) + Integer.IsGreater(Window(Home).Property(TMDbHelper.ListItem.Trakt_Rating),0)</visible>
									</control>
									<control type="label">
										<left>-10</left>
										<width>88</width>
										<visible>!String.IsEmpty(Window(Home).Property(TMDbHelper.ListItem.Trakt_Rating)) + Integer.IsGreater(Window(Home).Property(TMDbHelper.ListItem.Trakt_Rating),0)</visible>
										<align>left</align>
										<aligny>bottom</aligny>
										<font>font13_bold</font>
										<label>[COLOR white][B]$INFO[Window(Home).Property(TMDbHelper.ListItem.Trakt_Rating)]    [/B][/COLOR]</label>
										<textcolor>FFFFFAF0</textcolor>
										<shadowcolor>black</shadowcolor>
									</control>
								</control>
							</control>
							<control type="textbox">
								<left>317</left>
								<top>76</top>
								<width>468</width>
								<height>112</height>
								<font>font28</font>
								<align>center</align>
								<aligny>top</aligny>
								<textcolor>white</textcolor>
								<selectedcolor>black</selectedcolor>
								<label>$VAR[value_plot]</label>
								<autoscroll delay="5000" time="2000" repeat="5000">Skin.HasSetting(Enable.AutoScroll)</autoscroll>
							</control>
						</control>
						<control type="group">
							<visible>System.IdleTime(2) + Control.HasFocus(5904)</visible>
							<left>227</left>
							<top>205</top>
							<!-- Mpaa -->
							<control type="image">
								<left>124</left>
								<include>FlagImage2</include>
								<texture fallback="resources/mpaa/NR.png">$VAR[mpaa]</texture>
							</control>
							<control type="label">
								<visible>String.IsEqual(Control.GetLabel(4685),resources/mpaa/NR.png)</visible>
								<left>124</left>
								<width>130</width>
								<height>50</height>
								<align>center</align>
								<aligny>center</aligny>
								<label>$INFO[ListItem.Mpaa]</label>
								<font>font24_bold</font>
								<textcolor>grey2</textcolor>
								<wrapmultiline>true</wrapmultiline>
							</control>
							<!-- Codec de video -->
							<control type="image">
								<left>248</left>
								<include>FlagImage2</include>
								<texture fallback="resources/flag_default.png">$VAR[videocodec]</texture>
							</control>
							<!-- Resolucao -->
							<control type="image">
								<left>366</left>
								<include>FlagImage2</include>
								<texture fallback="resources/flag_default.png">$VAR[mediaicons_path]videoresolution/$VAR[videoresHDR,,.png]</texture>
							</control>
							<!-- Aspecto -->
							<control type="image">
								<left>484</left>
								<include>FlagImage2</include>
								<texture fallback="resources/flag_default.png">$VAR[mediaicons_path]aspectratio/$INFO[ListItem.VideoAspect,,.png]</texture>
							</control>
						</control>
					</focusedlayout>
					<focusedlayout height="67.5" condition="Container.Content(tvshows) + !System.IdleTime(2) + Control.HasFocus(5904)">
						<control type="button" id="5466">
							<include>HiddenObject</include>
							<onfocus condition="Skin.HasSetting(playTheme) + String.Contains(Player.Filenameandpath,theme.mp3) + String.IsEmpty(Container(5904).ListItem.VideoCodec)">Stop</onfocus>
						</control>
						<control type="image">
							<left>-80</left>
							<top>65.5</top>
							<width>915</width>
							<height>3</height>
							<texture diffuse="tajo/shadow_mask_v5.png">tajo/line.png</texture>
						</control>
						<control type="image">
							<top>-500</top>
							<left>-500</left>
							<width>100</width>
							<height>100</height>
							<texture background="true">$INFO[ListItem.Icon]</texture>
						</control>
						<control type="group">
							<visible>!System.IdleTime(2) + Control.HasFocus(5904)</visible>
							<control type="image">
								<visible>!Container(5904).OnNext + !Container(5904).OnPrevious</visible>
								<animation effect="fade" start="0" end="100" time="400" tween="sine" easing="inout">Visible</animation>
								<left>2</left>
								<width>833</width>
								<height>67</height>
								<texture diffuse="tajo/recua1c.png">$VAR[Option_Back]</texture>
								<aspectratio align="center">stretch</aspectratio>
								<colordiffuse>ddffffff</colordiffuse>
							</control>
							<control type="image">
								<animation effect="fade" end="90" condition="true">Conditional</animation>
								<top>1</top>
								<left>790</left>
								<width>43</width>
								<height>43</height>
								<texture colordiffuse="DDff0303">$VAR[watched_style]</texture>
								<visible>String.IsEqual(ListItem.Overlay,OverlayWatched.png)</visible>
							</control>
						</control>
						<control type="label">
							<visible>!System.IdleTime(2) + Control.HasFocus(5904)</visible>
							<top>1</top>
							<left>25</left>
							<height>58</height>
							<width>770</width>
							<align>left</align>
							<font>fontmusic</font>
							<scroll>false</scroll>
							<label>[B]$INFO[ListItem.Label][/B]  ($VAR[ItemDuration])</label>
							<textcolor>white</textcolor>
							<selectedcolor>white</selectedcolor>
							<shadowcolor>black</shadowcolor>
						</control>
					</focusedlayout>
					<focusedlayout height="67.5" condition="!Control.HasFocus(5904)">
						<control type="image">
							<visible>!Control.HasFocus(5904)</visible>
							<left>-80</left>
							<top>65.5</top>
							<width>915</width>
							<height>3</height>
							<texture diffuse="tajo/shadow_mask_v5.png">tajo/line.png</texture>
						</control>
						<control type="image">
							<visible>!Control.HasFocus(5904)</visible>
							<animation effect="fade" end="70" condition="true">Conditional</animation>
							<top>1</top>
							<left>790</left>
							<width>43</width>
							<height>43</height>
							<texture colordiffuse="DDff0303">$VAR[watched_style]</texture>
							<visible>String.IsEqual(ListItem.Overlay,OverlayWatched.png)</visible>
						</control>
						<control type="label">
							<visible>!Control.HasFocus(5904)</visible>
							<top>1</top>
							<left>25</left>
							<height>58</height>
							<width>770</width>
							<align>left</align>
							<font>fontmusic2</font>
							<scroll>false</scroll>
							<label>$INFO[ListItem.Label]  ($VAR[ItemDuration])</label>
							<textcolor>ff696967</textcolor>
							<selectedcolor>white</selectedcolor>
							<shadowcolor>black</shadowcolor>
						</control>
					</focusedlayout>
					<content target="video" sortby="premiered" sortorder="ascending">$INFO[Container(5903).ListItem.FolderPath]</content>
				</control>
			</control>
			<control type="image">
				<visible>Container.Content(tvshows) + !Control.HasFocus(5903) + !Control.HasFocus(5904) + String.IsEmpty(Window(Home).Property(MediaMenu))</visible>
				<visible>!ListItem.IsParentFolder</visible>
				<top>-50</top>
				<left>500</left>
				<width>2000</width>
				<height>2000</height>
				<texture border="1">text_shadow2.png</texture>
				<bordersize>20</bordersize>
			</control>
			<!-- Info Panel -->
			<control type="group">
				<visible>!ListItem.IsParentFolder</visible>
				<visible>Container.Content(tvshows) + !Control.HasFocus(5903) + !Control.HasFocus(5904) + String.IsEmpty(Window(Home).Property(MediaMenu))</visible>
				<left>1175</left>
				<top>125</top>
				<control type="textbox">
					<visible>!Skin.HasSetting(showCast) | !System.HasAddon(script.embuary.helper)</visible>
					<left>-41</left>
					<top>600</top>
					<width>714</width>
					<height>305</height>
					<font>font28b</font>
					<align>right</align>
					<label>$VAR[value_plot]</label>
					<autoscroll delay="6000" time="2000" repeat="6000">Skin.HasSetting(Enable.AutoScroll)</autoscroll>
				</control>
				<control type="textbox">
					<visible>Skin.HasSetting(showCast) + System.HasAddon(script.embuary.helper)</visible>
					<left>-41</left>
					<top>600</top>
					<width>500</width>
					<height>305</height>
					<font>font28b</font>
					<align>center</align>
					<label>$VAR[value_plot]</label>
					<autoscroll delay="4000" time="2000" repeat="4000">Skin.HasSetting(Enable.AutoScroll)</autoscroll>
				</control>
				<control type="group">
					<top>35</top>
					<control type="image">
						<left>70</left>
						<top>360</top>
						<width>200</width>
						<height>200</height>
						<fadetime>200</fadetime>
						<colordiffuse>BBffffff</colordiffuse>
						<aspectratio aligny="bottom" align="left">keep</aspectratio>
						<texture background="true">$INFO[Container(5927).ListItem.Label]</texture>
					</control>
					<control type="group">
						<left>85</left>
						<top>-300</top>
						<control type="textbox" id="23411">
							<animation effect="fade" start="0" end="100" time="250" tween="sine">Visible</animation>
							<visible>!Container(23411).HasNext</visible>
							<left>15</left>
							<top>670</top>
							<width>570</width>
							<height>130</height>
							<aligny>center</aligny>
							<align>right</align>
							<font>titlemove</font>
							<label>$INFO[ListItem.Label]</label>
							<shadowcolor>black</shadowcolor>
						</control>
						<control type="textbox" id="23413">
							<animation effect="fade" start="0" end="100" time="250" tween="sine">Visible</animation>
							<visible>Container(23411).HasNext + !Container(23413).HasNext</visible>
							<left>15</left>
							<top>670</top>
							<width>570</width>
							<height>130</height>
							<aligny>center</aligny>
							<align>right</align>
							<font>titleshelf</font>
							<label>$INFO[ListItem.Label]</label>
							<shadowcolor>black</shadowcolor>
						</control>
						<control type="textbox">
							<animation effect="fade" start="0" end="100" time="250" tween="sine">Visible</animation>
							<visible>Container(23411).HasNext + Container(23413).HasNext</visible>
							<left>15</left>
							<top>670</top>
							<width>570</width>
							<height>130</height>
							<aligny>center</aligny>
							<align>right</align>
							<font>titlewall</font>
							<label>$INFO[ListItem.Label]</label>
							<autoscroll delay="1500" time="2000" repeat="2000">Skin.HasSetting(Enable.AutoScroll)</autoscroll>
							<shadowcolor>black</shadowcolor>
						</control>
					</control>
					<control type="group">
						<animation effect="slide" end="-38,0" condition="String.IsEmpty(ListItem.UserRating) + Container.Content(tvshows)">Conditional</animation>
						<animation effect="slide" end="150,0" condition="Container.Content(tvshows) + !Skin.HasSetting(OnlineRating)">Conditional</animation>
						<left>220</left>
						<top>885</top>
						<width>550</width>
						<height>50</height>
						<control type="label">
							<visible>!Skin.HasSetting(OnlineRating)</visible>
							<top>-16</top>
							<width>70</width>
							<visible>!String.IsEmpty(ListItem.Rating)</visible>
							<align>left</align>
							<aligny>center</aligny>
							<font>font13_bold</font>
							<label>[COLOR white][B]$INFO[ListItem.Rating][/B][/COLOR]</label>
							<textcolor>FFFFFAF0</textcolor>
						</control>
						<control type="image">
							<visible>!Skin.HasSetting(OnlineRating)</visible>
							<top>-8</top>
							<left>53</left>
							<width>175</width>
							<height>50</height>
							<texture fallback="$VAR[styleratingstars,,0.png]">$VAR[styleratingstars]$INFO[ListItem.Rating,,.png]</texture>
							<aspectratio align="left" aligny="center">stretch</aspectratio>
							<colordiffuse>$VAR[colorratingstars]</colordiffuse>
							<visible>!String.IsEqual(ListItem.Label,..)</visible>
						</control>
						<control type="group">
							<visible>Skin.HasSetting(OnlineRating)</visible>
							<top>-1008</top>
							<left>20</left>
							<include>RatingsTriple</include>
						</control>
					</control>
					<control type="textbox">
						<visible>Integer.IsGreater(ListItem.Property(UnwatchedEpisodes),0)</visible>
						<left>15</left>
						<top>503</top>
						<width>660</width>
						<height>38</height>
						<align>right</align>
						<aligny>top</aligny>
						<font>font28b</font>
						<label>[B]$VAR[value_ground17_label]:[/B] [COLOR=FFFFFAF0]$VAR[value_ground17_value][/COLOR]    [B]$VAR[value_ground14_label]: [/B][COLOR=FFFFFAF0]$VAR[value_ground14_value][/COLOR]</label>
						<textcolor>themecolor</textcolor>
					</control>
					<control type="textbox">
						<visible>!Integer.IsGreater(ListItem.Property(UnwatchedEpisodes),0)</visible>
						<left>15</left>
						<top>503</top>
						<width>660</width>
						<height>38</height>
						<align>right</align>
						<aligny>top</aligny>
						<font>font28b</font>
						<label>[B]$VAR[value_ground17_label]:[/B] [COLOR=FFFFFAF0]$VAR[value_ground17_value][/COLOR]    [B]$VAR[value_ground14_label]: [/B][COLOR=FFFFFAF0]$INFO[ListItem.Episode][/COLOR]</label>
						<textcolor>themecolor</textcolor>
					</control>
					<include>IconsTriple</include>
				</control>
				<control type="textbox">
					<visible>[!System.IdleTime(3) | Integer.IsLess(Container(5952).NumItems,2)] + Skin.HasSetting(showCast)</visible>
					<visible>Integer.IsGreater(Container(524).NumItems,0)</visible>
					<font>Font_plot4</font>
					<align>center</align>
					<left>490</left>
					<top>600</top>
					<width>200</width>
					<height>303</height>
					<label>[B][COLOR themecolor]$LOCALIZE[206]:[/COLOR][/B][CR][COLOR white]$INFO[Container(524).ListItemAbsolute(0).Label,-,][CR]$INFO[Container(524).ListItemAbsolute(1).Label,-,][CR]$INFO[Container(524).ListItemAbsolute(2).Label,-,][CR]$INFO[Container(524).ListItemAbsolute(3).Label,-,][CR]$INFO[Container(524).ListItemAbsolute(4).Label,-,][CR]$INFO[Container(524).ListItemAbsolute(5).Label,-,][CR]$INFO[Container(524).ListItemAbsolute(6).Label,-,][CR]$INFO[Container(524).ListItemAbsolute(7).Label,-,][CR]$INFO[Container(524).ListItemAbsolute(8).Label,-,][CR]$INFO[Container(524).ListItemAbsolute(9).Label,-,][/COLOR]</label>
				</control>
				<control type="image">
					<visible>Integer.IsGreater(Container(5952).NumItems,1) + Skin.HasSetting(showCast)</visible>
					<include>HiddenObject</include>
					<texture background="true">$INFO[Container(5952).ListItem.Icon]</texture>
				</control>
				<control type="group">
					<top>228</top>
					<left>470</left>
					<control type="textbox">
						<visible>System.IdleTime(3) + Integer.IsGreater(Container(5952).NumItems,1) + Skin.HasSetting(showCast)</visible>
						<visible>!String.IsEqual(Container(5952).ListItem.Label2,Cast)</visible>
						<font>Font_plot4</font>
						<align>center</align>
						<aligny>top</aligny>
						<left>10</left>
						<top>610</top>
						<width>200</width>
						<height>70</height>
						<label>$INFO[Container(5952).ListItem.Label]</label>
					</control>
					<control type="textbox">
						<visible>System.IdleTime(3) + Integer.IsGreater(Container(5952).NumItems,1) + Skin.HasSetting(showCast)</visible>
						<visible>String.IsEqual(Container(5952).ListItem.Label2,Cast)</visible>
						<textcolor>themecolor</textcolor>
						<font>Font_plot4</font>
						<align>center</align>
						<aligny>top</aligny>
						<left>20</left>
						<top>372</top>
						<width>200</width>
						<height>303</height>
						<label>$INFO[Container(5952).ListItem.Label]</label>
					</control>
					<control type="image">
						<visible>System.IdleTime(3) + Integer.IsGreater(Container(5952).NumItems,1) + Skin.HasSetting(showCast)</visible>
						<left>30</left>
						<top>385</top>
						<width>170</width>
						<height>220</height>
						<colordiffuse>DFffffff</colordiffuse>
						<aspectratio align="center" aligny="bottom">keep</aspectratio>
						<fadetime>200</fadetime>
						<texture background="true">$INFO[Container(5952).ListItem.Icon]</texture>
					</control>
				</control>
			</control>
			<control type="group">
				<visible>Control.IsVisible(590)</visible>
				<top>93</top>
				<left>105</left>
				<control type="grouplist">
					<visible>!Skin.HasSetting(noshow_Time)</visible>
					<left>-106</left>
					<top>-82</top>
					<width>400</width>
					<align>left</align>
					<orientation>horizontal</orientation>
					<itemgap>0</itemgap>
					<control type="label">
						<align>left</align>
						<width min="20" max="200">auto</width>
						<height>40</height>
						<textcolor>grey2</textcolor>
						<shadowcolor>black</shadowcolor>
						<font>fontDiscog</font>
						<label>$INFO[System.Time(hh)]</label>
					</control>
					<control type="label">
						<align>left</align>
						<width min="20" max="200">auto</width>
						<height>34</height>
						<textcolor>grey2</textcolor>
						<shadowcolor>black</shadowcolor>
						<font>Font_bro</font>
						<label>:$INFO[System.Time(mm)]</label>
					</control>
				</control>
				<control type="grouplist">
					<visible>!Skin.HasSetting(noshow_numItems) + !Control.HasFocus(5903) + !Control.HasFocus(5904)</visible>
					<left>-106</left>
					<top>948</top>
					<width>400</width>
					<align>left</align>
					<orientation>horizontal</orientation>
					<itemgap>0</itemgap>
					<control type="label">
						<align>left</align>
						<width min="20" max="200">auto</width>
						<height>40</height>
						<textcolor>grey2</textcolor>
						<shadowcolor>black</shadowcolor>
						<font>fontDiscog</font>
						<label>$INFO[Container.CurrentItem]</label>
					</control>
					<control type="label">
						<align>left</align>
						<width min="20" max="200">auto</width>
						<height>52</height>
						<textcolor>grey2</textcolor>
						<shadowcolor>black</shadowcolor>
						<font>Font_bro</font>
						<label>/$INFO[Container.NumItems]</label>
					</control>
				</control>
				<control type="grouplist">
					<visible>!Skin.HasSetting(noshow_numItems) + Control.HasFocus(5903)</visible>
					<left>-106</left>
					<top>948</top>
					<width>400</width>
					<align>left</align>
					<orientation>horizontal</orientation>
					<itemgap>0</itemgap>
					<control type="label">
						<align>left</align>
						<width min="20" max="200">auto</width>
						<height>40</height>
						<textcolor>grey2</textcolor>
						<shadowcolor>black</shadowcolor>
						<font>fontDiscog</font>
						<label>$INFO[Container(5903).Currentitem]</label>
					</control>
					<control type="label">
						<align>left</align>
						<width min="20" max="200">auto</width>
						<height>52</height>
						<textcolor>grey2</textcolor>
						<shadowcolor>black</shadowcolor>
						<font>Font_bro</font>
						<label>/$INFO[Container(5903).NumItems]</label>
					</control>
				</control>
				<control type="grouplist">
					<visible>!Skin.HasSetting(noshow_numItems) + Control.HasFocus(5904)</visible>
					<left>-106</left>
					<top>948</top>
					<width>400</width>
					<align>left</align>
					<orientation>horizontal</orientation>
					<itemgap>0</itemgap>
					<control type="label">
						<align>left</align>
						<width min="20" max="200">auto</width>
						<height>40</height>
						<textcolor>grey2</textcolor>
						<shadowcolor>black</shadowcolor>
						<font>fontDiscog</font>
						<label>$INFO[Container(5904).Currentitem]</label>
					</control>
					<control type="label">
						<align>left</align>
						<width min="20" max="200">auto</width>
						<height>52</height>
						<textcolor>grey2</textcolor>
						<shadowcolor>black</shadowcolor>
						<font>Font_bro</font>
						<label>/$INFO[Container(5904).NumItems]</label>
					</control>
				</control>
			</control>
			<control type="scrollbar" id="80">
				<include>ScrollBar_Vertical</include>
				<left>-8</left>
				<top>65</top>
				<height>970</height>
				<onleft>SetProperty(MediaMenu,True,home)</onleft>
				<onleft>SetFocus(9050)</onleft>
				<onright>590</onright>
				<visible allowhiddenfocus="true">Control.IsVisible(590) + Control.HasFocus(80)</visible>
			</control>
		</control>
		<control type="image">
			<visible>Control.HasFocus(8544) + Player.HasVideo</visible>
			<include>FullscreenDimensions</include>
			<texture>black.png</texture>
		</control>
		<control type="videowindow" id="2589">
			<visible>Control.HasFocus(8544)</visible>
			<include>FullscreenDimensions</include>
		</control>
	</include>
</includes>
