<includes>
	<!--##################################################################################     VISTA Flix music - ID 584     #############################################################################-->
	<include name="MusicFlixFixedList">
		<control type="fixedlist" id="584">
			<visible>Container.Content(albums) | Container.Content(artists)</visible>
			<include>MusicFlix_Content</include>
		</control>
	</include>
	<include name="ViewMusicFlix">
		<control type="group">
			<top>25</top>
			<!-- default group -->
			<visible>Control.IsVisible(584)</visible>
			<control type="group">
				<!-- panel de info fanart layout -->
				<left>-15</left>
				<top>-105</top>
				<control type="image">
					<left>-30</left>
					<top>28</top>
					<width>2040</width>
					<height>1277</height>
					<texture diffuse="tajo/mask_cover3.png">tajo/darkgrey.png</texture>
					<colordiffuse>themecolor</colordiffuse>
					<animation effect="fade" end="80" condition="true">Conditional</animation>
				</control>
				<control type="group">
					<left>35</left>
					<control type="image">
						<left>550</left>
						<top>50</top>
						<width>1500</width>
						<height>845</height>
						<aspectratio aligny="center">scale</aspectratio>
						<texture diffuse="tajo/mask_cover3.png" background="true">$INFO[ListItem.Art(thumb)]</texture>
					</control>
					<control type="image">
						<left>550</left>
						<top>50</top>
						<width>1500</width>
						<height>845</height>
						<visible>String.IsEmpty(ListItem.Art(fanart1))</visible>
						<aspectratio aligny="top">scale</aspectratio>
						<texture diffuse="tajo/mask_cover3.png" background="true">$INFO[ListItem.Art(fanart)]</texture>
					</control>
					<control type="image">
						<left>550</left>
						<top>50</top>
						<width>1500</width>
						<height>845</height>
						<visible>String.IsEmpty(ListItem.Art(artist.fanart1))</visible>
						<aspectratio aligny="top">scale</aspectratio>
						<texture diffuse="tajo/mask_cover3.png" background="true">$INFO[ListItem.Art(fanart)]</texture>
					</control>
					<control type="multiimage">
						<left>550</left>
						<top>50</top>
						<width>1500</width>
						<height>845</height>
						<aspectratio aligny="top">scale</aspectratio>
						<fadetime>500</fadetime>
						<visible>!String.IsEmpty(ListItem.Art(fanart1)) | !String.IsEmpty(ListItem.Art(artist.fanart1))</visible>
						<imagepath background="true">$INFO[Control.GetLabel(5864)]</imagepath>
					</control>
				</control>
			</control>
			<control type="image">
				<visible>!ListItem.IsParentFolder + !String.StartsWith(ListItem.Label,*)</visible>
				<left>-50</left>
				<top>-315</top>
				<width>2150</width>
				<height>1420</height>
				<aspectratio aligny="top">scale</aspectratio>
				<colordiffuse>ff000000</colordiffuse>
				<texture diffuse="tajo/flix2.png" background="true">blackk.jpg</texture>
			</control>
			<control type="group">
				<top>-110</top>
				<left>-12</left>
				<control type="image">
					<visible>Control.HasFocus(8547)</visible>
					<left>860</left>
					<top>75</top>
					<width>1250</width>
					<height>750</height>
					<texture background="true" flipx="true">tajo/gradient_small2.png</texture>
					<aspectratio>stretch</aspectratio>
				</control>
				<control type="image">
					<visible>!String.IsEmpty(Window(Home).Property(extras_music_yes)) + Skin.HasSetting(SearchExtrasMusic)</visible>
					<visible>!System.IdleTime(6) + !Control.HasFocus(8547)</visible>
					<animation effect="fade" start="60" end="0" time="1000" pulse="true" condition="true">Conditional</animation>
					<animation effect="fade" end="0" time="500">Hidden</animation>
					<left>1850</left>
					<top>99</top>
					<width>33</width>
					<height>33</height>
					<aspectratio aligny="bottom" align="left">keep</aspectratio>
					<texture background="true">arrow_up.png</texture>
				</control>
				<control type="image">
					<animation effect="fade" start="0" end="100" time="200">Visible</animation>
					<visible>[!String.IsEmpty(Window(Home).Property(extras_music_yes)) + Skin.HasSetting(SearchExtrasMusic)] | Control.HasFocus(8547)</visible>
					<left>1870</left>
					<top>97</top>
					<width>60</width>
					<height>60</height>
					<colordiffuse>bbffffff</colordiffuse>
					<texture background="true">tajo/extras.png</texture>
					<aspectratio>keep</aspectratio>
				</control>
				<control type="label">
					<animation effect="fade" start="0" end="100" time="200">Visible</animation>
					<visible>[!String.IsEmpty(Window(Home).Property(extras_music_yes)) + Skin.HasSetting(SearchExtrasMusic)] | Control.HasFocus(8547)</visible>
					<align>left</align>
					<left>1874</left>
					<top>123</top>
					<width min="20" max="300">auto</width>
					<height>34</height>
					<textcolor>ffdadada</textcolor>
					<shadowcolor>black</shadowcolor>
					<font>font_Extras</font>
					<label>$LOCALIZE[31014]</label>
				</control>
				<control type="grouplist">
					<left>1464</left>
					<top>97</top>
					<width>400</width>
					<align>right</align>
					<orientation>horizontal</orientation>
					<itemgap>0</itemgap>
					<control type="label">
						<visible>Control.HasFocus(8547)</visible>
						<animation effect="fade" start="0" end="80" time="600">Visible</animation>
						<align>left</align>
						<width min="20" max="200">auto</width>
						<height>40</height>
						<textcolor>white</textcolor>
						<shadowcolor>black</shadowcolor>
						<font>fontDiscog</font>
						<label>$INFO[Container(8547).CurrentItem]</label>
					</control>
					<control type="label">
						<visible>Control.HasFocus(8547)</visible>
						<animation effect="fade" start="0" end="80" time="600">Visible</animation>
						<align>left</align>
						<width min="20" max="200">auto</width>
						<height>34</height>
						<textcolor>white</textcolor>
						<shadowcolor>black</shadowcolor>
						<font>Font_bro</font>
						<label>/$INFO[Container(8547).NumItems]</label>
					</control>
				</control>
				<control type="group">
					<visible>!String.IsEmpty(Window(Home).Property(extras_music_yes)) | Control.HasFocus(8547)</visible>
					<top>153</top>
					<left>1354</left>
					<include condition="Skin.HasSetting(SearchExtrasMusic)" content="Extras_view_m">
						<param name="View_n" value="584"/>
						<param name="HeightList" value="389"/>
						<param name="Num_control" value="8547"/>
						<param name="Num_movement" value="9"/>
					</include>
				</control>
			</control>
			<control type="image">
				<left>100</left>
				<top>5</top>
				<width>526</width>
				<height>140</height>
				<aspectratio align="left" aligny="bottom">keep</aspectratio>
				<texture background="true">$INFO[ListItem.Art(clearlogo)]</texture>
			</control>
			<control type="image">
				<left>735</left>
				<top>425</top>
				<width>400</width>
				<height>110</height>
				<aspectratio align="left" aligny="bottom">keep</aspectratio>
				<texture background="true">$INFO[ListItem.Art(artist.clearlogo)]</texture>
			</control>
			<control type="textbox">
				<visible>Container.Content(albums) + String.IsEmpty(ListItem.Art(artist.clearlogo))</visible>
				<top>425</top>
				<left>735</left>
				<height>110</height>
				<width>400</width>
				<aligny>center</aligny>
				<align>left</align>
				<font>titleshelf2</font>
				<label>$INFO[ListItem.Artist]</label>
			</control>
			<control type="group">
				<visible>!Container.Content(musicvideos) + !String.StartsWith(container.folderpath,library://video/musicvideos/) + !String.StartsWith(container.folderpath,videodb://musicvideos)</visible>
				<visible>Container.Content(artists) + !String.IsEmpty(ListItem.Artist) + Control.IsVisible(584)</visible>
				<control type="textbox">
					<visible>!String.IsEmpty(ListItem.Property(Artist_Description))</visible>
					<top>155</top>
					<left>30</left>
					<height>40</height>
					<aligny>top</aligny>
					<font>font28</font>
					<label>[COLOR themecolor][B]$LOCALIZE[132]: [/COLOR][/B][COLOR=FFFFFAF0][B]$INFO[Container(6082).NumItems][/B][/COLOR]</label>
				</control>
				<control type="textbox">
					<visible>String.IsEmpty(ListItem.Property(Artist_Description))</visible>
					<top>155</top>
					<left>30</left>
					<height>40</height>
					<aligny>top</aligny>
					<font>font28</font>
					<label>[COLOR themecolor][B]$LOCALIZE[132]: [/COLOR][/B][COLOR=FFFFFAF0][B]$INFO[Container(6042).NumItems][/B][/COLOR]</label>
				</control>
				<control type="group">
					<top>195</top>
					<left>30</left>
					<control type="list" id="6082">
						<visible>!String.IsEmpty(ListItem.Property(Artist_Description))</visible>
						<width>695</width>
						<height>130</height>
						<orientation>vertical</orientation>
						<scrolltime>1500</scrolltime>
						<autoscroll time="600">Skin.HasSetting(Enable.AutoScroll)</autoscroll>
						<viewtype label="2">list</viewtype>
						<itemlayout width="580" height="32">
							<control type="label">
								<width>690</width>
								<font>Font_plot</font>
								<scroll>false</scroll>
								<left>1</left>
								<height>30</height>
								<aligny>center</aligny>
								<label>- [LOWERCASE][CAPITALIZE][B]$INFO[ListItem.Label][/B] $INFO[ListItem.Year,(,)][/CAPITALIZE][/LOWERCASE]</label>
							</control>
						</itemlayout>
						<focusedlayout width="580" height="32">
							<control type="label">
								<width>690</width>
								<font>Font_plot</font>
								<scroll>false</scroll>
								<left>1</left>
								<height>30</height>
								<aligny>center</aligny>
								<label>- [LOWERCASE][CAPITALIZE][B]$INFO[ListItem.Label][/B] $INFO[ListItem.Year,(,)][/CAPITALIZE][/LOWERCASE]</label>
							</control>
						</focusedlayout>
						<content target="music" sortby="year" sortorder="ascending">$INFO[Container(584).ListItem.FolderPath]</content>
					</control>
					<control type="list" id="6042">
						<visible>String.IsEmpty(ListItem.Property(Artist_Description))</visible>
						<width>695</width>
						<height>325</height>
						<orientation>vertical</orientation>
						<scrolltime>1500</scrolltime>
						<autoscroll time="600">Skin.HasSetting(Enable.AutoScroll)</autoscroll>
						<viewtype label="2">list</viewtype>
						<itemlayout width="580" height="32">
							<control type="label">
								<width>690</width>
								<font>Font_plot</font>
								<scroll>false</scroll>
								<left>1</left>
								<height>30</height>
								<aligny>center</aligny>
								<label>- [LOWERCASE][CAPITALIZE][B]$INFO[ListItem.Label][/B] $INFO[ListItem.Year,(,)][/CAPITALIZE][/LOWERCASE]</label>
							</control>
						</itemlayout>
						<focusedlayout width="580" height="32">
							<control type="label">
								<width>690</width>
								<font>Font_plot</font>
								<scroll>false</scroll>
								<left>1</left>
								<height>30</height>
								<aligny>center</aligny>
								<label>- [LOWERCASE][CAPITALIZE][B]$INFO[ListItem.Label][/B] $INFO[ListItem.Year,(,)][/CAPITALIZE][/LOWERCASE]</label>
							</control>
						</focusedlayout>
						<content target="music" sortby="year" sortorder="ascending">$INFO[Container(584).ListItem.FolderPath]</content>
					</control>
				</control>
				<control type="textbox">
					<visible>Integer.IsLess(Container(6082).NumItems,3)</visible>
					<left>30</left>
					<top>282</top>
					<width>690</width>
					<height>250</height>
					<font>font28</font>
					<label>[COLOR=themecolor][B]$VAR[value_style][/B][/COLOR][COLOR=FFFFFAF0]$VAR[value_style2][/COLOR][COLOR=themecolor][B]$VAR[value_genre][/B][/COLOR][COLOR=FFFFFAF0]$VAR[value_genre2][/COLOR]$INFO[ListItem.Property(Artist_Description)]</label>
					<visible>!String.IsEmpty(ListItem.Property(Artist_Description))</visible>
					<autoscroll delay="10000" time="2000" repeat="10000">Skin.HasSetting(Enable.AutoScroll)</autoscroll>
				</control>
				<control type="textbox">
					<visible>!Integer.IsLess(Container(6082).NumItems,3)</visible>
					<left>30</left>
					<top>342</top>
					<width>690</width>
					<height>180</height>
					<font>font28</font>
					<label>[COLOR=themecolor][B]$VAR[value_style][/B][/COLOR][COLOR=FFFFFAF0]$VAR[value_style2][/COLOR][COLOR=themecolor][B]$VAR[value_genre][/B][/COLOR][COLOR=FFFFFAF0]$VAR[value_genre2][/COLOR]$INFO[ListItem.Property(Artist_Description)]</label>
					<visible>!String.IsEmpty(ListItem.Property(Artist_Description))</visible>
					<autoscroll delay="10000" time="2000" repeat="10000">Skin.HasSetting(Enable.AutoScroll)</autoscroll>
				</control>
			</control>
			<control type="group">
				<visible>Container.Content(musicvideos) | String.StartsWith(container.folderpath,library://video/musicvideos/) | String.StartsWith(container.folderpath,videodb://musicvideos)</visible>
				<visible>Container.Content(artists) + !String.IsEmpty(ListItem.Artist) + Control.IsVisible(584)</visible>
				<control type="textbox">
					<visible>!String.IsEmpty(ListItem.Plot)</visible>
					<top>150</top>
					<left>30</left>
					<height>40</height>
					<aligny>top</aligny>
					<font>font28</font>
					<label>[COLOR themecolor][B]$LOCALIZE[20389]: [/COLOR][/B][COLOR=FFFFFAF0][B]$INFO[ListItem.Appearances][/B][/COLOR]</label>
				</control>
				<control type="textbox">
					<visible>String.IsEmpty(ListItem.Property(Artist_Description))</visible>
					<top>150</top>
					<left>30</left>
					<height>40</height>
					<aligny>top</aligny>
					<font>font28</font>
					<label>[COLOR themecolor][B]$LOCALIZE[20389]: [/COLOR][/B][COLOR=FFFFFAF0][B]$INFO[ListItem.Appearances][/B][/COLOR]</label>
				</control>
				<control type="group">
					<top>195</top>
					<left>30</left>
					<control type="list" id="6282">
						<visible>!String.IsEmpty(ListItem.Plot)</visible>
						<width>695</width>
						<height>130</height>
						<orientation>vertical</orientation>
						<scrolltime>1500</scrolltime>
						<autoscroll time="600">Skin.HasSetting(Enable.AutoScroll)</autoscroll>
						<viewtype label="2">list</viewtype>
						<itemlayout width="580" height="32">
							<control type="label">
								<width>690</width>
								<font>Font_plot</font>
								<scroll>false</scroll>
								<left>1</left>
								<height>30</height>
								<aligny>center</aligny>
								<label>[B]· $INFO[ListItem.Label] [/B]$INFO[ListItem.Duration,(,)]</label>
							</control>
						</itemlayout>
						<focusedlayout width="580" height="32">
							<control type="label">
								<width>690</width>
								<font>Font_plot</font>
								<scroll>false</scroll>
								<left>1</left>
								<height>30</height>
								<aligny>center</aligny>
								<label>[B]· $INFO[ListItem.Label] [/B]$INFO[ListItem.Duration,(,)]</label>
							</control>
						</focusedlayout>
						<content>videodb://musicvideos/artists/$INFO[Container(584).ListItem.DBID]/-1/?artistid=$INFO[Container(584).ListItem.DBID]</content>
					</control>
					<control type="list" id="6242">
						<visible>String.IsEmpty(ListItem.Plot)</visible>
						<width>695</width>
						<height>325</height>
						<orientation>vertical</orientation>
						<scrolltime>1500</scrolltime>
						<autoscroll time="600">Skin.HasSetting(Enable.AutoScroll)</autoscroll>
						<viewtype label="2">list</viewtype>
						<itemlayout width="580" height="32">
							<control type="label">
								<width>690</width>
								<font>Font_plot</font>
								<scroll>false</scroll>
								<left>1</left>
								<height>30</height>
								<aligny>center</aligny>
								<label>[B]· $INFO[ListItem.Label] [/B]$INFO[ListItem.Duration,(,)]</label>
							</control>
						</itemlayout>
						<focusedlayout width="580" height="32">
							<control type="label">
								<width>690</width>
								<font>Font_plot</font>
								<scroll>false</scroll>
								<left>1</left>
								<height>30</height>
								<aligny>center</aligny>
								<label>[B]· $INFO[ListItem.Label] [/B]$INFO[ListItem.Duration,(,)]</label>
							</control>
						</focusedlayout>
						<content>videodb://musicvideos/artists/$INFO[Container(584).ListItem.DBID]/-1/?artistid=$INFO[Container(584).ListItem.DBID]</content>
					</control>
				</control>
				<control type="textbox">
					<visible>Integer.IsLess(Container(6282).NumItems,3)</visible>
					<left>30</left>
					<top>282</top>
					<width>690</width>
					<height>250</height>
					<font>font28</font>
					<label>[COLOR=themecolor][B]$VAR[value_style][/B][/COLOR][COLOR=FFFFFAF0]$VAR[value_style2][/COLOR][COLOR=themecolor][B]$VAR[value_genre][/B][/COLOR][COLOR=FFFFFAF0]$VAR[value_genre2][/COLOR]$INFO[ListItem.Plot]</label>
					<visible>!String.IsEmpty(ListItem.Plot)</visible>
					<autoscroll delay="10000" time="2000" repeat="10000">Skin.HasSetting(Enable.AutoScroll)</autoscroll>
				</control>
				<control type="textbox">
					<visible>!Integer.IsLess(Container(6282).NumItems,3)</visible>
					<left>30</left>
					<top>342</top>
					<width>690</width>
					<height>180</height>
					<font>font28</font>
					<label>[COLOR=themecolor][B]$VAR[value_style][/B][/COLOR][COLOR=FFFFFAF0]$VAR[value_style2][/COLOR][COLOR=themecolor][B]$VAR[value_genre][/B][/COLOR][COLOR=FFFFFAF0]$VAR[value_genre2][/COLOR]$INFO[ListItem.Plot]</label>
					<visible>!String.IsEmpty(ListItem.Plot)</visible>
					<autoscroll delay="10000" time="2000" repeat="10000">Skin.HasSetting(Enable.AutoScroll)</autoscroll>
				</control>
			</control>
			<control type="textbox">
				<visible>!Container.Content(musicvideos) + !String.StartsWith(container.folderpath,library://video/musicvideos/) + !String.StartsWith(container.folderpath,videodb://musicvideos)</visible>
				<left>30</left>
				<top>425</top>
				<width>670</width>
				<height>110</height>
				<font>font28</font>
				<align>left</align>
				<label>$INFO[ListItem.Property(Album_Description)]</label>
				<visible>!String.IsEmpty(ListItem.Property(Album_Description))</visible>
				<autoscroll delay="5000" time="2000" repeat="5000">Skin.HasSetting(Enable.AutoScroll)</autoscroll>
			</control>
			<control type="textbox">
				<visible>Container.Content(musicvideos) | String.StartsWith(container.folderpath,library://video/musicvideos/) | String.StartsWith(container.folderpath,videodb://musicvideos)</visible>
				<left>30</left>
				<top>355</top>
				<width>670</width>
				<height>180</height>
				<font>font28</font>
				<align>left</align>
				<label>$INFO[ListItem.Property(Album_Description)]</label>
				<visible>!String.IsEmpty(ListItem.Property(Album_Description))</visible>
				<autoscroll delay="5000" time="2000" repeat="5000">Skin.HasSetting(Enable.AutoScroll)</autoscroll>
			</control>
			<control type="group">
				<visible>Container.Content(albums) + !String.IsEmpty(ListItem.Album) + Control.IsVisible(584)</visible>
				<visible>!Container.Content(musicvideos) + !String.StartsWith(container.folderpath,library://video/musicvideos/) + !String.StartsWith(container.folderpath,videodb://musicvideos)</visible>
				<control type="textbox">
					<visible>!String.IsEmpty(ListItem.Property(Album_Description))</visible>
					<left>30</left>
					<top>141</top>
					<height>395</height>
					<width>730</width>
					<font>Font_plot</font>
					<aligny>top</aligny>
					<align>left</align>
					<textcolor>themecolor</textcolor>
					<autoscroll delay="3000" time="2000" repeat="3000">Skin.HasSetting(Enable.AutoScroll)</autoscroll>
					<label>[B]$LOCALIZE[345]: [/B][COLOR=FFFFFFFF]$INFO[ListItem.Year][/COLOR]    [B]$LOCALIZE[134]: [/B][COLOR=FFFFFFFF]$INFO[Container(5119).NumItems][/COLOR] $INFO[ListItem.Property(Album_Duration),[B]   $LOCALIZE[180]: [/B][COLOR=FFFFFFFF],[/COLOR]]</label>
				</control>
				<control type="textbox">
					<visible>String.IsEmpty(ListItem.Property(Album_Description))</visible>
					<left>30</left>
					<top>141</top>
					<height>395</height>
					<width>730</width>
					<font>Font_plot</font>
					<aligny>top</aligny>
					<align>left</align>
					<textcolor>themecolor</textcolor>
					<autoscroll delay="3000" time="2000" repeat="3000">Skin.HasSetting(Enable.AutoScroll)</autoscroll>
					<label>[B]$LOCALIZE[345]: [/B][COLOR=FFFFFFFF]$INFO[ListItem.Year][/COLOR]    [B]$LOCALIZE[134]: [/B][COLOR=FFFFFFFF]$INFO[Container(5120).NumItems][/COLOR] $INFO[ListItem.Property(Album_Duration),[B]   $LOCALIZE[180]: [/B][COLOR=FFFFFFFF],[/COLOR]]</label>
				</control>
				<control type="group">
					<visible>!String.IsEmpty(ListItem.Property(Album_Description))</visible>
					<left>30</left>
					<top>187</top>
					<control type="list" id="5119">
						<width>730</width>
						<height>215</height>
						<orientation>vertical</orientation>
						<scrolltime>1500</scrolltime>
						<autoscroll time="600">Skin.HasSetting(Enable.AutoScroll)</autoscroll>
						<viewtype label="1">list</viewtype>
						<itemlayout width="730" height="30">
							<control type="label">
								<font>Font_plot</font>
								<scroll>false</scroll>
								<left>1</left>
								<height>30</height>
								<aligny>center</aligny>
								<selectedcolor>themecolor</selectedcolor>
								<label>$INFO[ListItem.TrackNumber]. $INFO[ListItem.Label] $INFO[ListItem.Duration,(,)]</label>
							</control>
						</itemlayout>
						<focusedlayout width="690" height="30">
							<control type="label">
								<font>Font_plot</font>
								<scroll>false</scroll>
								<left>1</left>
								<height>30</height>
								<aligny>center</aligny>
								<selectedcolor>themecolor</selectedcolor>
								<label>$INFO[ListItem.TrackNumber]. $INFO[ListItem.Label] $INFO[ListItem.Duration,(,)]</label>
							</control>
						</focusedlayout>
						<content target="music" sortby="track">$INFO[Container(584).ListItem.DBID,musicdb://albums/,/*]</content>
					</control>
				</control>
				<control type="group">
					<visible>String.IsEmpty(ListItem.Property(Album_Description))</visible>
					<left>30</left>
					<top>187</top>
					<control type="list" id="5120">
						<width>730</width>
						<height>335</height>
						<orientation>vertical</orientation>
						<scrolltime>1500</scrolltime>
						<autoscroll time="600">Skin.HasSetting(Enable.AutoScroll)</autoscroll>
						<viewtype label="1">list</viewtype>
						<itemlayout width="730" height="30">
							<control type="label">
								<font>Font_plot</font>
								<scroll>false</scroll>
								<left>1</left>
								<height>30</height>
								<aligny>center</aligny>
								<selectedcolor>themecolor</selectedcolor>
								<label>$INFO[ListItem.TrackNumber]. $INFO[ListItem.Label] $INFO[ListItem.Duration,(,)]</label>
							</control>
						</itemlayout>
						<focusedlayout width="690" height="30">
							<control type="label">
								<font>Font_plot</font>
								<scroll>false</scroll>
								<left>1</left>
								<height>30</height>
								<aligny>center</aligny>
								<selectedcolor>themecolor</selectedcolor>
								<label>$INFO[ListItem.TrackNumber]. $INFO[ListItem.Label] $INFO[ListItem.Duration,(,)]</label>
							</control>
						</focusedlayout>
						<content target="music" sortby="track">$INFO[Container(584).ListItem.DBID,musicdb://albums/,/*]</content>
					</control>
				</control>
			</control>
			<control type="group">
				<visible>Container.Content(albums) + !String.IsEmpty(ListItem.Album) + Control.IsVisible(584)</visible>
				<visible>Container.Content(musicvideos) | String.StartsWith(container.folderpath,library://video/musicvideos/) | String.StartsWith(container.folderpath,videodb://musicvideos)</visible>
				<control type="textbox">
					<visible>!String.IsEmpty(ListItem.Property(Album_Description))</visible>
					<left>30</left>
					<top>141</top>
					<height>395</height>
					<width>730</width>
					<font>font28</font>
					<aligny>top</aligny>
					<align>left</align>
					<textcolor>themecolor</textcolor>
					<autoscroll delay="3000" time="2000" repeat="3000">Skin.HasSetting(Enable.AutoScroll)</autoscroll>
					<label>[B]$LOCALIZE[20389]: [COLOR=FFFFFFFF]$INFO[Container(5229).NumItems][/COLOR][/B]</label>
				</control>
				<control type="textbox">
					<visible>String.IsEmpty(ListItem.Property(Album_Description))</visible>
					<left>30</left>
					<top>141</top>
					<height>395</height>
					<width>730</width>
					<font>font28</font>
					<aligny>top</aligny>
					<align>left</align>
					<textcolor>themecolor</textcolor>
					<autoscroll delay="3000" time="2000" repeat="3000">Skin.HasSetting(Enable.AutoScroll)</autoscroll>
					<label>[B]$LOCALIZE[20389]: [COLOR=FFFFFFFF]$INFO[Container(5220).NumItems][/COLOR][/B]</label>
				</control>
				<control type="group">
					<visible>!String.IsEmpty(ListItem.Property(Album_Description))</visible>
					<left>30</left>
					<top>187</top>
					<control type="list" id="5229">
						<width>730</width>
						<height>152</height>
						<orientation>vertical</orientation>
						<scrolltime>1500</scrolltime>
						<autoscroll time="600">Skin.HasSetting(Enable.AutoScroll)</autoscroll>
						<viewtype label="1">list</viewtype>
						<itemlayout width="730" height="30">
							<control type="label">
								<font>Font_plot</font>
								<scroll>false</scroll>
								<left>1</left>
								<height>30</height>
								<aligny>center</aligny>
								<selectedcolor>themecolor</selectedcolor>
								<label>[B][LOWERCASE][CAPITALIZE]$INFO[ListItem.TrackNumber]· $INFO[ListItem.Label][/B]$INFO[ListItem.Duration, (,)][/CAPITALIZE][/LOWERCASE]</label>
							</control>
						</itemlayout>
						<focusedlayout width="690" height="30">
							<control type="label">
								<font>Font_plot</font>
								<scroll>false</scroll>
								<left>1</left>
								<height>30</height>
								<aligny>center</aligny>
								<selectedcolor>themecolor</selectedcolor>
								<label>[B][LOWERCASE][CAPITALIZE]$INFO[ListItem.TrackNumber]· $INFO[ListItem.Label][/B]$INFO[ListItem.Duration, (,)][/CAPITALIZE][/LOWERCASE]</label>
							</control>
						</focusedlayout>
						<content target="music" sortby="track" sortorder="ascending">$INFO[Container(584).ListItem.FolderPath]</content>
					</control>
				</control>
				<control type="group">
					<visible>String.IsEmpty(ListItem.Property(Album_Description))</visible>
					<left>30</left>
					<top>187</top>
					<control type="list" id="5220">
						<width>730</width>
						<height>335</height>
						<orientation>vertical</orientation>
						<scrolltime>1500</scrolltime>
						<autoscroll time="600">Skin.HasSetting(Enable.AutoScroll)</autoscroll>
						<viewtype label="1">list</viewtype>
						<itemlayout width="730" height="30">
							<control type="label">
								<font>Font_plot</font>
								<scroll>false</scroll>
								<left>1</left>
								<height>30</height>
								<aligny>center</aligny>
								<selectedcolor>themecolor</selectedcolor>
								<label>[B][LOWERCASE][CAPITALIZE]$INFO[ListItem.TrackNumber]· $INFO[ListItem.Label][/B]$INFO[ListItem.Duration, (,)][/CAPITALIZE][/LOWERCASE]</label>
							</control>
						</itemlayout>
						<focusedlayout width="690" height="30">
							<control type="label">
								<font>Font_plot</font>
								<scroll>false</scroll>
								<left>1</left>
								<height>30</height>
								<aligny>center</aligny>
								<selectedcolor>themecolor</selectedcolor>
								<label>[B][LOWERCASE][CAPITALIZE]$INFO[ListItem.TrackNumber]· $INFO[ListItem.Label][/B]$INFO[ListItem.Duration, (,)][/CAPITALIZE][/LOWERCASE]</label>
							</control>
						</focusedlayout>
						<content target="music" sortby="track" sortorder="ascending">$INFO[Container(584).ListItem.FolderPath]</content>
					</control>
				</control>
			</control>
			<include>MusicFlixFixedList</include>
			<control type="scrollbar" id="86">
				<include>ScrollBar_Horizontal</include>
				<left>285</left>
				<top>1012</top>
				<width>1350</width>
				<onup>584</onup>
				<ondown>584</ondown>
				<visible allowhiddenfocus="true">Control.IsVisible(584) + Control.HasFocus(86)</visible>
			</control>
			<control type="image">
				<animation effect="rotatey" center="auto" start="8" end="8" time="0" condition="true">Conditional</animation>
				<left>-80</left>
				<top>920</top>
				<width>2050</width>
				<height>300</height>
				<texture>tajo/gradient_small.png</texture>
				<colordiffuse>black</colordiffuse>
			</control>
			<control type="image">
				<animation effect="rotatey" center="auto" start="8" end="8" time="0" condition="true">Conditional</animation>
				<left>-80</left>
				<top>920</top>
				<width>2050</width>
				<height>300</height>
				<texture>tajo/gradient_small.png</texture>
				<colordiffuse>black</colordiffuse>
			</control>
			<control type="group">
				<visible>String.IsEmpty(ListItem.Art(clearlogo))</visible>
				<visible>!ListItem.IsParentFolder + !String.StartsWith(ListItem.Label,*)</visible>
				<left>-42</left>
				<top>13</top>
				<control type="group">
					<top>-10</top>
					<left>15</left>
					<control type="textbox" id="6110">
						<top>-800</top>
						<left>60</left>
						<align>left</align>
						<width>750</width>
						<height>60</height>
						<font>titletest</font>
						<label>$INFO[ListItem.Label]</label>
						<textcolor>00ffffff</textcolor>
					</control>
					<control type="textbox">
						<visible>!Container(6110).HasNext</visible>
						<animation effect="fade" start="0" end="100" time="200" tween="sine">Visible</animation>
						<top>-15</top>
						<left>59</left>
						<align>left</align>
						<aligny>center</aligny>
						<width>640</width>
						<height>180</height>
						<font>titlelist4</font>
						<label>$INFO[ListItem.Label]</label>
						<shadowcolor>black</shadowcolor>
					</control>
					<control type="textbox" id="6111">
						<animation effect="fade" start="0" end="100" time="200" tween="sine">Visible</animation>
						<visible>Container(6110).HasNext + !Container(6111).HasNext</visible>
						<top>-5</top>
						<left>60</left>
						<align>left</align>
						<aligny>center</aligny>
						<width>640</width>
						<height>150</height>
						<font>titlemove2</font>
						<label>$INFO[ListItem.Label]</label>
						<shadowcolor>black</shadowcolor>
					</control>
					<control type="textbox" id="6123">
						<animation effect="fade" start="0" end="100" time="200" tween="sine">Visible</animation>
						<visible>Container(6111).HasNext  + !Container(6123).HasNext</visible>
						<top>3</top>
						<left>59</left>
						<align>left</align>
						<aligny>center</aligny>
						<width>640</width>
						<height>134</height>
						<font>titleshelf2</font>
						<label>$INFO[ListItem.Label]</label>
						<shadowcolor>black</shadowcolor>
					</control>
					<control type="textbox">
						<animation effect="fade" start="0" end="100" time="200" tween="sine">Visible</animation>
						<visible>Container(6123).HasNext</visible>
						<top>3</top>
						<left>59</left>
						<align>left</align>
						<aligny>center</aligny>
						<width>640</width>
						<height>134</height>
						<font>titlewall</font>
						<label>$INFO[ListItem.Label]</label>
						<shadowcolor>black</shadowcolor>
					</control>
				</control>
			</control>
			<control type="group">
				<visible>!Container.OnScrollNext + !Container.OnScrollPrevious</visible>
				<animation effect="fade" start="0" end="100" delay="650" time="100" reversible="false">Visible</animation>
				<left>188</left>
				<top>988</top>
				<control type="image">
					<animation effect="slide" end="-2,20" condition="true">Conditional</animation>
					<width>30</width>
					<height>30</height>
					<aspectratio>keep</aspectratio>
					<texture colordiffuse="$VAR[Colour_UserRating]">star.png</texture>
					<visible>!String.IsEmpty(ListItem.UserRating)</visible>
				</control>
				<control type="label">
					<animation effect="slide" end="34,13" condition="true">Conditional</animation>
					<width>40</width>
					<visible>!String.IsEmpty(ListItem.UserRating)</visible>
					<align>left</align>
					<aligny>bottom</aligny>
					<font>font13_bold</font>
					<label>[COLOR white][B]$INFO[ListItem.UserRating][/B][/COLOR]</label>
					<textcolor>FFFFFAF0</textcolor>
					<shadowcolor>black</shadowcolor>
				</control>
			</control>
			<control type="image" id="4751">
				<visible>Container.Content(albums)</visible>
				<visible>!Container.OnScrollNext + !Container.OnScrollPrevious</visible>
				<animation effect="fade" start="0" end="100" delay="650" time="100" reversible="false">Visible</animation>
				<width>161</width>
				<height>48</height>
				<left>240</left>
				<top>998</top>
				<aspectratio>keep</aspectratio>
				<colordiffuse>eeFFFFFF</colordiffuse>
				<texture>$INFO[Container(6874).ListItem.Icon]</texture>
			</control>
			<control type="label">
				<visible>!Container.OnScrollNext + !Container.OnScrollPrevious</visible>
				<animation effect="fade" start="0" end="100" delay="650" time="100" reversible="false">Visible</animation>
				<top>1000</top>
				<left>270</left>
				<width>130</width>
				<height>45</height>
				<align>center</align>
				<aligny>center</aligny>
				<label>[B]$INFO[ListItem.Property(Album_Label)][/B]</label>
				<font>font10t</font>
				<textcolor>grey</textcolor>
				<wrapmultiline>true</wrapmultiline>
				<visible>String.IsEmpty(Control.GetLabel(4751))</visible>
			</control>
		</control>
		<control type="image">
			<visible>Control.HasFocus(8547) + Player.HasVideo</visible>
			<include>FullscreenDimensions</include>
			<texture>black.png</texture>
		</control>
		<control type="videowindow" id="2598">
			<visible>Control.HasFocus(8547)</visible>
			<include>FullscreenDimensions</include>
		</control>
	</include>
	<include name="MusicFlix_Content">
		<viewtype label="MusicFlix">list</viewtype>
		<left>-260</left>
		<top>390</top>
		<width>2100</width>
		<height>1125</height>
		<onup condition="!String.IsEmpty(Window(Home).Property(extras_music_yes)) + Skin.HasSetting(SearchExtrasMusic)">SetFocus(8547)</onup>
		<onup condition="!String.IsEmpty(Window(Home).Property(extras_music_yes)) + Skin.HasSetting(SearchExtrasMusic) + Skin.HasSetting(PlayPreviewM) + !String.IsEmpty(Window(home).Property(PlayingMusicPreviewAlbum)) + Player.HasAudio + Container.Content(albums)">Pause</onup>
		<onup condition="!String.IsEmpty(Window(Home).Property(extras_music_yes)) + Skin.HasSetting(SearchExtrasMusic) + Skin.HasSetting(PlayPreviewM) + !String.IsEmpty(Window(home).Property(PlayingMusicPreviewAlbum)) + Player.HasAudio + Container.Content(albums)">Stop</onup>
		<onup condition="!String.IsEmpty(Window(Home).Property(extras_music_yes)) + Skin.HasSetting(SearchExtrasMusic) + Skin.HasSetting(PlayPreviewM) + !String.IsEmpty(Window(home).Property(PlayingMusicPreviewAlbum)) + Player.HasAudio + Container.Content(albums)">ClearProperty(PlayingMusicPreviewAlbum,Home)</onup>
		<onup condition="String.IsEmpty(Window(Home).Property(extras_music_yes)) | !Skin.HasSetting(SearchExtrasMusic)">SetProperty(MediaMenu,True,home)</onup>
		<onup condition="String.IsEmpty(Window(Home).Property(extras_music_yes)) | !Skin.HasSetting(SearchExtrasMusic)">SetFocus(9050)</onup>
		<ondown condition="[String.Contains(Container.SortMethod,$LOCALIZE[557]) | String.Contains(Container.SortMethod,$LOCALIZE[558])] + !ListItem.IsParentFolder">5929</ondown>
		<ondown>86</ondown>
		<orientation>horizontal</orientation>
		<focusposition>1</focusposition>
		<scrolltime tween="sine" easing="inout">500</scrolltime>
		<preloaditems>2</preloaditems>
		<pagecontrol>86</pagecontrol>
		<animation effect="zoom" start="120" end="120" center="auto" time="0" condition="true">Conditional</animation>
		<animation effect="slide" start="0,0" end="0,-15" time="300" tween="sine" easing="inout" condition="Control.HasFocus(86) | Control.HasFocus(5929)">Conditional</animation>
		<visible>Container.Content(albums) | Container.Content(artists)</visible>
		<itemlayout width="334" height="534">
			<control type="group">
				<left>150</left>
				<top>20</top>
				<!-- Poster lados -->
				<control type="image">
					<visible>Container.Content(albums) + !String.StartsWith(ListItem.Label,*)</visible>
					<left>-63</left>
					<top>256</top>
					<width>304</width>
					<height>304</height>
					<texture diffuse="tajo/mask_cover3.png" background="true">$VAR[poster]</texture>
					<aspectratio>stretch</aspectratio>
				</control>
				<control type="image">
					<visible>Container.Content(artists)</visible>
					<left>-63</left>
					<top>256</top>
					<width>304</width>
					<height>304</height>
					<texture diffuse="tajo/mask_cover3.png" background="true">$VAR[poster]</texture>
					<aspectratio>scale</aspectratio>
				</control>
				<control type="image">
					<visible>Container.Content(albums) + String.StartsWith(ListItem.Label,*)</visible>
					<left>-63</left>
					<top>256</top>
					<width>304</width>
					<height>304</height>
					<texture diffuse="tajo/mask_cover3.png" background="true">tajo/magazine/cmusiclandJ.png</texture>
					<aspectratio scalediffuse="false">stretch</aspectratio>
					<colordiffuse>EEFFFFFF</colordiffuse>
				</control>
				<control type="textbox">
					<visible>Container.Content(albums) + String.StartsWith(ListItem.Label,*)</visible>
					<left>-64</left>
					<top>255</top>
					<width>304</width>
					<height>304</height>
					<font>titlemus2</font>
					<textcolor>black</textcolor>
					<align>center</align>
					<aligny>center</aligny>
					<label>$INFO[ListItem.Label]</label>
				</control>
				<control type="textbox">
					<visible>Container.Content(albums) + String.StartsWith(ListItem.Label,*)</visible>
					<left>-63</left>
					<top>256</top>
					<width>304</width>
					<height>304</height>
					<font>titlemus2</font>
					<textcolor>white</textcolor>
					<shadowcolor>black</shadowcolor>
					<align>center</align>
					<aligny>center</aligny>
					<label>$INFO[ListItem.Label]</label>
				</control>
				<control type="image">
					<visible>Container.Content(artists) + String.StartsWith(ListItem.Label,*)</visible>
					<left>-63</left>
					<top>256</top>
					<width>304</width>
					<height>304</height>
					<texture diffuse="tajo/mask_cover3.png" background="true">tajo/magazine/allartists.jpg</texture>
					<aspectratio aligny="center" scalediffuse="false">scale</aspectratio>
					<colordiffuse>88FFFFFF</colordiffuse>
				</control>
				<control type="textbox">
					<visible>Container.Content(artists) + String.StartsWith(ListItem.Label,*)</visible>
					<left>-64</left>
					<top>255</top>
					<width>304</width>
					<height>304</height>
					<font>titlemus2</font>
					<textcolor>black</textcolor>
					<align>center</align>
					<aligny>center</aligny>
					<label>$LOCALIZE[15103]</label>
				</control>
				<control type="textbox">
					<visible>Container.Content(artists) + String.StartsWith(ListItem.Label,*)</visible>
					<left>-63</left>
					<top>256</top>
					<width>304</width>
					<height>304</height>
					<font>titlemus2</font>
					<textcolor>white</textcolor>
					<shadowcolor>black</shadowcolor>
					<align>center</align>
					<aligny>center</aligny>
					<label>$LOCALIZE[15103]</label>
				</control>
				<control type="image">
					<visible>Container.Content(artists) + !String.IsEmpty(ListItem.Artist)</visible>
					<left>-19</left>
					<top>435</top>
					<width>225</width>
					<height>135</height>
					<colordiffuse>eeFFFFFF</colordiffuse>
					<aspectratio align="center" aligny="center">keep</aspectratio>
					<texture background="true">$INFO[ListItem.Art(clearlogo)]</texture>
				</control>
				<control type="image">
					<left>-64</left>
					<top>255</top>
					<width>306</width>
					<height>306</height>
					<colordiffuse>themecolor</colordiffuse>
					<animation effect="fade" start="40" end="40" condition="true">Conditional</animation>
					<texture diffuse="tajo/mask_cover3.png" background="true">tajo/darkgrey.png</texture>
					<aspectratio>stretch</aspectratio>
				</control>
				<!-- Poster lados reflejo -->
				<control type="group">
					<top>-3</top>
					<control type="image">
						<visible>Container.Content(albums) + !String.StartsWith(ListItem.Label,*)</visible>
						<left>-63</left>
						<top>564</top>
						<width>304</width>
						<height>304</height>
						<colordiffuse>60FFFFFF</colordiffuse>
						<texture flipy="true" background="true">$VAR[poster]</texture>
						<aspectratio>scale</aspectratio>
					</control>
					<control type="image">
						<visible>Container.Content(albums) + String.StartsWith(ListItem.Label,*)</visible>
						<left>-63</left>
						<top>564</top>
						<width>304</width>
						<height>304</height>
						<texture flipy="true" background="true">tajo/magazine/cmusiclandJ.png</texture>
						<aspectratio scalediffuse="false">stretch</aspectratio>
						<colordiffuse>60FFFFFF</colordiffuse>
					</control>
					<control type="image">
						<visible>Container.Content(artists)</visible>
						<left>-63</left>
						<top>564</top>
						<width>304</width>
						<height>304</height>
						<colordiffuse>60FFFFFF</colordiffuse>
						<texture flipy="true" background="true">$VAR[poster]</texture>
						<aspectratio>scale</aspectratio>
					</control>
					<control type="image">
						<visible>Container.Content(artists) + String.StartsWith(ListItem.Label,*)</visible>
						<left>-63</left>
						<top>564</top>
						<width>304</width>
						<height>304</height>
						<texture flipy="true" background="true">tajo/magazine/allartists.jpg</texture>
						<aspectratio aligny="center" scalediffuse="false">scale</aspectratio>
						<colordiffuse>60FFFFFF</colordiffuse>
					</control>
					<control type="image">
						<visible>Container.Content(artists) + !String.IsEmpty(ListItem.Artist)</visible>
						<left>-19</left>
						<top>556</top>
						<width>225</width>
						<height>135</height>
						<colordiffuse>60FFFFFF</colordiffuse>
						<aspectratio align="center" aligny="center">keep</aspectratio>
						<texture flipy="true" background="true">$INFO[ListItem.Art(clearlogo)]</texture>
					</control>
					<control type="image">
						<left>-63</left>
						<top>563</top>
						<width>304</width>
						<height>304</height>
						<colordiffuse>bbFFFFFF</colordiffuse>
						<aspectratio>stretch</aspectratio>
						<texture flipy="true" background="true">tajo/osd_black_bg.png</texture>
					</control>
				</control>
			</control>
		</itemlayout>
		<focusedlayout width="334" height="534">
			<control type="button" id="5928">
				<include>HiddenObject</include>
				<onfocus condition="!String.IsEmpty(Window(Home).Property(MoveArtist))">ClearProperty(MoveArtist,Home)</onfocus>
				<onfocus condition="!String.IsEmpty(Window(Home).Property(extras_music_yes))">ClearProperty(extras_music_yes,home)</onfocus>
			</control>
			<control type="group">
				<animation type="Focus" reversible="false">
					<effect type="zoom" delay="400" center="110,520" start="100" end="120" time="600" tween="cubic" easing="out"/>
				</animation>
				<animation effect="zoom" center="110,520" start="100" end="120" time="0" condition="Control.IsVisible(8547) | Window.IsVisible(1196)">Conditional</animation>
				<left>150</left>
				<top>20</top>
				<control type="image">
					<visible>Container.Content(albums) + !String.StartsWith(ListItem.Label,*)</visible>
					<left>-63</left>
					<top>256</top>
					<width>304</width>
					<height>304</height>
					<texture diffuse="tajo/mask_cover3.png" background="true">$VAR[poster]</texture>
					<aspectratio>stretch</aspectratio>
				</control>
				<control type="image">
					<visible>Container.Content(artists)</visible>
					<left>-63</left>
					<top>256</top>
					<width>304</width>
					<height>304</height>
					<texture diffuse="tajo/mask_cover3.png" background="true">$VAR[poster]</texture>
					<aspectratio>scale</aspectratio>
				</control>
				<control type="image">
					<visible>Container.Content(albums) + String.StartsWith(ListItem.Label,*)</visible>
					<left>-63</left>
					<top>256</top>
					<width>304</width>
					<height>304</height>
					<texture diffuse="tajo/mask_cover3.png" background="true">tajo/magazine/cmusiclandJ.png</texture>
					<aspectratio aligny="center" scalediffuse="false">scale</aspectratio>
					<colordiffuse>eeFFFFFF</colordiffuse>
				</control>
				<control type="textbox">
					<visible>Container.Content(albums) + String.StartsWith(ListItem.Label,*)</visible>
					<left>-64</left>
					<top>255</top>
					<width>304</width>
					<height>304</height>
					<font>titlemus2</font>
					<textcolor>black</textcolor>
					<align>center</align>
					<aligny>center</aligny>
					<label>$INFO[ListItem.Label]</label>
				</control>
				<control type="textbox">
					<visible>Container.Content(albums) + String.StartsWith(ListItem.Label,*)</visible>
					<left>-63</left>
					<top>256</top>
					<width>304</width>
					<height>304</height>
					<font>titlemus2</font>
					<textcolor>white</textcolor>
					<shadowcolor>black</shadowcolor>
					<align>center</align>
					<aligny>center</aligny>
					<label>$INFO[ListItem.Label]</label>
				</control>
				<control type="image">
					<visible>Container.Content(artists) + String.StartsWith(ListItem.Label,*)</visible>
					<left>-63</left>
					<top>256</top>
					<width>304</width>
					<height>304</height>
					<texture diffuse="tajo/mask_cover3.png" background="true">tajo/magazine/allartists.jpg</texture>
					<aspectratio aligny="center" scalediffuse="false">scale</aspectratio>
					<colordiffuse>88FFFFFF</colordiffuse>
				</control>
				<control type="textbox">
					<visible>Container.Content(artists) + String.StartsWith(ListItem.Label,*)</visible>
					<left>-64</left>
					<top>255</top>
					<width>304</width>
					<height>304</height>
					<font>titlemus2</font>
					<textcolor>black</textcolor>
					<align>center</align>
					<aligny>center</aligny>
					<label>$LOCALIZE[15103]</label>
				</control>
				<control type="textbox">
					<visible>Container.Content(artists) + String.StartsWith(ListItem.Label,*)</visible>
					<left>-63</left>
					<top>256</top>
					<width>304</width>
					<height>304</height>
					<font>titlemus2</font>
					<textcolor>white</textcolor>
					<shadowcolor>black</shadowcolor>
					<align>center</align>
					<aligny>center</aligny>
					<label>$LOCALIZE[15103]</label>
				</control>
				<!-- Poster lados reflejo -->
				<control type="group">
					<top>-3</top>
					<control type="image">
						<visible>Container.Content(albums) + !String.StartsWith(ListItem.Label,*)</visible>
						<left>-63</left>
						<top>564</top>
						<width>304</width>
						<height>304</height>
						<colordiffuse>60FFFFFF</colordiffuse>
						<texture flipy="true" background="true">$VAR[poster]</texture>
						<aspectratio>scale</aspectratio>
					</control>
					<control type="image">
						<visible>Container.Content(albums) + String.StartsWith(ListItem.Label,*)</visible>
						<left>-63</left>
						<top>564</top>
						<width>304</width>
						<height>304</height>
						<texture flipy="true" background="true">tajo/magazine/cmusiclandJ.png</texture>
						<aspectratio aligny="center" scalediffuse="false">scale</aspectratio>
						<colordiffuse>60FFFFFF</colordiffuse>
					</control>
					<control type="image">
						<visible>Container.Content(artists)</visible>
						<left>-63</left>
						<top>564</top>
						<width>304</width>
						<height>304</height>
						<colordiffuse>60FFFFFF</colordiffuse>
						<texture flipy="true" background="true">$VAR[poster]</texture>
						<aspectratio>scale</aspectratio>
					</control>
					<control type="image">
						<visible>Container.Content(artists) + String.StartsWith(ListItem.Label,*)</visible>
						<left>-63</left>
						<top>564</top>
						<width>304</width>
						<height>304</height>
						<texture flipy="true" background="true">tajo/magazine/allartists.jpg</texture>
						<aspectratio aligny="center" scalediffuse="false">scale</aspectratio>
						<colordiffuse>60FFFFFF</colordiffuse>
					</control>
					<control type="image">
						<left>-63</left>
						<top>563</top>
						<width>304</width>
						<height>304</height>
						<colordiffuse>bbFFFFFF</colordiffuse>
						<aspectratio>stretch</aspectratio>
						<texture flipy="true" background="true">tajo/osd_black_bg.png</texture>
					</control>
				</control>
			</control>
		</focusedlayout>
	</include>
</includes>