<?xml version="1.0" encoding="utf-8"?>
<includes>
	<include name="Wall_View">
		<control type="group">
			<control type="group">
				<animation effect="fade" delay="500" start="0" end="100" time="50">WindowOpen</animation>
				<animation effect="slide" end="0,268" time="300" tween="cubic" easing="inout" condition="Integer.IsGreater(Container(583).Row,1)">Conditional</animation>
				<animation effect="slide" end="0,268" time="300" tween="cubic" easing="inout" condition="Integer.IsGreater(Container(583).Row,0)">Conditional</animation>
				<animation effect="slide" end="202,0" time="300" tween="cubic" easing="inout" condition="Integer.IsGreater(Container(583).Column,8)">Conditional</animation>
				<animation effect="slide" end="202,0" time="300" tween="cubic" easing="inout" condition="Integer.IsGreater(Container(583).Column,7)">Conditional</animation>
				<animation effect="slide" end="202,0" time="300" tween="cubic" easing="inout" condition="Integer.IsGreater(Container(583).Column,6)">Conditional</animation>
				<animation effect="slide" end="202,0" time="300" tween="cubic" easing="inout" condition="Integer.IsGreater(Container(583).Column,5)">Conditional</animation>
				<animation effect="slide" end="202,0" time="300" tween="cubic" easing="inout" condition="Integer.IsGreater(Container(583).Column,4)">Conditional</animation>
				<animation effect="slide" end="202,0" time="300" tween="cubic" easing="inout" condition="Integer.IsGreater(Container(583).Column,3)">Conditional</animation>
				<animation effect="slide" end="202,0" time="300" tween="cubic" easing="inout" condition="Integer.IsGreater(Container(583).Column,2)">Conditional</animation>
				<animation effect="slide" end="202,0" time="300" tween="cubic" easing="inout" condition="Integer.IsGreater(Container(583).Column,1)">Conditional</animation>
				<animation effect="slide" end="202,0" time="300" tween="cubic" easing="inout" condition="Integer.IsGreater(Container(583).Column,0)">Conditional</animation>
				<control type="image">
					<visible>Control.IsVisible(583)</visible>
					<left>38</left>
					<top>67</top>
					<width>205</width>
					<height>278</height>
					<texture diffuse="tajo/mask_cover3.png">$VAR[Option_Back]</texture>
					<aspectratio align="center">stretch</aspectratio>
					<colordiffuse>ddffffff</colordiffuse>
				</control>
			</control>
			<control type="panel" id="583">
				<visible>Container.Content(Games)</visible>
				<left>46</left>
				<top>75</top>
				<width>1828</width>
				<height>805</height>
				<onleft>SetProperty(MediaMenu,True,home)</onleft>
				<onleft>SetFocus(9050)</onleft>
				<onright>80</onright>
				<orientation>vertical</orientation>
				<viewtype label="Wall">icon</viewtype>
				<pagecontrol>80</pagecontrol>
				<scrolltime>300</scrolltime>
				<preloaditems>2</preloaditems>
				<itemlayout height="268" width="202">
					<control type="image">
						<visible>ListItem.IsParentFolder</visible>
						<left>6</left>
						<top>5</top>
						<width>177</width>
						<height>252</height>
						<aspectratio align="center" scalediffuse="false">scale</aspectratio>
						<texture diffuse="tajo/mask_cover3.png">DefaultFolderBack.png</texture>
					</control>
					<control type="image">
						<visible>!ListItem.IsParentFolder</visible>
						<left>6</left>
						<top>5</top>
						<width>177</width>
						<height>252</height>
						<texture fallback="DefaultAddonGame.png" diffuse="tajo/mask_cover3.png" background="true">$VAR[poster]</texture>
						<aspectratio align="center">stretch</aspectratio>
					</control>
					<control type="image">
						<left>6</left>
						<top>5</top>
						<width>177</width>
						<height>252</height>
						<texture>tajo/darkgrey.png</texture>
						<colordiffuse>themecolor</colordiffuse>
						<animation effect="fade" start="30" end="30" condition="true">Conditional</animation>
					</control>
				</itemlayout>
				<focusedlayout height="268" width="202">
					<control type="image">
						<visible>ListItem.IsParentFolder</visible>
						<left>6</left>
						<top>5</top>
						<width>177</width>
						<height>252</height>
						<aspectratio align="center" scalediffuse="false">scale</aspectratio>
						<texture diffuse="tajo/mask_cover3.png">DefaultFolderBack.png</texture>
					</control>
					<control type="image">
						<visible>!ListItem.IsParentFolder</visible>
						<left>6</left>
						<top>5</top>
						<width>177</width>
						<height>252</height>
						<texture fallback="DefaultAddonGame.png" diffuse="tajo/mask_cover3.png" background="true">$VAR[poster]</texture>
						<aspectratio align="center">stretch</aspectratio>
					</control>
				</focusedlayout>
			</control>
		</control>
		<control type="group">
			<top>78</top>
			<visible>Container.Content(Games)</visible>
			<visible>Control.IsVisible(583)</visible>
			<animation effect="fade" time="300">Visible</animation>
			<animation effect="fade" time="300">Hidden</animation>
			<animation effect="fade" time="300">WindowOpen</animation>
			<animation effect="fade" time="300">WindowClose</animation>
			<control type="group">
				<visible>Container.Content(Games)</visible>
				<top>10</top>
				<control type="image" id="499">
					<left>835</left>
					<top>870</top>
					<width>250</width>
					<height>90</height>
					<texture fallback="transp.png">$INFO[Container(583).ListItem.Path]$INFO[Container(583).ListItem.FileNameNoExtension].png</texture>
					<aspectratio align="center" aligny="top">keep</aspectratio>
				</control>
				<control type="label">
					<visible>String.Contains(Control.GetLabel(499),transp.png)</visible>
					<description>Current Selection</description>
					<left>0</left>
					<top>865</top>
					<width>1920</width>
					<height>72</height>
					<align>center</align>
					<aligny>center</aligny>
					<label>$INFO[Container(583).ListItem.FileNameNoExtension]</label>
					<font>titlelist</font>
				</control>
			</control>
		</control>
		<control type="scrollbar" id="80">
			<include>ScrollBar_Vertical</include>
			<left>1870</left>
			<top>75</top>
			<height>805</height>
			<onleft>583</onleft>
			<onright>583</onright>
			<visible allowhiddenfocus="true">Control.IsVisible(583) + Control.HasFocus(80)</visible>
		</control>
	</include>
</includes>
