<includes>
	<!--##################################################################################     VISTA Shelf - ID 595     #############################################################################-->
	<include name="ShelfFixedList">
		<control type="fixedlist" id="595">
			<visible>Container.Content(movies) | Container.Content(tvshows) | Container.Content(seasons) | Container.Content(sets)</visible>
			<include>Shelf_Content</include>
		</control>
	</include>
	<include name="ViewShelf">
		<control type="group">
			<top>25</top>
			<!-- default group -->
			<visible>Control.IsVisible(595)</visible>
			<control type="group">
				<!-- panel de info fanart layout -->
				<left>-15</left>
				<top>-105</top>
				<control type="image">
					<left>-30</left>
					<top>28</top>
					<width>2040</width>
					<height>1277</height>
					<texture diffuse="tajo/mask_cover3.png">tajo/darkgrey.png</texture>
					<colordiffuse>themecolor</colordiffuse>
					<animation effect="fade" end="80" condition="true">Conditional</animation>
				</control>
				<control type="image">
					<left>-30</left>
					<top>815</top>
					<width>2040</width>
					<height>350</height>
					<texture background="true">tajo/osd_black_bg.png</texture>
					<aspectratio>stretch</aspectratio>
					<colordiffuse>themecolor</colordiffuse>
				</control>
				<control type="group">
					<visible>!ListItem.IsCollection | [ListItem.IsCollection + !Integer.IsGreater(Container(59631).NumItems,6)]</visible>
					<animation effect="fade" start="100" end="0" time="1000" reversible="false" condition="Skin.HasSetting(playTrailer) + !String.IsEmpty(ListItem.Trailer) + !VideoPlayer.IsFullscreen + Player.Playing + !String.IsEqual(ListItem.FileExtension,strm) + !String.Contains(Player.Filenameandpath,theme.mp3) + !Control.HasFocus(8541)">Conditional</animation>
					<top>-10</top>
					<control type="image">
						<left>1060</left>
						<top>75</top>
						<width>920</width>
						<height>525</height>
						<visible>String.IsEmpty(ListItem.Art(fanart1))</visible>
						<aspectratio aligny="top">scale</aspectratio>
						<texture diffuse="tajo/mask_cover3.png" background="true">$INFO[ListItem.Art(fanart)]</texture>
					</control>
					<control type="multiimage">
						<left>1060</left>
						<top>75</top>
						<width>920</width>
						<height>525</height>
						<aspectratio aligny="top">scale</aspectratio>
						<fadetime>500</fadetime>
						<visible>!String.IsEmpty(ListItem.Art(fanart1))</visible>
						<imagepath diffuse="tajo/mask_cover3.png" background="true">$INFO[Control.GetLabel(4410)]</imagepath>
					</control>
					<control type="image">
						<visible>[Skin.HasSetting(Sh2) + Skin.HasSetting(showCast)]</visible>
						<visible>!ListItem.IsParentFolder</visible>
						<left>1060</left>
						<top>75</top>
						<width>350</width>
						<height>525</height>
						<texture background="true">tajo/gradient_small2.png</texture>
						<aspectratio>stretch</aspectratio>
					</control>
					<control type="image">
						<visible>Control.HasFocus(8541)</visible>
						<animation effect="fade" start="0" end="85" time="200" condition="true">Conditional</animation>
						<left>1060</left>
						<top>75</top>
						<width>1050</width>
						<height>550</height>
						<texture background="true">tajo/background.png</texture>
						<aspectratio>stretch</aspectratio>
					</control>
					<control type="image">
						<visible>[!String.IsEmpty(ListItem.Art(clearlogo)) + !String.IsEmpty(ListItem.Art(clearart))] | !String.IsEmpty(ListItem.Art(tvshow.clearlogo))</visible>
						<left>1060</left>
						<top>75</top>
						<width>920</width>
						<height>525</height>
						<texture background="true">tajo/osd_black_bg.png</texture>
						<aspectratio>stretch</aspectratio>
					</control>
					<control type="image">
						<animation effect="rotate" center="auto" start="180" end="180" time="0" condition="true">Conditional</animation>
						<visible>!String.IsEmpty(ListItem.Art(characterart)) + !Container.Content(tvshows)</visible>
						<left>1060</left>
						<top>75</top>
						<width>920</width>
						<height>525</height>
						<texture background="true">tajo/osd_black_bg2.png</texture>
						<aspectratio>stretch</aspectratio>
					</control>
					<control type="image">
						<visible>!Container.Content(seasons)</visible>
						<visible>[!String.IsEmpty(Window(Home).Property(extras_yes)) | Integer.IsGreater(Container(3322).NumItems,0)] + Skin.HasSetting(SearchExtras)</visible>
						<visible>!System.IdleTime(6) + !Control.HasFocus(8541)</visible>
						<animation effect="fade" start="60" end="0" time="1000" pulse="true" condition="true">Conditional</animation>
						<animation effect="fade" start="0" end="100" delay="600" time="200">Visible</animation>
						<left>1843</left>
						<top>97</top>
						<width>35</width>
						<height>35</height>
						<aspectratio aligny="bottom" align="left">keep</aspectratio>
						<texture background="true">arrow_up.png</texture>
					</control>
					<control type="grouplist">
						<visible>!Container.Content(seasons)</visible>
						<left>1464</left>
						<top>97</top>
						<width>400</width>
						<align>right</align>
						<orientation>horizontal</orientation>
						<itemgap>0</itemgap>
						<control type="label">
							<visible>Control.HasFocus(8541)</visible>
							<animation effect="fade" start="0" end="80" time="600">Visible</animation>
							<align>left</align>
							<width min="20" max="200">auto</width>
							<height>40</height>
							<textcolor>white</textcolor>
							<shadowcolor>black</shadowcolor>
							<font>fontDiscog</font>
							<label>$INFO[Container(8541).CurrentItem]</label>
						</control>
						<control type="label">
							<visible>Control.HasFocus(8541)</visible>
							<animation effect="fade" start="0" end="80" time="600">Visible</animation>
							<align>left</align>
							<width min="20" max="200">auto</width>
							<height>34</height>
							<textcolor>white</textcolor>
							<shadowcolor>black</shadowcolor>
							<font>Font_bro</font>
							<label>/$INFO[Container(8541).NumItems]</label>
						</control>
					</control>
					<control type="image">
						<visible>!Container.Content(seasons)</visible>
						<animation effect="fade" start="0" end="100" delay="600" time="200">Visible</animation>
						<visible>[!String.IsEmpty(Window(Home).Property(extras_yes)) | Integer.IsGreater(Container(3322).NumItems,0)] + Skin.HasSetting(SearchExtras)</visible>
						<left>1867</left>
						<top>95</top>
						<width>60</width>
						<height>60</height>
						<colordiffuse>bbffffff</colordiffuse>
						<texture background="true">tajo/extras.png</texture>
						<aspectratio>keep</aspectratio>
					</control>
					<control type="label">
						<animation effect="fade" start="0" end="100" delay="600" time="200">Visible</animation>
						<visible>[!String.IsEmpty(Window(Home).Property(extras_yes)) | Integer.IsGreater(Container(3322).NumItems,0)] + Skin.HasSetting(SearchExtras)</visible>
						<visible>!Container.Content(seasons)</visible>
						<align>left</align>
						<left>1871</left>
						<top>121</top>
						<width min="20" max="300">auto</width>
						<height>34</height>
						<textcolor>ffdadada</textcolor>
						<shadowcolor>black</shadowcolor>
						<font>font_Extras</font>
						<label>$LOCALIZE[31014]</label>
					</control>
					<control type="group">
						<visible>!String.IsEmpty(Window(Home).Property(extras_yes)) | Integer.IsGreater(Container(3322).NumItems,0)</visible>
						<visible>!Container.Content(seasons)</visible>
						<top>153</top>
						<left>1354</left>
						<include condition="Skin.HasSetting(SearchExtras)" content="Extras_view">
							<param name="View_n" value="595"/>
							<param name="HeightList" value="292"/>
							<param name="Num_control" value="8541"/>
							<param name="Num_movement" value="6"/>
						</include>
					</control>
				</control>
				<control type="videowindow" id="2449">
					<visible>Integer.IsGreater(Player.Time,0) + Skin.HasSetting(playTrailer)</visible>
					<left>1060</left>
					<top>25</top>
					<width>965</width>
					<height>550</height>
				</control>
				<control type="group">
					<visible>!ListItem.IsParentFolder</visible>
					<top>-15</top>
					<left>60</left>
					<control type="image">
						<left>1000</left>
						<top>70</top>
						<width>230</width>
						<height>1530</height>
						<texture background="true">tajo/osd_black_bg2.png</texture>
						<aspectratio>stretch</aspectratio>
					</control>
					<control type="image">
						<animation effect="rotate" center="auto" start="180" end="180" time="0" condition="true">Conditional</animation>
						<left>100</left>
						<top>70</top>
						<width>902</width>
						<height>1530</height>
						<texture background="true">tajo/osd_black_bg2.png</texture>
						<aspectratio>stretch</aspectratio>
					</control>
					<control type="image">
						<left>-100</left>
						<top>400</top>
						<width>2300</width>
						<height>200</height>
						<aspectratio>stretch</aspectratio>
						<texture background="true">tajo/osd_black_bg.png</texture>
					</control>
					<control type="image">
						<animation effect="rotate" center="auto" start="180" end="180" time="0" condition="true">Conditional</animation>
						<left>-100</left>
						<top>595</top>
						<width>2300</width>
						<height>524</height>
						<aspectratio>stretch</aspectratio>
						<texture background="true">tajo/osd_black_bg.png</texture>
					</control>
				</control>
				<control type="grouplist">
					<animation effect="slide" end="0,-136" time="0" condition="String.IsEmpty(ListItem.Art(clearart)) + String.IsEmpty(ListItem.Art(clearlogo)) + String.IsEmpty(ListItem.Art(tvshow.clearart)) + String.IsEmpty(ListItem.Art(tvshow.clearlogo)) + [[Skin.HasSetting(showCast) + Skin.HasSetting(Sh2)] | !Skin.HasSetting(showCast)]">Conditional</animation>
					<animation effect="slide" end="512,0" time="0" condition="!Skin.HasSetting(Sh2) + Skin.HasSetting(showCast) + !Container.Content(seasons)">Conditional</animation>
					<visible>!ListItem.IsCollection</visible>
					<visible>!ListItem.IsParentFolder</visible>
					<left>45</left>
					<top>372</top>
					<orientation>vertical</orientation>
					<itemgap>9</itemgap>
					<control type="label">
						<visible>!Container.Content(tvshows) + !Container.Content(seasons)</visible>
						<height>30</height>
						<width>513</width>
						<font>Font_plot</font>
						<aligny>top</aligny>
						<align>left</align>
						<textcolor>themecolor</textcolor>
						<scroll>true</scroll>
						<scrollspeed>40</scrollspeed>
						<scrollsuffix>  -  </scrollsuffix>
						<label>[B]$VAR[value_ground16_label]:[/B] [COLOR=FFFFFAF0]$VAR[value_ground16_value]   [/COLOR] [CAPITALIZE][B][LOWERCASE]$LOCALIZE[19081]:[/B][/LOWERCASE][/CAPITALIZE][COLOR=FFFFFAF0] $INFO[ListItem.EndTime][/COLOR]</label>
					</control>
					<control type="textbox">
						<visible>!Container.Content(tvshows) + !Container.Content(seasons) + !String.IsEmpty(ListItem.AudioCodec)</visible>
						<height>35</height>
						<width>100</width>
						<font>Font_plot</font>
						<aligny>top</aligny>
						<align>right</align>
						<textcolor>themecolor</textcolor>
						<label>[B]$LOCALIZE[292]: [/B]</label>
					</control>
				</control>
				<control type="group">
					<animation effect="slide" end="0,-136" time="0" condition="String.IsEmpty(ListItem.Art(clearart)) + String.IsEmpty(ListItem.Art(clearlogo)) + String.IsEmpty(ListItem.Art(tvshow.clearart)) + String.IsEmpty(ListItem.Art(tvshow.clearlogo)) + [[Skin.HasSetting(showCast) + Skin.HasSetting(Sh2)] | !Skin.HasSetting(showCast)]">Conditional</animation>
					<animation effect="slide" end="512,0" time="0" condition="!Skin.HasSetting(Sh2) + Skin.HasSetting(showCast) + !Container.Content(seasons)">Conditional</animation>
					<left>117</left>
					<top>354</top>
					<control type="grouplist">
						<left>10</left>
						<top>50</top>
						<width>1000</width>
						      <height>60</height>
						<orientation>horizontal</orientation>
						<itemgap>10</itemgap>
						<control type="label">
							<font>Font_plot</font>
							<align>right</align>
							<aligny>center</aligny>
							<width>60</width>
							<height>52</height>
							<label>$VAR[audiochannelstajo1]</label>
						</control>
						<control type="image">
							<width>80</width>
							<height>40</height>
							<animation effect="slide" start="0,0" end="0,10" time="0" condition="true">Conditional</animation>
							<aspectratio aligny="center" align="center">keep</aspectratio>
							<texture>$VAR[audioc_1]</texture>
						</control>
						<control type="label">
							<font>Font_plot</font>
							<scroll>false</scroll>
							<align>left</align>
							<aligny>center</aligny>
							<width>60</width>
							<height>50</height>
							<label>[LOWERCASE]$INFO[ListItem.Property(AudioLanguage.1)][/LOWERCASE]</label>
						</control>
					</control>
					<control type="grouplist">
						<left>10</left>
						<top>87</top>
						<width>1000</width>
						      <height>60</height>
						<orientation>horizontal</orientation>
						<itemgap>10</itemgap>
						<control type="label">
							<font>Font_plot</font>
							<align>right</align>
							<aligny>center</aligny>
							<width>60</width>
							<height>52</height>
							<label>$VAR[audiochannelstajo3]</label>
						</control>
						<control type="image">
							<width>80</width>
							<height>40</height>
							<animation effect="slide" start="0,0" end="0,10" time="0" condition="true">Conditional</animation>
							<aspectratio aligny="center" align="center">keep</aspectratio>
							<texture>$VAR[audioc_3]</texture>
						</control>
						<control type="label">
							<font>Font_plot</font>
							<scroll>false</scroll>
							<align>left</align>
							<aligny>center</aligny>
							<width>60</width>
							<height>50</height>
							<label>[LOWERCASE]$INFO[ListItem.Property(AudioLanguage.3)][/LOWERCASE]</label>
						</control>
					</control>
				</control>
				<control type="group">
					<animation effect="slide" end="0,-136" time="0" condition="String.IsEmpty(ListItem.Art(clearart)) + String.IsEmpty(ListItem.Art(clearlogo)) + String.IsEmpty(ListItem.Art(tvshow.clearart)) + String.IsEmpty(ListItem.Art(tvshow.clearlogo)) + [[Skin.HasSetting(showCast) + Skin.HasSetting(Sh2)] | !Skin.HasSetting(showCast)]">Conditional</animation>
					<animation effect="slide" end="512,0" time="0" condition="!Skin.HasSetting(Sh2) + Skin.HasSetting(showCast) + !Container.Content(seasons)">Conditional</animation>
					<left>330</left>
					<top>354</top>
					<control type="grouplist">
						<left>10</left>
						<top>50</top>
						<width>1000</width>
						      <height>60</height>
						<orientation>horizontal</orientation>
						<itemgap>10</itemgap>
						<control type="label">
							<font>Font_plot</font>
							<align>right</align>
							<aligny>center</aligny>
							<width>60</width>
							<height>52</height>
							<label>$VAR[audiochannelstajo2]</label>
						</control>
						<control type="image">
							<width>80</width>
							<height>40</height>
							<animation effect="slide" start="0,0" end="0,10" time="0" condition="true">Conditional</animation>
							<aspectratio aligny="center" align="center">keep</aspectratio>
							<texture>$VAR[audioc_2]</texture>
						</control>
						<control type="label">
							<font>Font_plot</font>
							<scroll>false</scroll>
							<align>left</align>
							<aligny>center</aligny>
							<width>60</width>
							<height>50</height>
							<label>[LOWERCASE]$INFO[ListItem.Property(AudioLanguage.2)][/LOWERCASE]</label>
						</control>
					</control>
					<control type="grouplist">
						<left>10</left>
						<top>87</top>
						<width>1000</width>
						      <height>60</height>
						<orientation>horizontal</orientation>
						<itemgap>10</itemgap>
						<control type="label">
							<font>Font_plot</font>
							<align>right</align>
							<aligny>center</aligny>
							<width>60</width>
							<height>52</height>
							<label>$VAR[audiochannelstajo4]</label>
						</control>
						<control type="image">
							<width>80</width>
							<height>40</height>
							<animation effect="slide" start="0,0" end="0,10" time="0" condition="true">Conditional</animation>
							<aspectratio aligny="center" align="center">keep</aspectratio>
							<texture>$VAR[audioc_4]</texture>
						</control>
						<control type="label">
							<font>Font_plot</font>
							<scroll>false</scroll>
							<align>left</align>
							<aligny>center</aligny>
							<width>60</width>
							<height>50</height>
							<label>[LOWERCASE]$INFO[ListItem.Property(AudioLanguage.4)][/LOWERCASE]</label>
						</control>
					</control>
				</control>
				<control type="textbox">
					<visible>!ListItem.IsCollection + !Skin.HasSetting(Sh2) + Skin.HasSetting(showCast)</visible>
					<visible>!ListItem.IsParentFolder</visible>
					<visible>!Container.Content(seasons)</visible>
					<animation effect="fade" delay="500" time="500" reversible="false">Visible</animation>
					<left>57</left>
					<top>127</top>
					<width>450</width>
					<height>358</height>
					<font>font28</font>
					<align>center</align>
					<label>[B][COLOR themecolor]$VAR[value_ground17_label]:[/COLOR][/B] $VAR[value_ground17_value][B][COLOR themecolor]    $VAR[value_ground14_label]:[/B][/COLOR] [COLOR=FFFFFAF0]$VAR[value_ground14_value][/COLOR]   [B][COLOR themecolor][CAPITALIZE]$VAR[value_ground11_label]:[/COLOR][/B][/CAPITALIZE] [COLOR=FFFFFAF0]$VAR[value_ground11_value][/COLOR][CR][COLOR themecolor][B]$VAR[value_ground12_label]:[/B][/COLOR] [COLOR=FFFFFAF0]$VAR[value_ground12_value][/COLOR]$INFO[ListItem.OriginalTitle,[CR][B][COLOR themecolor]$LOCALIZE[20376]: [/B][/COLOR],][CR][B][COLOR themecolor]$LOCALIZE[207]:[/B][/COLOR] $VAR[value_plot]</label>
					<autoscroll delay="5000" time="2000" repeat="5000">Skin.HasSetting(Enable.AutoScroll)</autoscroll>
				</control>
				<control type="textbox">
					<visible>[!ListItem.IsCollection + [Skin.HasSetting(Sh2) | !Skin.HasSetting(showCast)]] | Container.Content(seasons)</visible>
					<visible>!ListItem.IsParentFolder</visible>
					<animation effect="fade" delay="500" time="500" reversible="false">Visible</animation>
					<left>582</left>
					<top>97</top>
					<width>450</width>
					<height>390</height>
					<font>font28</font>
					<align>center</align>
					<label>[B][COLOR themecolor]$VAR[value_ground17_label]:[/COLOR][/B] [COLOR=FFFFFAF0]$VAR[value_ground17_value][/COLOR][B][COLOR themecolor]    $VAR[value_ground14_label]:[/B][/COLOR] [COLOR=FFFFFAF0]$VAR[value_ground14_value][/COLOR]   [B][COLOR themecolor][CAPITALIZE]$VAR[value_ground11_label]:[/COLOR][/B][/CAPITALIZE] [COLOR=FFFFFAF0]$VAR[value_ground11_value][/COLOR][CR][COLOR themecolor][B]$VAR[value_ground12_label]:[/B][/COLOR] [COLOR=FFFFFAF0]$VAR[value_ground12_value][/COLOR]$INFO[ListItem.OriginalTitle,[CR][B][COLOR themecolor]$LOCALIZE[20376]: [/B][/COLOR],][CR][B][COLOR themecolor]$LOCALIZE[207]:[/B][/COLOR] $VAR[value_plot]</label>
					<autoscroll delay="5000" time="2000" repeat="5000">Skin.HasSetting(Enable.AutoScroll)</autoscroll>
				</control>
				<control type="image">
					<left>-500</left>
					<top>-500</top>
					<width>30</width>
					<height>30</height>
					<texture diffuse="tajo/mask_cover3.png" background="true">$INFO[ListItem.Art(back)]</texture>
				</control>
				<control type="group">
					<visible>!ListItem.IsParentFolder</visible>
					<animation effect="fade" start="100" end="0" delay="300" time="500" reversible="false" condition="Skin.HasSetting(playTrailer) + !String.IsEmpty(ListItem.Trailer) + !VideoPlayer.IsFullscreen + Player.Playing + !String.IsEqual(ListItem.FileExtension,strm) + !String.Contains(Player.Filenameandpath,theme.mp3) + !Control.HasFocus(8541)">Conditional</animation>
					<left>15</left>
					<control type="textbox">
						<visible>[!System.IdleTime(3) | Integer.IsLess(Container(5952).NumItems,2)] + !ListItem.IsCollection + Skin.HasSetting(showCast)</visible>
						<visible>!Container.Content(seasons)</visible>
						<visible>Skin.HasSetting(Sh2) + Skin.HasSetting(showCast)</visible>
						<visible>Integer.IsGreater(Container(524).NumItems,0)</visible>
						<font>Font_plot4</font>
						<align>center</align>
						<left>1065</left>
						<top>114</top>
						<width>220</width>
						<height>333</height>
						<label>[B][COLOR themecolor]$LOCALIZE[206]:[/COLOR][/B][CR][COLOR white]$INFO[Container(524).ListItemAbsolute(0).Label,-,][CR]$INFO[Container(524).ListItemAbsolute(1).Label,-,][CR]$INFO[Container(524).ListItemAbsolute(2).Label,-,][CR]$INFO[Container(524).ListItemAbsolute(3).Label,-,][CR]$INFO[Container(524).ListItemAbsolute(4).Label,-,][CR]$INFO[Container(524).ListItemAbsolute(5).Label,-,][CR]$INFO[Container(524).ListItemAbsolute(6).Label,-,][CR]$INFO[Container(524).ListItemAbsolute(7).Label,-,][CR]$INFO[Container(524).ListItemAbsolute(8).Label,-,][CR]$INFO[Container(524).ListItemAbsolute(9).Label,-,][/COLOR]</label>
					</control>
					<control type="image">
						<visible>Integer.IsGreater(Container(5952).NumItems,1) + !ListItem.IsCollection + Skin.HasSetting(showCast)</visible>
						<visible>!Container.Content(seasons)</visible>
						<include>HiddenObject</include>
						<texture background="true">$INFO[Container(5952).ListItem.Icon]</texture>
					</control>
					<control type="group">
						<visible>!Container.Content(seasons)</visible>
						<visible>Skin.HasSetting(Sh2) + Skin.HasSetting(showCast)</visible>
						<control type="textbox">
							<visible>System.IdleTime(3) + Integer.IsGreater(Container(5952).NumItems,1) + !ListItem.IsCollection + Skin.HasSetting(showCast)</visible>
							<visible>!String.IsEqual(Container(5952).ListItem.Label2,Cast)</visible>
							<textcolor>themecolor</textcolor>
							<font>Font_plot4</font>
							<align>center</align>
							<aligny>top</aligny>
							<left>1055</left>
							<top>415</top>
							<width>220</width>
							<height>80</height>
							<label>[B]$INFO[Container(5952).ListItem.Label][/B]</label>
						</control>
						<control type="textbox">
							<visible>System.IdleTime(3) + Integer.IsGreater(Container(5952).NumItems,1) + !ListItem.IsCollection + Skin.HasSetting(showCast)</visible>
							<visible>String.IsEqual(Container(5952).ListItem.Label2,Cast)</visible>
							<textcolor>themecolor</textcolor>
							<font>Font_plot4</font>
							<align>center</align>
							<aligny>top</aligny>
							<left>1065</left>
							<top>114</top>
							<width>220</width>
							<height>333</height>
							<label>$INFO[Container(5952).ListItem.Label]</label>
						</control>
						<control type="image">
							<visible>System.IdleTime(3) + Integer.IsGreater(Container(5952).NumItems,1) + !ListItem.IsCollection + Skin.HasSetting(showCast)</visible>
							<left>1065</left>
							<top>127</top>
							<width>195</width>
							<height>280</height>
							<colordiffuse>DFffffff</colordiffuse>
							<aspectratio align="center" aligny="bottom">keep</aspectratio>
							<fadetime>200</fadetime>
							<texture background="true">$INFO[Container(5952).ListItem.Icon]</texture>
						</control>
					</control>
				</control>
				<control type="image">
					<animation effect="zoom" start="100" end="85" center="1850,550" time="0" condition="Skin.HasSetting(Sh3D)">Conditional</animation>
					<visible>!ListItem.IsCollection + System.IdleTime(1) + !Container.Content(tvshows) + !Container.Content(seasons)</visible>
					<animation effect="fade" start="100" end="0" time="1000" reversible="false" condition="Skin.HasSetting(playTrailer) + !String.IsEmpty(ListItem.Trailer) + !VideoPlayer.IsFullscreen + Player.Playing + !String.IsEqual(ListItem.FileExtension,strm) + !String.Contains(Player.Filenameandpath,theme.mp3)">Conditional</animation>
					<left>1568</left>
					<top>260</top>
					<width>320</width>
					<height>320</height>
					<fadetime>200</fadetime>
					<aspectratio aligny="bottom" align="center">keep</aspectratio>
					<texture background="true">$INFO[Container(5927).ListItem.Label]</texture>
				</control>
				<control type="image">
					<animation effect="slide" end="25,0" time="0" condition="Skin.HasSetting(Sh3D)">Conditional</animation>
					<animation effect="fade" start="100" end="0" delay="300" time="500" reversible="false" condition="Skin.HasSetting(playTrailer) + !String.IsEmpty(ListItem.Trailer) + !VideoPlayer.IsFullscreen + Player.Playing + !String.IsEqual(ListItem.FileExtension,strm) + !String.Contains(Player.Filenameandpath,theme.mp3) + !Control.HasFocus(8541)">Conditional</animation>
					<visible>!ListItem.IsCollection | [ListItem.IsCollection + !Integer.IsGreater(Container(59631).NumItems,6)]</visible>
					<visible>[String.IsEmpty(ListItem.Art(characterart)) + !String.IsEmpty(ListItem.Art(clearart))] | Container.Content(tvshows)</visible>
					<left>1590</left>
					<top>450</top>
					<width>260</width>
					<height>135</height>
					<fadetime>250</fadetime>
					<colordiffuse>ddffffff</colordiffuse>
					<aspectratio aligny="center">keep</aspectratio>
					<texture background="true">$INFO[ListItem.Art(clearlogo)]</texture>
				</control>
				<control type="image">
					<animation effect="slide" end="25,0" time="0" condition="Skin.HasSetting(Sh3D)">Conditional</animation>
					<left>1590</left>
					<top>450</top>
					<width>260</width>
					<height>135</height>
					<fadetime>250</fadetime>
					<colordiffuse>ddffffff</colordiffuse>
					<aspectratio aligny="center">keep</aspectratio>
					<texture background="true">$INFO[ListItem.Art(tvshow.clearlogo)]</texture>
				</control>
				<control type="image">
					<visible>Container.Content(tvshows)</visible>
					<animation effect="fade" start="100" end="0" time="150" reversible="false" condition="System.IdleTime(4) + Integer.IsGreater(Container(524).NumItems,0) + Skin.HasSetting(showCast) + !Skin.HasSetting(Sh2)">Conditional</animation>
					<animation effect="slide" end="500,0" time="0" condition="!Skin.HasSetting(Sh2) + Skin.HasSetting(showCast)">Conditional</animation>
					<animation effect="fade" delay="250" start="0" end="100" time="150" reversible="false">Visible</animation>
					<left>65</left>
					<top>120</top>
					<width>440</width>
					<height>350</height>
					<fadetime>250</fadetime>
					<colordiffuse>ddffffff</colordiffuse>
					<aspectratio aligny="center">keep</aspectratio>
					<texture background="true">$INFO[Control.GetLabel(5927)]</texture>
				</control>
				<control type="image">
					<visible>Container.Content(seasons)</visible>
					<animation effect="fade" delay="250" start="0" end="100" time="150" reversible="false">Visible</animation>
					<left>65</left>
					<top>120</top>
					<width>440</width>
					<height>350</height>
					<fadetime>250</fadetime>
					<colordiffuse>ddffffff</colordiffuse>
					<aspectratio aligny="center">keep</aspectratio>
					<texture background="true">$INFO[Control.GetLabel(5927)]</texture>
				</control>
				<control type="textbox">
					<visible>Container.Content(seasons)</visible>
					<visible>!ListItem.IsParentFolder</visible>
					<visible>String.IsEmpty(ListItem.Art(tvshow.clearlogo)) + String.IsEmpty(ListItem.Art(tvshow.clearart))</visible>
					<left>30</left>
					<top>150</top>
					<width>500</width>
					<height>210</height>
					<aligny>center</aligny>
					<align>center</align>
					<font>titleshelf</font>
					<label>$INFO[ListItem.TvShowTitle]</label>
				</control>
				<control type="group">
					<visible>[ListItem.IsCollection + !Integer.IsGreater(Container(59631).NumItems,4)] | !ListItem.IsCollection</visible>
					<visible>!Container.Content(tvshows) + !Container.Content(seasons)</visible>
					<animation effect="slide" end="500,0" time="0" condition="!ListItem.IsCollection + Skin.HasSetting(showCast) + !Skin.HasSetting(Sh2)">Conditional</animation>
					<control type="image">
						<animation effect="fade" start="100" end="0" time="150" reversible="false" condition="System.IdleTime(4) + Integer.IsGreater(Container(524).NumItems,0) + !ListItem.IsCollection + Skin.HasSetting(showCast) + !Skin.HasSetting(Sh2)">Conditional</animation>
						<animation effect="fade" delay="250" start="0" end="100" time="150" reversible="false">Visible</animation>
						<animation effect="slide" end="0,50" time="0" condition="ListItem.IsCollection">Conditional</animation>
						<left>25</left>
						<top>140</top>
						<width>520</width>
						<height>220</height>
						<fadetime>250</fadetime>
						<colordiffuse>ddffffff</colordiffuse>
						<aspectratio aligny="center">keep</aspectratio>
						<texture background="true">$INFO[ListItem.Art(clearart)]</texture>
					</control>
					<control type="image">
						<visible>String.IsEmpty(ListItem.Art(clearart))</visible>
						<animation effect="fade" start="100" end="0" time="150" reversible="false" condition="System.IdleTime(4) + Integer.IsGreater(Container(524).NumItems,0) + !ListItem.IsCollection + Skin.HasSetting(showCast) + !Skin.HasSetting(Sh2) + !Container.Content(seasons)">Conditional</animation>
						<animation effect="fade" delay="250" start="0" end="100" time="150" reversible="false">Visible</animation>
						<left>50</left>
						<top>140</top>
						<width>450</width>
						<height>220</height>
						<colordiffuse>ddffffff</colordiffuse>
						<aspectratio aligny="center">keep</aspectratio>
						<texture background="true">$INFO[ListItem.Art(clearlogo)]</texture>
					</control>
				</control>
				<control type="group">
					<visible>ListItem.IsCollection</visible>
					<control type="group">
						<left>-315</left>
						<animation effect="slide" end="40,0" time="0" condition="Integer.IsGreater(Container(59631).NumItems,9)">Conditional</animation>
						<animation effect="slide" end="120,0" time="0" condition="Integer.IsEqual(Container(59631).NumItems,9)">Conditional</animation>
						<animation effect="slide" end="210,0" time="0" condition="Integer.IsEqual(Container(59631).NumItems,8)">Conditional</animation>
						<animation effect="slide" end="290,0" time="0" condition="Integer.IsEqual(Container(59631).NumItems,7)">Conditional</animation>
						<animation effect="slide" end="60,0" time="0" condition="Integer.IsEqual(Container(59631).NumItems,6)">Conditional</animation>
						<animation effect="slide" end="75,0" time="0" condition="Integer.IsEqual(Container(59631).NumItems,5)">Conditional</animation>
						<animation effect="slide" end="520,0" time="0" condition="Integer.IsEqual(Container(59631).NumItems,4)">Conditional</animation>
						<animation effect="slide" end="530,0" time="0" condition="Integer.IsEqual(Container(59631).NumItems,3)">Conditional</animation>
						<animation effect="slide" end="570,0" time="0" condition="Integer.IsEqual(Container(59631).NumItems,2)">Conditional</animation>
						<animation effect="slide" end="760,0" time="0" condition="Integer.IsEqual(Container(59631).NumItems,1)">Conditional</animation>
						<control type="group">
							<top>-10</top>
							<control type="image">
								<left>340</left>
								<top>127</top>
								<width>175</width>
								<height>240</height>
								<fadetime>500</fadetime>
								<colordiffuse>ddffffff</colordiffuse>
								<aspectratio align="left" aligny="top">stretch</aspectratio>
								<texture diffuse="tajo/mask_cover3.png" background="true">$INFO[Container(59631).ListItemAbsolute(0).Art(poster)]</texture>
							</control>
							<control type="image">
								<left>525</left>
								<top>127</top>
								<width>175</width>
								<height>240</height>
								<fadetime>500</fadetime>
								<colordiffuse>ddffffff</colordiffuse>
								<aspectratio align="left" aligny="top">stretch</aspectratio>
								<texture diffuse="tajo/mask_cover3.png" background="true">$INFO[Container(59631).ListItemAbsolute(1).Art(poster)]</texture>
							</control>
							<control type="image">
								<left>710</left>
								<top>127</top>
								<width>175</width>
								<height>240</height>
								<fadetime>500</fadetime>
								<colordiffuse>ddffffff</colordiffuse>
								<aspectratio align="left" aligny="top">stretch</aspectratio>
								<texture diffuse="tajo/mask_cover3.png" background="true">$INFO[Container(59631).ListItemAbsolute(2).Art(poster)]</texture>
							</control>
							<control type="image">
								<left>895</left>
								<top>127</top>
								<width>175</width>
								<height>240</height>
								<fadetime>500</fadetime>
								<colordiffuse>ddffffff</colordiffuse>
								<aspectratio align="left" aligny="top">stretch</aspectratio>
								<texture diffuse="tajo/mask_cover3.png" background="true">$INFO[Container(59631).ListItemAbsolute(3).Art(poster)]</texture>
							</control>
							<control type="image">
								<left>1080</left>
								<top>127</top>
								<width>175</width>
								<height>240</height>
								<fadetime>500</fadetime>
								<colordiffuse>ddffffff</colordiffuse>
								<aspectratio align="left" aligny="top">stretch</aspectratio>
								<texture diffuse="tajo/mask_cover3.png" background="true">$INFO[Container(59631).ListItemAbsolute(4).Art(poster)]</texture>
							</control>
							<control type="image">
								<left>1265</left>
								<top>127</top>
								<width>175</width>
								<height>240</height>
								<fadetime>500</fadetime>
								<colordiffuse>ddffffff</colordiffuse>
								<aspectratio align="left" aligny="top">stretch</aspectratio>
								<texture diffuse="tajo/mask_cover3.png" background="true">$INFO[Container(59631).ListItemAbsolute(5).Art(poster)]</texture>
							</control>
							<control type="image">
								<left>1450</left>
								<top>127</top>
								<width>175</width>
								<height>240</height>
								<fadetime>500</fadetime>
								<colordiffuse>ddffffff</colordiffuse>
								<aspectratio align="left" aligny="top">stretch</aspectratio>
								<texture diffuse="tajo/mask_cover3.png" background="true">$INFO[Container(59631).ListItemAbsolute(6).Art(poster)]</texture>
							</control>
							<control type="image">
								<left>1635</left>
								<top>127</top>
								<width>175</width>
								<height>240</height>
								<fadetime>500</fadetime>
								<colordiffuse>ddffffff</colordiffuse>
								<aspectratio align="left" aligny="top">stretch</aspectratio>
								<texture diffuse="tajo/mask_cover3.png" background="true">$INFO[Container(59631).ListItemAbsolute(7).Art(poster)]</texture>
							</control>
							<control type="image">
								<left>1820</left>
								<top>127</top>
								<width>175</width>
								<height>240</height>
								<fadetime>500</fadetime>
								<colordiffuse>ddffffff</colordiffuse>
								<aspectratio align="left" aligny="top">stretch</aspectratio>
								<texture diffuse="tajo/mask_cover3.png" background="true">$INFO[Container(59631).ListItemAbsolute(8).Art(poster)]</texture>
							</control>
							<control type="image">
								<left>2005</left>
								<top>127</top>
								<width>175</width>
								<height>240</height>
								<fadetime>500</fadetime>
								<colordiffuse>ddffffff</colordiffuse>
								<aspectratio align="left" aligny="top">stretch</aspectratio>
								<texture diffuse="tajo/mask_cover3.png" background="true">$INFO[Container(59631).ListItemAbsolute(9).Art(poster)]</texture>
							</control>
						</control>
						<control type="group">
							<top>232</top>
							<control type="textbox">
								<left>340</left>
								<top>127</top>
								<width>175</width>
								<height>125</height>
								<font>Font_plot4</font>
								<align>center</align>
								<aligny>top</aligny>
								<label>$INFO[Container(59631).ListItemAbsolute(0).Label] ($INFO[Container(59631).ListItemAbsolute(0).Year])</label>
							</control>
							<control type="textbox">
								<left>525</left>
								<top>127</top>
								<width>175</width>
								<height>125</height>
								<font>Font_plot4</font>
								<align>center</align>
								<aligny>top</aligny>
								<visible>!String.IsEmpty(Container(59631).ListItemAbsolute(1).Label)</visible>
								<label>$INFO[Container(59631).ListItemAbsolute(1).Label] ($INFO[Container(59631).ListItemAbsolute(1).Year])</label>
							</control>
							<control type="textbox">
								<left>710</left>
								<top>127</top>
								<width>175</width>
								<height>125</height>
								<font>Font_plot4</font>
								<align>center</align>
								<aligny>top</aligny>
								<visible>!String.IsEmpty(Container(59631).ListItemAbsolute(2).Label)</visible>
								<label>$INFO[Container(59631).ListItemAbsolute(2).Label] ($INFO[Container(59631).ListItemAbsolute(2).Year])</label>
							</control>
							<control type="textbox">
								<left>895</left>
								<top>127</top>
								<width>175</width>
								<height>125</height>
								<font>Font_plot4</font>
								<align>center</align>
								<aligny>top</aligny>
								<visible>!String.IsEmpty(Container(59631).ListItemAbsolute(3).Label)</visible>
								<label>$INFO[Container(59631).ListItemAbsolute(3).Label] ($INFO[Container(59631).ListItemAbsolute(3).Year])</label>
							</control>
							<control type="textbox">
								<left>1080</left>
								<top>127</top>
								<width>175</width>
								<height>125</height>
								<font>Font_plot4</font>
								<align>center</align>
								<aligny>top</aligny>
								<visible>!String.IsEmpty(Container(59631).ListItemAbsolute(4).Label)</visible>
								<label>$INFO[Container(59631).ListItemAbsolute(4).Label] ($INFO[Container(59631).ListItemAbsolute(4).Year])</label>
							</control>
							<control type="textbox">
								<left>1265</left>
								<top>127</top>
								<width>175</width>
								<height>125</height>
								<font>Font_plot4</font>
								<align>center</align>
								<aligny>top</aligny>
								<visible>!String.IsEmpty(Container(59631).ListItemAbsolute(5).Label)</visible>
								<label>$INFO[Container(59631).ListItemAbsolute(5).Label] ($INFO[Container(59631).ListItemAbsolute(5).Year])</label>
							</control>
							<control type="textbox">
								<left>1450</left>
								<top>127</top>
								<width>175</width>
								<height>125</height>
								<font>Font_plot4</font>
								<align>center</align>
								<aligny>top</aligny>
								<visible>!String.IsEmpty(Container(59631).ListItemAbsolute(6).Label)</visible>
								<label>$INFO[Container(59631).ListItemAbsolute(6).Label] ($INFO[Container(59631).ListItemAbsolute(6).Year])</label>
							</control>
							<control type="textbox">
								<left>1635</left>
								<top>127</top>
								<width>175</width>
								<height>125</height>
								<font>Font_plot4</font>
								<align>center</align>
								<aligny>top</aligny>
								<visible>!String.IsEmpty(Container(59631).ListItemAbsolute(7).Label)</visible>
								<label>$INFO[Container(59631).ListItemAbsolute(7).Label] ($INFO[Container(59631).ListItemAbsolute(7).Year])</label>
							</control>
							<control type="textbox">
								<left>1820</left>
								<top>127</top>
								<width>175</width>
								<height>125</height>
								<font>Font_plot4</font>
								<align>center</align>
								<aligny>top</aligny>
								<visible>!String.IsEmpty(Container(59631).ListItemAbsolute(8).Label)</visible>
								<label>$INFO[Container(59631).ListItemAbsolute(8).Label] ($INFO[Container(59631).ListItemAbsolute(8).Year])</label>
							</control>
							<control type="textbox">
								<left>2005</left>
								<top>127</top>
								<width>175</width>
								<height>125</height>
								<font>Font_plot4</font>
								<align>center</align>
								<aligny>top</aligny>
								<visible>!String.IsEmpty(Container(59631).ListItemAbsolute(9).Label)</visible>
								<label>$INFO[Container(59631).ListItemAbsolute(9).Label] ($INFO[Container(59631).ListItemAbsolute(9).Year])</label>
							</control>
						</control>
					</control>
				</control>
			</control>
			<control type="group">
				<left>-102</left>
				<top>420</top>
				<control type="group">
					<visible>!ListItem.IsParentFolder</visible>
					<top>-10</top>
					<left>55</left>
					<control type="textbox" id="2010">
						<top>-800</top>
						<left>60</left>
						<align>right</align>
						<width>1000</width>
						<height>60</height>
						<font>titletest</font>
						<label>12345 12345 $INFO[ListItem.Label]</label>
						<textcolor>00ffffff</textcolor>
					</control>
					<control type="textbox">
						<visible>!Container(2010).HasNext</visible>
						<animation effect="fade" start="0" end="100" time="250" tween="sine">Visible</animation>
						<top>-16</top>
						<left>58</left>
						<align>right</align>
						<width>1000</width>
						<height>100</height>
						<font>titlelist</font>
						<label>$INFO[ListItem.Label]</label>
						<textcolor>black</textcolor>
					</control>
					<control type="textbox">
						<visible>!Container(2010).HasNext</visible>
						<animation effect="fade" start="0" end="100" time="200" tween="sine">Visible</animation>
						<top>-15</top>
						<left>59</left>
						<align>right</align>
						<width>1000</width>
						<height>100</height>
						<font>titlelist</font>
						<label>$INFO[ListItem.Label]</label>
						<shadowcolor>black</shadowcolor>
					</control>
					<control type="textbox" id="2011">
						<animation effect="fade" start="0" end="100" time="250" tween="sine">Visible</animation>
						<visible>Container(2010).HasNext + !Container(2011).HasNext</visible>
						<top>-8</top>
						<left>59</left>
						<align>right</align>
						<width>1000</width>
						<height>70</height>
						<font>titlemove</font>
						<label>$INFO[ListItem.Label]</label>
						<textcolor>black</textcolor>
					</control>
					<control type="textbox">
						<animation effect="fade" start="0" end="100" time="200" tween="sine">Visible</animation>
						<visible>Container(2010).HasNext + !Container(2011).HasNext</visible>
						<top>-7</top>
						<left>60</left>
						<align>right</align>
						<width>1000</width>
						<height>70</height>
						<font>titlemove</font>
						<label>$INFO[ListItem.Label]</label>
						<shadowcolor>black</shadowcolor>
					</control>
					<control type="textbox">
						<animation effect="fade" start="0" end="100" time="250" tween="sine">Visible</animation>
						<visible>Container(2011).HasNext</visible>
						<top>-25</top>
						<left>58</left>
						<align>right</align>
						<aligny>center</aligny>
						<width>1000</width>
						<height>110</height>
						<font>titleshelf</font>
						<label>$INFO[ListItem.Label]</label>
						<textcolor>black</textcolor>
					</control>
					<control type="textbox">
						<animation effect="fade" start="0" end="100" time="200" tween="sine">Visible</animation>
						<visible>Container(2011).HasNext</visible>
						<top>-24</top>
						<left>59</left>
						<align>right</align>
						<aligny>center</aligny>
						<width>1000</width>
						<height>110</height>
						<font>titleshelf</font>
						<label>$INFO[ListItem.Label]</label>
						<shadowcolor>black</shadowcolor>
					</control>
				</control>
			</control>
			<include>ShelfFixedList</include>
			<control type="scrollbar" id="86">
				<include>ScrollBar_Horizontal</include>
				<left>285</left>
				<top>1012</top>
				<width>1350</width>
				<onup>595</onup>
				<ondown>595</ondown>
				<animation effect="fade" start="0" end="100" time="300" tween="sine" easing="inout">Visible</animation>
				<visible allowhiddenfocus="true">Control.IsVisible(595) + Control.HasFocus(86)</visible>
			</control>
			<control type="image">
				<animation effect="rotatey" center="auto" start="8" end="8" time="0" condition="true">Conditional</animation>
				<left>-80</left>
				<top>920</top>
				<width>2050</width>
				<height>300</height>
				<texture>tajo/gradient_small.png</texture>
				<colordiffuse>black</colordiffuse>
			</control>
			<control type="image">
				<animation effect="rotatey" center="auto" start="8" end="8" time="0" condition="true">Conditional</animation>
				<left>-80</left>
				<top>920</top>
				<width>2050</width>
				<height>300</height>
				<texture>tajo/gradient_small.png</texture>
				<colordiffuse>black</colordiffuse>
			</control>
			<control type="group">
				<animation effect="slide" start="0,0" end="0,-25" time="150" tween="sine" easing="inout" condition="Control.HasFocus(86)">Conditional</animation>
				<left>35</left>
				<top>1000</top>
				<include>IconsVideo</include>
			</control>
			<control type="textbox">
				<visible>ListItem.IsCollection</visible>
				<left>25</left>
				<top>982</top>
				<height>80</height>
				<width>1015</width>
				<font>font13_title</font>
				<aligny>top</aligny>
				<align>center</align>
				<label>[B][COLOR=themecolor]$LOCALIZE[342]: [/COLOR]$INFO[Container(59631).NumItems][/B]      [B][COLOR=themecolor]$LOCALIZE[515]: [/COLOR][/B]$INFO[Container(59631).ListItemAbsolute(0).Genre]</label>
			</control>
			<control type="group">
				<visible>System.IdleTime(3) + Integer.IsGreater(Container(524).NumItems,0) + !ListItem.IsCollection + Skin.HasSetting(showCast) + !Skin.HasSetting(Sh2) + !Container.Content(seasons)</visible>
				<visible>!ListItem.IsParentFolder</visible>
				<control type="list" id="527">
					<itemlayout>
					</itemlayout>
					<focusedlayout>
					</focusedlayout>
					<content>
						<item>
							<label>$INFO[Container(524).ListItemAbsolute(0).Thumb]</label>
							<label2>$INFO[Container(524).ListItemAbsolute(0).Label]</label2>
							<visible>!String.IsEmpty(Container(524).ListItemAbsolute(0).Thumb)</visible>
						</item>
						<item>
							<label>$INFO[Container(524).ListItemAbsolute(1).Thumb]</label>
							<label2>$INFO[Container(524).ListItemAbsolute(1).Label]</label2>
							<visible>!String.IsEmpty(Container(524).ListItemAbsolute(1).Thumb)</visible>
						</item>
						<item>
							<label>$INFO[Container(524).ListItemAbsolute(2).Thumb]</label>
							<label2>$INFO[Container(524).ListItemAbsolute(2).Label]</label2>
							<visible>!String.IsEmpty(Container(524).ListItemAbsolute(2).Thumb)</visible>
						</item>
						<item>
							<label>$INFO[Container(524).ListItemAbsolute(3).Thumb]</label>
							<label2>$INFO[Container(524).ListItemAbsolute(3).Label]</label2>
							<visible>!String.IsEmpty(Container(524).ListItemAbsolute(3).Thumb)</visible>
						</item>
						<item>
							<label>$INFO[Container(524).ListItemAbsolute(4).Thumb]</label>
							<label2>$INFO[Container(524).ListItemAbsolute(4).Label]</label2>
							<visible>!String.IsEmpty(Container(524).ListItemAbsolute(4).Thumb)</visible>
						</item>
						<item>
							<label>$INFO[Container(524).ListItemAbsolute(5).Thumb]</label>
							<label2>$INFO[Container(524).ListItemAbsolute(5).Label]</label2>
							<visible>!String.IsEmpty(Container(524).ListItemAbsolute(5).Thumb)</visible>
						</item>
						<item>
							<label>$INFO[Container(524).ListItemAbsolute(6).Thumb]</label>
							<label2>$INFO[Container(524).ListItemAbsolute(6).Label]</label2>
							<visible>!String.IsEmpty(Container(524).ListItemAbsolute(6).Thumb)</visible>
						</item>
						<item>
							<label>$INFO[Container(524).ListItemAbsolute(7).Thumb]</label>
							<label2>$INFO[Container(524).ListItemAbsolute(7).Label]</label2>
							<visible>!String.IsEmpty(Container(524).ListItemAbsolute(7).Thumb)</visible>
						</item>
						<item>
							<label>$INFO[Container(524).ListItemAbsolute(8).Thumb]</label>
							<label2>$INFO[Container(524).ListItemAbsolute(8).Label]</label2>
							<visible>!String.IsEmpty(Container(524).ListItemAbsolute(8).Thumb)</visible>
						</item>
						<item>
							<label>$INFO[Container(524).ListItemAbsolute(9).Thumb]</label>
							<label2>$INFO[Container(524).ListItemAbsolute(9).Label]</label2>
							<visible>!String.IsEmpty(Container(524).ListItemAbsolute(9).Thumb)</visible>
						</item>
					</content>
				</control>
				<control type="fadelabel" id="5187">
					<top>-1000</top>
					<width>1</width>
					<height>1</height>
					<randomize>false</randomize>
					<pauseatend>3000</pauseatend>
					<scroll>false</scroll>
					<scrollout>false</scrollout>
					<resetonlabelchange>true</resetonlabelchange>
					<label>$INFO[Container(527).ListItemAbsolute(0).Label]</label>
					<label>$INFO[Container(527).ListItemAbsolute(5).Label]</label>
				</control>
				<control type="fadelabel" id="5188">
					<top>-1000</top>
					<width>1</width>
					<height>1</height>
					<randomize>false</randomize>
					<pauseatend>3000</pauseatend>
					<scroll>false</scroll>
					<scrollout>false</scrollout>
					<resetonlabelchange>true</resetonlabelchange>
					<label>$INFO[Container(527).ListItemAbsolute(1).Label]</label>
					<label>$INFO[Container(527).ListItemAbsolute(4).Label]</label>
				</control>
				<control type="fadelabel" id="5189">
					<top>-1000</top>
					<width>1</width>
					<height>1</height>
					<randomize>false</randomize>
					<pauseatend>3000</pauseatend>
					<scroll>false</scroll>
					<scrollout>false</scrollout>
					<resetonlabelchange>true</resetonlabelchange>
					<label>$INFO[Container(527).ListItemAbsolute(2).Label]</label>
					<label>$INFO[Container(527).ListItemAbsolute(3).Label]</label>
				</control>
				<control type="group">
					<animation effect="slide" end="0,65" time="0" condition="Container.Content(tvshows)">Conditional</animation>
					<top>-30</top>
					<left>495</left>
					<control type="image">
						<visible>System.IdleTime(4)</visible>
						<animation effect="fade" start="0" end="100" time="1000">Visible</animation>
						<top>50</top>
						<left>52</left>
						<width>145</width>
						<height>180</height>
						<fadetime>400</fadetime>
						<colordiffuse>edffffff</colordiffuse>
						<texture diffuse="tajo/mask_cover3.png" background="true">$INFO[Control.GetLabel(5187)]</texture>
						<aspectratio scalediffuse="false">scale</aspectratio>
					</control>
					<control type="image">
						<visible>System.IdleTime(4)</visible>
						<animation effect="fade" start="0" end="100" time="1000">Visible</animation>
						<top>50</top>
						<left>229</left>
						<width>145</width>
						<height>180</height>
						<fadetime>400</fadetime>
						<colordiffuse>edffffff</colordiffuse>
						<texture diffuse="tajo/mask_cover3.png" background="true">$INFO[Control.GetLabel(5188)]</texture>
						<aspectratio scalediffuse="false">scale</aspectratio>
					</control>
					<control type="image">
						<visible>System.IdleTime(4)</visible>
						<animation effect="fade" start="0" end="100" time="1000">Visible</animation>
						<top>50</top>
						<left>407</left>
						<width>145</width>
						<height>180</height>
						<fadetime>400</fadetime>
						<colordiffuse>edffffff</colordiffuse>
						<texture diffuse="tajo/mask_cover3.png" background="true">$INFO[Control.GetLabel(5189)]</texture>
						<aspectratio scalediffuse="false">scale</aspectratio>
					</control>
				</control>
				<control type="fadelabel" id="5087">
					<top>-1000</top>
					<width>1</width>
					<height>1</height>
					<randomize>false</randomize>
					<pauseatend>3000</pauseatend>
					<scroll>false</scroll>
					<scrollout>false</scrollout>
					<resetonlabelchange>true</resetonlabelchange>
					<label>$INFO[Container(527).ListItemAbsolute(0).Label2]</label>
					<label>$INFO[Container(527).ListItemAbsolute(5).Label2]</label>
				</control>
				<control type="fadelabel" id="5088">
					<top>-1000</top>
					<width>1</width>
					<height>1</height>
					<randomize>false</randomize>
					<pauseatend>3000</pauseatend>
					<scroll>false</scroll>
					<scrollout>false</scrollout>
					<resetonlabelchange>true</resetonlabelchange>
					<label>$INFO[Container(527).ListItemAbsolute(1).Label2]</label>
					<label>$INFO[Container(527).ListItemAbsolute(4).Label2]</label>
				</control>
				<control type="fadelabel" id="5089">
					<top>-1000</top>
					<width>1</width>
					<height>1</height>
					<randomize>false</randomize>
					<pauseatend>3000</pauseatend>
					<scroll>false</scroll>
					<scrollout>false</scrollout>
					<resetonlabelchange>true</resetonlabelchange>
					<label>$INFO[Container(527).ListItemAbsolute(2).Label2]</label>
					<label>$INFO[Container(527).ListItemAbsolute(3).Label2]</label>
				</control>
				<control type="group">
					<animation effect="slide" end="0,65" time="0" condition="Container.Content(tvshows)">Conditional</animation>
					<top>148</top>
					<left>495</left>
					<control type="textbox">
						<visible>System.IdleTime(4)</visible>
						<animation effect="fade" start="0" end="100" time="1000">Visible</animation>
						<font>font12x</font>
						<align>center</align>
						<aligny>top</aligny>
						<top>50</top>
						<left>40</left>
						<width>160</width>
						<height>59</height>
						<label>$INFO[Control.GetLabel(5087)]</label>
					</control>
					<control type="textbox">
						<visible>System.IdleTime(4)</visible>
						<animation effect="fade" start="0" end="100" time="1000">Visible</animation>
						<font>font12x</font>
						<align>center</align>
						<aligny>top</aligny>
						<top>50</top>
						<left>217</left>
						<width>160</width>
						<height>59</height>
						<label>$INFO[Control.GetLabel(5088)]</label>
					</control>
					<control type="textbox">
						<visible>System.IdleTime(4)</visible>
						<animation effect="fade" start="0" end="100" time="1000">Visible</animation>
						<font>font12x</font>
						<align>center</align>
						<aligny>top</aligny>
						<top>50</top>
						<left>395</left>
						<width>160</width>
						<height>59</height>
						<label>$INFO[Control.GetLabel(5089)]</label>
					</control>
				</control>
			</control>
		</control>
		<include condition="Skin.HasSetting(Sh3D)">Sh3D_view</include>
		<control type="image">
			<visible>Control.HasFocus(8541) + Player.HasVideo</visible>
			<include>FullscreenDimensions</include>
			<texture>black.png</texture>
		</control>
		<control type="videowindow" id="2579">
			<visible>Control.HasFocus(8541)</visible>
			<include>FullscreenDimensions</include>
		</control>
	</include>
	<include name="Shelf_Content">
		<viewtype label="Shelf">list</viewtype>
		<left>-255</left>
		<top>360</top>
		<width>2100</width>
		<height>1125</height>
		<onup condition="[!String.IsEmpty(Window(Home).Property(extras_yes)) | Integer.IsGreater(Container(3322).NumItems,0)] + !Container.Content(seasons) + Skin.HasSetting(SearchExtras) + Player.Playing + !String.Contains(Player.Filenameandpath,theme.mp3)">Stop</onup>
		<onup condition="[!String.IsEmpty(Window(Home).Property(extras_yes)) | Integer.IsGreater(Container(3322).NumItems,0)] + !Container.Content(seasons) + Skin.HasSetting(SearchExtras) + Player.Playing + !String.Contains(Player.Filenameandpath,theme.mp3)">SetFocus(8541)</onup>
		<onup condition="[!String.IsEmpty(Window(Home).Property(extras_yes)) | Integer.IsGreater(Container(3322).NumItems,0)] + !Container.Content(seasons) + Skin.HasSetting(SearchExtras)">SetFocus(8541)</onup>
		<onup condition="[String.IsEmpty(Window(Home).Property(extras_yes)) + !Integer.IsGreater(Container(3322).NumItems,0)] | !Skin.HasSetting(SearchExtras) | Container.Content(seasons)">SetProperty(MediaMenu,True,home)</onup>
		<onup condition="[String.IsEmpty(Window(Home).Property(extras_yes)) + !Integer.IsGreater(Container(3322).NumItems,0)] | !Skin.HasSetting(SearchExtras) | Container.Content(seasons)">SetFocus(9050)</onup>
		<ondown condition="!Container.Content(seasons) + !Container.Content(episodes) + !ListItem.IsParentFolder + String.Contains(Container.SortMethod,$LOCALIZE[369])">5929</ondown>
		<ondown>86</ondown>
		<orientation>horizontal</orientation>
		<focusposition>5</focusposition>
		<scrolltime tween="sine" easing="inout">500</scrolltime>
		<preloaditems>2</preloaditems>
		<pagecontrol>86</pagecontrol>
		<animation effect="rotatey" center="50" start="8" end="8" time="0" condition="Skin.HasSetting(Sh3D)">Conditional</animation>
		<animation effect="zoom" start="115" end="115" center="auto" time="0" condition="!Skin.HasSetting(Sh3D)">Conditional</animation>
		<animation effect="slide" start="0,0" end="85,40" time="0" condition="!Skin.HasSetting(Sh3D)">Conditional</animation>
		<animation effect="slide" start="0,0" end="0,-15" time="300" tween="sine" easing="inout" condition="Control.HasFocus(86) | Control.HasFocus(5929)">Conditional</animation>
		<visible>Container.Content(movies) | Container.Content(tvshows) | Container.Content(seasons) | Container.Content(sets)</visible>
		<itemlayout width="270" height="434">
			<control type="group">
				<visible>!Skin.HasSetting(Sh3D)</visible>
				<animation effect="zoom" end="100,105" center="auto" time="0" condition="true">Conditional</animation>
				<include>Carat_movieFL</include>
			</control>
			<include condition="Skin.HasSetting(Sh3D)">Sh3D_item</include>
		</itemlayout>
		<focusedlayout width="270" height="434">
			<control type="button" id="2892">
				<include>HiddenObject</include>
				<onfocus condition="!String.IsEmpty(Window(Home).Property(FirstRow))">ClearProperty(FirstRow,home)</onfocus>
				<onfocus condition="!String.IsEmpty(Window(Home).Property(extras_yes))">ClearProperty(extras_yes,home)</onfocus>
			</control>
			<control type="group">
				<animation type="Focus" reversible="false">
					<effect type="zoom" delay="400" center="-10,400" start="100" end="140" time="600" tween="cubic" easing="out"/>
				</animation>
				<animation type="Conditional" reversible="false" condition="Control.HasFocus(86) | Control.HasFocus(5929) | Control.HasFocus(8541) | Window.IsVisible(1196)">
					<effect type="zoom" center="-10,400" end="140" time="0"/>
				</animation>
				<animation effect="zoom" end="100,105" center="auto" time="0" condition="true">Conditional</animation>
				<visible>!Skin.HasSetting(Sh3D)</visible>
				<include>Carat_movieFL</include>
			</control>
			<include condition="Skin.HasSetting(Sh3D)">Sh3D_focused</include>
		</focusedlayout>
	</include>
</includes>
