<?xml version="1.0" encoding="UTF-8"?>
<colors>
  <!-- Main -->
  <color name="main_fg_100">ff333333</color>
  <color name="main_fg_90">e7333333</color>
  <color name="main_fg_70">b3333333</color>
  <color name="main_fg_30">4d333333</color>
  <color name="main_fg_12">1f333333</color>
  <color name="main_bg_100">ffededed</color>
  <color name="main_bg_90">e7ededed</color>
  <color name="main_bg_70">b3ededed</color>
  <color name="main_bg_30">4dededed</color>
  <color name="main_bg_12">1fededed</color>
  <color name="main_half">4d9f9f9f</color>
  <!-- Dialogs -->
  <color name="dialog_bg_100">FFcccccc</color>
  <color name="dialog_bg_70">B3cccccc</color>
  <color name="dialog_bg_30">4Dcccccc</color>
  <color name="dialog_bg_12">1Fcccccc</color>
  <color name="dialog_fg_100">FF181818</color>
  <color name="dialog_fg_70">B3181818</color>
  <color name="dialog_fg_30">4D181818</color>
  <color name="dialog_fg_12">1F181818</color>
  <!-- Background -->
  <color name="HomePanel">e7181818</color>
  <color name="Background">ff181818</color>
  <color name="PosterBack">ff454545</color>
  <color name="AltPosterBack">1fdedede</color>
  <!-- Panels -->
  <color name="panel_bg">c5000000</color>
  <color name="panel_fg_100">FFededed</color>
  <color name="panel_fg_70">B3ededed</color>
  <color name="panel_fg_30">4Dededed</color>
  <color name="panel_fg_12">1Fededed</color>
  <!-- Highlight -->
  <color name="Highlight">ff1561df</color>
  <color name="Gradient">ff15b88e</color>
  <color name="selected">ffffffff</color>
  <!-- Shadows -->
  <color name="shadow">55ffffff</color>
  <!-- Old references... -->
  <color name="white">ffffffff</color>
  <color name="invalid">FFFF0000</color>
  <color name="text_color">ff606060</color>
  <color name="text_shadow">22000000</color>
</colors>
