<?xml version="1.0" encoding="UTF-8"?>
<includes>

    <include name="View_PVR_GroupSwitcher_Labels">
        <param name="selected">false</param>
        <definition>
            <control type="group">
                <left>80</left>
                <height>80</height>
                <centertop>50%</centertop>
                <visible>$PARAM[visible]</visible>
                <include content="Object_InfoCircle_Text_Top">
                    <width>auto</width>
                    <label fallback="19055">$INFO[Control.GetLabel(28)]</label>
                    <include condition="$PARAM[selected]">Color_SelectedText</include>
                </include>
                <include content="Object_InfoCircle_Text_Sub">
                    <label>$INFO[Container.NumItems,, ]$LOCALIZE[14301]</label>
                    <include condition="$PARAM[selected]">Color_SelectedText</include>
                </include>
            </control>
        </definition>
    </include>

    <include name="View_PVR_GroupSwitcher_Text">
        <control type="group">
            <width>50</width>
            <height>50</height>
            <centertop>50%</centertop>
            <visible>Control.HasFocus(28)</visible>
            <control type="image">
                <include content="Dimension_Padding"><param name="pad">-40</param></include>
                <bordersize>40</bordersize>
                <bordertexture colordiffuse="shadow_hard">shadows/circle_50-shadow-40.png</bordertexture>
                <texture colordiffuse="main_fg_100">diffuse/circle_50.png</texture>
            </control>
            <control type="image">
                <bordersize>2</bordersize>
                <texture colordiffuse="main_bg_100">diffuse/circle_50.png</texture>
            </control>
        </control>
        <include>Info_Arctic FuseLogo_Image</include>
        <include content="View_PVR_GroupSwitcher_Labels">
            <param name="selected">false</param>
            <param name="visible">!Control.HasFocus(28)</param>
        </include>
        <include content="View_PVR_GroupSwitcher_Labels">
            <param name="selected">true</param>
            <param name="visible">Control.HasFocus(28)</param>
        </include>
    </include>

    <include name="View_PVR_GroupSwitcher_Base">
        <include content="Info_FooterItemIcon">
            <param name="icon">special://skin/extras/icons/kodi.png</param>
            <param name="centered">false</param>
            <param name="size">50</param>
            <param name="bordersize">1</param>
            <!-- <param name="visible">Control.HasFocus(28)</param> -->
        </include>
        <control type="label">
            <left>80</left>
            <label>$INFO[Control.GetLabel(28)]</label>
            <include>Defs_Label_FooterItem</include>
            <visible>!Control.HasFocus(28)</visible>
        </control>
        <control type="label">
            <left>80</left>
            <label>$INFO[Control.GetLabel(28)]</label>
            <textcolor>$VAR[ColorSelected]</textcolor>
            <include>Defs_Label_FooterItem</include>
            <visible>Control.HasFocus(28)</visible>
        </control>
    </include>

    <!-- Group Switcher -->
    <include name="View_PVR_GroupSwitcher">
        <include content="Object_Hidden_List">
            <param name="id">11</param>
            <orientation>horizontal</orientation>
            <onfocus>SetFocus(28)</onfocus>
        </include>
        <control type="group">
            <height>80</height>
            <left>view_side</left>
            <centerbottom>100</centerbottom>
            <width>settings_category_w</width>
            <control type="button" id="28">
                <left>-20</left>
                <right>40</right>
                <onleft>SetFocus(11)</onleft>
                <onleft>Action(Left)</onleft>
                <onleft>SetFocus(28)</onleft>
                <onright>SetFocus(11)</onright>
                <onright>Action(Right)</onright>
                <onright>SetFocus(28)</onright>
                <ondown>50</ondown>
                <onup>50</onup>
                <texturenofocus />
                <font />
            </control>
            <include condition="Skin.String(Furniture.CodecStyle,Basic)">View_PVR_GroupSwitcher_Base</include>
            <include condition="!Skin.String(Furniture.CodecStyle,Basic)">View_PVR_GroupSwitcher_Text</include>
            <control type="group">
                <visible>Control.HasFocus(28)</visible>
                <control type="image">
                    <texture colordiffuse="main_fg_70">special://skin/extras/icons/angle-left.png</texture>
                    <height>40</height>
                    <width>40</width>
                    <centerleft>-30</centerleft>
                    <centertop>50%</centertop>
                </control>
                <control type="image">
                    <texture colordiffuse="main_fg_70" flipx="true">special://skin/extras/icons/angle-left.png</texture>
                    <height>40</height>
                    <width>40</width>
                    <centerright>30</centerright>
                    <centertop>50%</centertop>
                </control>
            </control>
        </control>

        <control type="group">
            <height>80</height>
            <left>200</left>
            <centerbottom>100</centerbottom>
            <control type="group">
                <left>settings_category_w</left>
                <right>view_pad</right>
                <control type="group">
                    <left>0</left>
                    <height>80</height>
                    <centertop>50%</centertop>
                    <visible>!Skin.String(Furniture.CodecStyle,Basic)</visible>
                    <control type="grouplist">
                        <orientation>horizontal</orientation>
                        <include content="Object_InfoCircle_Text_Top">
                            <width>auto</width>
                            <label>$INFO[ListItem.Title,[CAPITALIZE],[/CAPITALIZE] • ]</label>
                            <visible>!String.IsEqual(ListItem.Title,ListITem.ChannelName)</visible>
                        </include>
                        <include content="Object_InfoCircle_Text_Top">
                            <width>auto</width>
                            <label>$INFO[ListItem.ChannelName]</label>
                        </include>
                    </control>
                    <include content="Object_InfoCircle_Text_Sub">
                        <label fallback="19055">$INFO[ListItem.StartDate]$INFO[ListItem.StartTime, • ,]$INFO[ListItem.EndTime, - ,]</label>
                    </include>
                </control>
                <control type="label">
                    <visible>Skin.String(Furniture.CodecStyle,Basic)</visible>
                    <centertop>50%</centertop>
                    <label fallback="19055">$INFO[ListItem.Label,[CAPITALIZE],[/CAPITALIZE]]$INFO[ListItem.StartDate, • ,]$INFO[ListItem.StartTime, • ,]$INFO[ListItem.EndTime, - ,]</label>
                    <include>Defs_Label_FooterItem</include>
                </control>
            </control>
        </control>
    </include>

    <!-- EPG -->
    <include name="View_PVRGuide_Standard">
        <param name="channelwidth">520</param>
        <param name="epg_bottom">0</param>
        <param name="epg_top">0</param>
        <param name="viewtype_label">19069</param>
        <definition>
            <include content="List_EPGGrid">
                <param name="id">$PARAM[id]</param>
                <param name="channelheight">$PARAM[channelheight]</param>
                <param name="channelwidth">$PARAM[channelwidth]</param>
                <param name="detailed">$PARAM[detailed]</param>
                <param name="include_channels">$PARAM[include_channels]</param>
                <param name="include_programs">$PARAM[include_programs]</param>
                <onup>$PARAM[id]</onup>
                <ondown>$PARAM[id]</ondown>
                <onback>9001</onback>
                <viewtype label="$PARAM[viewtype_label]">list</viewtype>
                <progresstexture border="0,160,20,20" colordiffuse="main_fg_30">$PARAM[progresstexture]</progresstexture>
                <pagecontrol>8060</pagecontrol>
                <top>-100</top>
                <bottom>100</bottom>
                <left>-40</left>
            </include>
        </definition>
    </include>


    <include name="View_PVRGuide">
        <control type="group">
            <visible>Control.IsVisible(500)</visible>
            <include content="View_PVRGuide_Standard">
                <param name="id">500</param>
                <param name="progresstexture">pvr/progressline-full.png</param>
                <param name="epg_bottom">0</param>
                <param name="viewtype_label">$LOCALIZE[571]</param>
            </include>
        </control>
    </include>

    <include name="View_PVR_Full">
        <control type="image">
            <texture colordiffuse="$VAR[ColorBackground]">background/combined_overlay.png</texture>
            <include>Animation_FadeIn</include>
            <include>Animation_FadeOut</include>
        </control>
        <control type="group">
            <control type="group">
                <include content="Object_Right" condition="$EXP[Exp_HomeMenu_IsExpanded]">
                    <param name="right">100</param>
                </include>
                <include>Animation_View_SlideOver</include>
                <include>Animation_View_WindowChange</include>
                <control type="group">
                    <include>Animation_Group_Bumper</include>
                    <height>880</height>
                    <bottom>80</bottom>
                    <right>view_pad</right>
                    <left>view_side</left>
                    <include content="Settings_Left_Group">
                        <top>-120</top>
                        <bottom>-80</bottom>
                        <left>-80</left>
                    </include>
                    <control type="group">
                        <include>Settings_Box</include>
                        <bottom>80</bottom>
                        <top>40</top>
                        <left>480</left>
                    </control>
                    <include>$PARAM[include]</include>
                </control>
                <include>Furniture_Bottom_Left</include>
                <include>View_PVR_GroupSwitcher</include>
                <include>View_Row_Header</include>
            </control>
            <include>Furniture_Bottom_Right</include>
        </control>
    </include>

    <include name="View_PVR_Half">
        <control type="group">
            <include>Animation_View_WindowChange</include>
            <control type="group">
                <include>Animation_View_SlideOver</include>
                <include content="Object_Right" condition="$EXP[Exp_HomeMenu_IsExpanded]">
                    <param name="right">100</param>
                </include>
                <control type="group">
                    <include>Animation_Half_WindowChange</include>
                    <include content="Animation_Zoom_Out">
                        <param name="type">Hidden</param>
                    </include>
                    <animation type="Visible" reversible="false">
                        <effect type="fade" start="0" end="100" time="300" delay="0" tween="sine" easing="out"/>
                        <effect type="slide" start="320" end="0" time="400" delay="0" tween="cubic" easing="out" />
                    </animation>
                    <control type="group">
                        <include>Animation_Group_Bumper</include>
                        <height>480</height>
                        <bottom>86</bottom>
                        <right>view_pad</right>
                        <left>view_side</left>
                        <control type="group">
                            <include>Settings_Box</include>
                            <bottom>80</bottom>
                            <top>40</top>
                            <left>480</left>
                        </control>
                        <include>$PARAM[include]</include>
                    </control>
                    <include>Furniture_Bottom_Left</include>
                    <include>View_PVR_GroupSwitcher</include>
                </control>
                <control type="group">
                    <include>Animation_Group_Bumper</include>
                    <include>Animation_Transition_InfoPanel_Hide</include>
                    <include content="Info_Panel">
                        <param name="titlelabel">$VAR[Label_Title]</param>
                        <param name="plotlabel">$VAR[Label_Plot]</param>
                        <top>view_top</top>
                        <width>info_panel_w</width>
                        <left>view_side</left>
                    </include>
                    <include content="Info_Viewline">
                        <param name="item_condition">true</param>
                        <param name="label">$INFO[Container.NumItems,, $LOCALIZE[19019]]</param>
                    </include>
                    <include>View_Row_Header</include>
                </control>
            </control>
            <include>Furniture_Bottom_Right</include>
        </control>
    </include>

    <include name="View_PVR_Main">
        <control type="group">
            <visible>!Window.IsVisible(pvrchannelguide)</visible>
            <include content="View_Bumper">
                <param name="groupid">50</param>
            </include>
            <include content="View_PVR_Half" condition="Skin.HasSetting(Views.UseHalfPVRGuide)">
                <param name="include">$PARAM[include]</param>
            </include>
            <include content="View_PVR_Full" condition="!Skin.HasSetting(Views.UseHalfPVRGuide)">
                <param name="include">$PARAM[include]</param>
            </include>
            <include content="Home_Menu_Media">
                <param name="onlist">50</param>
            </include>
            <include>View_Dialog_VideoPIP</include>
            <include>View_Dialog_Plot</include>
            <include>View_PVR_Menu</include>
        </control>
    </include>

    <include name="View_PVR_Menu">
        <control type="group">
            <include>Dimension_DialogSideMenu</include>
            <include>Animation_Right</include>

            <visible allowhiddenfocus="true">$EXP[Exp_ViewDialog_HasFocus]</visible>

            <include content="Dialog_Dim_Side">
                <param name="slide_animation">False</param>
            </include>

            <include content="Dialog_Foreground_Side">
                <param name="dialog_size">Dimension_DialogSideMenu</param>
                <param name="topline">true</param>
                <param name="subline">false</param>

                <include content="Dialog_Head">
                    <param name="label">$LOCALIZE[31319]</param>
                </include>
                <include content="Dialog_Head_CloseButton">
                    <param name="onclick">SetFocus(50)</param>
                </include>

                <control type="group">
                    <include>Dimension_Dialog_Body</include>
                    <control type="grouplist" id="9000">
                        <bottom>100</bottom>
                        <include>Dimension_Dialog_Body_Group</include>
                        <onup>SetFocus(6000,2)</onup>
                        <ondown>SetFocus(6000,2)</ondown>
                        <onleft>50</onleft>

                        <include content="Settings_Button">
                            <param name="id">9001</param>
                            <param name="control">button</param>
                            <param name="dialog">true</param>
                            <label fallback="19055">$INFO[Control.GetLabel(28)]</label>
                            <onclick>SendClick(28)</onclick>
                        </include>




                        <include content="Settings_Label">
                            <param name="id">9005</param>
                            <param name="dialog">true</param>
                            <label>$LOCALIZE[31174]</label>
                        </include>

                        <include content="Settings_Button">
                            <param name="id">9006</param>
                            <param name="control">button</param>
                            <param name="dialog">true</param>
                            <label>$LOCALIZE[19069]</label>
                            <onclick>ActivateWindow(tvguide)</onclick>
                            <visible>!Window.IsVisible(tvguide)</visible>
                        </include>

                        <include content="Settings_Button">
                            <param name="id">9007</param>
                            <param name="control">button</param>
                            <param name="dialog">true</param>
                            <label>$LOCALIZE[14301]</label>
                            <onclick>ActivateWindow(tvchannels)</onclick>
                            <visible>!Window.IsVisible(tvchannels)</visible>
                        </include>

                        <include content="Settings_Button">
                            <param name="id">9008</param>
                            <param name="control">button</param>
                            <param name="dialog">true</param>
                            <label>$LOCALIZE[19017]</label>
                            <onclick>ActivateWindow(tvrecordings)</onclick>
                            <visible>!Window.IsVisible(tvrecordings)</visible>
                        </include>

                        <include content="Settings_Button">
                            <param name="id">9009</param>
                            <param name="control">button</param>
                            <param name="dialog">true</param>
                            <label>$LOCALIZE[19040]</label>
                            <onclick>ActivateWindow(tvtimers)</onclick>
                            <visible>!Window.IsVisible(tvtimers)</visible>
                        </include>

                        <include content="Settings_Button">
                            <param name="id">9010</param>
                            <param name="control">button</param>
                            <param name="dialog">true</param>
                            <label>$LOCALIZE[137]</label>
                            <onclick>ActivateWindow(tvsearch)</onclick>
                            <visible>!Window.IsVisible(tvsearch)</visible>
                        </include>

                        <include content="Settings_Label">
                            <param name="id">9011</param>
                            <param name="dialog">true</param>
                            <label>$LOCALIZE[33063]</label>
                        </include>

                        <!-- <include content="Settings_Button" description="PVR Style combined">
                            <param name="id">9002</param>
                            <param name="control">button</param>
                            <param name="dialog">true</param>
                            <label>$LOCALIZE[582]$VAR[Label_Setting_EPGChannelsStyle,: ,]</label>
                            <onclick>Skin.ToggleSetting(Views.UseHalfPVRGuide)</onclick>
                            <onclick>ReloadSkin()</onclick>
                            <onclick>AlarmClock(refocus2,SetFocus(9002),00:00,silent)</onclick>
                        </include> -->

                        <include content="Settings_Button">
                            <param name="id">9003</param>
                            <param name="control">button</param>
                            <param name="dialog">true</param>
                            <label>$LOCALIZE[31016]$INFO[Container.SortMethod,: ,]</label>
                            <onclick>SendClick(3)</onclick>
                        </include>

                        <include content="Settings_Button">
                            <param name="id">9004</param>
                            <param name="control">button</param>
                            <param name="dialog">true</param>
                            <label>$LOCALIZE[580]$INFO[Container.SortOrder,: ,]</label>
                            <onclick>Container.SetSortDirection</onclick>
                        </include>

                    </control>

                    <control type="group">
                        <include>Dimension_Dialog_Body_Group</include>
                        <control type="group">
                            <visible>Player.HasMedia</visible>
                            <include>ButtonMenu_PlayerControls</include>
                        </control>

                        <control type="group">
                            <visible>!Player.HasMedia</visible>
                            <include>ButtonMenu_OptionsTray</include>
                        </control>
                    </control>
                </control>
            </include>
        </control>
    </include>

    <!-- CHANNELS -->
    <include name="View_PVRChannels_Standard">
        <param name="channelheight">80</param>
        <param name="channelwidth">520</param>
        <param name="epg_bottom">0</param>
        <param name="epg_top">0</param>
        <definition>
            <control type="group">
                <top>-10</top>
                <height>50</height>

                <animation effect="slide" start="0" end="0,-15" condition="!Skin.HasSetting(Views.UseHalfPVRGuide)">Conditional</animation>

                <control type="group">
                    <left>$PARAM[channelwidth]</left>

                    <control type="group">
                        <left>20</left>
                        <right>-20</right>
                        <control type="group">
                            <control type="image">
                                <width>1</width>
                                <texture colordiffuse="main_fg_30">common/white.png</texture>
                                <bottom>-5</bottom>
                                <top>15</top>
                                <visible>!Skin.HasSetting(Views.UseHalfPVRGuide)</visible>
                            </control>
                            <control type="image">
                                <width>1</width>
                                <texture colordiffuse="main_fg_30">common/white.png</texture>
                                <bottom>10</bottom>
                                <top>15</top>
                                <visible>Skin.HasSetting(Views.UseHalfPVRGuide)</visible>
                            </control>
                            <control type="label">
                                <left>10</left>
                                <width>$PARAM[channelwidth]</width>
                                <align>left</align>
                                <aligny>center</aligny>
                                <font>font_tiny</font>
                                <label>$LOCALIZE[19030]</label>
                                <textcolor>main_fg_70</textcolor>
                                <shadowcolor>main_bg_12</shadowcolor>
                            </control>
                        </control>

                        <control type="group">
                            <left>50%</left>
                            <control type="image">
                                <width>1</width>
                                <texture colordiffuse="main_fg_30">common/white.png</texture>
                                <bottom>-5</bottom>
                                <top>15</top>
                                <visible>!Skin.HasSetting(Views.UseHalfPVRGuide)</visible>
                            </control>
                            <control type="image">
                                <width>1</width>
                                <texture colordiffuse="main_fg_30">common/white.png</texture>
                                <bottom>10</bottom>
                                <top>15</top>
                                <visible>Skin.HasSetting(Views.UseHalfPVRGuide)</visible>
                            </control>
                            <control type="label">
                                <left>10</left>
                                <width>$PARAM[channelwidth]</width>
                                <align>left</align>
                                <aligny>center</aligny>
                                <font>font_tiny</font>
                                <label>$LOCALIZE[19031]</label>
                                <textcolor>main_fg_70</textcolor>
                                <shadowcolor>main_bg_12</shadowcolor>
                            </control>
                        </control>

                    </control>
                </control>
            </control>

            <control type="fixedlist" id="$PARAM[id]">
                <onback>9001</onback>
                <include content="Action_View_Movement_OnLeft"><param name="id">$PARAM[id]</param></include>
                <onright>332</onright>
                <top>60</top>
                <bottom>99</bottom>
                <left>-40</left>
                <orientation>vertical</orientation>
                <focusposition>$PARAM[focusposition]</focusposition>
                <movement>$PARAM[movement]</movement>
                <viewtype label="$PARAM[viewtype_label]">list</viewtype>
                <include>Action_View_SlideOver_OnFocus</include>
                <itemlayout height="$PARAM[channelheight]">
                    <include content="Layout_PVRChannel">
                        <param name="channelwidth">$PARAM[channelwidth]</param>
                        <param name="detailed">$PARAM[detailed]</param>
                    </include>
                </itemlayout>
                <focusedlayout height="$PARAM[channelheight]">
                    <control type="group">
                        <visible>[$EXP[Exp_PVRGuide_NoFocus]]</visible>
                        <include content="Layout_PVRChannel">
                            <param name="channelwidth">$PARAM[channelwidth]</param>
                            <param name="detailed">$PARAM[detailed]</param>
                            <param name="selected">false</param>
                        </include>
                    </control>
                    <control type="group">
                        <visible>![$EXP[Exp_PVRGuide_NoFocus]]</visible>
                        <include content="Layout_PVRChannel">
                            <param name="channelwidth">$PARAM[channelwidth]</param>
                            <param name="detailed">$PARAM[detailed]</param>
                            <param name="selected">true</param>
                        </include>
                    </control>
                </focusedlayout>
            </control>
        </definition>
    </include>

    <include name="View_PVRChannels">
        <control type="group">
            <visible>Control.IsVisible(50)</visible>
            <include content="View_PVRChannels_Standard" condition="Skin.HasSetting(Views.UseHalfPVRGuide)">
                <param name="id">50</param>
                <param name="epg_bottom">0</param>
                <param name="viewtype_label">$LOCALIZE[571]</param>
                <param name="focusposition">1</param>
                <param name="movement">2</param>
            </include>
            <include content="View_PVRChannels_Standard" condition="!Skin.HasSetting(Views.UseHalfPVRGuide)">
                <param name="id">50</param>
                <param name="epg_bottom">0</param>
                <param name="viewtype_label">$LOCALIZE[571]</param>
                <param name="focusposition">4</param>
                <param name="movement">4</param>
            </include>
        </control>
    </include>


    <!-- Recordings / Timers / Search -->
    <include name="View_PVR_RecordingInfo">
        <param name="id">50</param>
        <param name="scrollbar_id">60</param>
        <param name="path_label">$INFO[Container.NumItems,, [CAPITALIZE]$LOCALIZE[31022][/CAPITALIZE]]</param>
        <param name="has_scrollbar">true</param>
        <param name="has_file_view">true</param>
        <param name="onright">menu</param>
        <param name="onleft">60</param>
        <definition>
            <control type="group">
                <nested />
                <control type="label">
                    <top>-40</top>
                    <height>30</height>
                    <height>30</height>
                    <width>auto</width>
                    <font>font_tiny</font>
                    <textcolor>main_fg_70</textcolor>
                    <label fallback="19076">$PARAM[path_label]</label>
                </control>
                <include content="List_PVRRecordings" condition="$PARAM[has_file_view]">
                    <param name="id">$PARAM[id]</param>
                    <top>20</top>
                    <bottom>20</bottom>
                    <onleft>$PARAM[onleft]</onleft>
                    <onright>$PARAM[onright]</onright>
                    <pagecontrol>$PARAM[scrollbar_id]</pagecontrol>
                    <include>$PARAM[include_content]</include>
                </include>
                <include content="Dialog_Scrollbar" condition="$PARAM[has_scrollbar]">
                    <param name="id">$PARAM[scrollbar_id]</param>
                    <left>0</left>
                    <onright>$PARAM[id]</onright>
                </include>
            </control>
        </definition>
    </include>

    <include name="View_PVR_RecordingSubList">
        <visible>Container(50).ListItem.IsFolder</visible>
        <content>$INFO[Container(50).ListItem.FolderPath]</content>
    </include>


    <include name="View_PVR_RecordingDetails">
        <control type="group">
            <visible>!Container(50).ListItem.IsFolder + [!String.IsEmpty(ListItem.ChannelName) | !String.IsEmpty(ListItem.Title)]</visible>
            <top>20</top>
            <bottom>40</bottom>
            <left>40</left>
            <right>40</right>
            <control type="image">
                <top>20</top>
                <height>180</height>
                <width>600</width>
                <right>0</right>
                <aspectratio align="right">keep</aspectratio>
                <texture>$INFO[ListItem.Icon]</texture>
            </control>
            <control type="grouplist">
                <orientation>vertical</orientation>
                <control type="label">
                    <height>80</height>
                    <label>$INFO[ListItem.ChannelName]</label>
                    <font>font_main_bold</font>
                    <textcolor>main_fg_100</textcolor>
                </control>
                <control type="label">
                    <height>40</height>
                    <label>$INFO[ListItem.StartDate]</label>
                    <textcolor>main_fg_70</textcolor>
                </control>
                <control type="label">
                    <height>40</height>
                    <label>$INFO[ListItem.StartTime]$INFO[ListItem.EndTime, - ,]</label>
                    <textcolor>main_fg_70</textcolor>
                </control>
                <control type="label">
                    <height>40</height>
                    <label>$INFO[ListItem.Duration(h),, hours ]$INFO[ListItem.Duration(m),, minutes]</label>
                    <textcolor>main_fg_70</textcolor>
                </control>
                <control type="group">
                    <height>80</height>
                    <include content="Object_Separator_V">
                        <param name="colordiffuse">main_fg_12</param>
                        <centertop>50%</centertop>
                    </include>
                </control>
                <control type="label">
                    <top>-20</top>
                    <height>80</height>
                    <label>$INFO[ListItem.Title]</label>
                    <font>font_main_bold</font>
                    <textcolor>main_fg_100</textcolor>
                </control>
                <control type="label">
                    <height>40</height>
                    <label>$VAR[Label_OSD_Plot_Episode_Number,,. ]$INFO[ListItem.EpisodeName]</label>
                    <visible>!String.IsEmpty(ListItem.EpisodeName)</visible>
                    <textcolor>main_fg_70</textcolor>
                </control>
                <control type="label">
                    <height>40</height>
                    <label>$INFO[ListItem.EPGEventTitle]</label>
                    <visible>!String.IsEmpty(ListItem.EPGEventTitle)</visible>
                    <textcolor>main_fg_70</textcolor>
                </control>
                <control type="label">
                    <height>40</height>
                    <label>$INFO[ListItem.Genre]</label>
                    <visible>!String.IsEmpty(ListItem.Genre)</visible>
                    <textcolor>main_fg_70</textcolor>
                </control>
                <control type="label">
                    <height>40</height>
                    <label>$INFO[ListItem.Size]</label>
                    <visible>!String.IsEmpty(ListItem.Size) + !String.IsEqual(ListITem.Size,0 B)</visible>
                    <textcolor>main_fg_70</textcolor>
                </control>
                <control type="label">
                    <height>40</height>
                    <label>$INFO[ListItem.ExpirationDate] $INFO[ListItem.ExpirationTime]</label>
                    <visible>!String.IsEmpty(ListItem.ExpirationDate)</visible>
                    <textcolor>main_fg_70</textcolor>
                </control>
                <control type="textbox">
                    <top>40</top>
                    <height>auto</height>
                    <label>$VAR[Label_Plot]</label>
                    <font>font_main_plot</font>
                    <textcolor>main_fg_70</textcolor>
                </control>
            </control>
        </control>
    </include>

    <include name="View_PVR_RecordingList">
        <definition>
            <control type="group">
                <include>Dimension_Info</include>
                <include content="View_PVR_RecordingInfo">
                        <param name="id">5050</param>
                        <param name="path_label">$LOCALIZE[19033]</param>
                        <param name="has_scrollbar">false</param>
                        <param name="has_file_view">$PARAM[has_file_view]</param>
                        <param name="include_content">View_PVR_RecordingSubList</param>
                        <left>600</left>
                        <right>0</right>
                        <include>View_PVR_RecordingDetails</include>
                    </include>
            </control>
        </definition>
    </include>
</includes>
