<?xml version="1.0" encoding="UTF-8"?>
<includes>

    <!--
    =====================================================

    Typographic Scale is Pentatonic
    n=5 r=2 f0=32 for bold/black

    regular is 2pts lower as feels taller than bold
    quantise plotbox linespacing to 40px grid

    Large title uses octave of double row (n=5 and n=10)

    =====================================================
     (3)    (4)    (5)     1      2      3      4      5
     18  >  24  >  28  >  32  >  37  >  42  >  49  >  56
    hint   tiny   mini   main   midi   head   huge   info
    =====================================================
-->

    <include name="Font_Default">
        <param name="font_black">RobotoCondensed-Black.ttf</param>
        <param name="font_bold">RobotoCondensed-Bold.ttf</param>
        <param name="font_regular">RobotoCondensed-Regular.ttf</param>
        <param name="font_light">RobotoCondensed-Light.ttf</param>
        <param name="aspect_system">0.8</param>
        <param name="aspect_standard">1.0</param>
        <definition>

            <!-- Title fonts -->
            <font>
                <name>font_title_huge</name>
                <filename>$PARAM[font_black]</filename>
                <size>98</size>
                <aspect>$PARAM[aspect_standard]</aspect>
            </font>
            <font>
                <name>font_title_midi</name>
                <filename>$PARAM[font_black]</filename>
                <size>74</size>
                <aspect>$PARAM[aspect_standard]</aspect>
            </font>
            <font>
                <name>font_title_main</name>
                <filename>$PARAM[font_black]</filename>
                <size>64</size>
                <aspect>$PARAM[aspect_standard]</aspect>
            </font>


            <!-- Black Fonts -->
            <font>
                <name>font_huge_black</name>
                <filename>$PARAM[font_black]</filename>
                <size>49</size>
                <aspect>$PARAM[aspect_standard]</aspect>
            </font>
            <font>
                <name>font_head_black</name>
                <filename>$PARAM[font_black]</filename>
                <size>42</size>
                <aspect>$PARAM[aspect_standard]</aspect>
            </font>
            <font>
                <name>font_midi_black</name>
                <filename>$PARAM[font_black]</filename>
                <size>37</size>
                <aspect>$PARAM[aspect_standard]</aspect>
            </font>
            <font>
                <name>font_main_black</name>
                <filename>$PARAM[font_black]</filename>
                <size>32</size>
                <aspect>$PARAM[aspect_standard]</aspect>
            </font>
            <font>
                <name>font_mini_black</name>
                <filename>$PARAM[font_black]</filename>
                <size>28</size>
                <aspect>$PARAM[aspect_standard]</aspect>
            </font>
            <font>
                <name>font_tiny_black</name>
                <filename>$PARAM[font_black]</filename>
                <size>24</size>
                <aspect>$PARAM[aspect_standard]</aspect>
            </font>
            <font>
                <name>font_hint_black</name>
                <style>uppercase</style>
                <filename>$PARAM[font_black]</filename>
                <size>18</size>
                <aspect>$PARAM[aspect_standard]</aspect>
            </font>

            <!-- Bold Fonts -->
            <font>
                <name>font_huge_bold</name>
                <filename>$PARAM[font_bold]</filename>
                <size>49</size>
                <aspect>$PARAM[aspect_standard]</aspect>
            </font>
            <font>
                <name>font_head_bold</name>
                <filename>$PARAM[font_bold]</filename>
                <size>42</size>
                <aspect>$PARAM[aspect_standard]</aspect>
            </font>
            <font>
                <name>font_midi_bold</name>
                <filename>$PARAM[font_bold]</filename>
                <size>37</size>
                <aspect>$PARAM[aspect_standard]</aspect>
            </font>
            <font>
                <name>font_main_bold</name>
                <filename>$PARAM[font_bold]</filename>
                <size>32</size>
                <aspect>$PARAM[aspect_standard]</aspect>
            </font>
            <font>
                <name>font_mini_bold</name>
                <filename>$PARAM[font_bold]</filename>
                <size>28</size>
                <aspect>$PARAM[aspect_standard]</aspect>
            </font>
            <font>
                <name>font_tiny_bold</name>
                <filename>$PARAM[font_bold]</filename>
                <size>24</size>
                <aspect>$PARAM[aspect_standard]</aspect>
            </font>
            <font>
                <name>font_hint_bold</name>
                <filename>$PARAM[font_bold]</filename>
                <size>18</size>
                <aspect>$PARAM[aspect_standard]</aspect>
            </font>

            <!-- Standard Fonts -->
            <font>
                <name>font_midi</name>
                <filename>$PARAM[font_regular]</filename>
                <size>35</size>
                <aspect>$PARAM[aspect_standard]</aspect>
            </font>
            <font>
                <name>font_main</name>
                <filename>$PARAM[font_regular]</filename>
                <size>30</size>
                <aspect>$PARAM[aspect_standard]</aspect>
            </font>
            <font>
                <name>font_mini</name>
                <filename>$PARAM[font_regular]</filename>
                <size>26</size>
                <aspect>$PARAM[aspect_standard]</aspect>
            </font>
            <font>
                <name>font_tiny</name>
                <filename>$PARAM[font_regular]</filename>
                <size>22</size>
                <aspect>$PARAM[aspect_standard]</aspect>
            </font>
            <font>
                <name>font_hint</name>
                <filename>$PARAM[font_regular]</filename>
                <size>16</size>
                <aspect>$PARAM[aspect_standard]</aspect>
                <linespacing>0.8</linespacing>
            </font>
            <font>
                <name>font_hint_button</name>
                <filename>$PARAM[font_regular]</filename>
                <size>16</size>
                <aspect>$PARAM[aspect_standard]</aspect>
                <linespacing>1.15</linespacing>
            </font>

            <!-- Textbox Fonts -->
            <font>
                <name>font_huge_plot</name>
                <filename>$PARAM[font_regular]</filename>
                <linespacing>1.46</linespacing>
                <size>47</size>
                <aspect>$PARAM[aspect_standard]</aspect>
            </font>
            <font>
                <name>font_midi_plot</name>
                <filename>$PARAM[font_regular]</filename>
                <linespacing>1.46</linespacing>
                <size>35</size>
                <aspect>$PARAM[aspect_standard]</aspect>
            </font>
            <font>
                <name>font_main_plot</name>
                <filename>$PARAM[font_regular]</filename>
                <linespacing>1.14</linespacing>
                <size>30</size>
                <aspect>$PARAM[aspect_standard]</aspect>
            </font>
            <font>
                <name>font_mini_plot</name>
                <filename>$PARAM[font_regular]</filename>
                <linespacing>1.24</linespacing>
                <size>26</size>
                <aspect>$PARAM[aspect_standard]</aspect>
            </font>
            <font>
                <name>font_tiny_plot</name>
                <filename>$PARAM[font_regular]</filename>
                <linespacing>1.14</linespacing>
                <size>22</size>
                <aspect>$PARAM[aspect_standard]</aspect>
            </font>
            <font>
                <name>font_mini_cond</name>
                <filename>$PARAM[font_regular]</filename>
                <linespacing>0.96</linespacing>
                <size>26</size>
                <aspect>$PARAM[aspect_standard]</aspect>
            </font>

            <!-- Font for codec flag -->
            <font>
                <name>font_videocodec_bold</name>
                <filename>Nick-Titling.ttf</filename>
                <size>22</size>
            </font>
            <font>
                <name>font_infotag_bold</name>
                <filename>LeagueSpartan-ExtraBold.ttf</filename>
                <size>22</size>
                <style>uppercase</style>
            </font>
            <font>
                <name>font_infotag</name>
                <filename>LeagueSpartan-SemiBold.ttf</filename>
                <size>22</size>
                <style>uppercase</style>
            </font>

            <!-- Music visualisation scrolling text -->
            <font>
                <name>font_musicvis_biggest</name>
                <filename>$PARAM[font_light]</filename>
                <size>230</size>
                <aspect>$PARAM[aspect_standard]</aspect>
            </font>
            <font>
                <name>font_musicvis_bigger</name>
                <filename>$PARAM[font_light]</filename>
                <size>130</size>
                <aspect>$PARAM[aspect_standard]</aspect>
            </font>
            <font>
                <name>font_musicvis_big</name>
                <filename>$PARAM[font_light]</filename>
                <size>80</size>
                <aspect>$PARAM[aspect_standard]</aspect>
            </font>

            <!-- Arial font -->
            <font>
                <name>font_mini_arial</name>
                <filename>Arial.ttf</filename>
                <size>25</size>
                <aspect>$PARAM[aspect_system]</aspect>
            </font>

            <!-- Keyboard Symbol Font -->
            <font>
                <name>font_main_iconic</name>
                <filename>fa-solid-900.ttf</filename>
                <size>30</size>
            </font>
            <font>
                <name>font_mini_iconic</name>
                <filename>fa-solid-900.ttf</filename>
                <size>26</size>
            </font>
            <font>
                <name>font_tiny_iconic</name>
                <filename>fa-solid-900.ttf</filename>
                <size>22</size>
            </font>
            <font>
                <name>font_hint_iconic</name>
                <filename>fa-solid-900.ttf</filename>
                <size>16</size>
            </font>
            <font>
                <name>font_itsy_iconic</name>
                <filename>fa-solid-900.ttf</filename>
                <size>12</size>
            </font>

            <!-- Arctic Fuse Logo Font -->
            <font>
                <name>font_logo</name>
                <filename>Questrial-Regular.ttf</filename>
                <size>24</size>
            </font>
            <font>
                <name>font_logo_large</name>
                <filename>Questrial-Regular.ttf</filename>
                <size>44</size>
            </font>

            <!-- Testing Fonts -->
            <font>
                <name>font_debug</name>
                <filename>RobotoMono-Light.ttf</filename>
                <size>24</size>
                <aspect>$PARAM[aspect_system]</aspect>
            </font>

            <!-- Required for system -->
            <font>
                <name>Clock</name>
                <filename>$PARAM[font_bold]</filename>
                <size>130</size>
                <aspect>$PARAM[aspect_standard]</aspect>
            </font>
            <font>
                <name>font10</name>
                <filename>$PARAM[font_regular]</filename>
                <size>22</size>
                <aspect>$PARAM[aspect_standard]</aspect>
            </font>
            <font>
                <name>font12</name>
                <filename>$PARAM[font_regular]</filename>
                <size>26</size>
                <aspect>$PARAM[aspect_standard]</aspect>
            </font>
            <font>
                <name>font13</name>
                <filename>$PARAM[font_regular]</filename>
                <size>30</size>
                <aspect>$PARAM[aspect_standard]</aspect>
            </font>
            <font>
                <name>font14</name>
                <filename>$PARAM[font_regular]</filename>
                <size>35</size>
                <aspect>$PARAM[aspect_standard]</aspect>
            </font>
            <font>
                <name>font45</name>
                <filename>$PARAM[font_regular]</filename>
                <size>47</size>
                <aspect>$PARAM[aspect_standard]</aspect>
            </font>
            <font>
                <name>font60</name>
                <filename>$PARAM[font_regular]</filename>
                <size>62</size>
                <aspect>$PARAM[aspect_standard]</aspect>
            </font>
        </definition>
    </include>
</includes>
