<?xml version="1.0" encoding="UTF-8"?>
<window type="dialog" id="1248">
    <defaultcontrol always="true">11</defaultcontrol>
    <onunload>ClearProperty(includesetting,home)</onunload>
    <controls>
        <include>GlobalOverlay</include>
        <control type="group">
            <include>DefDialogBackground</include>
            <control type="group">
                <left>24</left>
                <top>26</top>
                <control type="label">
                    <description>Header Label</description>
                    <left>70</left>
                    <width>1000</width>
                    <posy>0</posy>
                    <include>FontTop</include>
                    <textcolor>Dark2</textcolor>
                    <label>$INFO[Container(11).ListItemAbsolute(0).Property(SettingsName)]</label>
                </control>
                <include>Kodi_Logo</include>

                <!-- Lines -->
                <control type="image">
                    <top>70</top>
                    <left>17</left>
                    <right>40</right>
                    <height>1</height>
                    <bottom>10</bottom>
                    <colordiffuse>Black12</colordiffuse>
                    <texture>common/white.png</texture>
                </control>
            </control>
            <include content="Def_Gradient_Settings_Image">
                <param name="controlid" value="11"/>
                <param name="left" value="8"/>
                <param name="top" value="120"/>
                <param name="width" value="697"/>
                <param name="height" value="66"/>
                <param name="slide" value="66"/>
            </include>
            <control type="list" id="11">
                <include>Animation.FadeIn.Delay</include>
                <include>Animation.FadeOut</include>
                <top>117</top>
                <bottom>16</bottom>
                <left>8</left>
                <right>8</right>
                <height>726</height>
                <onright>1600</onright>
                <pagecontrol>1600</pagecontrol>
                <orientation>vertical</orientation>
                <scrolltime>200</scrolltime>
                <itemlayout width="697" height="66">
                    <control type="label">
                        <aligny>center</aligny>
                        <height>100%</height>
                        <textcolor>Dark2</textcolor>
                        <font>Small</font>
                        <left>30</left>
                        <label>$INFO[ListItem.Label]</label>
                    </control>
                    <control type="image">
                        <left>646</left>
                        <top>23</top>
                        <width>24</width>
                        <height>24</height>
                        <texture colordiffuse="Dark1">osd/minicheck_big.png</texture>
                        <visible>!String.IsEmpty(ListItem.Property(ItemSelected))</visible>
                    </control>
                </itemlayout>
                <focusedlayout width="697" height="66">
                    <control type="group">
                        <visible>Control.HasFocus(11)</visible>
                        <control type="image">
                            <width>100%</width>
                            <height>100%</height>
                            <texture colordiffuse="$VAR[ColorSelectOtherBar]">common/white.png</texture>
                        </control>
                        <control type="image">
                            <width>100%</width>
                            <height>100%</height>
                            <texture border="8" colordiffuse="$VAR[ColorHighlightOtherBar]">common/gradient-box-wide.png</texture>
                        </control>
                    </control>
                    <control type="label">
                        <aligny>center</aligny>
                        <height>100%</height>
                        <textcolor>Selected</textcolor>
                        <font>Small</font>
                        <left>30</left>
                        <label>$INFO[ListItem.Label]</label>
                    </control>
                    <control type="image">
                        <left>646</left>
                        <top>23</top>
                        <width>24</width>
                        <height>24</height>
                        <texture colordiffuse="Dark1">osd/minicheck_big.png</texture>
                        <visible>!String.IsEmpty(ListItem.Property(ItemSelected))</visible>
                    </control>
                    <control type="button">
                        <visible>String.IsEqual(Window(Home).Property(includesetting),ColorSettings)</visible>
                        <label />
                        <include>HiddenButton</include>
                        <onfocus>ClearProperty(focuscolor.button,home)</onfocus>
                        <onfocus>ClearProperty(squarecolor.button,home)</onfocus>
                        <onfocus>ClearProperty(squarecolor2.button,home)</onfocus>
                        <onfocus>ClearProperty(selectotherbarcolor.button,home)</onfocus>
                        <onfocus>ClearProperty(focuscolorotherbar.button,home)</onfocus>
                        <onfocus>ClearProperty(kodilogocolor.button,home)</onfocus>
                        <onfocus>ClearProperty(kodilogocolorgradient.button,home)</onfocus>
                        <onfocus>ClearProperty(userratingcolor.button,home)</onfocus>
                        <onfocus>ClearProperty(ratingcolor.button,home)</onfocus>
                        <onfocus>ClearProperty(starscolor.button,home)</onfocus>
                        <onfocus>ClearProperty(focuscolor2.button,home)</onfocus>
                        <onfocus>ClearProperty(selectbarcolor.button,home)</onfocus>
                        <onfocus>SetProperty(focuscolor.button,$INFO[ListItem.Property(focuscolor.name)],home)</onfocus>
                        <onfocus>SetProperty(squarecolor.button,$INFO[ListItem.Property(squarecolor.name)],home)</onfocus>
                        <onfocus>SetProperty(squarecolor2.button,$INFO[ListItem.Property(squarecolor2.name)],home)</onfocus>                        
                        <onfocus>SetProperty(selectotherbarcolor.button,$INFO[ListItem.Property(selectotherbarcolor.name)],home)</onfocus>
                        <onfocus>SetProperty(focuscolorotherbar.button,$INFO[ListItem.Property(focuscolorotherbar.name)],home)</onfocus>
                        <onfocus>SetProperty(kodilogocolor.button,$INFO[ListItem.Property(kodilogocolor.name)],home)</onfocus>
                        <onfocus>SetProperty(kodilogocolorgradient.button,$INFO[ListItem.Property(kodilogocolorgradient.name)],home)</onfocus>
                        <onfocus>SetProperty(userratingcolor.button,$INFO[ListItem.Property(userratingcolor.name)],home)</onfocus>
                        <onfocus>SetProperty(ratingcolor.button,$INFO[ListItem.Property(ratingcolor.name)],home)</onfocus>
                        <onfocus>SetProperty(starscolor.button,$INFO[ListItem.Property(starscolor.name)],home)</onfocus>
                        <onfocus>SetProperty(focuscolor2.button,$INFO[ListItem.Property(focuscolor2.name)],home)</onfocus>
                        <onfocus>SetProperty(selectbarcolor.button,$INFO[ListItem.Property(selectbarcolor.name)],home)</onfocus>
                    </control>
                </focusedlayout>
                <content>
                    <include condition="String.IsEqual(Window(Home).Property(includesetting),BackgroundBrightness)">CustomSettings_Items.BackgroundBrightness</include>
                    <include condition="String.IsEqual(Window(Home).Property(includesetting),BackgroundBrightnessBlur)">CustomSettings_Items.BackgroundBrightnessBlur</include>
                    <include condition="String.IsEqual(Window(Home).Property(includesetting),FadeNetflixPreview)">CustomSettings_Items.FadeNetflixPreview</include>
                    <include condition="String.IsEqual(Window(Home).Property(includesetting),NetflixTrailerDelay)">CustomSettings_Items.NetflixTrailerDelay</include>
                    <include condition="String.IsEqual(Window(Home).Property(includesetting),DefWidgetLimit)">CustomSettings_Items.DefWidgetLimit</include>
                    <include condition="String.IsEqual(Window(Home).Property(includesetting),DefHubLimit)">CustomSettings_Items.DefHubLimit</include>
                    <include condition="String.IsEqual(Window(Home).Property(includesetting),TrailerCount)">CustomSettings_Items.TrailerCount</include>
                    <include condition="String.IsEqual(Window(Home).Property(includesetting),OSD_Timeout)">CustomSettings_Items.OSD_Timeout</include>
                    <include condition="String.IsEqual(Window(Home).Property(includesetting),BlurRadiusLitebox)">CustomSettings_Items.BlurRadiusLitebox</include>
                    <include condition="String.IsEqual(Window(Home).Property(includesetting),BlurRadiusEmbuaryHelper)">CustomSettings_Items.BlurRadiusEmbuaryHelper</include>
                    <include condition="String.IsEqual(Window(Home).Property(includesetting),ImageQualityLitebox)">CustomSettings_Items.ImageQualityLitebox</include>
                    <include condition="String.IsEqual(Window(Home).Property(includesetting),ImageQualityOtherLitebox)">CustomSettings_Items.ImageQualityOtherLitebox</include>
                    <include condition="String.IsEqual(Window(Home).Property(includesetting),PixelsizeLitebox)">CustomSettings_Items.PixelsizeLitebox</include>
                    <include condition="String.IsEqual(Window(Home).Property(includesetting),OSD_Info)">CustomSettings_Items.OSD_Info</include>
                    <include condition="String.IsEqual(Window(Home).Property(includesetting),ColorSettings)">CustomSettings_Items.ColorSettings</include>
                </content>
            </control>
            <include content="scrollbar_dialog">
                <param name="scrollid" value="1600"/>
                <param name="onleft" value="11"/>
                <param name="onright" value="5"/>
                <param name="visible" value="true"/>
                <param name="height" value="660"/>
            </include>
            <control type="image">
                <posx>705</posx>
                <top>116</top>
                <height>726</height>
                <width>1</width>
                <texture colordiffuse="Black12">common/white.png</texture>
                <animation effect="fade" start="0" end="100" time="100" condition="!Control.HasFocus(1600) + !Container.Scrolling">Conditional</animation>
            </control>
            <control type="image">
                <visible>String.IsEqual(Window(Home).Property(includesetting),ColorSettings)</visible>
                <posx>735</posx>
                <top>200</top>
                <height>1</height>
                <width>305</width>
                <texture colordiffuse="Black12">common/white.png</texture>
                <animation effect="fade" start="0" end="100" time="100" condition="!Control.HasFocus(1600) + !Container.Scrolling">Conditional</animation>
            </control>
            <control type="button" id="5">
                <description>Manual</description>
                <posx>738</posx>
                <posy>117</posy>
                <width>300</width>
                <height>66</height>
                <align>center</align>
                <label>15067</label>
                <onleft>1600</onleft>
                <font>Button</font>
                <textcolor>Black70</textcolor>
                <texturefocus colordiffuse="$VAR[ColorHighlight]" border="5">common/box.png</texturefocus>
                <onclick>Close</onclick>
            </control>
            <control type="grouplist">
                <left>780</left>
                <orientation>horizontal</orientation>
                <top>220</top>
                <width>300</width>
                <itemgap>2</itemgap>
                <visible>String.IsEqual(Window(Home).Property(includesetting),ColorSettings)</visible>
                <control type="radiobutton">
                    <include content="DefContextButtonColorbox2">
                        <param name="colorcode" value="$INFO[Window(home).Property(focuscolor.button)]"/>
                    </include>
                </control>
                <control type="radiobutton">
                    <include content="DefContextButtonColorbox2">
                        <param name="colorcode" value="$INFO[Window(home).Property(squarecolor.button)]"/>
                    </include>
                </control>
                <control type="radiobutton">
                    <include content="DefContextButtonColorbox2">
                        <param name="colorcode" value="$INFO[Window(home).Property(squarecolor2.button)]"/>
                    </include>
                </control>
                <control type="radiobutton">
                    <include content="DefContextButtonColorbox2">
                        <param name="colorcode" value="$INFO[Window(home).Property(selectotherbarcolor.button)]"/>
                    </include>
                </control>
                <control type="radiobutton">
                    <include content="DefContextButtonColorbox2">
                        <param name="colorcode" value="$INFO[Window(home).Property(focuscolorotherbar.button)]"/>
                    </include>
                </control>
                <control type="radiobutton">
                    <include content="DefContextButtonColorbox2">
                        <param name="colorcode" value="$INFO[Window(home).Property(kodilogocolor.button)]"/>
                    </include>
                </control>
                <control type="radiobutton">
                    <include content="DefContextButtonColorbox2">
                        <param name="colorcode" value="$INFO[Window(home).Property(kodilogocolorgradient.button)]"/>
                    </include>
                </control>
            </control>
            <control type="grouplist">
                <left>812</left>
                <orientation>horizontal</orientation>
                <top>252</top>
                <width>300</width>
                <itemgap>2</itemgap>
                <visible>String.IsEqual(Window(Home).Property(includesetting),ColorSettings)</visible>
                <control type="radiobutton">
                    <include content="DefContextButtonColorbox2">
                        <param name="colorcode" value="$INFO[Window(home).Property(selectbarcolor.button)]"/>
                    </include>
                </control>
                <control type="radiobutton">
                    <include content="DefContextButtonColorbox2">
                        <param name="colorcode" value="$INFO[Window(home).Property(focuscolor2.button)]"/>
                    </include>
                </control>
                <control type="radiobutton">
                    <include content="DefContextButtonColorbox2">
                        <param name="colorcode" value="$INFO[Window(home).Property(starscolor.button)]"/>
                    </include>
                </control>
                <control type="radiobutton">
                    <include content="DefContextButtonColorbox2">
                        <param name="colorcode" value="$INFO[Window(home).Property(ratingcolor.button)]"/>
                    </include>
                </control>
                <control type="radiobutton">
                    <include content="DefContextButtonColorbox2">
                        <param name="colorcode" value="$INFO[Window(home).Property(userratingcolor.button)]"/>
                    </include>
                </control>
            </control>
            <include>DialogSelectlabelInclude</include>
        </control>
    </controls>
</window>