<?xml version="1.0" encoding="UTF-8"?>
<addon
	id="skin.simpletouchreloaded" version="1.7.5" name=" simple[COLORdeepskyblue]TOUCH[/COLOR]reloaded" provider-name="Knuckles">
	<requires>
		<import addon="xbmc.gui" version="5.17.0"/>
		<import addon="script.skinshortcuts" version="2.0.3"/>
		<import addon="plugin.video.themoviedb.helper" version="4.10.14"/>
	</requires>
	<extension point="xbmc.gui.skin" debugging="false" effectslowdown="1.0">
		<res width="1920" height="1080" aspect="16:9" default="true" folder="xml" />
	</extension>
	<extension point="xbmc.addon.metadata">
		<summary lang="en_GB">A simple skin for TV &amp; mobile devices</summary>
		<summary lang="en_US">A simple skin for TV &amp; mobile devices</summary>
		<description lang="en_GB">The Simple Touch Skin Is A Mod Of The Unity Skin for Tv &amp;TouchScreen Devices.&#10;Updated And Completely Redesigned Throughout To Include More Added Features.&#10;Full Credit To Original Creaters SGK,Eddage,Bumpaneer</description>
		<description lang="en_US">The Simple Touch Skin Is A Mod Of The Unity Skin for Tv &amp;TouchScreen Devices.&#10;Updated And Completely Redesigned Throughout To Include More Added Features.&#10;Full Credit To Original Creaters SGK,Eddage,Bumpaneer</description>
		<license></license>
		<forum></forum>
		<source></source>
		<platform>all</platform>
		<assets>
			<icon>resources/icon.png</icon>
			<fanart>resources/fanart.jpg</fanart>
			<screenshot>resources/Screenshot-1.jpg</screenshot>
			<screenshot>resources/Screenshot-2.jpg</screenshot>
			<screenshot>resources/Screenshot-3.jpg</screenshot>
		</assets>
	</extension>
</addon>
