<?xml version="1.0" encoding="utf-8"?>
<window type="dialog" id="1109">
    <visible>Window.IsActive(fullscreenvideo) | Window.IsActive(visualisation)</visible>
    <visible>Window.IsActive(seekbar) | Window.IsActive(pvrosdchannels) | Window.IsActive(pvrchannelguide)</visible>
    <include>Animation_TopSlide</include>
    <zorder>0</zorder>
    <controls>
        <control type="group">
            <visible>![Player.ShowInfo | Window.IsActive(fullscreeninfo) | Player.ShowTime | Window.IsActive(videoosd) | Window.IsActive(musicosd) | Window.IsActive(playerprocessinfo) | !String.IsEmpty(PVR.ChannelNumberInput) | Window.IsActive(pvrosdchannels) | Window.IsActive(pvrchannelguide)] + [!String.IsEmpty(Player.SeekNumeric) | Player.Seeking | Player.DisplayAfterSeek | Player.Forwarding | Player.Rewinding | Player.Paused]</visible>
            <animation effect="fade" start="0" end="100" time="300">VisibleChange</animation>
            <animation effect="slide" start="0,0" end="0,-80" time="300" condition="Player.Paused + System.IdleTime(5)">Conditional</animation>
            <control type="image">
                <left>0</left>
                <top>0</top>
                <width>100%</width>
                <height>55</height>
                <texture colordiffuse="D0FFFFFF" border="0,55,0,0">frame/osdfade.png</texture>
            </control>
            <control type="label">
                <left>25</left>
                <top>6</top>
                <width>700</width>
                <height>60</height>
                <label>$VAR[SeekLabel]</label>
                <font>font30_title</font>
                <shadowcolor>black</shadowcolor>
            </control>
            <control type="label">
                <centerleft>50%</centerleft>
                <top>0</top>
                <width>50%</width>
                <height>55</height>
                <align>center</align>
                <label>$VAR[SeekTimeLabelVar]</label>
                <font>font37</font>
                <visible>!Player.ChannelPreviewActive | VideoPlayer.HasEpg</visible>
            </control>
            <control type="label">
                <right>25</right>
                <top>6</top>
                <width>700</width>
                <height>60</height>
                <align>right</align>
                <font>font30_title</font>
                <label>[COLOR $VAR[ColorHighlight]]$LOCALIZE[21396]:[/COLOR]  $INFO[player.chapter]$INFO[Player.ChapterCount,/]</label>
                <visible>!VideoPlayer.Content(LiveTV) + player.chaptercount</visible>
            </control>
            <control type="label">
                <right>25</right>
                <top>6</top>
                <width>700</width>
                <height>60</height>
                <align>right</align>
                <font>font30_title</font>
                <label>[COLOR $VAR[ColorHighlight]]$LOCALIZE[31026][/COLOR] $INFO[PVR.TimeshiftCur] (-$INFO[PVR.TimeshiftOffset])</label>
                <visible>VideoPlayer.Content(LiveTV) + PVR.IsTimeShift</visible>
            </control>
            <control type="progress" description="cache">
                <top>55</top>
                <width>100%</width>
                <height>16</height>
                <info>Player.ProgressCache</info>
                <texturebg colordiffuse="00ffffff" border="6">progress/progress-bg.png</texturebg>
                <lefttexture colordiffuse="main_fg_12" border="6">progress/progress-left.png</lefttexture>
                <midtexture colordiffuse="main_fg_12" border="6">progress/progress-end.png</midtexture>
                <righttexture colordiffuse="main_fg_12" border="6">progress/progress-right.png</righttexture>
                <visible>Player.Playing | Player.Paused | Player.Caching</visible>
                <visible>!Player.Seeking</visible>
                <visible>Player.HasMedia</visible>
            </control>
            <control type="progress" id="499">
                <top>55</top>
                <width>100%</width>
                <height>16</height>
                <info>Player.Progress</info>
                <visible>Player.HasMedia + !Pvr.IsPlayingTv</visible>
            </control>
            <control type="progress">
                <description>Progressbar</description>
                <top>55</top>
                <width>100%</width>
                <height>16</height>
                <info>Player.Progress</info>
                <texturebg colordiffuse="00ffffff" border="6">progress/progress-bg.png</texturebg>
                <lefttexture colordiffuse="00ffffff" border="6">progress/progress-left.png</lefttexture>
                <midtexture colordiffuse="$VAR[ColorGradient]" border="6" diffuse="progress/diffuse.png">progress/progress-end.png</midtexture>
                <righttexture colordiffuse="$VAR[ColorGradient]" border="6" diffuse="progress/diffuse-end.png">progress/progress-right.png</righttexture>
                <visible>Player.HasMedia + !Pvr.IsPlayingTv</visible>
            </control>
            <control type="slider">
                <left>0</left>
                <top>50</top>
                <width>100%</width>
                <height>26</height>
                <texturesliderbar colordiffuse="00FFFFFF">osd/progress/nub_bar.png</texturesliderbar>
                <textureslidernib colordiffuse="$VAR[ColorHighlight]">osd/progress/nub_bar.png</textureslidernib>
                <textureslidernibfocus colordiffuse="$VAR[ColorHighlight]">colors/white.png</textureslidernibfocus>
                <info>Player.Seekbar</info>
                <visible>!VideoPlayer.Content(LiveTV) + [Player.Seeking | Player.DisplayAfterSeek]</visible>
            </control>
            <control type="group">
                <visible>VideoPlayer.Content(LiveTV)</visible>
                <control type="group">
                    <visible>Player.SeekEnabled + VideoPlayer.HasEPG</visible>
                    <include content="PVRProgress">
                        <param name="ts_bar_top" value="55"/>
                        <param name="epg_bar_top" value="63"/>
                        <param name="ts_bar_height" value="8"/>
                        <param name="epg_bar_height" value="8"/>
                    </include>
                </control>
                <control type="group">
                    <visible>Player.SeekEnabled + !VideoPlayer.HasEPG</visible>
                    <include content="PVRProgress">
                        <param name="ts_bar_top" value="55"/>
                        <param name="ts_bar_height" value="16"/>
                    </include>
                </control>
                <control type="group">
                    <visible>!Player.SeekEnabled + VideoPlayer.HasEPG</visible>
                    <include content="PVRProgress">
                        <param name="epg_bar_top" value="55"/>
                        <param name="epg_bar_height" value="16"/>
                    </include>
                </control>
            </control>
            <control type="slider">
                <left>0</left>
                <top>50</top>
                <width>100%</width>
                <height>26</height>
                <texturesliderbar colordiffuse="00FFFFFF">osd/progress/nub_bar.png</texturesliderbar>
                <textureslidernib colordiffuse="$VAR[ColorHighlight]">osd/progress/nub_bar.png</textureslidernib>
                <textureslidernibfocus colordiffuse="$VAR[ColorHighlight]">colors/white.png</textureslidernibfocus>
                <info>PVR.TimeShiftSeekbar</info>
                <visible>VideoPlayer.Content(LiveTV) + [Player.Seeking | Player.DisplayAfterSeek] + !Player.ChannelPreviewActive</visible>
            </control>
            <control type="ranges">
                <left>0</left>
                <top>55</top>
                <width>100%</width>
                <height>8</height>
                <texturebg border="3" colordiffuse="00FFFFFF">colors/white50.png</texturebg>
                <lefttexture>colors/white.png</lefttexture>
                <midtexture colordiffuse="FFFF0000">colors/white.png</midtexture>
                <righttexture>colors/white.png</righttexture>
                <info>Player.Cutlist</info>
            </control>
            <control type="ranges">
                <left>0</left>
                <top>67</top>
                <width>100%</width>
                <height>4</height>
                <texturebg border="3" colordiffuse="00FFFFFF">colors/white50.png</texturebg>
                <righttexture>colors/white.png</righttexture>
                <info>Player.Chapters</info>
            </control>
            <control type="label" id="40000">
                <centerleft>50%</centerleft>
                <centertop>50%</centertop>
                <width>50%</width>
                <height>1080</height>
                <align>center</align>
                <aligny>center</aligny>
                <label>$VAR[SeekLabel]</label>
                <font>font_clock</font>
                <shadowcolor>black</shadowcolor>
            </control>
        </control>
        <control type="group">
            <animation effect="slide" end="0,-90" time="300" tween="sine" easing="inout" condition="$EXP[infodialog_active]">conditional</animation>
            <animation effect="slide" start="0,-200" end="0,0" time="300" tween="cubic" easing="out">VisibleChange</animation>
            <visible>Player.ShowInfo | Window.IsActive(fullscreeninfo) | Player.ShowTime | Window.IsActive(videoosd) | Window.IsActive(musicosd) | Window.IsActive(playerprocessinfo) | !String.IsEmpty(PVR.ChannelNumberInput) + ![Player.Seeking | Player.DisplayAfterSeek | Player.Forwarding | Player.Rewinding | Player.Paused]</visible>
            <visible>!Window.IsActive(pvrosdchannels) + !Window.IsActive(pvrchannelguide)</visible>
            <control type="group">
                <visible>!Window.IsVisible(extendedprogressdialog)</visible>
                <animation effect="fade" time="150">VisibleChange</animation>
                <control type="image">
                    <left>0</left>
                    <top>0</top>
                    <width>1920</width>
                    <height>480</height>
                    <texture flipy="true" colordiffuse="alpha_70">overlays/overlayfade.png</texture>
                </control>
                <control type="group">
                    <width>1600</width>
                    <centerleft>50%</centerleft>
                    <control type="label">
                        <top>28</top>
                        <font>font30_title</font>
                        <textcolor>B3cccccc</textcolor>
                        <label>$LOCALIZE[10700]$INFO[VideoPlayer.ChannelGroup, [COLOR FFEDEDED]• ,[/COLOR]] $INFO[VideoPlayer.Channelname,[COLOR FFEDEDED]• ,[/COLOR]]</label>
                        <visible>VideoPlayer.Content(livetv)</visible>
                    </control>
                    <control type="label">
                        <top>28</top>
                        <align>right</align>
                        <font>font30_title</font>
                        <textcolor>B3cccccc</textcolor>
                        <label>$INFO[System.Time]</label>
                    </control>
                </control>
            </control>
        </control>
    </controls>
</window>
