<?xml version="1.0" encoding="utf-8"?>
<window type="dialog" id="1102">
    <defaultcontrol always="true">1000</defaultcontrol>
    <controls>
        <control type="image">
            <width>1920</width>
            <height>1080</height>
            <texture background="true" colordiffuse="D9FFFFFF">colors/black.png</texture>
        </control>
        <control type="group">
            <include>OpenClose_Animation</include>
            <left>13%</left>
            <centertop>50%</centertop>
            <height>880</height>
            <control type="label" id="1999">
                <left>1%</left>
                <top>0</top>
                <width>82%</width>
                <pagecontrol>3000</pagecontrol>
                <font>font_title_bold</font>
                <textcolor>white</textcolor>
                <label>$INFO[Window(home).Property(TextViewer_Header)]</label>
            </control>
            <control type="textbox" id="2000">
                <left>1%</left>
                <top>135</top>
                <width>82%</width>
                <height>675</height>
                <pagecontrol>3000</pagecontrol>
                <font>font60</font>
                <textcolor>white</textcolor>
                <label>$INFO[Window(home).Property(TextViewer_Text)]</label>
            </control>
            <control type="scrollbar" id="3000">
                <include>HiddenObject</include>
                <ondown>3000</ondown>
                <onup>3000</onup>
            </control>
        </control>
        <control type="button" id="1000">
            <include>HiddenObject</include>
            <onclick>Action(Close)</onclick>
            <onup>PageUp(3000)</onup>
            <ondown>PageDown(3000)</ondown>
        </control>
        <include content="UpDownArrows">
            <param name="container_id" value="2000"/>
            <param name="posx" value="936"/>
            <param name="up_posy" value="20"/>
            <param name="down_posy" value="1020"/>
        </include>
    </controls>
</window>
