<?xml version="1.0" encoding="UTF-8"?>
<window type="dialog" id="1116">
    <defaultcontrol always="true">8999</defaultcontrol>
    <onunload>ClearProperty(colorpick,home)</onunload>
    <include>OpenClose_Animation</include>
    <controls>
        <control type="group">
            <width>980</width>
            <height>720</height>
            <centertop>50%</centertop>
            <centerleft>50%</centerleft>
            <include content="DialogBackgroundCommons">
                <param name="width" value="980"/>
                <param name="height" value="720"/>
                <param name="header_label" value="$LOCALIZE[31200]"/>
                <param name="header_id" value="2"/>
            </include>
            <!-- Dialog Content -->
            <control type="group">
                <left>30</left>
                <right>30</right>
                <bottom>30</bottom>
                <top>120</top>
                <!-- Swatches -->
                <control type="group">
                    <right>320</right>
                    <!-- Colors Panel -->
                    <control type="panel" id="3110">
                        <onup>3110</onup>
                        <ondown>3110</ondown>
                        <onback>3012</onback>
                        <onleft>noop</onleft>
                        <onright>8999</onright>
                        <scrolltime>200</scrolltime>
                        <orientation>vertical</orientation>
                        <preloaditems>2</preloaditems>
                        <onclick condition="String.IsEqual(Window(Home).Property(colorpick),$LOCALIZE[31363])">Skin.SetString(titlecolour.name,$INFO[ListItem.Label])</onclick>
                        <onclick>SetFocus(3010)</onclick>
                        <itemlayout width="80" height="80">
                            <control type="image">
                                <right>1</right>
                                <bottom>1</bottom>
                                <texture background="true">$INFO[ListItem.Icon]</texture>
                            </control>
                        </itemlayout>
                        <focusedlayout width="80" height="80">
                            <control type="image">
                                <right>1</right>
                                <bottom>1</bottom>
                                <texture background="true">$INFO[ListItem.Icon]</texture>
                            </control>
                        </focusedlayout>
                        <include>Items_ColorPalette_Standard</include>
                        <include>Items_ColorPalette_Material</include>
                    </control>
                    <!-- Selection Box -->
                    <control type="group">
                        <left>-40</left>
                        <top>-40</top>
                        <width>160</width>
                        <height>160</height>
                        <visible>Control.Hasfocus(3110)</visible>
                        <animation effect="slide" end="0,80" condition="Container(3110).Row(1)">Conditional</animation>
                        <animation effect="slide" end="0,160" condition="Container(3110).Row(2)">Conditional</animation>
                        <animation effect="slide" end="0,240" condition="Container(3110).Row(3)">Conditional</animation>
                        <animation effect="slide" end="0,320" condition="Container(3110).Row(4)">Conditional</animation>
                        <animation effect="slide" end="0,400" condition="Container(3110).Row(5)">Conditional</animation>
                        <animation effect="slide" end="0,480" condition="Container(3110).Row(6)">Conditional</animation>
                        <animation effect="slide" end="80" condition="Container(3110).Column(1)">Conditional</animation>
                        <animation effect="slide" end="160" condition="Container(3110).Column(2)">Conditional</animation>
                        <animation effect="slide" end="240" condition="Container(3110).Column(3)">Conditional</animation>
                        <animation effect="slide" end="320" condition="Container(3110).Column(4)">Conditional</animation>
                        <animation effect="slide" end="400" condition="Container(3110).Column(5)">Conditional</animation>
                        <animation effect="slide" end="480" condition="Container(3110).Column(6)">Conditional</animation>
                        <control type="image">
                            <bordersize>20</bordersize>
                            <texture colordiffuse="$INFO[Container(3110).ListItem.Label]" border="10">common/box.png</texture>
                        </control>
                        <control type="image">
                            <bordersize>20</bordersize>
                            <bordertexture border="32" colordiffuse="Shadow">common/shadow-20.png</bordertexture>
                            <texture border="20" colordiffuse="Selected">common/selectbox.png</texture>
                        </control>
                    </control>
                </control>
                <!-- Buttons -->
                <control type="grouplist">
                    <right>-40</right>
                    <width>380</width>
                    <orientation>vertical</orientation>
                    <itemgap>0</itemgap>
                    <usecontrolcoords>true</usecontrolcoords>
                    <!-- Colours Preview -->
                    <control type="group">
                        <left>145</left>
                        <right>145</right>
                        <height>110</height>
                        <visible>String.IsEqual(Window(Home).Property(colorpick),$LOCALIZE[31363])</visible>
                        <include content="Dialog_ColorPicker_SwatchPreview">
                            <param name="id" value="3021"/>
                            <param name="onleft" value="3023"/>
                            <param name="onright" value="3022"/>
                            <param name="left" value="0"/>
                            <param name="color" value="$LOCALIZE[31363]"/>
                            <param name="label" value="$LOCALIZE[31363]"/>
                            <param name="color-var" value="TitleColour"/>
                        </include>
                    </control>
                    <!-- Button grouplist -->
                    <control type="grouplist" id="8999">
                        <left>40</left>
                        <right>40</right>
                        <orientation>vertical</orientation>
                        <itemgap>10</itemgap>
                        <onleft>3110</onleft>
                        <onright>3110</onright>
                        <height>350</height>
                        <!-- EDIT -->
                        <control type="button" id="3010">
                            <textoffsetx>10</textoffsetx>
                            <label>$LOCALIZE[31205]: $VAR[Label_ColorValue]</label>
                            <align>center</align>
                            <texturefocus colordiffuse="$VAR[ColorHighlight]" border="5">common/box.png</texturefocus>
                            <alttexturefocus colordiffuse="$VAR[ColorHighlight]" border="5">common/box.png</alttexturefocus>
                            <include>DefaultSettingButton</include>
                            <onclick condition="String.IsEqual(Window(Home).Property(colorpick),$LOCALIZE[31363])">Skin.SetString(titlecolour.name)</onclick>
                        </control>
                        <!-- CHOOSE PALETTE -->
                        <control type="button" id="3030">
                            <textoffsetx>10</textoffsetx>
                            <label>$LOCALIZE[31196]</label>
                            <align>center</align>
                            <texturefocus colordiffuse="$VAR[ColorHighlight]" border="5">common/box.png</texturefocus>
                            <alttexturefocus colordiffuse="$VAR[ColorHighlight]" border="5">common/box.png</alttexturefocus>
                            <include>DefaultSettingButton</include>
                            <onclick>Skin.ToggleSetting(UseOriginalPalette)</onclick>
                        </control>
                        <!-- Close -->
                        <control type="button" id="3012">
                            <label>$LOCALIZE[15067]</label>
                            <align>center</align>
                            <texturefocus colordiffuse="$VAR[ColorHighlight]" border="5">common/box.png</texturefocus>
                            <alttexturefocus colordiffuse="$VAR[ColorHighlight]" border="5">common/box.png</alttexturefocus>
                            <include>DefaultSettingButton</include>
                            <onclick>Action(Close)</onclick>
                        </control>
                    </control>
                </control>
            </control>
        </control>
    </controls>
</window>
