<?xml version="1.0" encoding="UTF-8"?>
<window id="1121">
    <defaultcontrol>4100</defaultcontrol>
    <onload condition="String.IsEmpty(Skin.String(SearchTerm))">Back</onload>
    <controls>
        <include>DefaultBackground</include>
        <control type="group">
            <visible>!$EXP[infodialog_active]</visible>
            <control type="grouplist" id="4100">
                <scrolltime tween="quadratic">400</scrolltime>
                <orientation>vertical</orientation>
                <usecontrolcoords>true</usecontrolcoords>
                <top>655</top>
                <left>30</left>
                <width>1860</width>
                <height>9999</height>
                <include content="Animation_Widget_Slide">
                    <param name="container" value="4100"/>
                </include>
                <include>skinshortcuts-template-search</include>
            </control>
            <control type="group">
                <control type="group">
                    <top>220</top>
                    <control type="group">
                        <top>60</top>
                        <control type="label">
                            <top>-140</top>
                            <left>150</left>
                            <bottom>60</bottom>
                            <scroll>true</scroll>
                            <width>960</width>
                            <textcolor>$VAR[TitleColour]</textcolor>
                            <shadowcolor>black</shadowcolor>
                            <label>$VAR[Label_Title]</label>
                            <font>font_title_bold</font>
                            <visible>String.IsEmpty(ListItem.Art(clearlogo)) + String.IsEmpty(ListItem.Art(tvshow.clearlogo))</visible>
                        </control>
                        <control type="image">
                            <top>-940</top>
                            <left>150</left>
                            <width>480</width>
                            <aspectratio>keep</aspectratio>
                            <texture background="true">$VAR[Image_ClearLogo]</texture>
                            <visible>!String.IsEmpty(ListItem.Art(clearlogo)) | !String.IsEmpty(ListItem.Art(tvshow.clearlogo))</visible>
                        </control>
                    </control>
                    <control type="group">
                        <top>90</top>
                        <left>150</left>
                        <include>Object_Info_Line</include>
                    </control>
                    <control type="group">
                        <control type="textbox">
                            <top>150</top>
                            <left>150</left>
                            <width>940</width>
                            <height>235</height>
                            <textcolor>white</textcolor>
                            <label>$VAR[PlotTextBoxVar]</label>
                            <font>font32</font>
                            <shadowcolor>black</shadowcolor>
                            <autoscroll delay="4000" time="4500" repeat="7000">Control.IsVisible(5600) + Skin.HasSetting(autoscroll)</autoscroll>
                        </control>
                    </control>
                </control>
                <control type="image">
                    <left>-20%</left>
                    <top>-30</top>
                    <width>150%</width>
                    <height>140</height>
                    <texture colordiffuse="ff000000">diffuse/box-sharp.png</texture>
                    <bordertexture border="21">overlays/shadow.png</bordertexture>
                    <bordersize>20</bordersize>
                </control>
                <control type="image">
                    <left>32</left>
                    <top>10</top>
                    <width>64</width>
                    <height>64</height>
                    <texture colordiffuse="$VAR[ColorHighlight]">diffuse/box-sharp.png</texture>
                </control>
                <control type="image">
                    <left>32</left>
                    <top>10</top>
                    <width>64</width>
                    <height>64</height>
                    <texture>special://skin/extras/icons/search.png</texture>
                </control>
                <control type="label">
                    <top>0</top>
                    <left>128</left>
                    <font>font60</font>
                    <label>[UPPERCASE]$INFO[Window(home).Property(widgetNameLabel)][/UPPERCASE]</label>
                </control>
                <control type="label">
                    <top>0</top>
                    <right>60</right>
                    <align>right</align>
                    <font>font60</font>
                    <label>$INFO[System.Time]</label>
                </control>
            </control>
            <control type="group">
                <control type="image">
                    <texture>colors/black.png</texture>
                    <include>FullScreenDimensions</include>
                    <animation effect="fade" start="100" end="70" time="0" condition="true">Conditional</animation>
                </control>
                <include>DialogBusy</include>
                <visible>Container(7501).IsUpdating | Container(7502).IsUpdating | Container(7503).IsUpdating | Container(7504).IsUpdating | Container(7505).IsUpdating | Container(7506).IsUpdating | Container(7507).IsUpdating | Container(7508).IsUpdating | Container(7509).IsUpdating | Container(7510).IsUpdating</visible>
            </control>
        </control>
    </controls>
</window>
