<?xml version="1.0" encoding="UTF-8"?>
<window>
    <defaultcontrol always="true">3</defaultcontrol>
    <include>OpenClose_Animation</include>
    <controls>
        <include condition="![Window.IsActive(gamestretchmode) | Window.IsActive(gamevideofilter) | Window.IsActive(gamevideorotation)]">DefaultDialogSelectLayout</include>
        <include condition="Window.IsActive(gamevideofilter)">GameDialogSelectFilterLayout</include>
        <include condition="Window.IsActive(gamestretchmode)">GameDialogSelectViewLayout</include>
        <include condition="Window.IsActive(gamevideorotation)">GameDialogSelectViewLayout</include>
    </controls>
</window>
