<?xml version="1.0" encoding="UTF-8"?>
<window type="buttonMenu" id="111">
    <defaultcontrol>111</defaultcontrol>
    <include>OpenClose_Animation</include>
    <controls>
        <control type="group">
            <nested/>
            <top>70</top>
            <centerleft>50%</centerleft>
            <height>720</height>
            <width>450</width>
            <animation effect="slide" end="0,200" condition="Integer.IsGreater(Container(111).NumItems,0)">Conditional</animation>
            <control type="group">
                <include>MediaMenuBackground</include>
                <visible>Integer.IsEqual(Container(111).NumItems,9)</visible>
            </control>
            <control type="group">
                <include>MediaMenuBackground</include>
                <visible>Integer.IsEqual(Container(111).NumItems,8)</visible>
                <bottom>70</bottom>
            </control>
            <control type="group">
                <include>MediaMenuBackground</include>
                <bottom>145</bottom>
                <visible>Integer.IsEqual(Container(111).NumItems,7)</visible>
            </control>
            <control type="group">
                <include>MediaMenuBackground</include>
                <bottom>210</bottom>
                <visible>Integer.IsEqual(Container(111).NumItems,6)</visible>
            </control>
            <control type="group">
                <include>MediaMenuBackground</include>
                <bottom>285</bottom>
                <visible>Integer.IsEqual(Container(111).NumItems,5)</visible>
            </control>
            <control type="group">
                <include>MediaMenuBackground</include>
                <bottom>360</bottom>
                <visible>Integer.IsEqual(Container(111).NumItems,4)</visible>
            </control>
            <control type="group">
                <include>MediaMenuBackground</include>
                <bottom>445</bottom>
                <visible>Integer.IsEqual(Container(111).NumItems,3)</visible>
            </control>
            <control type="group">
                <include>MediaMenuBackground</include>
                <bottom>530</bottom>
                <visible>Integer.IsEqual(Container(111).NumItems,2)</visible>
            </control>
            <control type="group">
                <include>MediaMenuBackground</include>
                <bottom>605</bottom>
                <visible>Integer.IsEqual(Container(111).NumItems,1)</visible>
            </control>
            <control type="panel" id="111">
                <top>25</top>
                <orientation>vertical</orientation>
                <itemlayout width="450" height="70">
                    <control type="label">
                        <font>font_tiny_hintlabel</font>
                        <align>left</align>
                        <left>30</left>
                        <right>30</right>
                        <aligny>center</aligny>
                        <textcolor>dialog_fg_70</textcolor>
                        <label>$INFO[ListItem.Label]</label>
                    </control>
                    <control type="image">
                        <bordersize>10</bordersize>
                        <aspectratio align="right">keep</aspectratio>
                        <texture colordiffuse="dialog_fg_70">$INFO[ListItem.Icon]</texture>
                    </control>
                </itemlayout>
                <focusedlayout width="450" height="70">
                    <control type="image">
                        <texture colordiffuse="$VAR[ColorHighlight]">common/white.png</texture>
                    </control>
                    <control type="image">
                        <texture colordiffuse="$VAR[ColorGradient]">common/white-gradient.png</texture>
                    </control>
                    <control type="label">
                        <font>font_tiny_hintlabel</font>
                        <align>left</align>
                        <left>30</left>
                        <right>30</right>
                        <aligny>center</aligny>
                        <textcolor>white</textcolor>
                        <label>$INFO[ListItem.Label]</label>
                    </control>
                    <control type="image">
                        <bordersize>10</bordersize>
                        <aspectratio align="right">keep</aspectratio>
                        <texture colordiffuse="white">$INFO[ListItem.Icon]</texture>
                    </control>
                </focusedlayout>
                <content>
                    <include>skinshortcuts-group-shutdown</include>
                </content>
            </control>
        </control>
    </controls>
</window>
