<?xml version="1.0" encoding="UTF-8"?>
<window>
    <controls>
        <control type="group">
            <visible>!Window.IsVisible(DialogNotification.xml)</visible>
            <visible>!Window.IsVisible(fullscreenvideo)</visible>
            <visible>!Window.IsVisible(visualisation)</visible>
            <visible>!Window.IsVisible(Startup.xml)</visible>
            <include condition="![Window.IsVisible(SkinSettings.xml) | Window.IsVisible(SettingsCategory.xml) | Window.IsVisible(SettingsProfile.xml) | Window.IsVisible(SettingsSystemInfo.xml)]">Dialog_Notification_Group</include>
            <include content="Dialog_Notification_Group" condition="[Window.IsVisible(SkinSettings.xml) | Window.IsVisible(SettingsCategory.xml) | Window.IsVisible(SettingsProfile.xml) | Window.IsVisible(SettingsSystemInfo.xml)]"/>
        </control>
        <control type="progress" id="32">
            <left>-2000</left>
            <width>100</width>
            <height>1</height>
            <info>Player.Progress</info>
            <animation effect="fade" start="0" end="0" condition="true">Conditional</animation>
        </control>
    </controls>
</window>
