<?xml version="1.0" encoding="UTF-8"?>
<window>
    <defaultcontrol always="true">5550</defaultcontrol>
    <animation effect="fade" start="0" end="100" time="300">WindowOpen</animation>
    <animation effect="fade" start="100" end="0" time="200">WindowClose</animation>
    <controls>
        <control type="group">
            <bottom>0</bottom>
            <height>250</height>
            <animation effect="slide" end="0,-20" time="150" condition="VideoPlayer.Content(LiveTV)">conditional</animation>
            <control type="image">
                <left>30</left>
                <top>-220</top>
                <right>30</right>
                <height>330</height>
                <texture border="40">dialogs/dialog-bg-nobo.png</texture>
            </control>
            <control type="grouplist">
                <left>52</left>
                <top>-204</top>
                <visible>Control.HasFocus(5551)</visible>
                <control type="label">
                    <width>1200</width>
                    <height>50</height>
                    <aligny>bottom</aligny>
                    <label>[COLOR $VAR[ColorHighlight]]$LOCALIZE[19099]:[/COLOR] $INFO[PVR.ActStreamServiceName]</label>
                    <font>font14</font>
                    <shadowcolor>black</shadowcolor>
                </control>
                <control type="label">
                    <width>1200</width>
                    <height>50</height>
                    <aligny>bottom</aligny>
                    <label>[COLOR $VAR[ColorHighlight]]$LOCALIZE[19101]:[/COLOR] $INFO[PVR.ActStreamProviderName]</label>
                    <font>font14</font>
                    <shadowcolor>black</shadowcolor>
                </control>
                <control type="label">
                    <width>1200</width>
                    <height>50</height>
                    <aligny>bottom</aligny>
                    <label>[COLOR $VAR[ColorHighlight]]$LOCALIZE[19012]:[/COLOR] $INFO[PVR.ActStreamClient]</label>
                    <font>font14</font>
                    <shadowcolor>black</shadowcolor>
                </control>
                <control type="label">
                    <width>1200</width>
                    <height>50</height>
                    <aligny>bottom</aligny>
                    <label>[COLOR $VAR[ColorHighlight]]$LOCALIZE[19006]:[/COLOR] $INFO[PVR.ActStreamDevice]</label>
                    <font>font14</font>
                    <shadowcolor>black</shadowcolor>
                </control>
                <control type="label">
                    <width>1200</width>
                    <height>50</height>
                    <aligny>bottom</aligny>
                    <label>[COLOR $VAR[ColorHighlight]]$LOCALIZE[19007]:[/COLOR] $INFO[PVR.ActStreamStatus]</label>
                    <font>font14</font>
                    <shadowcolor>black</shadowcolor>
                </control>
                <control type="label">
                    <width>1200</width>
                    <height>50</height>
                    <aligny>bottom</aligny>
                    <label>[COLOR $VAR[ColorHighlight]]$LOCALIZE[19015]:[/COLOR] $INFO[PVR.ActStreamEncryptionName]</label>
                    <font>font14</font>
                    <shadowcolor>black</shadowcolor>
                </control>
            </control>
            <control type="grouplist">
                <left>1250</left>
                <top>-204</top>
                <visible>Control.HasFocus(5551)</visible>
                <usecontrolcoords>true</usecontrolcoords>
                <control type="label">
                    <width>600</width>
                    <height>50</height>
                    <aligny>bottom</aligny>
                    <label>[COLOR $VAR[ColorHighlight]]$LOCALIZE[19010]:[/COLOR] $INFO[PVR.ActStreamBer]</label>
                    <font>font14</font>
                    <shadowcolor>black</shadowcolor>
                </control>
                <control type="label">
                    <width>600</width>
                    <height>50</height>
                    <aligny>bottom</aligny>
                    <label>[COLOR $VAR[ColorHighlight]]$LOCALIZE[19011]:[/COLOR] $INFO[PVR.ActStreamUnc]</label>
                    <font>font14</font>
                    <shadowcolor>black</shadowcolor>
                </control>
                <control type="label">
                    <width>600</width>
                    <height>50</height>
                    <aligny>bottom</aligny>
                    <label>[COLOR $VAR[ColorHighlight]]$LOCALIZE[19100]:[/COLOR] $INFO[PVR.ActStreamMux]</label>
                    <font>font14</font>
                    <shadowcolor>black</shadowcolor>
                </control>
                <control type="label">
                    <width>600</width>
                    <height>50</height>
                    <aligny>bottom</aligny>
                    <label>[COLOR $VAR[ColorHighlight]]$LOCALIZE[19008]:[/COLOR] $INFO[PVR.ActStreamSignal]</label>
                    <font>font14</font>
                    <shadowcolor>black</shadowcolor>
                </control>
                <control type="progress">
                    <top>5</top>
                    <width>600</width>
                    <height>18</height>
                    <info>PVR.ActStreamProgrSignal</info>
                </control>
                <control type="label">
                    <top>5</top>
                    <width>1600</width>
                    <height>50</height>
                    <aligny>bottom</aligny>
                    <label>[COLOR $VAR[ColorHighlight]]$LOCALIZE[19009]:[/COLOR] $INFO[PVR.ActStreamSNR]</label>
                    <font>font14</font>
                    <shadowcolor>black</shadowcolor>
                </control>
                <control type="progress">
                    <top>0</top>
                    <width>600</width>
                    <height>18</height>
                    <info>PVR.ActStreamProgrSNR</info>
                </control>
            </control>
            <control type="grouplist">
                <left>52</left>
                <top>-204</top>
                <visible>Control.HasFocus(5552)</visible>
                <control type="label">
                    <width>1600</width>
                    <height>50</height>
                    <aligny>bottom</aligny>
                    <label>[COLOR $VAR[ColorHighlight]]$LOCALIZE[31139]:[/COLOR] $INFO[Player.Process(videodecoder)]$VAR[VideoHWDecoder, (,)]</label>
                    <font>font14</font>
                    <shadowcolor>black</shadowcolor>
                    <visible>Player.HasVideo</visible>
                </control>
                <control type="label">
                    <width>1600</width>
                    <height>50</height>
                    <aligny>bottom</aligny>
                    <label>[COLOR $VAR[ColorHighlight]]$LOCALIZE[31140]:[/COLOR] $INFO[Player.Process(pixformat)]</label>
                    <font>font14</font>
                    <shadowcolor>black</shadowcolor>
                    <visible>Player.HasVideo</visible>
                </control>
                <control type="label">
                    <width>1600</width>
                    <height>50</height>
                    <aligny>bottom</aligny>
                    <label>[COLOR $VAR[ColorHighlight]]$LOCALIZE[16038]:[/COLOR] $INFO[Player.Process(deintmethod)]</label>
                    <font>font14</font>
                    <shadowcolor>black</shadowcolor>
                    <visible>Player.HasVideo</visible>
                </control>
                <control type="label">
                    <width>1600</width>
                    <height>50</height>
                    <aligny>bottom</aligny>
                    <label>[COLOR $VAR[ColorHighlight]]$LOCALIZE[38031]x:[/COLOR] $INFO[Player.Process(videowidth)]$INFO[Player.Process(videoheight),, px]$INFO[Player.Process(videodar),$COMMA , AR]$INFO[Player.Process(videofps),$COMMA , FPS]</label>
                    <font>font14</font>
                    <shadowcolor>black</shadowcolor>
                    <visible>Player.HasVideo</visible>
                </control>
                <control type="label">
                    <width>1600</width>
                    <height>50</height>
                    <aligny>bottom</aligny>
                    <label>[COLOR $VAR[ColorHighlight]]$LOCALIZE[460]:[/COLOR] $INFO[Player.Process(audiochannels),,$COMMA ]$INFO[Player.Process(audiodecoder)]$INFO[Player.Process(audiobitspersample),$COMMA , bits]$INFO[Player.Process(audiosamplerate),$COMMA , Hz]</label>
                    <font>font14</font>
                    <shadowcolor>black</shadowcolor>
                </control>
                <control type="label">
                    <width>1600</width>
                    <height>50</height>
                    <aligny>bottom</aligny>
                    <label>[COLOR $VAR[ColorHighlight]]$LOCALIZE[31030]:[/COLOR] $INFO[System.Memory(used.percent)]       [COLOR $VAR[ColorHighlight]]$LOCALIZE[13271][/COLOR] $INFO[System.CpuUsage]</label>
                    <font>font14</font>
                    <shadowcolor>black</shadowcolor>
                    <visible>System.SupportsCPUUsage</visible>
                </control>
                <control type="label">
                    <width>1600</width>
                    <height>50</height>
                    <aligny>bottom</aligny>
                    <label>[COLOR $VAR[ColorHighlight]]$LOCALIZE[31030]:[/COLOR] $INFO[System.Memory(used.percent)]</label>
                    <font>font14</font>
                    <shadowcolor>black</shadowcolor>
                    <visible>!System.SupportsCPUUsage</visible>
                </control>
            </control>
            <control type="grouplist" id="5550">
                <right>15</right>
                <top>-310</top>
                <width>1000</width>
                <height>100</height>
                <align>right</align>
                <orientation>horizontal</orientation>
                <itemgap>-10</itemgap>
                <onup>Close</onup>
                <ondown>Close</ondown>
                <usecontrolcoords>true</usecontrolcoords>
                <control type="button" id="5551">
                    <width>auto</width>
                    <height>100</height>
                    <textoffsetx>40</textoffsetx>
                    <label>$LOCALIZE[31137]</label>
                    <visible>VideoPlayer.Content(livetv)</visible>
                </control>
                <control type="button" id="5552">
                    <width>auto</width>
                    <height>100</height>
                    <textoffsetx>40</textoffsetx>
                    <label>$LOCALIZE[31138]</label>
                </control>
            </control>
        </control>
    </controls>
</window>
