<?xml version="1.0" encoding="UTF-8"?>
<window>
    <defaultcontrol>996</defaultcontrol>
    <include>OpenClose_Animation</include>
    <coordinates>
        <origin x="0" y="0"/>
    </coordinates>
    <controls>
        <control type="group">
            <control type="image">
                <left>-1920</left>
                <top>-1080</top>
                <width>5760</width>
                <height>3240</height>
                <animation effect="fade" start="0" end="100" time="300">WindowOpen</animation>
                <animation effect="fade" start="100" end="0" time="200">WindowClose</animation>
                <texture colordiffuse="B0FFFFFF">colors/black.png</texture>
            </control>
            <control type="button">
                <left>-1920</left>
                <top>-1080</top>
                <width>5760</width>
                <height>3240</height>
                <texturefocus>common/button_texture.png</texturefocus>
                <texturenofocus/>
                <onclick>Action(close)</onclick>
            </control>
            <control type="group">
                <animation effect="slide" time="0" start="0" end="0,120" condition="Integer.IsEqual(Container(996).NumItems,10)">Conditional</animation>
                <animation effect="slide" time="0" start="0" end="0,130" condition="Integer.IsEqual(Container(996).NumItems,9)">Conditional</animation>
                <animation effect="slide" time="0" start="0" end="0,140" condition="Integer.IsEqual(Container(996).NumItems,8)">Conditional</animation>
                <animation effect="slide" time="0" start="0" end="0,150" condition="Integer.IsEqual(Container(996).NumItems,7)">Conditional</animation>
                <animation effect="slide" time="0" start="0" end="0,160" condition="Integer.IsEqual(Container(996).NumItems,6)">Conditional</animation>
                <animation effect="slide" time="0" start="0" end="0,170" condition="Integer.IsEqual(Container(996).NumItems,5)">Conditional</animation>
                <animation effect="slide" time="0" start="0" end="0,180" condition="Integer.IsEqual(Container(996).NumItems,4)">Conditional</animation>
                <animation effect="slide" time="0" start="0" end="0,190" condition="Integer.IsEqual(Container(996).NumItems,3)">Conditional</animation>
                <animation effect="slide" time="0" start="0" end="0,200" condition="Integer.IsEqual(Container(996).NumItems,2)">Conditional</animation>
                <animation effect="slide" time="0" start="0" end="0,210" condition="Integer.IsEqual(Container(996).NumItems,1)">Conditional</animation>
                <centerleft>50%</centerleft>
                <centertop>50%</centertop>
                <width>480</width>
                <height>700</height>
                <control type="image" id="999">
                    <description>background image</description>
                    <top>-24</top>
                    <bottom>-24</bottom>
                    <left>-24</left>
                    <right>-24</right>
                    <width>480</width>
                    <height>700</height>
                    <bordersize>24</bordersize>
                    <bordertexture border="32">common/shadow-dialog-24.png</bordertexture>
                    <texture border="16" colordiffuse="dialog_bg_100">common/dialog.png</texture>
                </control>
                <control type="grouplist" id="996">
                    <description>grouplist for context buttons</description>
                    <left>0</left>
                    <top>13</top>
                    <width>480</width>
                    <height max="630">auto</height>
                    <usecontrolcoords>true</usecontrolcoords>
                </control>
                <include content="UpDownArrows">
                    <param name="container_id" value="996"/>
                    <param name="posx" value="201"/>
                    <param name="up_posy" value="-40"/>
                    <param name="down_posy" value="668"/>
                </include>
            </control>
            <control type="button" id="1000">
                <description>button template</description>
                <left>0</left>
                <width>432</width>
                <height>70</height>
                <align>center</align>
                <texturefocus>common/button_texture.png</texturefocus>
                <texturenofocus/>
            </control>
        </control>
    </controls>
</window>
