<?xml version="1.0" encoding="UTF-8"?>
<window>
    <defaultcontrol>5</defaultcontrol>
    <include>OpenClose_Animation</include>
    <controls>
        <control type="group">
            <top>90</top>
            <centerleft>50%</centerleft>
            <width>1820</width>
            <include content="DialogBackgroundCommons">
                <param name="width" value="1820"/>
                <param name="height" value="900"/>
                <param name="header_label" value=""/>
                <param name="header_id" value="2"/>
                <param name="left_group_panel" value="true"/>
                <param name="right_group_panel" value="true"/>
            </include>
            <control type="grouplist" id="3">
                <description>Categories Area</description>
                <left>0</left>
                <top>100</top>
                <width>400</width>
                <height>700</height>
                <itemgap>0</itemgap>
                <orientation>vertical</orientation>
                <onleft>9000</onleft>
                <onright>5</onright>
                <onup>20</onup>
                <ondown>20</ondown>
            </control>
            <control type="button" id="10">
                <description>Default Category Button</description>
                <height>70</height>
                <width>400</width>
                <textoffsetx>20</textoffsetx>
                <align>center</align>
                <aligny>center</aligny>
                <font>font27</font>
                <texturefocus>common/button_texture.png</texturefocus>
                <texturenofocus/>
            </control>
            <control type="grouplist" id="5">
                <description>control area</description>
                <left>400</left>
                <top>100</top>
                <width>1100</width>
                <height>700</height>
                <pagecontrol>60</pagecontrol>
                <onleft>3</onleft>
                <onright>60</onright>
                <onup>5</onup>
                <ondown>5</ondown>
            </control>
            <control type="textbox" id="6">
                <description>description area</description>
                <left>420</left>
                <top>815</top>
                <width>900</width>
                <right>50</right>
                <height>90</height>
                <font>font12</font>
                <align>justify</align>
                <textcolor>$VAR[ColorHighlight]</textcolor>
                <autoscroll time="3000" delay="5000" repeat="5000">true</autoscroll>
            </control>
            <control type="button" id="7">
                <description>Default Button</description>
                <include>DefaultSettingButton</include>
            </control>
            <control type="radiobutton" id="8">
                <description>Default RadioButton</description>
                <include>DefaultSettingButton</include>
                <textwidth>880</textwidth>
            </control>
            <control type="spincontrolex" id="9">
                <description>Default SpinControlex</description>
                <include>DefaultSettingButton</include>
            </control>
            <control type="edit" id="12">
                <include>DefaultSettingButton</include>
            </control>
            <control type="sliderex" id="13">
                <description>Default Slider</description>
                <include>DefaultSettingButton</include>
                <textwidth>700</textwidth>
            </control>
            <control type="label" id="14">
                <description>Default Label</description>
                <include>DefaultSettingLabel</include>
            </control>
            <control type="grouplist" id="9000">
                <left>1525</left>
                <top>92</top>
                <orientation>vertical</orientation>
                <width>300</width>
                <height>300</height>
                <itemgap>10</itemgap>
                <onleft>5</onleft>
                <onright>3</onright>
                <include content="DefaultDialogButton">
                    <param name="id" value="28"/>
                    <param name="label" value=""/>
                </include>
                <include content="DefaultDialogButton">
                    <param name="id" value="29"/>
                    <param name="label" value=""/>
                </include>
                <include content="DefaultDialogButton">
                    <param name="id" value="30"/>
                    <param name="label" value=""/>
                </include>
            </control>
            <control type="radiobutton" id="20">
                <left>0</left>
                <top>800</top>
                <width>400</width>
                <height>70</height>
                <align>center</align>
                <aligny>center</aligny>
                <onclick>SettingsLevelChange</onclick>
                <textoffsetx>0</textoffsetx>
                <textoffsety>0</textoffsety>
                <radioposx>60</radioposx>
                <radioposy>0</radioposy>
                <radiowidth>32</radiowidth>
                <radioheight>32</radioheight>
                <onleft>9000</onleft>
                <onright>5</onright>
                <onup>3</onup>
                <ondown>3</ondown>
                <texturefocus>common/button_texture.png</texturefocus>
                <texturenofocus/>
                <textureradiooffnofocus colordiffuse="dialog_fg_70">icons/settings.png</textureradiooffnofocus>
                <textureradioonnofocus colordiffuse="dialog_fg_70">icons/settings.png</textureradioonnofocus>
                <textureradioonfocus colordiffuse="white">icons/settings.png</textureradioonfocus>
                <textureradioofffocus colordiffuse="white">icons/settings.png</textureradioofffocus>
            </control>
            <control type="image">
                <left>0</left>
                <top>800</top>
                <width>400</width>
                <height>70</height>
                <texture colordiffuse="$VAR[ColorGradient]">common/white-gradient.png</texture>
                <visible>Control.HasFocus(20)</visible>
            </control>
            <control type="scrollbar" id="60">
                <left>1489</left>
                <top>100</top>
                <width>12</width>
                <height>700</height>
                <orientation>vertical</orientation>
                <onleft>5</onleft>
                <onright>9000</onright>
                <animation effect="fade" start="0" end="100" delay="300" time="320">WindowOpen</animation>
                <animation effect="fade" start="100" end="0" time="150">WindowClose</animation>
            </control>
        </control>
    </controls>
</window>
