<?xml version="1.0" encoding="UTF-8"?>
<window>
    <defaultcontrol always="true">450</defaultcontrol>
    <include>OpenClose_Animation</include>
    <controls>
        <control type="group">
            <centerleft>50%</centerleft>
            <centertop>50%</centertop>
            <width>1440</width>
            <height>850</height>
            <include content="DialogBackgroundCommons">
                <param name="width" value="1440"/>
                <param name="height" value="850"/>
                <param name="header_label" value=""/>
                <param name="header_id" value="411"/>
            </include>
            <control type="image">
                <texture colordiffuse="main_fg_12" border="6" flipx="true">dialogs/dialog-half.png</texture>
                <right>0</right>
                <width>380</width>
                <height>860</height>
            </control>
            <control type="grouplist" id="9000">
                <left>1120</left>
                <top>105</top>
                <width>380</width>
                <height>400</height>
                <itemgap>10</itemgap>
                <orientation>vertical</orientation>
                <onleft>450</onleft>
                <onright>450</onright>
                <onup>9000</onup>
                <ondown>9000</ondown>
                <include content="DefaultDialogButton">
                    <param name="id" value="413"/>
                    <param name="label" value="$LOCALIZE[186]"/>
                </include>
                <include content="DefaultDialogButton">
                    <param name="id" value="414"/>
                    <param name="label" value="$LOCALIZE[222]"/>
                </include>
                <include content="DefaultDialogButton">
                    <param name="id" value="415"/>
                    <param name="label" value="$LOCALIZE[119]"/>
                    <param name="visible" value="Control.IsEnabled(415)"/>
                </include>
                <include content="DefaultDialogButton">
                    <param name="id" value="416"/>
                    <param name="label" value="$LOCALIZE[749]"/>
                    <param name="visible" value="Control.IsEnabled(416)"/>
                </include>
            </control>
            <control type="image">
                <left>1120</left>
                <top>380</top>
                <width>260</width>
                <height>380</height>
                <aspectratio aligny="center">keep</aspectratio>
                <bordersize>4</bordersize>
                <texture border="4" background="true">$INFO[ListItem.Icon]</texture>
            </control>
            <control type="panel" id="450">
                <left>0</left>
                <top>100</top>
                <width>1060</width>
                <height>700</height>
                <onleft>9000</onleft>
                <onright>60</onright>
                <onup>450</onup>
                <ondown>450</ondown>
                <pagecontrol>60</pagecontrol>
                <scrolltime>200</scrolltime>
                <itemlayout height="140" width="1060">
                    <control type="image">
                        <top>24</top>
                        <left>24</left>
                        <width>92</width>
                        <height>92</height>
                        <aligny>center</aligny>
                        <texture colordiffuse="main_fg_70">$INFO[ListItem.Icon]</texture>
                        <aspectratio>keep</aspectratio>
                    </control>
                    <control type="label">
                        <left>120</left>
                        <top>0</top>
                        <right>20</right>
                        <height>140</height>
                        <aligny>center</aligny>
                        <label>$INFO[ListItem.Label]</label>
                    </control>
                </itemlayout>
                <focusedlayout height="140" width="1060">
                    <control type="group">
                        <left>0</left>
                        <top>0</top>
                        <right>0</right>
                        <height>140</height>
                        <visible>Control.HasFocus(450)</visible>
                        <control type="image">
                            <texture colordiffuse="$VAR[ColorHighlight]" border="10">common/white.png</texture>
                        </control>
                        <control type="image">
                            <texture colordiffuse="$VAR[ColorGradient]" border="10">common/white-gradient.png</texture>
                        </control>
                    </control>
                    <control type="image">
                        <top>24</top>
                        <left>24</left>
                        <width>92</width>
                        <height>92</height>
                        <aligny>center</aligny>
                        <texture colordiffuse="white">$INFO[ListItem.Icon]</texture>
                        <aspectratio>keep</aspectratio>
                    </control>
                    <control type="label">
                        <left>120</left>
                        <top>0</top>
                        <right>20</right>
                        <height>140</height>
                        <aligny>center</aligny>
                        <textcolor>white</textcolor>
                        <label>$INFO[ListItem.Label]</label>
                    </control>
                </focusedlayout>
            </control>
            <control type="panel" id="451">
                <left>20</left>
                <top>100</top>
                <width>1060</width>
                <height>700</height>
                <onleft>9000</onleft>
                <onright>60</onright>
                <onup>451</onup>
                <ondown>451</ondown>
                <pagecontrol>60</pagecontrol>
                <scrolltime>200</scrolltime>
                <itemlayout height="155" width="155">
                    <control type="image">
                        <bordersize>15</bordersize>
                        <aspectratio scalediffuse="false">keep</aspectratio>
                        <texture fallback="DefaultAddonNone.png" background="true">$INFO[Listitem.Icon]</texture>
                        <visible>!String.StartsWith(ListItem.Path,special://skin/extras/icons) + !String.StartsWith(ListItem.Icon,Default)</visible>
                    </control>
                    <control type="image">
                        <colordiffuse>dialog_fg_70</colordiffuse>
                        <bordersize>15</bordersize>
                        <aspectratio scalediffuse="false">keep</aspectratio>
                        <texture fallback="DefaultAddonNone.png" background="true">$INFO[Listitem.Icon]</texture>
                        <visible>String.StartsWith(ListItem.Path,special://skin/extras/icons) | String.StartsWith(ListItem.Icon,Default)</visible>
                    </control>
                </itemlayout>
                <focusedlayout height="155" width="155">
                    <control type="image">
                        <texture colordiffuse="$VAR[ColorHighlight]" border="10">common/box.png</texture>
                    </control>
                    <control type="image">
                        <texture colordiffuse="$VAR[ColorGradient]" border="10">common/box-gradient.png</texture>
                    </control>
                    <control type="image">
                        <bordersize>15</bordersize>
                        <aspectratio scalediffuse="false">keep</aspectratio>
                        <texture fallback="DefaultAddonNone.png" background="true">$INFO[Listitem.Icon]</texture>
                    </control>
                </focusedlayout>
            </control>
            <control type="scrollbar" id="60">
                <left>1060</left>
                <top>97</top>
                <width>12</width>
                <height>707</height>
                <onleft>450</onleft>
                <onright>9000</onright>
                <orientation>vertical</orientation>
            </control>
            <control type="label" id="412">
                <description>Path label</description>
                <left>25</left>
                <bottom>10</bottom>
                <width>595</width>
                <height>30</height>
                <haspath>true</haspath>
                <font>font12</font>
                <aligny>bottom</aligny>
                <textcolor>grey</textcolor>
            </control>
            <control type="label">
                <right>30</right>
                <bottom>10</bottom>
                <width>1270</width>
                <height>30</height>
                <align>right</align>
                <aligny>bottom</aligny>
                <textcolor>grey</textcolor>
                <font>font12</font>
                <label>$VAR[FileBrowserSelectLabel]</label>
            </control>
        </control>
        <include content="UpDownArrows">
            <param name="container_id" value="450"/>
            <param name="posx" value="830"/>
            <param name="up_posy" value="50"/>
            <param name="down_posy" value="980"/>
            <param name="visible" value="!System.HasActiveModalDialog"/>
        </include>
    </controls>
</window>
