<?xml version="1.0" encoding="UTF-8"?>
<fonts>
    <fontset id="Default" idloc="15109">
        <!-- Required Font -->
        <font>
            <name>font13</name>
            <filename>RobotoCondensed-Regular.ttf</filename>
            <size>30</size>
        </font>
        <!-- Monospace Fonts -->
        <font>
            <name>font_system_info</name>
            <filename>NotoMono-Regular.ttf</filename>
            <size>22</size>
        </font>
        <!-- Tiny Fonts -->
        <font>
            <name>font_tiny_extprogress</name>
            <style>uppercase</style>
            <filename>RobotoCondensed-Bold.ttf</filename>
            <size>14</size>
        </font>
        <font>
            <name>font_tiny_hintlabel</name>
            <style>uppercase</style>
            <filename>RobotoCondensed-Bold.ttf</filename>
            <size>18</size>
        </font>
        <font>
            <name>font_tiny10</name>
            <filename>RobotoCondensed-Regular.ttf</filename>
            <size>20</size>
        </font>
        <font>
            <name>font_tiny_match</name>
            <filename>RobotoCondensed-Regular.ttf</filename>
            <size>20</size>
            <style>bold</style>
        </font>
        <font>
            <name>font_tiny_infolabel</name>
            <filename>RobotoCondensed-Bold.ttf</filename>
            <size>20</size>
            <style>bold uppercase</style>
        </font>
        <!-- Small Fonts -->
        <font>
            <name>font_small_pvr_channels</name>
            <filename>RobotoCondensed-Regular.ttf</filename>
            <size>22</size>
            <style>uppercase</style>
        </font>
        <font>
            <name>font_small_info_upp</name>
            <style>uppercase bold</style>
            <filename>RobotoCondensed-Regular.ttf</filename>
            <size>22</size>
        </font>
        <font>
            <name>font_small_pvr_channels_bold</name>
            <filename>RobotoCondensed-Bold.ttf</filename>
            <size>23</size>
        </font>
        <font>
            <name>font_small_notify_main_bold</name>
            <filename>RobotoCondensed-Bold.ttf</filename>
            <size>23</size>
            <style>bold</style>
            <linespacing>0.8</linespacing>
        </font>
        <font>
            <name>font_rating</name>
            <filename>RobotoCondensed-Bold.ttf</filename>
            <size>24</size>
            <style>uppercase bold</style>
        </font>
        <font>
            <name>font_guide_time</name>
            <filename>RobotoCondensed-Regular.ttf</filename>
            <size>24</size>
            <style>uppercase bold</style>
        </font>
        <font>
            <name>font_seekbar</name>
            <filename>RobotoCondensed-Bold.ttf</filename>
            <size>22</size>
            <style>uppercase</style>
        </font>
        <font>
            <name>font_small_defaults</name>
            <filename>RobotoCondensed-Regular.ttf</filename>
            <size>25</size>
        </font>
        <font>
            <name>font_small_defaults_light</name>
            <filename>RobotoCondensed-Light.ttf</filename>
            <size>25</size>
            <style>lighten</style>
        </font>
        <font>
            <name>font12</name>
            <filename>RobotoCondensed-Regular.ttf</filename>
            <size>25</size>
        </font>
        <font>
            <name>font_small_header</name>
            <filename>RobotoCondensed-Regular.ttf</filename>
            <size>25</size>
            <style>uppercase bold</style>
        </font>
        <font>
            <name>font27</name>
            <filename>RobotoCondensed-Regular.ttf</filename>
            <size>27</size>
        </font>
        <font>
            <name>font27_narrow</name>
            <filename>RobotoCondensed-Regular.ttf</filename>
            <size>27</size>
            <linespacing>0.8</linespacing>
        </font>
        <font>
            <name>font27_bold</name>
            <filename>RobotoCondensed-Bold.ttf</filename>
            <size>27</size>
            <linespacing>0.8</linespacing>
        </font>
        <font>
            <name>font_small_pvr_title</name>
            <filename>RobotoCondensed-Bold.ttf</filename>
            <size>30</size>
        </font>
        <font>
            <name>font30_title_upp</name>
            <filename>RobotoCondensed-Bold.ttf</filename>
            <size>30</size>
            <style>uppercase</style>
        </font>
        <!-- Normal Fonts -->
        <font>
            <name>font14</name>
            <filename>RobotoCondensed-Regular.ttf</filename>
            <size>33</size>
        </font>
        <font>
            <name>font32</name>
            <filename>RobotoCondensed-Regular.ttf</filename>
            <size>32</size>
        </font>
        <font>
            <name>font32_bold</name>
            <filename>RobotoCondensed-Bold.ttf</filename>
            <size>32</size>
        </font>
        <font>
            <name>font37</name>
            <filename>RobotoCondensed-Regular.ttf</filename>
            <size>37</size>
        </font>
        <font>
            <name>font45</name>
            <filename>RobotoCondensed-Regular.ttf</filename>
            <size>45</size>
        </font>
        <!-- Big Fonts -->
        <font>
            <name>font_pvr_clock</name>
            <filename>RobotoCondensed-Light.ttf</filename>
            <size>55</size>
        </font>
        <font>
            <name>font60</name>
            <filename>RobotoCondensed-Regular.ttf</filename>
            <size>60</size>
            <style>lighten</style>
        </font>
        <font>
            <name>font_clock</name>
            <filename>RobotoCondensed-Light.ttf</filename>
            <size>70</size>
            <style>lighten</style>
        </font>
        <font>
            <name>WeatherTemp</name>
            <aspect>0.85</aspect>
            <filename>RobotoCondensed-Bold.ttf</filename>
            <size>120</size>
            <style>bold</style>
        </font>
        <!-- Menu Fonts -->
        <font>
            <name>font_menu</name>
            <filename>RobotoCondensed-Bold.ttf</filename>
            <size>24</size>
            <style>uppercase bold</style>
        </font>
        <font>
            <name>font_menu_focus</name>
            <filename>RobotoCondensed-Bold.ttf</filename>
            <size>30</size>
            <style>uppercase bold</style>
        </font>
        <!-- Title Fonts -->
        <font>
            <name>font_flag</name>
            <filename>RobotoCondensed-Bold.ttf</filename>
            <size>18</size>
            <style>bold</style>
        </font>
        <font>
            <name>font20_title</name>
            <filename>RobotoCondensed-Bold.ttf</filename>
            <size>20</size>
            <style>bold</style>
        </font>
        <font>
            <name>font25_title</name>
            <filename>RobotoCondensed-Bold.ttf</filename>
            <size>25</size>
            <style>bold</style>
        </font>
        <font>
            <name>font30_title</name>
            <filename>RobotoCondensed-Bold.ttf</filename>
            <size>30</size>
            <style>bold</style>
        </font>
        <font>
            <name>font32_title</name>
            <filename>RobotoCondensed-Bold.ttf</filename>
            <size>32</size>
            <style>bold</style>
        </font>
        <font>
            <name>font36_title</name>
            <filename>RobotoCondensed-Bold.ttf</filename>
            <size>36</size>
            <style>bold</style>
        </font>
        <font>
            <name>font45_title</name>
            <filename>RobotoCondensed-Bold.ttf</filename>
            <size>45</size>
            <style>bold</style>
        </font>
        <font>
            <name>font52_title</name>
            <filename>RobotoCondensed-Bold.ttf</filename>
            <size>52</size>
            <style>bold</style>
        </font>
        <font>
            <name>font_title_bold</name>
            <filename>RobotoCondensed-Bold.ttf</filename>
            <size>64</size>
            <style>bold</style>
        </font>
    </fontset>
    <fontset id="Liberation" idloc="31420">
        <!-- Required Font -->
        <font>
            <name>font13</name>
            <filename>LiberationSans-Regular.ttf</filename>
            <size>30</size>
        </font>
        <!-- Monospace Fonts -->
        <font>
            <name>font_system_info</name>
            <filename>NotoMono-Regular.ttf</filename>
            <size>22</size>
        </font>
        <!-- Tiny Fonts -->
        <font>
            <name>font_tiny_hintlabel</name>
            <style>uppercase</style>
            <filename>LiberationSans-Bold.ttf</filename>
            <size>18</size>
        </font>
        <font>
            <name>font_tiny10</name>
            <filename>LiberationSans-Regular.ttf</filename>
            <size>20</size>
        </font>
        <font>
            <name>font_tiny_match</name>
            <filename>LiberationSans-Regular.ttf</filename>
            <size>20</size>
            <style>bold</style>
        </font>
        <!-- Small Fonts -->
        <font>
            <name>font_small_pvr_channels_bold</name>
            <filename>LiberationSans-Bold.ttf</filename>
            <size>23</size>
        </font>
        <font>
            <name>font_small_notify_main_bold</name>
            <filename>LiberationSans-Bold.ttf</filename>
            <size>23</size>
            <style>bold</style>
            <linespacing>0.8</linespacing>
        </font>
        <font>
            <name>font_small_defaults</name>
            <filename>LiberationSans-Regular.ttf</filename>
            <size>25</size>
        </font>
        <font>
            <name>font12</name>
            <filename>LiberationSans-Regular.ttf</filename>
            <size>25</size>
        </font>
        <font>
            <name>font_small_header</name>
            <filename>LiberationSans-Regular.ttf</filename>
            <size>25</size>
            <style>uppercase bold</style>
        </font>
        <font>
            <name>font27</name>
            <filename>LiberationSans-Regular.ttf</filename>
            <size>27</size>
        </font>
        <font>
            <name>font27_narrow</name>
            <filename>LiberationSans-Regular.ttf</filename>
            <size>27</size>
            <linespacing>0.8</linespacing>
        </font>
        <font>
            <name>font27_bold</name>
            <filename>LiberationSans-Bold.ttf</filename>
            <size>27</size>
            <linespacing>0.8</linespacing>
        </font>
        <font>
            <name>font_small_pvr_title</name>
            <filename>LiberationSans-Bold.ttf</filename>
            <size>30</size>
        </font>
        <!-- Normal Fonts -->
        <font>
            <name>font14</name>
            <filename>LiberationSans-Regular.ttf</filename>
            <size>33</size>
        </font>
        <font>
            <name>font32</name>
            <filename>LiberationSans-Regular.ttf</filename>
            <size>32</size>
        </font>
        <font>
            <name>font32_bold</name>
            <filename>LiberationSans-Bold.ttf</filename>
            <size>32</size>
        </font>
        <font>
            <name>font37</name>
            <filename>LiberationSans-Regular.ttf</filename>
            <size>37</size>
        </font>
        <font>
            <name>font45</name>
            <filename>LiberationSans-Regular.ttf</filename>
            <size>45</size>
        </font>
        <!-- Big Fonts -->
        <font>
            <name>font_pvr_clock</name>
            <filename>LiberationSans-Regular.ttf</filename>
            <size>55</size>
        </font>
        <font>
            <name>font60</name>
            <filename>LiberationSans-Regular.ttf</filename>
            <size>60</size>
            <style>lighten</style>
        </font>
        <font>
            <name>font_clock</name>
            <filename>LiberationSans-Regular.ttf</filename>
            <size>70</size>
            <style>lighten</style>
        </font>
        <font>
            <name>WeatherTemp</name>
            <aspect>0.85</aspect>
            <filename>LiberationSans-Bold.ttf</filename>
            <size>120</size>
            <style>bold</style>
        </font>
        <!-- Menu Fonts -->
        <font>
            <name>font_menu</name>
            <filename>LiberationSans-Regular.ttf</filename>
            <size>30</size>
        </font>
        <font>
            <name>font_menu_focus</name>
            <filename>LiberationSans-Bold.ttf</filename>
            <size>30</size>
        </font>
        <!-- Title Fonts -->
        <font>
            <name>font_flag</name>
            <filename>LiberationSans-Bold.ttf</filename>
            <size>18</size>
            <style>bold</style>
        </font>
        <font>
            <name>font20_title</name>
            <filename>LiberationSans-Bold.ttf</filename>
            <size>20</size>
            <style>bold</style>
        </font>
        <font>
            <name>font25_title</name>
            <filename>LiberationSans-Bold.ttf</filename>
            <size>25</size>
            <style>bold</style>
        </font>
        <font>
            <name>font30_title</name>
            <filename>LiberationSans-Bold.ttf</filename>
            <size>30</size>
            <style>bold</style>
        </font>
        <font>
            <name>font32_title</name>
            <filename>LiberationSans-Bold.ttf</filename>
            <size>32</size>
            <style>bold</style>
        </font>
        <font>
            <name>font36_title</name>
            <filename>LiberationSans-Bold.ttf</filename>
            <size>36</size>
            <style>bold</style>
        </font>
        <font>
            <name>font45_title</name>
            <filename>LiberationSans-Bold.ttf</filename>
            <size>45</size>
            <style>bold</style>
        </font>
        <font>
            <name>font52_title</name>
            <filename>LiberationSans-Bold.ttf</filename>
            <size>52</size>
            <style>bold</style>
        </font>
        <font>
            <name>font_title_bold</name>
            <filename>LiberationSans-Bold.ttf</filename>
            <size>64</size>
            <style>bold</style>
        </font>
    </fontset>
    <fontset id="Arial" idloc="31053">
        <!-- Required Font -->
        <font>
            <name>font13</name>
            <filename>arial.ttf</filename>
            <size>30</size>
        </font>
        <!-- Monospace Fonts -->
        <font>
            <name>font_system_info</name>
            <filename>NotoMono-Regular.ttf</filename>
            <size>22</size>
        </font>
        <!-- Tiny Fonts -->
        <font>
            <name>font_tiny_hintlabel</name>
            <style>uppercase</style>
            <filename>arial.ttf</filename>
            <size>18</size>
        </font>
        <font>
            <name>font_tiny10</name>
            <filename>arial.ttf</filename>
            <size>20</size>
        </font>
        <font>
            <name>font_tiny_match</name>
            <filename>arial.ttf</filename>
            <size>20</size>
            <style>bold</style>
        </font>
        <!-- Small Fonts -->
        <font>
            <name>font_small_pvr_channels_bold</name>
            <filename>arial.ttf</filename>
            <size>23</size>
        </font>
        <font>
            <name>font_small_notify_main_bold</name>
            <filename>arial.ttf</filename>
            <size>23</size>
            <style>bold</style>
            <linespacing>0.8</linespacing>
        </font>
        <font>
            <name>font_small_defaults</name>
            <filename>arial.ttf</filename>
            <size>25</size>
        </font>
        <font>
            <name>font12</name>
            <filename>arial.ttf</filename>
            <size>25</size>
        </font>
        <font>
            <name>font_small_header</name>
            <filename>arial.ttf</filename>
            <size>25</size>
            <style>uppercase bold</style>
        </font>
        <font>
            <name>font27</name>
            <filename>arial.ttf</filename>
            <size>27</size>
        </font>
        <font>
            <name>font27_narrow</name>
            <filename>arial.ttf</filename>
            <size>27</size>
            <linespacing>0.8</linespacing>
        </font>
        <font>
            <name>font27_bold</name>
            <filename>arial.ttf</filename>
            <size>27</size>
            <linespacing>0.8</linespacing>
        </font>
        <font>
            <name>font_small_pvr_title</name>
            <filename>arial.ttf</filename>
            <size>30</size>
        </font>
        <!-- Normal Fonts -->
        <font>
            <name>font14</name>
            <filename>arial.ttf</filename>
            <size>33</size>
        </font>
        <font>
            <name>font32</name>
            <filename>arial.ttf</filename>
            <size>32</size>
        </font>
        <font>
            <name>font32_bold</name>
            <filename>arial.ttf</filename>
            <size>32</size>
        </font>
        <font>
            <name>font37</name>
            <filename>arial.ttf</filename>
            <size>37</size>
        </font>
        <font>
            <name>font45</name>
            <filename>arial.ttf</filename>
            <size>45</size>
        </font>
        <!-- Big Fonts -->
        <font>
            <name>font_pvr_clock</name>
            <filename>arial.ttf</filename>
            <size>59</size>
        </font>
        <font>
            <name>font60</name>
            <filename>arial.ttf</filename>
            <size>60</size>
            <style>lighten</style>
        </font>
        <font>
            <name>font_clock</name>
            <filename>arial.ttf</filename>
            <size>70</size>
            <style>lighten</style>
        </font>
        <font>
            <name>WeatherTemp</name>
            <aspect>0.85</aspect>
            <filename>arial.ttf</filename>
            <size>120</size>
            <style>bold</style>
        </font>
        <!-- Menu Fonts -->
        <font>
            <name>font_menu</name>
            <filename>arial.ttf</filename>
            <size>30</size>
        </font>
        <font>
            <name>font_menu_focus</name>
            <filename>arial.ttf</filename>
            <size>30</size>
        </font>
        <!-- Title Fonts -->
        <font>
            <name>font_flag</name>
            <filename>arial.ttf</filename>
            <size>18</size>
            <style>bold</style>
        </font>
        <font>
            <name>font20_title</name>
            <filename>arial.ttf</filename>
            <size>20</size>
            <style>bold</style>
        </font>
        <font>
            <name>font25_title</name>
            <filename>arial.ttf</filename>
            <size>25</size>
            <style>bold</style>
        </font>
        <font>
            <name>font30_title</name>
            <filename>arial.ttf</filename>
            <size>30</size>
            <style>bold</style>
        </font>
        <font>
            <name>font32_title</name>
            <filename>arial.ttf</filename>
            <size>32</size>
            <style>bold</style>
        </font>
        <font>
            <name>font36_title</name>
            <filename>arial.ttf</filename>
            <size>36</size>
            <style>bold</style>
        </font>
        <font>
            <name>font45_title</name>
            <filename>arial.ttf</filename>
            <size>45</size>
            <style>bold</style>
        </font>
        <font>
            <name>font52_title</name>
            <filename>arial.ttf</filename>
            <size>52</size>
            <style>bold</style>
        </font>
        <font>
            <name>font_title_bold</name>
            <filename>arial.ttf</filename>
            <size>64</size>
            <style>bold</style>
        </font>
    </fontset>
</fonts>
