<?xml version="1.0" encoding="UTF-8"?>
<includes>
    <include name="OSD_Button_OnFocus">
        <onfocus condition="Skin.String(OSD_Timeout,$LOCALIZE[31285])">AlarmClock(osd_timeout,SetFocus(99220),00:03,silent)</onfocus>
        <onfocus condition="Skin.String(OSD_Timeout,$LOCALIZE[31286])">AlarmClock(osd_timeout,SetFocus(99220),00:05,silent)</onfocus>
        <onfocus condition="Skin.String(OSD_Timeout,$LOCALIZE[31287])">AlarmClock(osd_timeout,SetFocus(99220),00:10,silent)</onfocus>
        <onfocus condition="Skin.String(OSD_Timeout,$LOCALIZE[31288])">AlarmClock(osd_timeout,SetFocus(99220),00:12,silent)</onfocus>
        <onfocus condition="Skin.String(OSD_Timeout,$LOCALIZE[31289])">AlarmClock(osd_timeout,SetFocus(99220),00:15,silent)</onfocus>
        <onfocus condition="Skin.String(OSD_Timeout,$LOCALIZE[31290])">AlarmClock(osd_timeout,SetFocus(99220),00:20,silent)</onfocus>
        <onfocus condition="Skin.String(OSD_Timeout,$LOCALIZE[31291])">AlarmClock(osd_timeout,SetFocus(99220),00:30,silent)</onfocus>
        <onfocus condition="Skin.String(OSD_Timeout,$LOCALIZE[31292])">AlarmClock(osd_timeout,SetFocus(99220),01:00,silent)</onfocus>
        <onunfocus>CancelAlarm(osd_timeout,true)</onunfocus>
    </include>
    <include name="LiveTV_OSD_Minimal">
        <definition>
            <control type="group" id="200">
                <visible>!Player.ShowInfo</visible>
                <include>Animation_DialogPopupOpenClose</include>
                <width>1920</width>
                <control type="group">
                    <include>Animation_DialogPopupOpenClose</include>
                    <top>-100</top>
                    <control type="image">
                        <width>80%</width>
                        <height>200</height>
                        <texture background="true" border="20" colordiffuse="$VAR[ColorHighlight]">common/pvr-osd.png</texture>
                        <centerleft>50%</centerleft>
                    </control>
                    <control type="group">
                        <control type="label">
                            <top>88</top>
                            <left>220</left>
                            <width>240</width>
                            <align>center</align>
                            <font>font_pvr_clock</font>
                            <label>$INFO[System.Time]</label>
                        </control>
                        <control type="label">
                            <top>16</top>
                            <left>230</left>
                            <width>240</width>
                            <align>center</align>
                            <font>font27</font>
                            <label>$INFO[VideoPlayer.ChannelName]</label>
                        </control>
                        <control type="label">
                            <top>42</top>
                            <left>460</left>
                            <width>120</width>
                            <align>center</align>
                            <font>font_clock</font>
                            <label>$INFO[VideoPlayer.ChannelNumberLabel]</label>
                        </control>
                    </control>
                    <control type="group">
                        <top>18</top>
                        <left>523</left>
                        <animation effect="slide" start="0" end="0,-26" time="200" condition="ControlGroup(201).HasFocus">Conditional</animation>
                        <control type="label">
                            <top>15</top>
                            <left>100</left>
                            <width>59%</width>
                            <font>font32</font>
                            <label>$INFO[Player.Title]</label>
                        </control>
                        <control type="grouplist">
                            <top>62</top>
                            <left>99</left>
                            <width>900</width>
                            <itemgap>12</itemgap>
                            <orientation>horizontal</orientation>
                            <usecontrolcoords>true</usecontrolcoords>
                            <control type="label">
                                <font>font27</font>
                                <width>auto</width>
                                <label>$INFO[VideoPlayer.StartTime]$INFO[VideoPlayer.EndTime, - ,]</label>
                                <visible>!Pvr.IsTimeShift</visible>
                            </control>
                            <control type="label">
                                <font>font27</font>
                                <width>auto</width>
                                <label>$INFO[System.Time] (-$INFO[PVR.TimeshiftOffset]) - $INFO[VideoPlayer.EndTime]</label>
                                <visible>Pvr.IsTimeShift</visible>
                            </control>
                            <control type="group">
                                <top>11</top>
                                <control type="progress">
                                    <width>480</width>
                                    <height>16</height>
                                    <left>0</left>
                                    <info>PVR.EpgEventProgress</info>
                                </control>
                            </control>
                        </control>
                        <control type="grouplist">
                            <top>98</top>
                            <left>99</left>
                            <width>900</width>
                            <itemgap>12</itemgap>
                            <orientation>horizontal</orientation>
                            <control type="label">
                                <width>auto</width>
                                <font>font27</font>
                                <label>$INFO[VideoPlayer.NextStartTime]$INFO[VideoPlayer.NextEndTime, - ,]</label>
                            </control>
                            <control type="label">
                                <font>font27</font>
                                <width>680</width>
                                <label>$INFO[VideoPlayer.NextTitle]</label>
                            </control>
                        </control>
                    </control>
                    <control type="image">
                        <top>0</top>
                        <right>240</right>
                        <width>192</width>
                        <height>192</height>
                        <aspectratio>keep</aspectratio>
                        <texture>$INFO[Player.Icon]</texture>
                    </control>
                </control>
                <control type="group" id="200">
                    <include>Animation_BottomSlide</include>
                    <animation effect="fade" start="0" end="100" time="400" condition="ControlGroup(201).HasFocus">Conditional</animation>
                    <control type="grouplist" id="201">
                        <top>40</top>
                        <width>100%</width>
                        <height>135</height>
                        <itemgap>10</itemgap>
                        <align>center</align>
                        <scrolltime tween="sine">200</scrolltime>
                        <orientation>horizontal</orientation>
                        <onup>87</onup>
                        <ondown>noop</ondown>
                        <onleft>70049</onleft>
                        <onright>600</onright>
                        <control type="radiobutton" id="600">
                            <include content="PVROSDButton">
                                <param name="texture" value="osd/fullscreen/buttons/previous.png"/>
                            </include>
                            <onclick>PlayerControl(Previous)</onclick>
                            <visible>ControlGroup(201).HasFocus</visible>
                            <include>OSD_Button_OnFocus</include>
                        </control>
                        <control type="group" id="698">
                            <width>48</width>
                            <height>48</height>
                            <visible>Player.PauseEnabled</visible>
                            <visible>ControlGroup(201).HasFocus</visible>
                            <control type="button" id="604">
                                <left>0</left>
                                <top>0</top>
                                <width>48</width>
                                <height>48</height>
                                <label/>
                                <font/>
                                <texturefocus colordiffuse="$VAR[ColorHighlight]">osd/fullscreen/buttons/button-fo.png</texturefocus>
                                <texturenofocus/>
                                <onleft>600</onleft>
                                <onright>603</onright>
                                <onup>87</onup>
                                <ondown>noop</ondown>
                                <onclick>PlayerControl(Play)</onclick>
                                <include>OSD_Button_OnFocus</include>
                            </control>
                            <control type="image">
                                <left>0</left>
                                <top>0</top>
                                <width>48</width>
                                <height>48</height>
                                <animation center="38,38" effect="zoom" end="100" reversible="false" start="95" time="480" tween="back" condition="Control.HasFocus(602)">Conditional</animation>
                                <texture colordiffuse="white">$VAR[PlayerControlsPlayImageVar]</texture>
                            </control>
                        </control>
                        <control type="radiobutton" id="603">
                            <include content="PVROSDButton">
                                <param name="texture" value="osd/fullscreen/buttons/stop.png"/>
                            </include>
                            <onclick>PlayerControl(Stop)</onclick>
                            <visible>ControlGroup(201).HasFocus</visible>
                            <include>OSD_Button_OnFocus</include>
                        </control>
                        <control type="radiobutton" id="607">
                            <include content="PVROSDButton">
                                <param name="texture" value="osd/fullscreen/buttons/next.png"/>
                            </include>
                            <onclick>PlayerControl(Next)</onclick>
                            <visible>Player.ChapterCount | Integer.IsGreater(Playlist.Length(video),1) | PVR.IsTimeShift</visible>
                            <visible>ControlGroup(201).HasFocus</visible>
                            <include>OSD_Button_OnFocus</include>
                        </control>
                        <control type="radiobutton" id="608">
                            <textureradioonfocus colordiffuse="white">osd/fullscreen/buttons/record-white.png</textureradioonfocus>
                            <textureradioonnofocus>osd/fullscreen/buttons/record-white.png</textureradioonnofocus>
                            <textureradioofffocus colordiffuse="white">osd/fullscreen/buttons/record.png</textureradioofffocus>
                            <textureradiooffnofocus>osd/fullscreen/buttons/record.png</textureradiooffnofocus>
                            <texturefocus colordiffuse="$VAR[ColorHighlight]">osd/fullscreen/buttons/button-fo.png</texturefocus>
                            <width>48</width>
                            <animation center="38,38" effect="zoom" end="100" reversible="false" start="95" time="480" tween="back">Focus</animation>
                            <height>48</height>
                            <radiowidth>46</radiowidth>
                            <radioheight>46</radioheight>
                            <font/>
                            <texturenofocus/>
                            <radioposx>1</radioposx>
                            <radioposy>0</radioposy>
                            <selected>!PVR.IsRecordingPlayingChannel</selected>
                            <onclick>PVR.ToggleRecordPlayingChannel</onclick>
                            <visible>PVR.CanRecordPlayingChannel</visible>
                            <visible>VideoPlayer.Content(livetv)</visible>
                            <visible>ControlGroup(201).HasFocus</visible>
                            <include>OSD_Button_OnFocus</include>
                        </control>
                        <control type="radiobutton" id="804">
                            <include content="PVROSDButton">
                                <param name="texture" value="osd/fullscreen/buttons/home.png"/>
                            </include>
                            <onclick>PlayerControl(ShowVideoMenu)</onclick>
                            <visible>VideoPlayer.HasMenu</visible>
                            <visible>ControlGroup(201).HasFocus</visible>
                            <include>OSD_Button_OnFocus</include>
                        </control>
                        <control type="radiobutton" id="70040">
                            <include content="PVROSDButton">
                                <param name="texture" value="osd/fullscreen/buttons/channels.png"/>
                            </include>
                            <onclick>Dialog.Close(VideoOSD)</onclick>
                            <onclick>ActivateWindow(PVROSDChannels)</onclick>
                            <visible>VideoPlayer.Content(livetv)</visible>
                            <visible>ControlGroup(201).HasFocus</visible>
                            <include>OSD_Button_OnFocus</include>
                        </control>
                        <control type="radiobutton" id="70041">
                            <include content="PVROSDButton">
                                <param name="texture" value="osd/fullscreen/buttons/guide.png"/>
                            </include>
                            <onclick>Dialog.Close(VideoOSD)</onclick>
                            <onclick>ActivateWindow(pvrchannelguide)</onclick>
                            <visible>VideoPlayer.Content(livetv) + VideoPlayer.HasEPG</visible>
                            <visible>ControlGroup(201).HasFocus</visible>
                            <include>OSD_Button_OnFocus</include>
                        </control>
                        <control type="radiobutton" id="70042">
                            <include content="PVROSDButton">
                                <param name="texture" value="special://skin/extras/icons/playlist.png"/>
                            </include>
                            <onclick>Dialog.Close(all, true)</onclick>
                            <onclick>ActivateWindow(tvguide)</onclick>
                            <visible>VideoPlayer.Content(livetv) + VideoPlayer.HasEPG</visible>
                            <visible>ControlGroup(201).HasFocus</visible>
                            <include>OSD_Button_OnFocus</include>
                        </control>
                        <control type="radiobutton" id="70043">
                            <include content="PVROSDButton">
                                <param name="texture" value="osd/fullscreen/buttons/information.png"/>
                            </include>
                            <onclick>Info</onclick>
                            <visible>ControlGroup(201).HasFocus</visible>
                            <include>OSD_Button_OnFocus</include>
                        </control>
                        <control type="radiobutton" id="70044">
                            <include content="PVROSDButton">
                                <param name="texture" value="osd/fullscreen/buttons/bookmarks.png"/>
                            </include>
                            <onclick>ActivateWindow(videobookmarks)</onclick>
                            <visible>!VideoPlayer.Content(livetv)</visible>
                            <visible>ControlGroup(201).HasFocus</visible>
                            <include>OSD_Button_OnFocus</include>
                        </control>
                        <control type="radiobutton" id="70045">
                            <include content="PVROSDButton">
                                <param name="texture" value="osd/fullscreen/buttons/teletext.png"/>
                            </include>
                            <onclick>Dialog.Close(VideoOSD)</onclick>
                            <onclick>ActivateWindow(Teletext)</onclick>
                            <visible>VideoPlayer.HasTeletext</visible>
                            <visible>ControlGroup(201).HasFocus</visible>
                            <include>OSD_Button_OnFocus</include>
                        </control>
                        <control type="radiobutton" id="70046">
                            <include content="PVROSDButton">
                                <param name="texture" value="osd/fullscreen/buttons/settings-subtitle.png"/>
                            </include>
                            <onclick>ActivateWindow(osdsubtitlesettings)</onclick>
                            <visible>!VideoPlayer.Content(LiveTV) | VideoPlayer.HasSubtitles</visible>
                            <visible>ControlGroup(201).HasFocus</visible>
                            <include>OSD_Button_OnFocus</include>
                        </control>
                        <control type="radiobutton" id="70047">
                            <include content="PVROSDButton">
                                <param name="texture" value="osd/fullscreen/buttons/stereoscopic.png"/>
                            </include>
                            <visible>VideoPlayer.IsStereoscopic</visible>
                            <onclick>SetProperty(settingslist_content,3d,home)</onclick>
                            <onclick>SetProperty(settingslist_header,$LOCALIZE[36501],home)</onclick>
                            <onclick>ActivateWindow(1101)</onclick>
                            <visible>ControlGroup(201).HasFocus</visible>
                            <include>OSD_Button_OnFocus</include>
                        </control>
                        <control type="radiobutton" id="70048">
                            <include content="PVROSDButton">
                                <param name="texture" value="special://skin/extras/icons/sysinfo.png"/>
                            </include>
                            <onclick>ActivateWindow(playerprocessinfo)</onclick>
                            <visible>Window.IsVisible(videoosd)</visible>
                            <visible>ControlGroup(201).HasFocus</visible>
                            <include>OSD_Button_OnFocus</include>
                        </control>
                        <control type="radiobutton" id="70049">
                            <include content="PVROSDButton">
                                <param name="texture" value="osd/fullscreen/buttons/settings.png"/>
                            </include>
                            <onclick>SetProperty(settingslist_content,osd,home)</onclick>
                            <onclick>SetProperty(settingslist_header,$LOCALIZE[5],home)</onclick>
                            <onclick>ActivateWindow(1101)</onclick>
                            <visible>ControlGroup(201).HasFocus</visible>
                            <include>OSD_Button_OnFocus</include>
                        </control>
                    </control>
                </control>
            </control>
            <control type="button" id="87">
                <include>HiddenObject</include>
                <onup>200</onup>
                <ondown>200</ondown>
                <onleft>StepBack</onleft>
                <onright condition="!Player.Paused">StepForward</onright>
                <onright condition="Player.Paused">PlayerControl(FrameAdvance(1))</onright>
                <include>OSD_Button_OnFocus</include>
            </control>
            <!-- Hidden control to trigger buttons to show -->
            <control type="button" id="602">
                <top>-1000</top>
                <left>-1000</left>
                <width>1</width>
                <height>1</height>
                <onclick>SetFocus(201)</onclick>
                <onclick>SetFocus(604)</onclick>
                <onup>SetFocus(201)</onup>
                <onup>SetFocus(604)</onup>
                <ondown>SetFocus(201)</ondown>
                <ondown>SetFocus(604)</ondown>
                <onleft>SetFocus(201)</onleft>
                <onleft>SetFocus(604)</onleft>
                <onright>SetFocus(201)</onright>
                <onright>SetFocus(604)</onright>
                <visible>VideoPlayer.Content(livetv)</visible>
                <include>OSD_Button_OnFocus</include>
            </control>
        </definition>
    </include>
    <include name="LiveTV_OSD">
        <control type="group">
            <include>Animation_BottomSlide</include>
            <visible>VideoPlayer.Content(livetv)</visible>
            <control type="image">
                <left>0</left>
                <bottom>0</bottom>
                <width>1920</width>
                <height>640</height>
                <texture flipy="true">frame/osdfade.png</texture>
            </control>
            <control type="group">
                <top>-280</top>
                <width>1600</width>
                <control type="grouplist">
                    <orientation>vertical</orientation>
                    <usecontrolcoords>true</usecontrolcoords>
                    <control type="label">
                        <top>0</top>
                        <left>160</left>
                        <font>font45</font>
                        <textcolor>B3cccccc</textcolor>
                        <width max="1600">auto</width>
                        <label>$INFO[VideoPlayer.Title]</label>
                    </control>
                    <control type="label">
                        <top>64</top>
                        <left>160</left>
                        <font>font27</font>
                        <textcolor>B3cccccc</textcolor>
                        <width max="1600">auto</width>
                        <label>$INFO[VideoPlayer.StartTime,, - ]$INFO[VideoPlayer.EndTime,, / ]$INFO[VideoPlayer.NextTitle, $LOCALIZE[19031]: ]</label>
                        <visible>!Pvr.IsTimeShift</visible>
                    </control>
                    <control type="label">
                        <top>64</top>
                        <left>160</left>
                        <font>font27</font>
                        <textcolor>B3cccccc</textcolor>
                        <width max="1600">auto</width>
                        <label>$INFO[System.Time] (-$INFO[PVR.TimeshiftOffset]) - $INFO[VideoPlayer.EndTime,, / ]$INFO[VideoPlayer.NextTitle, $LOCALIZE[19031]: ]</label>
                        <visible>Pvr.IsTimeShift</visible>
                    </control>
                </control>
                <control type="progress">
                    <top>120</top>
                    <width>1600</width>
                    <height>6</height>
                    <left>160</left>
                    <info>PVR.EpgEventProgress</info>
                </control>
                <control type="group">
                    <top>160</top>
                    <left>160</left>
                    <control type="group">
                        <height>128</height>
                        <width>230</width>
                        <left>0</left>
                        <control type="label">
                            <textcolor>B3cccccc</textcolor>
                            <font>font32_bold</font>
                            <label>$INFO[VideoPlayer.ChannelNumberLabel]</label>
                        </control>
                    </control>
                    <control type="image">
                        <top>50</top>
                        <width>200</width>
                        <height>112.5</height>
                        <aspectratio aligny="center" align="left">keep</aspectratio>
                        <texture>$INFO[Player.Icon]</texture>
                    </control>
                </control>
                <control type="group" id="200">
                    <top>140</top>
                    <include>Animation_BottomSlide</include>
                    <control type="grouplist" id="201">
                        <top>92</top>
                        <left>420</left>
                        <width>1600</width>
                        <height>135</height>
                        <itemgap>32</itemgap>
                        <align>left</align>
                        <scrolltime tween="sine">200</scrolltime>
                        <orientation>horizontal</orientation>
                        <onup>87</onup>
                        <ondown>noop</ondown>
                        <onleft>70049</onleft>
                        <onright>301</onright>
                        <control type="radiobutton" id="70043">
                            <include content="PVROSDButton">
                                <param name="texture" value="osd/fullscreen/buttons/information.png"/>
                            </include>
                            <onclick>Info</onclick>
                            <onclick>Dialog.Close(videoosd)</onclick>
                            <include>OSD_Button_OnFocus</include>
                        </control>
                        <control type="radiobutton" id="70044">
                            <include content="PVROSDButton">
                                <param name="texture" value="osd/fullscreen/buttons/bookmarks.png"/>
                            </include>
                            <onclick>ActivateWindow(videobookmarks)</onclick>
                            <visible>!VideoPlayer.Content(livetv)</visible>
                            <include>OSD_Button_OnFocus</include>
                        </control>
                        <control type="radiobutton" id="70041">
                            <include content="PVROSDButton">
                                <param name="texture" value="osd/fullscreen/buttons/guide.png"/>
                            </include>
                            <onclick>Dialog.Close(VideoOSD)</onclick>
                            <onclick>ActivateWindow(pvrchannelguide)</onclick>
                            <visible>VideoPlayer.Content(livetv) + VideoPlayer.HasEPG</visible>
                            <include>OSD_Button_OnFocus</include>
                        </control>
                        <control type="radiobutton" id="70042">
                            <include content="PVROSDButton">
                                <param name="texture" value="special://skin/extras/icons/playlist.png"/>
                            </include>
                            <onclick>Dialog.Close(all, true)</onclick>
                            <onclick>ActivateWindow(tvguide)</onclick>
                            <visible>VideoPlayer.Content(livetv) + VideoPlayer.HasEPG</visible>
                            <include>OSD_Button_OnFocus</include>
                        </control>
                    </control>
                    <control type="grouplist" id="301">
                        <top>92</top>
                        <width>1920</width>
                        <height>135</height>
                        <itemgap>32</itemgap>
                        <align>center</align>
                        <scrolltime tween="sine">200</scrolltime>
                        <orientation>horizontal</orientation>
                        <onup>87</onup>
                        <ondown>noop</ondown>
                        <control type="group" id="698">
                            <width>48</width>
                            <height>48</height>
                            <visible>Player.PauseEnabled</visible>
                            <control type="button" id="602">
                                <left>0</left>
                                <top>0</top>
                                <width>64</width>
                                <height>64</height>
                                <label/>
                                <font/>
                                <texturefocus colordiffuse="$VAR[ColorHighlight]">osd/fullscreen/buttons/button-fo.png</texturefocus>
                                <texturenofocus/>
                                <onleft>70042</onleft>
                                <onright>603</onright>
                                <onup>87</onup>
                                <ondown>noop</ondown>
                                <onclick>PlayerControl(Play)</onclick>
                                <include>OSD_Button_OnFocus</include>
                            </control>
                            <control type="image">
                                <left>0</left>
                                <top>0</top>
                                <width>64</width>
                                <height>64</height>
                                <animation center="38,38" effect="zoom" end="100" reversible="false" start="95" time="480" tween="back" condition="Control.HasFocus(602)">Conditional</animation>
                                <texture colordiffuse="white">$VAR[PlayerControlsPlayImageVar]</texture>
                            </control>
                        </control>
                        <control type="radiobutton" id="608">
                            <textureradioonfocus colordiffuse="white">osd/fullscreen/buttons/record-white.png</textureradioonfocus>
                            <textureradioonnofocus>osd/fullscreen/buttons/record-white.png</textureradioonnofocus>
                            <textureradioofffocus colordiffuse="white">osd/fullscreen/buttons/record.png</textureradioofffocus>
                            <textureradiooffnofocus>osd/fullscreen/buttons/record.png</textureradiooffnofocus>
                            <texturefocus colordiffuse="$VAR[ColorHighlight]">osd/fullscreen/buttons/button-fo.png</texturefocus>
                            <width>64</width>
                            <animation center="38,38" effect="zoom" end="100" reversible="false" start="95" time="480" tween="back">Focus</animation>
                            <height>64</height>
                            <radiowidth>62</radiowidth>
                            <radioheight>62</radioheight>
                            <font/>
                            <texturenofocus/>
                            <radioposx>1</radioposx>
                            <radioposy>0</radioposy>
                            <selected>!PVR.IsRecordingPlayingChannel</selected>
                            <onclick>PVR.ToggleRecordPlayingChannel</onclick>
                            <visible>PVR.CanRecordPlayingChannel</visible>
                            <visible>VideoPlayer.Content(livetv)</visible>
                            <include>OSD_Button_OnFocus</include>
                        </control>
                        <control type="radiobutton" id="804">
                            <include content="PVROSDButton">
                                <param name="texture" value="osd/fullscreen/buttons/home.png"/>
                            </include>
                            <onclick>PlayerControl(ShowVideoMenu)</onclick>
                            <visible>VideoPlayer.HasMenu</visible>
                            <include>OSD_Button_OnFocus</include>
                        </control>
                    </control>
                    <control type="grouplist" id="401">
                        <top>92</top>
                        <left>102</left>
                        <width>1600</width>
                        <height>135</height>
                        <itemgap>32</itemgap>
                        <align>right</align>
                        <scrolltime tween="sine">200</scrolltime>
                        <orientation>horizontal</orientation>
                        <onup>87</onup>
                        <ondown>noop</ondown>
                        <onleft>301</onleft>
                        <onright>70043</onright>
                        <control type="radiobutton" id="603">
                            <include content="PVROSDButton">
                                <param name="texture" value="osd/fullscreen/buttons/stop.png"/>
                            </include>
                            <onclick>PlayerControl(Stop)</onclick>
                            <include>OSD_Button_OnFocus</include>
                        </control>
                        <control type="radiobutton" id="70046">
                            <include content="PVROSDButton">
                                <param name="texture" value="osd/fullscreen/buttons/settings-subtitle.png"/>
                            </include>
                            <onclick>ActivateWindow(osdsubtitlesettings)</onclick>
                            <visible>!VideoPlayer.Content(LiveTV) | VideoPlayer.HasSubtitles</visible>
                            <include>OSD_Button_OnFocus</include>
                        </control>
                        <control type="radiobutton" id="70047">
                            <include content="PVROSDButton">
                                <param name="texture" value="osd/fullscreen/buttons/stereoscopic.png"/>
                            </include>
                            <visible>VideoPlayer.IsStereoscopic</visible>
                            <onclick>SetProperty(settingslist_content,3d,home)</onclick>
                            <onclick>SetProperty(settingslist_header,$LOCALIZE[36501],home)</onclick>
                            <onclick>ActivateWindow(1101)</onclick>
                            <include>OSD_Button_OnFocus</include>
                        </control>
                        <control type="radiobutton" id="70048">
                            <include content="PVROSDButton">
                                <param name="texture" value="special://skin/extras/icons/sysinfo.png"/>
                            </include>
                            <onclick>ActivateWindow(playerprocessinfo)</onclick>
                            <visible>Window.IsVisible(videoosd)</visible>
                            <include>OSD_Button_OnFocus</include>
                        </control>
                        <control type="radiobutton" id="70049">
                            <include content="PVROSDButton">
                                <param name="texture" value="osd/fullscreen/buttons/settings.png"/>
                            </include>
                            <onclick>SetProperty(settingslist_content,osd,home)</onclick>
                            <onclick>SetProperty(settingslist_header,$LOCALIZE[5],home)</onclick>
                            <onclick>ActivateWindow(1101)</onclick>
                            <include>OSD_Button_OnFocus</include>
                        </control>
                    </control>
                </control>
                <control type="button" id="87">
                    <include>HiddenObject</include>
                    <onup>200</onup>
                    <ondown>200</ondown>
                    <onleft>StepBack</onleft>
                    <onright condition="!Player.Paused">StepForward</onright>
                    <onright condition="Player.Paused">PlayerControl(FrameAdvance(1))</onright>
                    <include>OSD_Button_OnFocus</include>
                </control>
            </control>
        </control>
    </include>
    <include name="Video_OSD">
        <definition>
            <control type="group" id="200">
                <control type="grouplist" id="201">
                    <top>90</top>
                    <width>100%</width>
                    <height>135</height>
                    <itemgap>10</itemgap>
                    <align>center</align>
                    <aligny>center</aligny>
                    <scrolltime tween="sine">200</scrolltime>
                    <orientation>horizontal</orientation>
                    <onup condition="String.IsEqual(Window(home).Property(show_ext_info),True)">87</onup>
                    <onup condition="String.IsEmpty(Window(home).Property(show_ext_info))">SetProperty(show_ext_info,True,home)</onup>
                    <ondown>ClearProperty(show_ext_info,home)</ondown>
                    <control type="radiobutton" id="70040">
                        <include content="OSDButton">
                            <param name="texture" value="osd/fullscreen/buttons/channels.png"/>
                        </include>
                        <onclick>Dialog.Close(VideoOSD)</onclick>
                        <onclick>ActivateWindow(tvchannels)</onclick>
                        <visible>VideoPlayer.Content(livetv)</visible>
                    </control>
                    <control type="radiobutton" id="70041">
                        <include content="OSDButton">
                            <param name="texture" value="osd/fullscreen/buttons/guide.png"/>
                        </include>
                        <onclick>Dialog.Close(VideoOSD)</onclick>
                        <onclick>ActivateWindow(tvguide)</onclick>
                        <visible>VideoPlayer.Content(livetv) + VideoPlayer.HasEPG</visible>
                    </control>
                    <control type="radiobutton" id="600">
                        <include content="OSDButton">
                            <param name="texture" value="osd/fullscreen/buttons/previous.png"/>
                        </include>
                        <onclick>PlayerControl(Previous)</onclick>
                        <visible>Player.ChapterCount | Integer.IsGreater(Playlist.Length(video),1) | [Player.SeekEnabled + VideoPlayer.Content(livetv)]</visible>
                    </control>
                    <control type="radiobutton" id="601">
                        <include content="OSDButton">
                            <param name="texture" value="osd/fullscreen/buttons/rewind.png"/>
                        </include>
                        <onclick>PlayerControl(Rewind)</onclick>
                        <visible>[Player.SeekEnabled + !VideoPlayer.Content(livetv)] + !Player.Paused</visible>
                    </control>
                    <control type="group" id="698">
                        <width>48</width>
                        <height>48</height>
                        <visible>Player.PauseEnabled</visible>
                        <control type="button" id="602">
                            <left>0</left>
                            <top>0</top>
                            <width>48</width>
                            <height>48</height>
                            <label/>
                            <font/>
                            <texturefocus colordiffuse="$VAR[ColorHighlight]">osd/fullscreen/buttons/button-fo.png</texturefocus>
                            <texturenofocus/>
                            <onleft>601</onleft>
                            <onright>603</onright>
                            <onup condition="String.IsEqual(Window(home).Property(show_ext_info),True)">87</onup>
                            <onup condition="String.IsEmpty(Window(home).Property(show_ext_info))">SetProperty(show_ext_info,True,home)</onup>
                            <ondown>ClearProperty(show_ext_info,home)</ondown>
                            <onclick>PlayerControl(Play)</onclick>
                        </control>
                        <control type="image">
                            <left>0</left>
                            <top>0</top>
                            <width>48</width>
                            <height>48</height>
                            <animation center="38,38" effect="zoom" end="100" reversible="false" start="95" time="480" tween="back" condition="Control.HasFocus(602)">Conditional</animation>
                            <texture colordiffuse="white">$VAR[PlayerControlsPlayImageVar]</texture>
                        </control>
                    </control>
                    <control type="radiobutton" id="603">
                        <include content="OSDButton">
                            <param name="texture" value="osd/fullscreen/buttons/stop.png"/>
                        </include>
                        <onclick>PlayerControl(Stop)</onclick>
                    </control>
                    <control type="radiobutton" id="606">
                        <include content="OSDButton">
                            <param name="texture" value="osd/fullscreen/buttons/forward.png"/>
                        </include>
                        <onclick>PlayerControl(Forward)</onclick>
                        <visible>[Player.SeekEnabled + !VideoPlayer.Content(livetv)] + !Player.Paused</visible>
                    </control>
                    <control type="radiobutton" id="607">
                        <include content="OSDButton">
                            <param name="texture" value="osd/fullscreen/buttons/next.png"/>
                        </include>
                        <onclick>PlayerControl(Next)</onclick>
                        <visible>Player.ChapterCount | Integer.IsGreater(Playlist.Length(video),1) | PVR.IsTimeShift</visible>
                    </control>
                    <control type="radiobutton" id="608">
                        <textureradioonfocus colordiffuse="white">osd/fullscreen/buttons/record-white.png</textureradioonfocus>
                        <textureradioonnofocus>osd/fullscreen/buttons/record-white.png</textureradioonnofocus>
                        <textureradioofffocus colordiffuse="white">osd/fullscreen/buttons/record.png</textureradioofffocus>
                        <textureradiooffnofocus>osd/fullscreen/buttons/record.png</textureradiooffnofocus>
                        <texturefocus colordiffuse="$VAR[ColorHighlight]">osd/fullscreen/buttons/button-fo.png</texturefocus>
                        <width>48</width>
                        <animation center="38,38" effect="zoom" end="100" reversible="false" start="95" time="480" tween="back">Focus</animation>
                        <height>48</height>
                        <radiowidth>46</radiowidth>
                        <radioheight>46</radioheight>
                        <font/>
                        <texturenofocus/>
                        <radioposx>1</radioposx>
                        <radioposy>0</radioposy>
                        <selected>!PVR.IsRecordingPlayingChannel</selected>
                        <onclick>PVR.ToggleRecordPlayingChannel</onclick>
                        <visible>PVR.CanRecordPlayingChannel</visible>
                        <visible>VideoPlayer.Content(livetv)</visible>
                    </control>
                    <control type="radiobutton" id="804">
                        <include content="OSDButton">
                            <param name="texture" value="osd/fullscreen/buttons/home.png"/>
                        </include>
                        <onclick>PlayerControl(ShowVideoMenu)</onclick>
                        <visible>VideoPlayer.HasMenu</visible>
                    </control>
                    <control type="radiobutton" id="70042">
                        <include content="OSDButton">
                            <param name="texture" value="osd/fullscreen/buttons/playlist.png"/>
                        </include>
                        <onclick>Dialog.Close(all, true)</onclick>
                        <onclick>ActivateWindow(videoplaylist)</onclick>
                        <visible>Integer.IsGreater(Playlist.Length(video),1)</visible>
                    </control>
                    <control type="radiobutton" id="70043">
                        <include content="OSDButton">
                            <param name="texture" value="osd/fullscreen/buttons/information.png"/>
                        </include>
                        <onclick>Info</onclick>
                        <onclick condition="String.IsEmpty(Window(home).Property(show_ext_info))">SetProperty(show_ext_info,True,home)</onclick>
                        <onclick condition="String.IsEqual(Window(home).Property(show_ext_info),True)">ClearProperty(show_ext_info,home)</onclick>
                    </control>
                    <control type="radiobutton" id="70044">
                        <include content="OSDButton">
                            <param name="texture" value="osd/fullscreen/buttons/bookmarks.png"/>
                        </include>
                        <onclick>ActivateWindow(videobookmarks)</onclick>
                        <visible>!VideoPlayer.Content(livetv)</visible>
                    </control>
                    <control type="radiobutton" id="70045">
                        <include content="OSDButton">
                            <param name="texture" value="osd/fullscreen/buttons/teletext.png"/>
                        </include>
                        <onclick>Dialog.Close(VideoOSD)</onclick>
                        <onclick>ActivateWindow(Teletext)</onclick>
                        <visible>VideoPlayer.HasTeletext</visible>
                    </control>
                    <control type="radiobutton" id="70046">
                        <include content="OSDButton">
                            <param name="texture" value="osd/fullscreen/buttons/settings-subtitle.png"/>
                        </include>
                        <onclick>ActivateWindow(osdsubtitlesettings)</onclick>
                        <visible>!VideoPlayer.Content(LiveTV) | VideoPlayer.HasSubtitles</visible>
                    </control>
                    <control type="radiobutton" id="70047">
                        <include content="OSDButton">
                            <param name="texture" value="osd/fullscreen/buttons/stereoscopic.png"/>
                        </include>
                        <visible>VideoPlayer.IsStereoscopic</visible>
                        <onclick>SetProperty(settingslist_content,3d,home)</onclick>
                        <onclick>SetProperty(settingslist_header,$LOCALIZE[36501],home)</onclick>
                        <onclick>ActivateWindow(1101)</onclick>
                    </control>
                    <control type="radiobutton" id="70048">
                        <include content="OSDButton">
                            <param name="texture" value="osd/fullscreen/buttons/settings.png"/>
                        </include>
                        <onclick>SetProperty(settingslist_content,osd,home)</onclick>
                        <onclick>SetProperty(settingslist_header,$LOCALIZE[5],home)</onclick>
                        <onclick>ActivateWindow(1101)</onclick>
                    </control>
                </control>
            </control>
            <control type="group" id="6000">
                <top>60</top>
                <visible>Player.SeekEnabled</visible>
                <control type="button" id="87">
                    <include>HiddenObject</include>
                    <onup>noop</onup>
                    <ondown>ClearProperty(show_ext_info,home)</ondown>
                    <ondown>200</ondown>
                    <onleft>StepBack</onleft>
                    <onright condition="!Player.Paused">StepForward</onright>
                    <onright condition="Player.Paused">PlayerControl(FrameAdvance(1))</onright>
                </control>
                <control type="slider">
                    <left>50</left>
                    <width>95%</width>
                    <height>16</height>
                    <texturesliderbar/>
                    <textureslidernib/>
                    <textureslidernibfocus/>
                    <info>Player.Progress</info>
                    <onup>200</onup>
                    <ondown>200</ondown>
                    <action>seek</action>
                    <visible>!Control.HasFocus(87) + !VideoPlayer.Content(LiveTV)</visible>
                </control>
                <control type="slider">
                    <left>50</left>
                    <width>95%</width>
                    <height>16</height>
                    <texturesliderbar/>
                    <textureslidernib/>
                    <textureslidernibfocus/>
                    <info>Player.Progress</info>
                    <onup>200</onup>
                    <ondown>200</ondown>
                    <action>seek</action>
                    <visible>Control.HasFocus(87) + !VideoPlayer.Content(LiveTV)</visible>
                </control>
                <control type="slider">
                    <left>50</left>
                    <width>95%</width>
                    <height>16</height>
                    <texturesliderbar/>
                    <textureslidernib/>
                    <textureslidernibfocus/>
                    <info>PVR.TimeshiftProgressPlayPos</info>
                    <onup>200</onup>
                    <ondown>200</ondown>
                    <action>pvr.seek</action>
                    <visible>!Control.HasFocus(87) + VideoPlayer.Content(LiveTV)</visible>
                </control>
                <control type="slider">
                    <left>50</left>
                    <width>95%</width>
                    <height>16</height>
                    <texturesliderbar/>
                    <textureslidernib/>
                    <textureslidernibfocus/>
                    <info>PVR.TimeshiftProgressPlayPos</info>
                    <onup>200</onup>
                    <ondown>200</ondown>
                    <action>pvr.seek</action>
                    <visible>Control.HasFocus(87) + VideoPlayer.Content(LiveTV)</visible>
                </control>
            </control>
        </definition>
    </include>
</includes>
