<?xml version="1.0" encoding="UTF-8"?>
<window>
    <defaultcontrol always="true">50</defaultcontrol>
    <backgroundcolor>Background</backgroundcolor>
    <views>55,51,52,53,54,500,50</views>
    <menucontrol>9000</menucontrol>
    <include>OpenClose_Animation</include>
    <controls>
        <include>DefaultBackground</include>
        <control type="group">
            <animation effect="fade" start="100" end="0" time="200" tween="sine" condition="$EXP[infodialog_active]">Conditional</animation>
            <include>View_50_List</include>
            <include>View_51_Poster</include>
            <include>View_52_IconWall</include>
            <include>View_53_Shift</include>
            <include>View_54_InfoWall</include>
            <include>View_55_WideList</include>
            <include>View_500_Wall</include>
            <include>CommonScrollbars</include>
            <control type="group">
                <visible>Control.IsVisible(55)</visible>
                <include>ListThumbInfoPanel</include>
            </control>
            <control type="group">
                <visible>Control.IsVisible(50) | Control.Isvisible(54) | [Control.IsVisible(501) + String.IsEqual(Skin.AspectRatio,21:9)]</visible>
                <include content="ContentPanel">
                    <param name="width" value="656"/>
                </include>
                <control type="group">
                    <width>550</width>
                    <control type="textbox">
                        <top>120</top>
                        <left>30</left>
                        <width>550</width>
                        <aligny>center</aligny>
                        <height>110</height>
                        <font>font36_title</font>
                        <label>$INFO[ListItem.Label]</label>
                    </control>
                    <control type="textbox">
                        <left>30</left>
                        <top>240</top>
                        <width>525</width>
                        <bottom>100</bottom>
                        <visible>!ListItem.IsCollection</visible>
                        <label>$INFO[ListItem.Tagline,[I],[/I][CR][CR]]$INFO[ListItem.Plot][CR][CR]</label>
                        <autoscroll delay="10000" time="3000" repeat="10000">Skin.HasSetting(autoscroll)</autoscroll>
                    </control>
                    <control type="textbox">
                        <left>30</left>
                        <top>360</top>
                        <width>530</width>
                        <height>413</height>
                        <align>center</align>
                        <aligny>center</aligny>
                        <font>font27</font>
                        <textcolor>80FFFFFF</textcolor>
                        <label>$LOCALIZE[19055]</label>
                        <visible>String.IsEmpty(Listitem.Plot) + String.IsEmpty(Listitem.Tagline) + !ListItem.IsCollection + !ListItem.IsParentFolder</visible>
                    </control>
                    <control type="group">
                        <left>20</left>
                        <top>245</top>
                        <visible>ListItem.IsCollection + String.IsEmpty(ListItem.Plot)</visible>
                        <include content="InfoList">
                            <param name="bottom" value="108"/>
                            <param name="width" value="540"/>
                            <param name="sortby" value="year"/>
                            <param name="sortorder" value="ascending"/>
                            <param name="font" value="font13"/>
                        </include>
                    </control>
                </control>
            </control>
            <include content="TopBar">
                <param name="breadcrumbs_label" value="$VAR[BreadcrumbsGameVar]"/>
            </include>
            <include content="BottomBar">
                <param name="info_visible" value="true"/>
            </include>
            <include>MediaMenuMouseOverlay</include>
            <control type="group">
                <include content="MediaMenuCommon">
                    <param name="visible">$EXP[MediaMenu]</param>
                    <param name="onleft">50</param>
                    <param name="onright">50</param>
                    <param name="onback">50</param>
                </include>
            </control>
            <include>Defs_MediaMenuCommon</include>
        </control>
    </controls>
</window>
