<?xml version="1.0" encoding="UTF-8"?>
<window>
    <defaultcontrol always="true">55</defaultcontrol>
    <backgroundcolor>Background</backgroundcolor>
    <menucontrol>9000</menucontrol>
    <views>55,503</views>
    <include>OpenClose_Animation</include>
    <controls>
        <include>DefaultBackground</include>
        <control type="group">
            <animation effect="fade" start="100" end="0" time="200" tween="sine" condition="$EXP[infodialog_active]">Conditional</animation>
            <include>View_55_WideList</include>
            <include condition="Window.IsActive(musicplaylist)">View_503_NowPlaying</include>
            <include>CommonScrollbars</include>
            <control type="group">
                <include>ListThumbInfoPanel</include>
            </control>
            <include content="TopBar" condition="Window.IsActive(videoplaylist)">
                <param name="breadcrumbs_label" value="$LOCALIZE[31065]"/>
                <param name="sublabel">$LOCALIZE[31073] - $INFO[Container.TotalTime,,  •  ]$INFO[Container.CurrentItem,,/]$INFO[Container.NumItems]</param>
            </include>
            <include content="TopBar" condition="Window.IsActive(musicplaylist)">
                <param name="breadcrumbs_label" value="$LOCALIZE[31066]"/>
                <param name="sublabel">$LOCALIZE[31074] - $INFO[Container.TotalTime]</param>
            </include>
            <include content="BottomBar">
                <param name="info_visible" value="true"/>
            </include>
            <control type="group">
                <visible>!Container.Content(songs)</visible>
                <bottom>0</bottom>
                <height>70</height>
                <animation effect="fade" start="0" end="100" time="300" delay="300">WindowOpen</animation>
                <animation effect="fade" start="100" end="0" time="200">WindowClose</animation>
                <include condition="!Skin.HasSetting(hide_mediaflags)">MediaFlags</include>
            </control>
            <include>MediaMenuMouseOverlay</include>
            <control type="group">
                <include content="MediaMenuCommon">
                    <param name="visible">$EXP[MediaMenu]</param>
                    <param name="onleft">50</param>
                    <param name="onright">50</param>
                    <param name="onback">50</param>
                </include>
            </control>
            <include>Defs_MediaMenuCommon</include>
        </control>
    </controls>
</window>
