<?xml version="1.0" encoding="UTF-8"?>
<window>
    <defaultcontrol always="true">52</defaultcontrol>
    <backgroundcolor>Background</backgroundcolor>
    <views>50,52,55,500</views>
    <menucontrol>9000</menucontrol>
    <include>OpenClose_Animation</include>
    <controls>
        <include>DefaultBackground</include>
        <control type="group">
            <animation effect="fade" start="100" end="0" time="200" tween="sine" condition="$EXP[infodialog_active]">Conditional</animation>
            <include>View_50_List</include>
            <include>View_52_IconWall</include>
            <include>View_55_WideList</include>
            <include>View_500_Wall</include>
            <control type="group">
                <visible>Control.IsVisible(55)</visible>
                <include>ListThumbInfoPanel</include>
            </control>
            <include content="TopBar">
                <param name="breadcrumbs_label" value="$LOCALIZE[10001]"/>
            </include>
            <include content="BottomBar">
                <param name="info_visible" value="true"/>
            </include>
            <include>MediaMenuMouseOverlay</include>
            <control type="group">
                <include content="MediaMenuCommon">
                    <param name="visible">$EXP[MediaMenu]</param>
                    <param name="onleft">50</param>
                    <param name="onright">50</param>
                    <param name="onback">50</param>
                </include>
            </control>
            <include>Defs_MediaMenuCommon</include>
        </control>
    </controls>
</window>
