<?xml version="1.0" encoding="UTF-8"?>
<window>
    <defaultcontrol always="true">50</defaultcontrol>
    <backgroundcolor>Background</backgroundcolor>
    <views>50,51</views>
    <menucontrol>9000</menucontrol>
    <include>OpenClose_Animation</include>
    <controls>
        <include>DefaultBackground</include>
        <control type="group">
            <width>1600</width>
            <centerleft>50%</centerleft>
            <control type="image">
                <left>30</left>
                <top>200</top>
                <width>1570</width>
                <height>800</height>
                <texture colordiffuse="AltPosterBack" border="6">common/box.png</texture>
                <visible>Control.IsVisible(50)</visible>
            </control>
            <control type="image">
                <left>30</left>
                <top>520</top>
                <width>1600</width>
                <height>500</height>
                <texture colordiffuse="AltPosterBack" border="6">common/box.png</texture>
                <visible>Control.IsVisible(51)</visible>
            </control>
            <control type="image">
                <top>520</top>
                <left>830</left>
                <width>800</width>
                <height>500</height>
                <texture colordiffuse="main_fg_12" border="6" flipx="true">dialogs/dialog-half.png</texture>
                <visible>Control.IsVisible(51)</visible>
            </control>
            <control type="group">
                <top>120</top>
                <left>30</left>
                <visible>Control.HasFocus(51)</visible>
                <control type="group">
                    <include content="Object_Info_Line">
                        <param name="visible_infoline" value="true"/>
                    </include>
                </control>
                <control type="textbox">
                    <top>60</top>
                    <left>0</left>
                    <width>1600</width>
                    <height>210</height>
                    <font>font12</font>
                    <textcolor>b3ededed</textcolor>
                    <scroll>Skin.HasSetting(autoscroll)</scroll>
                    <label>$INFO[ListItem.Plot]</label>
                </control>
            </control>
            <animation effect="fade" start="100" end="0" time="200" tween="sine" condition="$EXP[infodialog_active]">Conditional</animation>
            <control type="group">
                <control type="list" id="11">
                    <top>120</top>
                    <centerleft>50%</centerleft>
                    <width>1600</width>
                    <align>center</align>
                    <ondown>50</ondown>
                    <onup>SetFocus(9000)</onup>
                    <orientation>horizontal</orientation>
                    <animation effect="slide" start="0" end="0,340" time="0" condition="Control.IsVisible(51)">Conditional</animation>
                    <scrolltime tween="cubic" easing="out">500</scrolltime>
                    <itemlayout width="160">
                        <control type="label">
                            <left>30</left>
                            <top>3</top>
                            <width>auto</width>
                            <height>22</height>
                            <font>font_tiny_hintlabel</font>
                            <aligny>center</aligny>
                            <align>center</align>
                            <textcolor>white</textcolor>
                            <label>$INFO[ListItem.Label]</label>
                        </control>
                    </itemlayout>
                    <focusedlayout width="160">
                        <control type="label">
                            <left>30</left>
                            <top>3</top>
                            <width>auto</width>
                            <height>22</height>
                            <font>font_tiny_hintlabel</font>
                            <aligny>center</aligny>
                            <align>center</align>
                            <textcolor>$VAR[ColorHighlight]</textcolor>
                            <label>$INFO[ListItem.Label]</label>
                        </control>
                    </focusedlayout>
                </control>
                <control type="fixedlist" id="50">
                    <top>200</top>
                    <left>33</left>
                    <bottom>80</bottom>
                    <onleft>SetFocus(9000)</onleft>
                    <onright>11</onright>
                    <onup>50</onup>
                    <ondown>50</ondown>
                    <movement>3</movement>
                    <focusposition>3</focusposition>
                    <scrolltime tween="cubic" easing="out">500</scrolltime>
                    <viewtype label="535">list</viewtype>
                    <include content="PVRListItemLayouts">
                        <param name="width" value="770"/>
                        <param name="width_next" value="640"/>
                    </include>
                </control>
                <control type="image">
                    <texture colordiffuse="main_fg_12" border="6" flipx="true">dialogs/dialog-half.png</texture>
                    <top>200</top>
                    <right>0</right>
                    <width>800</width>
                    <height>800</height>
                    <visible>Control.IsVisible(50)</visible>
                </control>
                <control type="fixedlist" id="51">
                    <left>33</left>
                    <height>500</height>
                    <top>520</top>
                    <bottom>80</bottom>
                    <onleft>SetFocus(9000)</onleft>
                    <onright>11</onright>
                    <onup>51</onup>
                    <ondown>51</ondown>
                    <movement>1</movement>
                    <focusposition>1</focusposition>
                    <scrolltime tween="cubic" easing="out">500</scrolltime>
                    <viewtype label="31429">list</viewtype>
                    <include content="PVRListItemLayouts">
                        <param name="width" value="770"/>
                        <param name="width_next" value="640"/>
                    </include>
                </control>
            </control>
            <include content="TopBar">
                <param name="breadcrumbs_label" value="$VAR[BreadcrumbsPVRChannelsVar]"/>
            </include>
            <include>PVRChannelNumberInput</include>
        </control>
        <control type="group">
            <include content="MediaMenuCommon">
                <param name="visible">$EXP[MediaMenu]</param>
                <param name="onleft">50</param>
                <param name="onright">50</param>
                <param name="onback">50</param>
            </include>
        </control>
        <include>Defs_MediaMenuCommon</include>
        <control type="button" id="28">
            <include>HiddenObject</include>
        </control>
        <control type="label" id="29">
            <font/>
            <include>HiddenObject</include>
        </control>
        <control type="label" id="30">
            <font/>
            <include>HiddenObject</include>
        </control>
    </controls>
</window>
