<?xml version="1.0" encoding="UTF-8"?>
<window>
    <defaultcontrol always="true">50</defaultcontrol>
    <backgroundcolor>Background</backgroundcolor>
    <views>50,510,51,52,53,54,55,56,57,500,501,502</views>
    <menucontrol>9000</menucontrol>
    <controls>
        <include>DefaultBackground</include>
        <control type="group">
            <include>OpenClose_Animation</include>
            <animation effect="fade" start="100" end="0" time="200" tween="sine" condition="$EXP[infodialog_active]">Conditional</animation>
            <visible>$EXP[MyVideoNav_Ready]</visible>
            <include>View_50_List</include>
            <include>View_510_Flix</include>
            <include>View_51_Poster</include>
            <include>View_52_IconWall</include>
            <include>View_53_Shift</include>
            <include>View_54_InfoWall</include>
            <include>View_55_WideList</include>
            <include>View_56_Posters</include>
            <include>View_57_kFanart</include>
            <include>View_500_Wall</include>
            <include>View_501_Banner</include>
            <include>View_502_FanArt</include>
            <control type="group">
                <visible>Control.IsVisible(55)</visible>
                <include>ListThumbInfoPanel</include>
            </control>
        </control>
        <include content="TopBar">
            <param name="breadcrumbs_label" value="$VAR[BreadcrumbsVideoVar]"/>
        </include>
        <control type="group">
            <include content="MediaMenuCommon">
                <param name="visible">$EXP[MediaMenu]</param>
                <param name="onleft">50</param>
                <param name="onright">50</param>
                <param name="onback">50</param>
            </include>
        </control>
        <include>Defs_MediaMenuCommon</include>
    </controls>
</window>
