<?xml version="1.0" encoding="UTF-8"?>
<includes>
    <include name="View_52_IconWall">
        <control type="group">
            <left>60</left>
            <top>120</top>
            <visible>Control.IsVisible(52)</visible>
            <control type="panel" id="52">
                <left>0</left>
                <top>0</top>
                <width>1800</width>
                <height>100%</height>
                <onup>SetFocus(9000)</onup>
                <ondown>52</ondown>
                <scrolltime tween="cubic" easing="out">500</scrolltime>
                <visible>Container.Content() | Container.Content(tags) | Container.Content(years) | Container.Content(roles) | Container.Content(sources) | Container.Content(genres) | Container.Content(countries) | Container.Content(studios) | Container.Content(playlists) | Container.Content(unknown) | Container.Content(addons)</visible>
                <viewtype label="31099">icon</viewtype>
                <include content="View_Forced">
                    <param name="string" value="$LOCALIZE[31099]"/>
                </include>
                <itemlayout height="301" width="300" condition="Container.Content() | Container.Content(tags) | Container.Content(playlists) | [Container.Content(studios) + System.AddonIsEnabled(resource.images.studios.white)]">
                    <control type="group">
                        <top>30</top>
                        <include content="InfoWallEpisodeLayout">
                            <param name="focused" value="false"/>
                        </include>
                    </control>
                </itemlayout>
                <focusedlayout height="301" width="300" condition="Container.Content() | Container.Content(tags) | Container.Content(playlists) | [Container.Content(studios) + System.AddonIsEnabled(resource.images.studios.white)]">
                    <control type="group">
                        <top>30</top>
                        <width>320</width>
                        <height>320</height>
                        <include content="InfoWallEpisodeLayout">
                            <param name="focused" value="true"/>
                        </include>
                        <include content="Selectbox">
                            <param name="visible_posters" value="false"/>
                            <param name="visible_squares" value="true"/>
                            <param name="visible_landscapes" value="false"/>
                        </include>
                    </control>
                </focusedlayout>
                <itemlayout height="301" width="300" condition="Container.Content(genres) | Container.Content(sources) | Container.Content(years) | Container.Content(roles) | Container.Content(countries) | [Container.Content(studios) + !System.AddonIsEnabled(resource.images.studios.white)]">
                    <control type="group">
                        <top>30</top>
                        <include content="InfoWallEpisodeLayout">
                            <param name="focused" value="false"/>
                        </include>
                    </control>
                </itemlayout>
                <focusedlayout height="301" width="300" condition="Container.Content(genres) | Container.Content(sources) | Container.Content(years) | Container.Content(roles) | Container.Content(countries) | [Container.Content(studios) + !System.AddonIsEnabled(resource.images.studios.white)]">
                    <control type="group">
                        <top>30</top>
                        <width>320</width>
                        <height>320</height>
                        <include content="InfoWallEpisodeLayout">
                            <param name="focused" value="true"/>
                        </include>
                        <include content="Selectbox">
                            <param name="visible_posters" value="false"/>
                            <param name="visible_squares" value="true"/>
                            <param name="visible_landscapes" value="false"/>
                        </include>
                    </control>
                </focusedlayout>
            </control>
        </control>
    </include>
</includes>
