<?xml version="1.0" encoding="UTF-8"?>
<includes>
    <include name="View_502_FanArt">
        <control type="group">
            <top>120</top>
            <visible>Control.IsVisible(502)</visible>
            <control type="fixedlist" id="502">
                <left>-5</left>
                <right>1195</right>
                <top>list_y_offset</top>
                <bottom>list_y_offset</bottom>
                <movement>3</movement>
                <focusposition>4</focusposition>
                <scrolltime tween="cubic" easing="out">500</scrolltime>
                <orientation>vertical</orientation>
                <pagecontrol>60</pagecontrol>
                <onup>SetFocus(9000)</onup>
                <ondown>502</ondown>
                <viewtype label="$LOCALIZE[20445]">list</viewtype>
                <include content="View_Forced">
                    <param name="string" value="$LOCALIZE[20445]"/>
                </include>
                <focusedlayout height="list_item_height">
                    <control type="group">
                        <left>0</left>
                        <right>0</right>
                        <top>0</top>
                        <bottom>0</bottom>
                        <control type="image">
                            <texture colordiffuse="$VAR[ColorHighlight]" border="10">common/box.png</texture>
                        </control>
                        <control type="image">
                            <texture colordiffuse="$VAR[ColorGradient]" border="10">common/box-gradient.png</texture>
                        </control>
                        <visible>Control.HasFocus(502)</visible>
                    </control>
                    <control type="label">
                        <left>130</left>
                        <right>70</right>
                        <top>0</top>
                        <bottom>0</bottom>
                        <aligny>center</aligny>
                        <scroll>true</scroll>
                        <font>font27</font>
                        <textcolor>white</textcolor>
                        <label>$INFO[ListItem.Year]</label>
                    </control>
                    <control type="label">
                        <left>240</left>
                        <right>70</right>
                        <top>0</top>
                        <bottom>0</bottom>
                        <aligny>center</aligny>
                        <font>font27</font>
                        <textcolor>white</textcolor>
                        <label>$VAR[ListLabelVarExtended]</label>
                    </control>
                    <control type="label">
                        <top>0</top>
                        <bottom>0</bottom>
                        <left>100</left>
                        <right>20</right>
                        <align>right</align>
                        <aligny>center</aligny>
                        <font>font12</font>
                        <textcolor>white</textcolor>
                        <label>$VAR[ListLabel2Var]</label>
                        <animation effect="fade" start="70" end="100" time="300" reversible="false">Focus</animation>
                    </control>
                    <control type="image">
                        <left>201</left>
                        <centertop>50%</centertop>
                        <width>32</width>
                        <height>32</height>
                        <texture>$VAR[ListWatchedIconVar]</texture>
                        <animation effect="fade" start="30" end="100" time="300" reversible="false">Focus</animation>
                    </control>
                    <control type="image">
                        <left>201</left>
                        <centertop>50%</centertop>
                        <width>32</width>
                        <height>32</height>
                        <texture colordiffuse="$VAR[ColorHighlight]">$VAR[ListWatchedIconVar]</texture>
                        <animation effect="fade" start="0" end="100" time="300" reversible="false">Focus</animation>
                        <animation effect="fade" time="150">VisibleChange</animation>
                        <visible>!Control.HasFocus(502)</visible>
                    </control>
                </focusedlayout>
                <itemlayout height="list_item_height">
                    <control type="label">
                        <left>130</left>
                        <right>70</right>
                        <top>0</top>
                        <bottom>0</bottom>
                        <aligny>center</aligny>
                        <scroll>true</scroll>
                        <font>font27</font>
                        <textcolor>b3ededed</textcolor>
                        <label>$INFO[ListItem.Year]</label>
                    </control>
                    <control type="label">
                        <left>240</left>
                        <right>70</right>
                        <top>0</top>
                        <bottom>0</bottom>
                        <aligny>center</aligny>
                        <font>font27</font>
                        <textcolor>b3ededed</textcolor>
                        <label>$VAR[ListLabelVarExtended]</label>
                    </control>
                    <control type="label">
                        <left>20</left>
                        <right>20</right>
                        <top>0</top>
                        <bottom>0</bottom>
                        <align>right</align>
                        <aligny>center</aligny>
                        <font>font12</font>
                        <textcolor>b3ededed</textcolor>
                        <label>$VAR[ListLabel2Var]</label>
                    </control>
                    <control type="image">
                        <left>201</left>
                        <centertop>50%</centertop>
                        <width>32</width>
                        <height>32</height>
                        <texture colordiffuse="white">$VAR[ListWatchedIconVar]</texture>
                    </control>
                </itemlayout>
            </control>
            <include content="Object_Scrollbar_Vert">
                <param name="visible" value="Control.IsVisible(50)"/>
                <param name="left" value="0"/>
            </include>
        </control>
        <control type="group">
            <visible>Control.IsVisible(502)</visible>
            <control type="group">
                <top>120</top>
                <right>-20</right>
                <width>1235</width>
                <control type="image">
                    <left>38</left>
                    <right>36</right>
                    <top>300</top>
                    <height>644</height>
                    <fadetime>300</fadetime>
                    <texture border="2" fallback="special://skin/extras/home-images/movie.jpg" background="true" diffuse="diffuse/landscape-big.png">$VAR[FanartImageVar]</texture>
                    <aspectratio align="center" aligny="bottom" scalediffuse="false">scale</aspectratio>
                    <bordertexture border="28">common/shadow-24.png</bordertexture>
                    <bordersize>22</bordersize>
                </control>
                <include content="Object_Item_PrimeShowcase">
                    <param name="left" value="70"/>
                    <param name="title" value="$VAR[Label_Title]"/>
                    <param name="title_top" value="0"/>
                    <param name="title_width" value="1200"/>
                    <param name="title_visible" value="true"/>
                    <param name="plot" value="$VAR[Label_PlotTextBoxPrimeVar]"/>
                    <param name="plot_top" value="120"/>
                    <param name="info_line_top" value="230"/>
                    <param name="rating_top" value="260"/>
                    <param name="clearlogo_visible" value="false"/>
                </include>
            </control>
        </control>
    </include>
</includes>
