<?xml version="1.0" encoding="UTF-8"?>
<includes>
    <include name="View_55_WideList">
        <control type="group">
            <top>120</top>
            <visible>Control.IsVisible(55)</visible>
            <control type="image">
                <centerleft>50%</centerleft>
                <height>780</height>
                <width>1600</width>
                <texture colordiffuse="AltPosterBack" border="12">common/box.png</texture>
                <bordertexture border="40">common/shadow-24.png</bordertexture>
                <bordersize>24</bordersize>
            </control>
            <control type="fixedlist" id="55">
                <top>30</top>
                <bottom>30</bottom>
                <left>184</left>
                <width>1060</width>
                <height>710</height>
                <scrolltime tween="cubic" easing="out">500</scrolltime>
                <orientation>vertical</orientation>
                <pagecontrol>60</pagecontrol>
                <movement>3</movement>
                <focusposition>4</focusposition>
                <onright>60</onright>
                <onleft>SetFocus(9000)</onleft>
                <ondown>55</ondown>
                <viewtype label="$LOCALIZE[31107]">list</viewtype>
                <include content="View_Forced">
                    <param name="string" value="$LOCALIZE[31107]"/>
                </include>
                <focusedlayout height="list_item_height" condition="Container.Content(tvshows) | Container.Content(seasons) | Container.Content(episodes) | Container.Content(movies) | Container.Content(musicvideos) | Container.Content(videos) | Container.Content(games) | Window.IsActive(videoplaylist) | Window.IsActive(musicplaylist)">
                    <control type="group">
                        <control type="image">
                            <texture colordiffuse="$VAR[ColorHighlight]" border="10">common/box.png</texture>
                        </control>
                        <control type="image">
                            <texture colordiffuse="$VAR[ColorGradient]" border="10">common/box-gradient.png</texture>
                        </control>
                        <visible>Control.HasFocus(55)</visible>
                    </control>
                    <control type="image">
                        <left>95</left>
                        <centertop>50%</centertop>
                        <width>32</width>
                        <height>32</height>
                        <texture>$VAR[ListWatchedIconVar]</texture>
                    </control>
                    <control type="label">
                        <left>165</left>
                        <top>0</top>
                        <bottom>0</bottom>
                        <right>40</right>
                        <aligny>center</aligny>
                        <textcolor>white</textcolor>
                        <label>$VAR[ListLabelVarExtended]</label>
                    </control>
                    <control type="label">
                        <left>165</left>
                        <top>0</top>
                        <bottom>0</bottom>
                        <right>80</right>
                        <align>right</align>
                        <aligny>center</aligny>
                        <textcolor>white</textcolor>
                        <label>$VAR[ListLabel2Var]</label>
                    </control>
                </focusedlayout>
                <itemlayout height="list_item_height" condition="Container.Content(tvshows) | Container.Content(seasons) | Container.Content(episodes) | Container.Content(movies) | Container.Content(musicvideos) | Container.Content(videos) | Container.Content(games) | Window.IsActive(videoplaylist) | Window.IsActive(musicplaylist)">
                    <control type="image">
                        <left>95</left>
                        <centertop>50%</centertop>
                        <width>32</width>
                        <height>32</height>
                        <texture colordiffuse="b3ededed">$VAR[ListWatchedIconVar]</texture>
                    </control>
                    <control type="label">
                        <left>165</left>
                        <top>0</top>
                        <bottom>0</bottom>
                        <right>40</right>
                        <aligny>center</aligny>
                        <textcolor>b3ededed</textcolor>
                        <label>$VAR[ListLabelVarExtended]</label>
                    </control>
                    <control type="label">
                        <left>165</left>
                        <top>0</top>
                        <bottom>0</bottom>
                        <right>80</right>
                        <align>right</align>
                        <aligny>center</aligny>
                        <textcolor>b3ededed</textcolor>
                        <label>$VAR[ListLabel2Var]</label>
                    </control>
                </itemlayout>
                <focusedlayout height="list_item_height" condition="!Container.Content(songs) + !Container.Content(addons) + !Container.Content(playlists) + !Container.Content() + !Container.Content(tvshows) + !Container.Content(seasons) + !Container.Content(episodes) + !Container.Content(movies) + !Container.Content(musicvideos) + !Container.Content(videos)">
                    <control type="group">
                        <left>0</left>
                        <right>0</right>
                        <bottom>0</bottom>
                        <control type="image">
                            <texture colordiffuse="$VAR[ColorHighlight]" border="10">common/box.png</texture>
                        </control>
                        <control type="image">
                            <texture colordiffuse="$VAR[ColorGradient]" border="10">common/box-gradient.png</texture>
                        </control>
                        <visible>Control.HasFocus(55)</visible>
                    </control>
                    <control type="image">
                        <left>35</left>
                        <centertop>50%</centertop>
                        <width>32</width>
                        <height>32</height>
                        <texture>$VAR[ListWatchedIconVar]</texture>
                    </control>
                    <control type="label">
                        <left>105</left>
                        <top>0</top>
                        <bottom>0</bottom>
                        <right>40</right>
                        <aligny>center</aligny>
                        <scroll>true</scroll>
                        <textcolor>white</textcolor>
                        <label>$INFO[ListItem.Label]</label>
                    </control>
                    <control type="label">
                        <left>105</left>
                        <top>0</top>
                        <bottom>0</bottom>
                        <right>80</right>
                        <align>right</align>
                        <aligny>center</aligny>
                        <textcolor>white</textcolor>
                        <label>$VAR[ListLabel2Var]</label>
                    </control>
                </focusedlayout>
                <itemlayout height="list_item_height" condition="!Container.Content(songs) + !Container.Content(addons) + !Container.Content(playlists) + !Container.Content() + !Container.Content(tvshows) + !Container.Content(seasons) + !Container.Content(episodes) + !Container.Content(movies) + !Container.Content(musicvideos) + !Container.Content(videos)">
                    <control type="image">
                        <left>35</left>
                        <centertop>50%</centertop>
                        <width>32</width>
                        <height>32</height>
                        <texture colordiffuse="b3ededed">$VAR[ListWatchedIconVar]</texture>
                    </control>
                    <control type="label">
                        <left>105</left>
                        <top>0</top>
                        <bottom>0</bottom>
                        <right>40</right>
                        <aligny>center</aligny>
                        <textcolor>b3ededed</textcolor>
                        <label>$VAR[ListLabelVarExtended]</label>
                    </control>
                    <control type="label">
                        <left>105</left>
                        <top>0</top>
                        <bottom>0</bottom>
                        <right>80</right>
                        <align>right</align>
                        <aligny>center</aligny>
                        <textcolor>b3ededed</textcolor>
                        <label>$VAR[ListLabel2Var]</label>
                    </control>
                </itemlayout>
                <focusedlayout height="list_item_height" condition="Container.Content(playlists) | Container.Content()">
                    <control type="group">
                        <left>0</left>
                        <right>0</right>
                        <bottom>0</bottom>
                        <control type="image">
                            <texture colordiffuse="$VAR[ColorHighlight]" border="10">common/box.png</texture>
                        </control>
                        <control type="image">
                            <texture colordiffuse="$VAR[ColorGradient]" border="10">common/box-gradient.png</texture>
                        </control>
                        <visible>Control.HasFocus(55)</visible>
                    </control>
                    <control type="image">
                        <left>20</left>
                        <top>10</top>
                        <width>60</width>
                        <bottom>10</bottom>
                        <aspectratio>keep</aspectratio>
                        <texture>$INFO[ListItem.Icon]</texture>
                    </control>
                    <control type="label">
                        <left>105</left>
                        <top>0</top>
                        <bottom>0</bottom>
                        <right>100</right>
                        <aligny>center</aligny>
                        <scroll>true</scroll>
                        <textcolor>white</textcolor>
                        <label>$INFO[ListItem.Label]</label>
                    </control>
                </focusedlayout>
                <itemlayout height="list_item_height" condition="Container.Content(playlists) | Container.Content()">
                    <control type="image">
                        <left>20</left>
                        <top>10</top>
                        <width>60</width>
                        <bottom>10</bottom>
                        <aspectratio>keep</aspectratio>
                        <texture colordiffuse="b3ededed">$INFO[ListItem.Icon]</texture>
                    </control>
                    <control type="label">
                        <left>105</left>
                        <top>0</top>
                        <bottom>0</bottom>
                        <right>100</right>
                        <aligny>center</aligny>
                        <textcolor>b3ededed</textcolor>
                        <label>$INFO[ListItem.Label]</label>
                    </control>
                </itemlayout>
                <include condition="Window.IsActive(music)">SongsListLayout</include>
                <include>AddonsListLayout</include>
            </control>
            <control type="group">
                <top>25</top>
                <bottom>45</bottom>
                <include content="Object_Scrollbar_Vert">
                    <param name="visible" value="Control.IsVisible(55)"/>
                    <param name="left" value="1200"/>
                </include>
            </control>
        </control>
    </include>
    <include name="SongsListLayout">
        <focusedlayout height="80" condition="Container.Content(songs)">
            <control type="group">
                <left>0</left>
                <right>0</right>
                <height>80</height>
                <control type="image">
                    <texture colordiffuse="$VAR[ColorHighlight]" border="10">common/box.png</texture>
                </control>
                <control type="image">
                    <texture colordiffuse="$VAR[ColorGradient]" border="10">common/box-gradient.png</texture>
                </control>
                <visible>Control.hasFocus(55)</visible>
            </control>
            <control type="label">
                <left>35</left>
                <height>80</height>
                <right>40</right>
                <aligny>center</aligny>
                <scroll>true</scroll>
                <textcolor>white</textcolor>
                <label>$VAR[ListLabelVarExtended]</label>
            </control>
            <control type="label">
                <left>35</left>
                <height>80</height>
                <right>80</right>
                <align>right</align>
                <aligny>center</aligny>
                <textcolor>white</textcolor>
                <label>$VAR[ListLabel2Var]</label>
            </control>
        </focusedlayout>
        <itemlayout height="80" condition="Container.Content(songs)">
            <control type="label">
                <left>35</left>
                <height>80</height>
                <right>40</right>
                <aligny>center</aligny>
                <label>$VAR[ListLabelVarExtended]</label>
                <textcolor>b3ededed</textcolor>
            </control>
            <control type="label">
                <left>35</left>
                <height>80</height>
                <right>80</right>
                <align>right</align>
                <aligny>center</aligny>
                <label>$VAR[ListLabel2Var]</label>
                <textcolor>b3ededed</textcolor>
            </control>
        </itemlayout>
    </include>
    <include name="AddonsListLayout">
        <focusedlayout height="80" condition="Container.Content(addons)">
            <control type="group">
                <left>0</left>
                <right>0</right>
                <height>80</height>
                <control type="image">
                    <texture colordiffuse="$VAR[ColorHighlight]" border="10">common/box.png</texture>
                </control>
                <control type="image">
                    <texture colordiffuse="$VAR[ColorGradient]" border="10">common/box-gradient.png</texture>
                </control>
                <visible>Control.hasFocus(55)</visible>
            </control>
            <control type="image">
                <left>20</left>
                <top>25</top>
                <width>32</width>
                <height>32</height>
                <texture>$VAR[AddonsListIconVar]</texture>
            </control>
            <control type="label">
                <left>75</left>
                <height>80</height>
                <right>80</right>
                <aligny>center</aligny>
                <scroll>true</scroll>
                <textcolor>white</textcolor>
                <label>$INFO[ListItem.Label]</label>
            </control>
            <control type="label">
                <left>75</left>
                <height>80</height>
                <right>130</right>
                <align>right</align>
                <aligny>center</aligny>
                <font>font27</font>
                <textcolor>white</textcolor>
                <label>$VAR[AddonsLabel2Var]</label>
                <scroll>true</scroll>
            </control>
            <control type="image">
                <right>80</right>
                <top>25</top>
                <width>32</width>
                <height>32</height>
                <texture>$VAR[AddonsOriginVar]</texture>
                <visible>!ListItem.IsFolder</visible>
            </control>
        </focusedlayout>
        <itemlayout height="80" condition="Container.Content(addons)">
            <control type="image">
                <left>20</left>
                <top>25</top>
                <width>32</width>
                <height>32</height>
                <texture>$VAR[AddonsListIconVar]</texture>
            </control>
            <control type="label">
                <left>75</left>
                <height>80</height>
                <right>80</right>
                <aligny>center</aligny>
                <textcolor>b3ededed</textcolor>
                <label>$INFO[ListItem.Label]</label>
            </control>
            <control type="label">
                <left>75</left>
                <height>80</height>
                <right>130</right>
                <align>right</align>
                <aligny>center</aligny>
                <font>font27</font>
                <textcolor>b3ededed</textcolor>
                <label>$VAR[AddonsLabel2Var]</label>
            </control>
            <control type="image">
                <right>80</right>
                <top>25</top>
                <width>32</width>
                <height>32</height>
                <texture>$VAR[AddonsOriginVar]</texture>
                <visible>!ListItem.IsFolder</visible>
            </control>
        </itemlayout>
    </include>
</includes>
