<?xml version="1.0" encoding="UTF-8"?>
<includes>
    <include name="View_500_Wall">
        <control type="group">
            <left>60</left>
            <top>120</top>
            <visible>Control.IsVisible(500)</visible>
            <control type="panel" id="500">
                <left>0</left>
                <top>0</top>
                <width>1800</width>
                <height>100%</height>
                <onup>SetFocus(9000)</onup>
                <ondown>500</ondown>
                <viewtype label="31102">icon</viewtype>
                <include content="View_Forced">
                    <param name="string" value="$LOCALIZE[31102]"/>
                </include>
                <preloaditems>2</preloaditems>
                <pagecontrol>531</pagecontrol>
                <scrolltime tween="cubic" easing="out">500</scrolltime>
                <visible>Container.Content(movies) | Container.Content(sets) | Container.Content(tvshows) | Container.Content(seasons) | Container.Content(episodes) | Container.Content(artists) | Container.Content(albums) | Container.Content(musicvideos) | Container.Content(addons) | Container.Content(images) | Container.Content(videos) | Container.Content(games)</visible>
                <itemlayout height="360" width="300" condition="Container.Content(movies) | Container.Content(sets) | Container.Content(tvshows) | Container.Content(seasons) | [Container.Content(musicvideos) + Skin.HasSetting(show_musicvideoposter)]">
                    <include>PostersView</include>
                </itemlayout>
                <focusedlayout height="360" width="300" condition="Container.Content(movies) | Container.Content(sets) | Container.Content(tvshows) | Container.Content(seasons) | [Container.Content(musicvideos) + Skin.HasSetting(show_musicvideoposter)]">
                    <control type="group">
                        <animation effect="zoom" start="100" end="105" time="300" tween="sine" easing="inout" center="auto" reversible="true" condition="true">Conditional</animation>
                        <width>260</width>
                        <height>360</height>
                        <include content="PostersView"/>
                        <include content="Selectbox">
                            <param name="visible_posters" value="true"/>
                            <param name="visible_squares" value="false"/>
                            <param name="visible_landscapes" value="false"/>
                        </include>
                    </control>
                </focusedlayout>
                <itemlayout height="301" width="300" condition="Container.Content(episodes) | Container.Content(videos) | [Container.Content(musicvideos) + !Skin.HasSetting(show_musicvideoposter)]">
                    <control type="group">
                        <top>30</top>
                        <include content="InfoWallEpisodeLayout">
                            <param name="focused" value="false"/>
                            <param name="thumb_label" value="$INFO[ListItem.Label2]"/>
                        </include>
                    </control>
                </itemlayout>
                <focusedlayout height="301" width="300" condition="Container.Content(episodes) | Container.Content(videos) | [Container.Content(musicvideos) + !Skin.HasSetting(show_musicvideoposter)]">
                    <control type="group">
                        <top>30</top>
                        <width>320</width>
                        <height>320</height>
                        <include content="InfoWallEpisodeLayout">
                            <param name="focused" value="true"/>
                            <param name="thumb_label" value="$INFO[ListItem.Label2]"/>
                        </include>
                        <include content="Selectbox">
                            <param name="visible_posters" value="false"/>
                            <param name="visible_squares" value="true"/>
                            <param name="visible_landscapes" value="false"/>
                        </include>
                    </control>
                </focusedlayout>
                <itemlayout height="425" width="442" condition="Container.Content(images)">
                    <control type="group">
                        <left>40</left>
                        <top>150</top>
                        <include>InfoWallPictureLayout</include>
                    </control>
                </itemlayout>
                <focusedlayout height="425" width="442" condition="Container.Content(images)">
                    <control type="group">
                        <animation effect="zoom" start="100" end="110" time="200" tween="sine" easing="inout" center="220,330">Focus</animation>
                        <animation effect="zoom" start="110" end="100" time="200" tween="sine" easing="inout" center="220,330">UnFocus</animation>
                        <left>40</left>
                        <top>150</top>
                        <include content="InfoWallPictureLayout">
                            <param name="focused" value="true"/>
                        </include>
                    </control>
                </focusedlayout>
                <itemlayout height="301" width="300" condition="Container.Content(artists) | Container.Content(albums)">
                    <control type="group">
                        <top>30</top>
                        <include content="InfoWallMusicLayout">
                            <param name="focused" value="false"/>
                            <param name="fallback_image" value="DefaultMusicSongs.png"/>
                        </include>
                    </control>
                </itemlayout>
                <focusedlayout height="301" width="300" condition="Container.Content(artists) | Container.Content(albums)">
                    <control type="group">
                        <top>30</top>
                        <width>320</width>
                        <height>320</height>
                        <include content="InfoWallMusicLayout">
                            <param name="focused" value="true"/>
                            <param name="fallback_image" value="DefaultMusicSongs.png"/>
                        </include>
                        <include content="Selectbox">
                            <param name="visible_posters" value="false"/>
                            <param name="visible_squares" value="true"/>
                            <param name="visible_landscapes" value="false"/>
                        </include>
                    </control>
                </focusedlayout>
                <itemlayout height="301" width="300" condition="Container.Content(addons)">
                    <control type="group">
                        <top>30</top>
                        <include content="InfoWallMusicLayout">
                            <param name="focused" value="false"/>
                            <param name="fallback_image" value="DefaultAddon.png"/>
                        </include>
                    </control>
                </itemlayout>
                <focusedlayout height="301" width="300" condition="Container.Content(addons)">
                    <control type="group">
                        <top>30</top>
                        <width>320</width>
                        <height>320</height>
                        <include content="InfoWallMusicLayout">
                            <param name="focused" value="true"/>
                            <param name="fallback_image" value="DefaultAddon.png"/>
                        </include>
                        <include content="Selectbox">
                            <param name="visible_posters" value="false"/>
                            <param name="visible_squares" value="true"/>
                            <param name="visible_landscapes" value="false"/>
                        </include>
                    </control>
                </focusedlayout>
            </control>
        </control>
    </include>
</includes>
