<?xml version="1.0" encoding="UTF-8"?>
<addon
    id="plugin.video.dreammachine"
    name="[COLOR blue]D[COLOR salmon]r[COLOR violet]e[COLOR yellow]a[COLOR orange]m[COLOR lime]M[COLOR red]a[COLOR blue]c[COLOR salmon]h[COLOR violet]i[COLOR yellow]n[COLOR orange]e[/COLOR]"
    version="25.8.22"
    provider-name="[COLOR springgreen]G[/COLOR] [COLOR magenta]I[/COLOR][COLOR violet]n[/COLOR][COLOR mediumorchid]c[/COLOR][COLOR orchid].[/COLOR]">
    <requires>
        <import addon="xbmc.python" version="3.0.0"/>
        <import addon="script.module.requests"/>
        <import addon="script.module.six"/>
    </requires>
    <extension point="xbmc.python.pluginsource" library="default.py">
        <provides>video</provides>
    </extension>
    <extension point="xbmc.addon.metadata">
        <platform>all</platform>
        <summary lang="en">Where dreams do come true ...</summary>
        <description lang="en">Where dreams do come true ...</description>
        <website></website>
        <license>GPL 3.0</license>
        <platform>all</platform>
        <language>en</language>
        <disclaimer lang="en">The author of this addon makes not responsible for the use of it</disclaimer>
        <assets>
            <icon>icon.png</icon>
            <fanart>fanart.jpg</fanart>
        </assets>
    </extension>
</addon>
