<?xml version="1.0" encoding="UTF-8" standalone="yes"?>
<addon id="script.shazam.artwork" version="0.0.1" name="[COLOR=darkorange]Shazam Artwork[/COLOR]" provider-name="Patriot">
    <requires>
    <import addon="xbmc.python" version="3.0.0"/>
    </requires>
    <extension point="xbmc.python.module" library="lib" />
    <extension point="xbmc.addon.metadata">
        <summary>Shazam Artwork</summary>
        <description>Provides Shazam Artwork</description>
        <platform>all</platform>
        <assets>
            <icon>icon.png</icon>
            <fanart>fanart.jpg</fanart>
        </assets>
    </extension>
</addon>
