<?xml version='1.0' encoding='UTF-8'?>
<shortcuts>
	<shortcut>
		<defaultID>133</defaultID>
		<label>133</label>
		<label2/>
		<icon/>
		<thumb/>
		<action>ActivateWindow(Music,musicdb://artists/,return)</action>
	</shortcut>
	<shortcut>
		<defaultID>132</defaultID>
		<label>132</label>
		<label2/>
		<icon/>
		<thumb/>
		<action>ActivateWindow(Music,musicdb://albums/,return)</action>
	</shortcut>
	<shortcut>
		<defaultID>134</defaultID>
		<label>134</label>
		<label2/>
		<icon/>
		<thumb/>
		<action>ActivateWindow(Music,musicdb://songs/,return)</action>
	</shortcut>
	<shortcut>
		<defaultID>744</defaultID>
		<label>744</label>
		<label2/>
		<icon/>
		<thumb/>
		<action>ActivateWindow(Music,sources://music/,return)</action>
	</shortcut>
	<shortcut>
		<defaultID>24001</defaultID>
		<label>24001</label>
		<label2/>
		<icon/>
		<thumb/>
		<action>ActivateWindow(Music,addons://sources/audio/,return)</action>
	</shortcut>
	<shortcut>
		<defaultID>14022</defaultID>
		<label>14022</label>
		<label2/>
		<icon/>
		<thumb/>
		<action>ActivateWindow(Music,musicdb://)</action>
	</shortcut>
	<shortcut>
		<defaultID>653</defaultID>
		<label>653</label>
		<label2/>
		<icon/>
		<thumb/>
		<action>UpdateLibrary(music,,true)</action>
	</shortcut>
	<shortcut>
		<defaultID>14247</defaultID>
		<label>14247</label>
		<label2/>
		<icon/>
		<thumb/>
		<action>CleanLibrary(music,true)</action>
	</shortcut>
</shortcuts>