<addon id="script.artistslideshow" name="Artist Slideshow" provider-name="pkscout,ronie" version="3.3.3">
	<requires>
		<import addon="xbmc.python" version="3.0.0" />
		<import addon="script.module.requests" version="2.22.0+matrix.1" />
		<import addon="script.module.defusedxml" version="0.6.0+matrix.1" />
		<import addon="script.module.kodi-six" version="0.1.3.1" />
		<import addon="script.module.future" version="0.17.1+matrix.2" />
	</requires>
	<extension library="default.py" point="xbmc.python.script">
		<provides>executable</provides>
	</extension>
	<extension point="xbmc.addon.metadata">
		<news>
v.3.3.3
- trim_cache now deletes information as well as images
- update to new settings format
		</news>
		<assets>
        	<icon>icon.png</icon>
        </assets>
		<platform>all</platform>
		<license>GPL-2.0-only</license>
		<forum>https://forum.kodi.tv/showthread.php?t=124880</forum>
		<website>https://kodi.wiki/index.php?title=Add-on:Artist_Slideshow</website>
		<email>artistslideshow.xbmc@gmail.com</email>
		<source>https://github.com/pkscout/script.artistslideshow</source>
		<summary lang="ar_SA">حمل المزيد من الصور والمعلومات عن الفنان الذى يُغنِى حالياً</summary>
		<summary lang="bg_BG">Сваля изображения и допълнителна инф. за изпълнителя на текущата песен</summary>
		<summary lang="ca_ES">Descàrrega imatges i informació addicional de l&apos;artista que s&apos;està reproduint</summary>
		<summary lang="da_DK">Download billeder og ekstra info om kunstneren, der spiller i øjeblikket</summary>
		<summary lang="de_DE">Bilder und zusätzliche Informationen für den gerade wiedergegebenen Interpreten herunterladen</summary>
		<summary lang="el_GR">Κατεβάστε εικόνες και επιπλέον πληροφορίες του τρέχοντος καλλιτέχνη</summary>
		<summary lang="en_GB">Download images and additional info of the currently playing artist</summary>
		<summary lang="en_NZ">Download images and additional info of the currently playing artist</summary>
		<summary lang="en_US">Download images and additional info of the currently playing artist</summary>
		<summary lang="es_AR">Bajá imágenes e información adicional sobre el artista</summary>
		<summary lang="es_ES">Descarga imágenes e información adicional del intérprete que esté sonando</summary>
		<summary lang="es_MX">Descargar imágenes e información adicional del artista actualmente en reproducción</summary>
		<summary lang="fi_FI">Noutaa kuvia ja lisätietoja parhaillaan toistettavasta esittäjästä</summary>
		<summary lang="fr_CA">Télécharger des images et des infos additionnelles sur l&apos;artiste écouté</summary>
		<summary lang="fr_FR">Télécharger les images et les informations additionnelles de l&apos;artiste en cours de lecture</summary>
		<summary lang="gl_ES">Descarga imaxes e info. adicional do artista que está a soar</summary>
		<summary lang="he_IL">הורד תמונות ומידע נוסף על האמן המושמע כעת</summary>
		<summary lang="hr_HR">Preuzimite slike i dodatne informacije o trenutno reproduciranom izvođaču</summary>
		<summary lang="hu_HU">Képeket és kiegészítő információkat tölt le a jelenleg játszott előadóról</summary>
		<summary lang="it_IT">Scarica immagini e informazioni aggiuntive dell&apos;artista attualmente in riproduzione</summary>
		<summary lang="ja_JP">現在再生中のアーティストの画像と追加情報をダウンロードする</summary>
		<summary lang="ko_KR">현재 재생중인 아티스트의 이미지와 추가 정보 다운로드</summary>
		<summary lang="nb_NO">Last ned bilder og ytterligere informasjon om artisten som spilles av</summary>
		<summary lang="nl_NL">Downloaden van afbeeldingen en extra informatie van te horen artiest</summary>
		<summary lang="pl_PL">Pobieraj obrazy i dodatkowe informacje o aktualnie odtwarzanym wykonawcy</summary>
		<summary lang="pt_BR">Transferência de imagens e informações adicionais de artistas que estejam sendo reproduzidos</summary>
		<summary lang="pt_PT">Transferir imagens e info adicional do artista em reprodução agora</summary>
		<summary lang="ru_RU">Загружает изображения и дополнительную информацию об исполнителе, который воспроизводится в данный момент</summary>
		<summary lang="sk_SK">Stiahnuť obrázky a dodatočné informácie o práve hrajúcich interpretoch</summary>
		<summary lang="sl_SI">Naložite slike in dodatne informacije, za trenutno predvajanega izvajalca</summary>
		<summary lang="sv_SE">Ladda ner bilder samt ytterligare information om den spelade artisten</summary>
		<summary lang="zh_CN">下载当前播放艺人的图片和附加信息</summary>
		<description lang="ar_SA">ملحق يساعدك على تَنِزِيل صور ومعلومات إضافيه عن الفنان الذى تستمع اليه حالياً من موقع fanart.tv و theaudiodb.com. كما يمكنك جعل جلد واجهتك الحالى يستخدم كل ما سبق ﻹنشاء عروض شرائح للفنان الذى تستمع إليه</description>
		<description lang="bg_BG">Добавката сваля картинки и допълнителна информация от www.fanart.tv и www.theaudiodb.com за изпълнителя който звучи в момента. Картинките, заедно с фанарт изображенията на изпълнителя, може да се ползват от облика, за създаването на слайдшоу за изпълнителя, който звучи в момента.</description>
		<description lang="ca_ES">Complement per descarregar imatges i informació addicional de fanart.tv i theaudiodb.com de l&apos;artista que s&apos;està reproduint. Les imatges, juntament amb les imatges locals d&apos;artistes, i la informació, pot ser utilitzada per la pell per crear una presentació de diapositives per a l&apos;artista que s&apos;està escoltant.</description>
		<description lang="da_DK">Add-on til at downloade billeder og yderligere information fra fanart.tv og theaudiodb.com af den aktuelt afspillede kunstner. Billederne kan sammen med lokale kunstneres billeder og info bruges af dit skin til at skabe et diasshow for kunstneren, der lyttes til.</description>
		<description lang="de_DE">Addon zum Herunterladen von Bildern und zusätzlichen Informationen von fanart.tv und theaudiodb.com für den aktuell wiedergegebenen Interpreten. Diese Bilder können zusammen mit den lokalen Interpretenbildern und Informationen vom Skin genutzt werden, um eine Diashow für den aktuell angehörten Interpreten zu erstellen.</description>
		<description lang="el_GR">Πρόσθετο για τη λήψη εικόνων και επιπλέον πληροφοριών από το fanart.tv και το theaudiodb.com για τον τρέχοντα καλλιτέχνη. Οι εικόνες, μαζί με τοπικές εικόνες του καλλιτέχνη καθώς και πληροφορίες, μπορούν να χρησιμοποιηθούν από το κέλυφος για τη δημιουργία παρουσιάσεων διαφανειών του καλλιτέχνη η μουσική του οποίου ακούγεται.</description>
		<description lang="en_GB">Addon to download images and additional information from fanart.tv and theaudiodb.com of the currently playing artist. The images, along with local artists&apos; images, and info can be used by the skin to create a slideshow for the artist being listened to.</description>
		<description lang="en_NZ">Addon to download images and additional information from fanart.tv and theaudiodb.com of the currently playing artist. The images, along with local artists&apos; images, and info can be used by the skin to create a slideshow for the artist being listened to.</description>
		<description lang="en_US">Addon to download images and additional information from fanart.tv and theaudiodb.com of the currently playing artist. The images, along with local artists&apos; images, and info can be used by the skin to create a slideshow for the artist being listened to.</description>
		<description lang="es_ES">Addon para descargar imágenes e información adicional de fanart.tv y theaudiodb.com del intérprete que se está reproduciendo. Las imágenes, junto con imágenes de intérpretes locales, y la información puede ser utilizada por la piel para crear una presentación de diapositivas para el intérprete que se está escuchando.</description>
		<description lang="es_MX">Complemento para descargar imágenes e información adicional de fanart.tv y theaudiodb.com del artista actualmente en reproducción. Las imágenes, junto con las imágenes e información locales de los artistas pueden ser utilizados por la máscara para crear una presentación del artista que estés escuchando.</description>
		<description lang="fi_FI">Lisäosa parhaillaan kuunneltavan esittäjän kuvien ja tietojen noutoon mm. Fanart.tv- ja TheAudioDB.com-palveluista. Ulkoasut voivat luoda kuvaesityksiä kuunneltavasta esittäjästä käyttäen näitä tietoja ja esittäjien paikallisia kuvia.</description>
		<description lang="fr_CA">Addiciel pour télécharger des images et des informations additionnelles sur fanart.tv et theaudiodb.com de l&apos;artiste en cours d&apos;écoute. Les images, ainsi que les images locales de l&apos;artiste, et les infos peuvent être utilisées par l&apos;habillage pour créer un diaporama pour l&apos;artiste en cours d&apos;écoute.</description>
		<description lang="fr_FR">Extension permettant de télécharger des images et des informations supplémentaires depuis fanart.tv et depuis theaudiodb.com de l&apos;artiste en cours d&apos;écoute. Les images téléchargées, les images locales des artistes et les informations peuvent être utilisées par le skin pour créer un diaporama pour l&apos;artiste écouté.</description>
		<description lang="gl_ES">Complemento para descargar imaxes e información adicional de fanart.tv e theaudiodb.com do artista que está a soar. Estas imaxes, xunto cas do artista gardadas en local e a información pódeas usar o tema para crear unha presentación.</description>
		<description lang="he_IL">הרחבה להורדת תמונות ומידע נוסף על האמן המושמע כעת מ-fanart.tv ו- theaudiodb.com. התמונות, בנוסף לתמונות אמנים מקומיות והמידע על אמן יכולים לשמש את המעטפת ליצירת מצגת עבור האמן המושמע כעת.</description>
		<description lang="hr_HR">Dodatak za preuzimanje slika i dodatnih informacije trenutno reproduciranog izvođača s fanart.tv, theaudiodb.com i theaudiodb.com. Slike, zajedno s lokalnim slikama izvođača i informacijama mogu se koristiti s presvlakom za stvaranje slikovne prezentacije izvođača koji se sluša.</description>
		<description lang="hu_HU">A Kiegészítő letölt képeket és infromációkat a fanart.tv és theaudiodb.com oldalakról az éppen hallgatott előadóhoz. A képek a helyben tárolt képekkel együtt felhasználhatóak a Felszín által diavetítéshez.</description>
		<description lang="it_IT">Addon per scaricare immagini ed informazioni aggiuntive da fanart.tv e theaudiodb.com sull&apos;artista attualmente in esecuzione. Le immagini possono essere usate dallo skin, insieme a quelle locali, per creare una presentazione per l&apos;artista che si sta ascoltando.</description>
		<description lang="ko_KR">현재 재생중인 아티스트의 이미지와 추가정보를 fanart.tv 와 theaudiodb.com 에서 다운로드합니다. 다운로드한 이미지와 정보는 로컬 이미지와 함께 현재 재생중인 음악의 아티스트 슬라이드쇼에 사용할 수 있습니다.</description>
		<description lang="nb_NO">Tillegg for å laste ned bilder og ytterligere informasjon fra fanart.tv og theaudiodb.com for artisten som spilles av for øyeblikket. Bildene, sammen med lokale artistbilder og info, kan bli brukt av skallet til å lage en lysbildefremvisning for artisten som blir lyttet til for øyeblikket.</description>
		<description lang="nl_NL">Add-on om afbeeldingen en bijkomende informatie van Fanart.tv en theaudiodb.com van de te horen artiest binnen te halen. de afbeeldingen, net als de lokaal aanwezige artiest-afbeeldingen en -info kunnen gebruikt worden door de skin om een diashow te tonen van de artiest di nu beluisterd wordt.</description>
		<description lang="pl_PL">Wtyczka pobiera obrazy i dodatkowe informacje z fanart.tv oraz theaudiodb.com o aktualnie odtwarzanym wykonawcy. Obrazami wraz z informacjami o wykonawcach, mogą być wykorzystywane przez skórę do tworzenia pokazu slajdów wykonawcy, którego aktualnie słuchasz.</description>
		<description lang="pt_BR">Addon para download de imagens e informações adicionais do artista que está sendo reproduzido provido por fanart.tv e theaudiodb. Tais dados e imagens serão usados pelas skins para criarem um slideshow dos artistas quando estivermos escutando-os.</description>
		<description lang="pt_PT">Um add-on para transferir imagens e informação adicional do artista em reprodução no momento, a partir de fanart.tv e theaudiodb.com. As imagens e a informação, assim como as imagens locais dos artistas, podem ser usadas pelo tema para criar uma apresentação de slides do artista em escuta no momento.</description>
		<description lang="ru_RU">Дополнение для загрузки изображений и дополнительной информации о воспроизводимом исполнителе с ресурсов fanart.tv and theaudiodb.com. Загруженные изображения и доп. информация, наравне с локальными, могут быть использованы для создания слайд-шоу во время прослушивания композиций.</description>
		<description lang="sl_SI">Dodatek za prenos slik in dodatnih informacij iz fanart.tv in theaudiodb.com za trenutno predvajanega izvajalca. Slike, skupaj z lokalnimi slikami izvajalcev ter informacije, se lahko uporabljajo s preobleko za ustvarjanje diaprojekcije slik izvajalca, ki ga trenutno poslušate.</description>
		<description lang="sv_SE">Tillägg för att ladda ner bilder och tilläggsinformation från fanart.tv och theaudiodb.com om artisten som spelas för tillfället. Bilderna, tillsammans med lokala artistbilder och information, kan användas av skinnet för att skapa ett bildspel av artisten man lyssnar på.</description>
		<description lang="zh_CN">从fanart.tv和theaudiodb.com下载当前播放艺人的图片和附加信息的插件。这此图片可以和本地艺人图片及信息一起，被皮肤用来创建正收听的艺人的幻灯片。</description>
	</extension>
</addon>