<?xml version="1.0" encoding="UTF-8"?>
<includes>

    <!--
    =====================================================

    Typographic Scale is Pentatonic
    n=5 r=2 f0=30

    quantise plotbox linespacing to 40px grid

    =====================================================
     (2)    (4)    (5)     1      2      3      4      5
     17  >  23  >  26  >  30  >  34  >  40  >  45  >  52
    hint   tiny   mini   main   midi   head   huge   info
    =====================================================
-->

    <include name="Font_Static">
        <param name="aspect_system">0.8</param>
        <definition>
            <!-- Font for codec flag -->
            <font>
                <name>font_infotag_bold</name>
                <filename>LeagueSpartan-ExtraBold.ttf</filename>
                <size>22</size>
                <style>uppercase</style>
            </font>

            <!-- Keyboard Symbol Font -->
            <font>
                <name>font_main_iconic</name>
                <filename>fa-solid-900.ttf</filename>
                <size>30</size>
            </font>
            <font>
                <name>font_mini_iconic</name>
                <filename>fa-solid-900.ttf</filename>
                <size>26</size>
            </font>
            <font>
                <name>font_tiny_iconic</name>
                <filename>fa-solid-900.ttf</filename>
                <size>22</size>
            </font>
            <font>
                <name>font_hint_iconic</name>
                <filename>fa-solid-900.ttf</filename>
                <size>16</size>
            </font>
            <font>
                <name>font_itsy_iconic</name>
                <filename>fa-solid-900.ttf</filename>
                <size>12</size>
            </font>

            <!-- Kodi Logo Font -->
            <font>
                <name>font_logo</name>
                <filename>Questrial-Regular.ttf</filename>
                <size>24</size>
            </font>
            <font>
                <name>font_logo_large</name>
                <filename>Questrial-Regular.ttf</filename>
                <size>44</size>
            </font>

            <!-- Testing Fonts -->
            <font>
                <name>font_debug</name>
                <filename>RobotoMono-Light.ttf</filename>
                <size>24</size>
                <aspect>$PARAM[aspect_system]</aspect>
            </font>

            <!-- Music visualisation scrolling text -->
            <font>
                <name>font_musicvis_biggest</name>
                <filename>$PARAM[font_light]</filename>
                <style>$PARAM[style_light]</style>
                <size>230</size>
            </font>
            <font>
                <name>font_musicvis_bigger</name>
                <filename>$PARAM[font_light]</filename>
                <style>$PARAM[style_light]</style>
                <size>130</size>
            </font>
            <font>
                <name>font_musicvis_big</name>
                <filename>$PARAM[font_light]</filename>
                <style>$PARAM[style_light]</style>
                <size>80</size>
            </font>

            <font>
                <name>font_title_main_test</name>
                <filename>RobotoCondensed-Bold.ttf</filename>
                <size>60</size>
                <linespacing>1.146</linespacing>
            </font>
            <font>
                <name>font_midi_plot_test</name>
                <filename>RobotoCondensed-Regular.ttf</filename>
                <size>34</size>
                <linespacing>1.46</linespacing>
            </font>
            <font>
                <name>font_main_plot_test</name>
                <filename>RobotoCondensed-Regular.ttf</filename>
                <size>30</size>
                <linespacing>1.135</linespacing>
            </font>
            <font>
                <name>font_mini_plot_test</name>
                <filename>RobotoCondensed-Regular.ttf</filename>
                <size>26</size>
                <linespacing>1.24</linespacing>
            </font>
            <font>
                <name>font_tiny_plot_test</name>
                <filename>RobotoCondensed-Regular.ttf</filename>
                <size>23</size>
                <linespacing>1.1</linespacing>
            </font>
        </definition>
    </include>

    <include name="Font_Default">
        <param name="font_bold">RobotoCondensed-Bold.ttf</param>
        <param name="font_regular">RobotoCondensed-Regular.ttf</param>
        <param name="font_light">RobotoCondensed-Light.ttf</param>

        <param name="style_bold" />
        <param name="style_light" />

        <!-- Hint -->
        <param name="size_heavy_hint">17</param>
        <param name="size_light_hint">17</param>

        <!-- Tiny -->
        <param name="size_heavy_tiny">23</param>
        <param name="size_light_tiny">23</param>

        <!-- Mini -->
        <param name="size_heavy_mini">26</param>
        <param name="size_light_mini">26</param>

        <!-- Main -->
        <param name="size_heavy_main">30</param>
        <param name="size_light_main">30</param>
        <param name="size_heavy_main_x2">60</param>
        <param name="size_light_main_x2">60</param>

        <!-- Midi -->
        <param name="size_heavy_midi">34</param>
        <param name="size_light_midi">34</param>
        <param name="size_heavy_midi_x2">68</param>
        <param name="size_light_midi_x2">68</param>

        <!-- Head -->
        <param name="size_heavy_head">40</param>
        <param name="size_light_head">40</param>

        <!-- Huge -->
        <param name="size_heavy_huge">45</param>
        <param name="size_light_huge">45</param>
        <param name="size_heavy_huge_x2">90</param>
        <param name="size_light_huge_x2">90</param>

        <!-- Linespacing -->
        <param name="plot_linespacing_head">1.146</param>
        <param name="plot_linespacing_midi">1.46</param>
        <param name="plot_linespacing_main">1.135</param>
        <param name="plot_linespacing_mini">1.24</param>
        <param name="plot_linespacing_tiny">1.1</param>

        <definition>

            <include content="Font_Static">
                <param name="font_bold">$PARAM[font_bold]</param>
                <param name="font_regular">$PARAM[font_regular]</param>
                <param name="font_light">$PARAM[font_light]</param>
                <param name="style_bold">$PARAM[style_bold]</param>
                <param name="style_light">$PARAM[style_light]</param>
            </include>

            <!-- Title fonts -->
            <font>
                <name>font_title_huge</name>
                <filename>$PARAM[font_bold]</filename>
                <style>$PARAM[style_bold]</style>
                <size>$PARAM[size_heavy_huge_x2]</size>
            </font>
            <font>
                <name>font_title_midi</name>
                <filename>$PARAM[font_bold]</filename>
                <style>$PARAM[style_bold]</style>
                <size>$PARAM[size_heavy_midi_x2]</size>
            </font>
            <font>
                <name>font_title_main</name>
                <filename>$PARAM[font_bold]</filename>
                <style>$PARAM[style_bold]</style>
                <size>$PARAM[size_heavy_main_x2]</size>
                <linespacing>$PARAM[plot_linespacing_head]</linespacing>
            </font>

            <!-- Bold Fonts -->
            <font>
                <name>font_huge_bold</name>
                <filename>$PARAM[font_bold]</filename>
                <style>$PARAM[style_bold]</style>
                <size>$PARAM[size_heavy_huge]</size>
            </font>
            <font>
                <name>font_head_bold</name>
                <filename>$PARAM[font_bold]</filename>
                <style>$PARAM[style_bold]</style>
                <size>$PARAM[size_heavy_head]</size>
            </font>
            <font>
                <name>font_midi_bold</name>
                <filename>$PARAM[font_bold]</filename>
                <style>$PARAM[style_bold]</style>
                <size>$PARAM[size_heavy_midi]</size>
            </font>
            <font>
                <name>font_main_bold</name>
                <filename>$PARAM[font_bold]</filename>
                <style>$PARAM[style_bold]</style>
                <size>$PARAM[size_heavy_main]</size>
            </font>
            <font>
                <name>font_mini_bold</name>
                <filename>$PARAM[font_bold]</filename>
                <style>$PARAM[style_bold]</style>
                <size>$PARAM[size_heavy_mini]</size>
            </font>
            <font>
                <name>font_tiny_bold</name>
                <filename>$PARAM[font_bold]</filename>
                <style>$PARAM[style_bold]</style>
                <size>$PARAM[size_heavy_tiny]</size>
            </font>
            <font>
                <name>font_hint_bold</name>
                <filename>$PARAM[font_bold]</filename>
                <style>uppercase $PARAM[style_bold]</style>
                <size>$PARAM[size_heavy_hint]</size>
            </font>

            <!-- Standard Fonts -->
            <font>
                <name>font_huge</name>
                <filename>$PARAM[font_regular]</filename>
                <size>$PARAM[size_light_huge]</size>
            </font>
            <font>
                <name>font_head</name>
                <filename>$PARAM[font_regular]</filename>
                <size>$PARAM[size_light_head]</size>
            </font>
            <font>
                <name>font_midi</name>
                <filename>$PARAM[font_regular]</filename>
                <size>$PARAM[size_light_midi]</size>
            </font>
            <font>
                <name>font_main</name>
                <filename>$PARAM[font_regular]</filename>
                <size>$PARAM[size_light_main]</size>
            </font>
            <font>
                <name>font_mini</name>
                <filename>$PARAM[font_regular]</filename>
                <size>$PARAM[size_light_mini]</size>
            </font>
            <font>
                <name>font_tiny</name>
                <filename>$PARAM[font_regular]</filename>
                <size>$PARAM[size_light_tiny]</size>
            </font>
            <font>
                <name>font_hint</name>
                <filename>$PARAM[font_regular]</filename>
                <size>$PARAM[size_light_hint]</size>
            </font>

            <!-- Textbox Fonts -->
            <font>
                <name>font_midi_plot</name>
                <filename>$PARAM[font_regular]</filename>
                <linespacing>$PARAM[plot_linespacing_midi]</linespacing>
                <size>$PARAM[size_light_midi]</size>
            </font>
            <font>
                <name>font_main_plot</name>
                <filename>$PARAM[font_regular]</filename>
                <linespacing>$PARAM[plot_linespacing_main]</linespacing>
                <size>$PARAM[size_light_main]</size>
            </font>
            <font>
                <name>font_mini_plot</name>
                <filename>$PARAM[font_regular]</filename>
                <linespacing>$PARAM[plot_linespacing_mini]</linespacing>
                <size>$PARAM[size_light_mini]</size>
            </font>
            <font>
                <name>font_tiny_plot</name>
                <filename>$PARAM[font_regular]</filename>
                <linespacing>$PARAM[plot_linespacing_tiny]</linespacing>
                <size>$PARAM[size_light_tiny]</size>
            </font>

            <!-- Required for system -->
            <font>
                <name>font10</name>
                <filename>$PARAM[font_regular]</filename>
                <size>$PARAM[size_light_tiny]</size>
            </font>
            <font>
                <name>font12</name>
                <filename>$PARAM[font_regular]</filename>
                <size>$PARAM[size_light_mini]</size>
            </font>
            <font>
                <name>font13</name>
                <filename>$PARAM[font_regular]</filename>
                <size>$PARAM[size_light_main]</size>
            </font>
            <font>
                <name>font14</name>
                <filename>$PARAM[font_regular]</filename>
                <size>$PARAM[size_light_midi]</size>
            </font>
            <font>
                <name>font45</name>
                <filename>$PARAM[font_regular]</filename>
                <size>$PARAM[size_light_huge]</size>
            </font>
            <font>
                <name>font60</name>
                <filename>$PARAM[font_regular]</filename>
                <size>$PARAM[size_light_main_x2]</size>
            </font>
        </definition>
    </include>

    <include name="Font_Default_Inter">
        <param name="font_bold">Inter-Bold.ttf</param>
        <param name="font_regular">Inter-Regular.ttf</param>
        <param name="font_light">Inter-Light.ttf</param>
        <param name="plot_linespacing_head">1.169</param>
        <param name="plot_linespacing_midi">1.495</param>
        <param name="plot_linespacing_main">1.16</param>
        <param name="plot_linespacing_mini">1.31</param>
        <param name="plot_linespacing_tiny">1.23</param>
        <definition>
            <include content="Font_Default">
                <param name="font_bold">$PARAM[font_bold]</param>
                <param name="font_regular">$PARAM[font_regular]</param>
                <param name="font_light">$PARAM[font_light]</param>

                <param name="plot_linespacing_head">$PARAM[plot_linespacing_head]</param>
                <param name="plot_linespacing_midi">$PARAM[plot_linespacing_midi]</param>
                <param name="plot_linespacing_main">$PARAM[plot_linespacing_main]</param>
                <param name="plot_linespacing_mini">$PARAM[plot_linespacing_mini]</param>
                <param name="plot_linespacing_tiny">$PARAM[plot_linespacing_tiny]</param>

                <param name="style_bold">$PARAM[style_bold]</param>
                <param name="style_light">$PARAM[style_light]</param>

                <!-- Hint -->
                <param name="size_heavy_hint">15</param>
                <param name="size_light_hint">15</param>

                <!-- Tiny -->
                <param name="size_heavy_tiny">21</param>
                <param name="size_light_tiny">21</param>

                <!-- Mini -->
                <param name="size_heavy_mini">24</param>
                <param name="size_light_mini">24</param>

                <!-- Main -->
                <param name="size_heavy_main">28</param>
                <param name="size_light_main">28</param>
                <param name="size_heavy_main_x2">56</param>
                <param name="size_light_main_x2">56</param>

                <!-- Midi -->
                <param name="size_heavy_midi">32</param>
                <param name="size_light_midi">32</param>
                <param name="size_heavy_midi_x2">64</param>
                <param name="size_light_midi_x2">64</param>

                <!-- Head -->
                <param name="size_heavy_head">38</param>
                <param name="size_light_head">38</param>

                <!-- Huge -->
                <param name="size_heavy_huge">43</param>
                <param name="size_light_huge">43</param>
                <param name="size_heavy_huge_x2">86</param>
                <param name="size_light_huge_x2">86</param>
            </include>
        </definition>
    </include>
</includes>
