<?xml version="1.0" encoding="UTF-8"?>
<window>
    <defaultcontrol always="true">2</defaultcontrol>
    <onload>CancelAlarm(osd_timeout,true)</onload>
    <include>Animation_OSD_Dialog_WindowChange</include>
    <controls>
        <control type="group">
            <visible>!Window.IsActive(1141)</visible>
            <include>Animation_OSD_Dialog_VisibleChange</include>
            <control type="group">
                <include>OSD_Info_Dimensions</include>

                <include content="OSD_Info_Viewline">
                    <param name="label">$LOCALIZE[298]</param>
                </include>

                <!-- Playing Icon and Details -->
                <include content="OSD_Info_Tray">
                    <param name="icon">$VAR[Image_OSD_Poster]</param>
                    <param name="role">$VAR[Label_NowPlayingTitle]</param>
                    <param name="name">$VAR[Label_NowPlayingSubLabel]</param>
                    <param name="text">$INFO[VideoPlayer.Plot]</param>
                </include>

                <!-- Episodes List -->
                <include content="List_Landscape_Row">
                    <param name="orientation">horizontal</param>
                    <param name="control">fixedlist</param>
                    <param name="id">11</param>
                    <include>OSD_List_Dimensions</include>
                    <onup>4000</onup>
                    <ondown>ActivateWindow($VAR[Action_OSD_VideoBookmarks_OnDown])</ondown>
                </include>
                <control type="group">
                    <visible>Integer.IsEqual(Container(11).NumItems,0)</visible>
                    <include>OSD_List_Dimensions</include>
                    <control type="group">
                        <left>view_pad</left>
                        <top>view_pad</top>
                        <width>view_landscape_item_w</width>
                        <height>view_landscape_item_h</height>
                        <include>Object_ItemBack</include>
                        <control type="image">
                            <width>128</width>
                            <height>128</height>
                            <centerleft>50%</centerleft>
                            <centertop>50%</centertop>
                            <texture colordiffuse="panel_fg_70">special://skin/extras/icons/image.png</texture>
                        </control>
                        <control type="group">
                            <height>view_poster_itemlayout_h</height>
                            <control type="group">
                                <top>view_landscape_item_h</top>

                                <control type="group">
                                    <top>15</top>
                                    <height>80</height>

                                    <control type="grouplist">
                                        <orientation>horizontal</orientation>
                                        <include content="Object_InfoCircle_Text_Top">
                                            <textcolor>panel_fg_90</textcolor>
                                            <selectedcolor>panel_fg_90</selectedcolor>
                                            <label>$LOCALIZE[31088]</label>
                                            <width>auto</width>
                                        </include>
                                    </control>

                                    <control type="grouplist">
                                        <orientation>horizontal</orientation>
                                        <include content="Object_InfoCircle_Text_Sub">
                                            <textcolor>panel_fg_70</textcolor>
                                            <selectedcolor>panel_fg_70</selectedcolor>
                                            <label>$LOCALIZE[31089]</label>
                                            <width>auto</width>
                                        </include>
                                    </control>
                                </control>
                            </control>
                        </control>
                    </control>
                </control>

                <control type="grouplist" id="4000">
                    <top>-290</top>
                    <itemgap>0</itemgap>
                    <orientation>horizontal</orientation>
                    <left>30</left>

                    <onup>Close</onup>
                    <ondown>11</ondown>

                    <include content="DialogInfo_Button">
                        <param name="vertical">false</param>
                        <param name="icon">special://skin/extras/icons/plus.png</param>
                        <param name="visible">Control.IsEnabled(2)</param>
                        <param name="id">2</param>
                        <param name="groupid">9002</param>
                        <param name="label">$LOCALIZE[15019]</param>
                        <param name="include_hintlabel">true</param>
                    </include>
                    <include content="DialogInfo_Button">
                        <param name="vertical">false</param>
                        <param name="icon">special://skin/extras/icons/triangle-exclamation.png</param>
                        <param name="visible">Control.IsEnabled(3) + !Integer.IsEqual(Container(11).NumItems,0)</param>
                        <param name="id">3</param>
                        <param name="groupid">9003</param>
                        <param name="label">$LOCALIZE[192]</param>
                        <param name="include_hintlabel">true</param>
                    </include>
                    <include content="DialogInfo_Button">
                        <param name="vertical">false</param>
                        <param name="icon">special://skin/extras/icons/image.png</param>
                        <param name="visible">Control.IsEnabled(4)</param>
                        <param name="id">4</param>
                        <param name="groupid">9004</param>
                        <param name="label">$LOCALIZE[39123]</param>
                        <param name="include_hintlabel">true</param>
                    </include>
                </control>

            </control>
        </control>
    </controls>
</window>
