<?xml version="1.0" encoding="UTF-8"?>
<colors>
	<color name="white">FFF1F1F1</color>
	<color name="grey">white</color>
	<color name="grey2">white</color>
	<color name="grey3">white</color>
	<color name="black">FF000000</color>
	<color name="blue">FF0084ff</color>
	<color name="selected">FFEB9E17</color>
	<color name="invalid">FFFF0000</color>
	
	
	<color name="bg.overlay">35000000</color>
	<color name="dialog.overlay">50000000</color>
	<color name="button.nf">75222222</color>
	<color name="secondary">FFAAAAAA</color>
	<color name="quaternary">FFDDDDDD</color>
	
	<color name="red">FFFF0000</color>
	<color name="green">FF00FF00</color>
	<color name="pink">FFFA04DA</color>
	<color name="orange">FFFAA604</color>
</colors>