<addon id="plugin.video.ezra" name="Ezra" provider-name="Ezra Hubbard" version="0.2.5d">
    <requires>
        <import addon="xbmc.python" version="3.0.0" />
        <import addon="script.module.requests" version="2.19.1" />
        <import addon="script.module.myaccounts" version="2.0.3" />
        <import addon="script.module.ezscrapers" version="0.0.7" />
        <import addon="repository.atom" version="3.6.0" />
    </requires>
    <extension library="resources/lib/ezra.py" point="xbmc.python.pluginsource">
        <provides>video</provides>
    </extension>
    <extension library="resources/lib/service.py" point="xbmc.service" />
    <extension library="resources/lib/" point="xbmc.python.module" />
    <extension point="kodi.context.item">
        <menu id="kodi.core.main">
            <item library="resources/contextmenu/refresh_widgets.py">
                <label>40001</label>
                <visible>String.IsEqual(ListItem.Property(ezra_widget),true)</visible>
            </item>
            <item library="resources/contextmenu/mark_watched.py">
                <label>40003</label>
                <visible>[String.IsEqual(ListItem.dbtype,movie) | String.IsEqual(ListItem.dbtype,episode)] + String.IsEqual(ListItem.Property(ezra_widget),true) + String.IsEqual(ListItem.Property(ezra_playcount),0)</visible>
            </item>
            <item library="resources/contextmenu/mark_unwatched.py">
                <label>40004</label>
                <visible>[String.IsEqual(ListItem.dbtype,movie) | String.IsEqual(ListItem.dbtype,episode)] + String.IsEqual(ListItem.Property(ezra_widget),true) + String.IsEqual(ListItem.Property(ezra_playcount),1)</visible>
            </item>
            <item library="resources/contextmenu/clear_progress.py">
                <label>40009</label>
                <visible>[String.IsEqual(ListItem.dbtype,movie) | String.IsEqual(ListItem.dbtype,episode)] + String.IsEqual(ListItem.Property(ezra_widget),true) + String.IsEqual(ListItem.Property(ezra_in_progress),true)</visible>
            </item>
            <item library="resources/contextmenu/browse.py">
                <label>40002</label>
                <visible>String.IsEqual(ListItem.dbtype,episode) + String.IsEqual(ListItem.Property(ezra_widget),true)</visible>
            </item>
            <item library="resources/contextmenu/browse_season.py">
                <label>40011</label>
                <visible>String.IsEqual(ListItem.dbtype,episode) + String.IsEqual(ListItem.Property(ezra_widget),true)</visible>
            </item>
            <item library="resources/contextmenu/trakt_manager.py">
                <label>40005</label>
                <visible>[String.IsEqual(ListItem.dbtype,movie) | String.IsEqual(ListItem.dbtype,tvshow)] + String.IsEqual(ListItem.Property(ezra_widget),true)</visible>
            </item>
            <item library="resources/contextmenu/favorites_manager.py">
                <label>40008</label>
                <visible>[String.IsEqual(ListItem.dbtype,movie) | String.IsEqual(ListItem.dbtype,tvshow)] + String.IsEqual(ListItem.Property(ezra_widget),true)</visible>
            </item>
            <item library="resources/contextmenu/play_random.py">
                <label>40010</label>
                <visible>[String.IsEqual(ListItem.dbtype,tvshow)] + String.IsEqual(ListItem.Property(ezra_widget),true)</visible>
            </item>
            <item library="resources/contextmenu/options.py">
                <label>40007</label>
                <visible>String.IsEqual(ListItem.Property(ezra_widget),true)</visible>
            </item>
            <item library="resources/contextmenu/extras.py">
                <label>40006</label>
                <visible>String.IsEqual(ListItem.Property(ezra_widget),true)</visible>
            </item>
        </menu>
    </extension>
    <extension point="xbmc.addon.metadata">
        <reuselanguageinvoker>true</reuselanguageinvoker>
        <summary lang="en">Mainly used for Furk and Easynews.</summary>
        <description lang="en">The book of Ezra relates how God's covenant people were restored from Babylonian exile to the covenant land</description>
        <platform>all</platform>
		<disclaimer lang="en">The author of this addon do not host any of the content which is found and have no affiliation with any of the content providers. This addon simply searches websites for content. Use at your own risk!</disclaimer>
        <license>GNU GENERAL PUBLIC LICENSE. Version 3, 29 June 2007</license>
        <assets>
            <icon>icon.png</icon>
            <fanart>fanart.png</fanart>
        </assets>
        <news>INFO: For latest changes see Changelog within Tools of add-on.</news>
    </extension>
</addon>
