<?xml version="1.0" encoding="UTF-8"?>
<!-- Foundation -->
<window id="10140">
    <defaultcontrol always="true">3</defaultcontrol>


    <controls>

        <include>Global_Overlay</include>

        <control type="group">
            <include content="Dialog_Standard_Group">
                <param name="width" value="1400" />
                <param name="height" value="920" />
            </include>

            <control type="label" id="2">
                <include>Dialog_Standard_Header</include>
            </control>

            <control type="grouplist" id="3">
                <description>button area</description>
                <left>20</left>
                <top>110</top>
                <width>400</width>
                <height>370</height>
                <itemgap>10</itemgap>
                <onleft>30</onleft>
                <onright>5</onright>
                <onup>3</onup>
                <ondown>3</ondown>
            </control>

            <control type="grouplist" id="5">
                <description>control area</description>
                <right>20</right>
                <top>110</top>
                <width>940</width>
                <height>674</height>
                <itemgap>10</itemgap>
                <onup>9001</onup>
                <ondown>9001</ondown>
                <onleft>3</onleft>
                <onright>3</onright>
                <usecontrolcoords>true</usecontrolcoords>
            </control>

            <control type="togglebutton" id="10">
                <description>Default Category Button</description>
                <width>400</width>
                <include>Dialog_Standard_ListButton</include>
            </control>

            <control type="button" id="7">
                <description>Default Button</description>
                <include>Dialog_Standard_ListButton</include>
            </control>

            <control type="radiobutton" id="8">
                <description>Default RadioButton</description>
                <radioposx>885</radioposx>
                <include>Dialog_Standard_ListButton</include>
            </control>

            <control type="spincontrolex" id="9">
                <description>Default spincontrolex</description>
                <reverse>true</reverse>
                <include>Dialog_Standard_ListButton</include>
            </control>

            <control type="label" id="14">
                <include>Dialog_Standard_HintLabel</include>
            </control>

            <control type="image" id="11">
                <description>Default Seperator</description>
                <visible>false</visible>
            </control>

            <control type="edit" id="12">
                <description>Default Edit</description>
				<include>Dialog_Standard_ListButton</include>
            </control>
			
            <control type="sliderex" id="13">
                <description>Default Slider</description>
                <width>969</width>
                <include>Dialog_Standard_ListButton</include>
            </control>

            <control type="image">
                <left>20</left>
                <bottom>20</bottom>
                <width>400</width>
                <height>400</height>
                <texture fallback="DefaultAddon.png">$INFO[ListItem.Icon]</texture>
                <aspectratio align="center" aligny="bottom">keep</aspectratio>
            </control>

            <!-- Ok Cancel -->
            <control type="grouplist" id="9001">
                <onup>5</onup>
                <right>20</right>
                <align>right</align>
                <include>Dialog_Standard_OkCancel_GroupList</include>

                <control type="button" id="28" description="OK">
                    <label>186</label>
                    <include>Dialog_Standard_OkCancel</include>
                </control>

                <control type="button" id="29" description="Cancel">
                    <label>222</label>
                    <include>Dialog_Standard_OkCancel</include>
                </control>

                <control type="button" id="30" description="Cancel">
                    <label>409</label>
                    <include>Dialog_Standard_OkCancel</include>
                </control>

            </control>

        </control>

    </controls>

</window>
