<?xml version="1.0" encoding="UTF-8"?>
<!-- Foundation -->
<window id="821">
    <defaultcontrol always="true">50</defaultcontrol>
    <menucontrol>300</menucontrol>
    <onload>ClearProperty(MenuFocus,Home)</onload>
    <views>50,55,52,56,51,53</views>
	
    <controls>
        <include>Global_Background</include>
        <include>View_Layout</include>
        <include>Topbar</include>
        <include>Home</include>
        
        
        <include>Defs_Options_StandardButtons</include>
 
    </controls>

</window>
