<?xml version="1.0" encoding="UTF-8" standalone="yes"?>
<addon id="plugin.program.atomwizard" name="Atom Wizard" version="3.6.0" provider-name="soundsofmath">
  <requires>
    <import addon="xbmc.python" version="2.1.0"/>
  </requires>
  <extension point="xbmc.python.pluginsource" library="default.py">
    <provides>executable</provides>
  </extension>
  <extension point="xbmc.service" library="startup.py" start="startup" />
  <extension point="xbmc.addon.metadata">
    <summary lang="en">Atom Wizard</summary>
    <description lang="en">Atom Wizard allows you to get access to the latest Custom Builds. Thanks whufclee at NaN, GUYS at TI, Brackets for the app installer!! RomanVM for the PyXBMCt libs. Fire TV Guru for the PyXBMCt layout  Also a very special Thanks to Surfacingx for the code used in this add-on.</description>
    <platform>all</platform>
  </extension>
</addon>