<?xml version="1.0" encoding="UTF-8"?>
<!--<window> -->
<window id="1147" type="dialog">
    <coordinates>
        <left>0</left>
        <top>0</top>
    </coordinates>
    <controls>
        <control type="group">
            <control type="image">
                <description>Background Image</description>
                <posx>0</posx>
                <posy>0</posy>
                <width>1920</width>
                <height>1080</height>
                <texture border="2">bg_full.png</texture>
            </control>
            <control type="image">
                <description>Dialog Header image</description>
                <posx>0</posx>
                <posy>25</posy>
                <width>1920</width>
                <height>106</height>
                <texture border="2">header_full.png</texture>
            </control>
            <control type="image">
                <description>Dialog Header image</description>
                <posx>0</posx>
                <posy>995</posy>
                <width>1920</width>
                <height>106</height>
                <texture border="2">header_full.png</texture>
            </control>
            <control type="label" id="101">
                <description>header label</description>
                <posx>0</posx>
                <posy>20</posy>
                <width>1920</width>
                <height>60</height>
                <font>font13</font>
                <label></label>
                <textcolor>$INFO[Window().Property(dhtext)]</textcolor>
                <align>center</align>
                <aligny>center</aligny>
            </control>
            <control type="textbox" id="102">
                <description>Log Contents</description>
                <left>25</left>
                <top>85</top>
                <width>1850</width>
                <height>890</height>
                <font>font10</font>
                <align>left</align>
                <aligny>top</aligny>
                <pagecontrol>103</pagecontrol>
                <onup>205</onup>
                <ondown>205</ondown>
                <onleft>103</onleft>
                <onright>103</onright>
            </control>
            <control type="scrollbar" id="103">
                <description>Scrollbar</description>
                <left>1870</left>
                <top>85</top>
                <width>30</width>
                <height>890</height>
                <subtype>text</subtype>
                <visible>true</visible>
                <texturesliderbackground>Buttons/scrollbar-v-background.png</texturesliderbackground>
                <texturesliderbar>Buttons/scrollbar-v.png</texturesliderbar>
                <texturesliderbarfocus>Buttons/scrollbar-v-focus.png</texturesliderbarfocus>
                <orientation>vertical</orientation>
                <showonepage>true</showonepage>
                <onup>102</onup>
                <ondown>102</ondown>
                <onleft>205</onleft>
                <onright>205</onright>
            </control>
            <control type="button" id="201">
                <description>Upload Button</description>
                <left>60</left>
                <top>1000</top>
                <width>240</width>
                <height>50</height>
                <font>font12</font>
                <textcolor>FFF0F0F0</textcolor>
                <textoffsetx>20</textoffsetx>
                <label>Upload Log</label>
                <align>center</align>
                <aligny>center</aligny>
                <texturefocus colordiffuse="$VAR[HighlightBarColor]">Buttons/plainbtn_focus.png</texturefocus>
                <texturenofocus>Buttons/pixel.png</texturenofocus>
                <onup>103</onup>
                <ondown>103</ondown>
                <onleft>205</onleft>
                <onright>202</onright>
            </control>
            <control type="button" id="202">
                <description>Kodi Log Button</description>
                <left>590</left>
                <top>1000</top>
                <width>240</width>
                <height>50</height>
                <font>font12</font>
                <textcolor>FFF0F0F0</textcolor>
                <textoffsetx>20</textoffsetx>
                <label>Kodi.Log</label>
                <align>center</align>
                <aligny>center</aligny>
                <texturefocus colordiffuse="$VAR[HighlightBarColor]">Buttons/plainbtn_focus.png</texturefocus>
                <texturenofocus>Buttons/pixel.png</texturenofocus>
                <onup>103</onup>
                <ondown>103</ondown>
                <onleft>201</onleft>
                <onright>203</onright>
            </control>
            <control type="button" id="203">
                <description>Kodi Old Log Button</description>
                <left>840</left>
                <top>1000</top>
                <width>240</width>
                <height>50</height>
                <font>font12</font>
                <textcolor>FFF0F0F0</textcolor>
                <textoffsetx>20</textoffsetx>
                <label>Kodi.Old.Log</label>
                <align>center</align>
                <aligny>center</aligny>
                <texturefocus colordiffuse="$VAR[HighlightBarColor]">Buttons/plainbtn_focus.png</texturefocus>
                <texturenofocus>Buttons/pixel.png</texturenofocus>
                <onup>103</onup>
                <ondown>103</ondown>
                <onleft>202</onleft>
                <onright>204</onright>
            </control>
            <control type="button" id="204">
                <description>Atreides Button</description>
                <left>1090</left>
                <top>1000</top>
                <width>240</width>
                <height>50</height>
                <font>font12</font>
                <textcolor>FFF0F0F0</textcolor>
                <textoffsetx>20</textoffsetx>
                <label>Atreides.Log</label>
                <align>center</align>
                <aligny>center</aligny>
                <texturefocus colordiffuse="$VAR[HighlightBarColor]">Buttons/plainbtn_focus.png</texturefocus>
                <texturenofocus>Buttons/pixel.png</texturenofocus>
                <onup>103</onup>
                <ondown>103</ondown>
                <onleft>203</onleft>
                <onright>205</onright>
            </control>
            <control type="button" id="205">
                <description>Close Button</description>
                <left>1610</left>
                <top>1000</top>
                <width>240</width>
                <height>50</height>
                <font>font12</font>
                <textcolor>FFF0F0F0</textcolor>
                <textoffsetx>20</textoffsetx>
                <label>Close</label>
                <align>center</align>
                <aligny>center</aligny>
                <texturefocus colordiffuse="$VAR[HighlightBarColor]">Buttons/plainbtn_focus.png</texturefocus>
                <texturenofocus>Buttons/pixel.png</texturenofocus>
                <onup>103</onup>
                <ondown>103</ondown>
                <onleft>204</onleft>
                <onright>201</onright>
            </control>
        </control>
    </controls>
</window>