<?xml version="1.0" encoding="UTF-8" standalone="yes"?>
<addon id="resource.images.moviecountryicons.maps" name="Movie Country Icons - Maps" version="0.0.1" provider-name="braz">
	<extension point="kodi.resource.images" compile="false" type="moviecountryicons" />
	<requires>
		<import addon="kodi.resource" version="1.0.0"/>
	</requires>
	<extension point="xbmc.addon.metadata">
		<summary lang="en">Map icons for the Countries node in Movies. Maps courtesy of DJAISS, https://github.com/djaiss/mapsicon.</summary>
		<description lang="en">Map icons for the Countries node in Movies. Maps courtesy of DJAISS, https://github.com/djaiss/mapsicon.</description>
		<disclaimer lang="en">Requires implementation by skinner.</disclaimer>
		<platform>all</platform>
		<license>GNU GENERAL PUBLIC LICENSE. Version 2, June 1991</license>
		<forum></forum>
		<website></website>
		<email></email>
		<source>https://github.com/braz96/resource.images.moviecountryicons.maps</source>
		<assets>
			<icon>icon.png</icon>
			<fanart>fanart.jpg</fanart>
			<screenshot>screenshot.jpg</screenshot>
		</assets>
	</extension>
</addon>
