<?xml version="1.0" encoding="UTF-8"?>
<colors>
    <!-- Main -->
    <color name="main_fg_100">ffededed</color>
    <color name="main_fg_90">e7ededed</color>
    <color name="main_fg_80">ccededed</color>
    <color name="main_fg_70">b3ededed</color>
    <color name="main_fg_60">9aededed</color>
    <color name="main_fg_30">4dededed</color>
    <color name="main_fg_12">1fededed</color>

    <color name="main_bg_100">ff000000</color>
    <color name="main_bg_90">e7000000</color>
    <color name="main_bg_80">cc000000</color>
    <color name="main_bg_70">b3000000</color>
    <color name="main_bg_60">9a000000</color>
    <color name="main_bg_45">73000000</color>
    <color name="main_bg_30">4d000000</color>
    <color name="main_bg_12">1f000000</color>



    <!-- Dialogs -->
    <color name="dialog_bg_100">FF37373b</color>
    <color name="dialog_bg_80">e737373b</color>
    <color name="dialog_bg_90">cd37373b</color>
    <color name="dialog_bg_70">B337373b</color>
    <color name="dialog_bg_60">9a37373b</color>
    <color name="dialog_bg_30">4D37373b</color>
    <color name="dialog_bg_12">1F37373b</color>

    <color name="dialog_fg_100">FFededed</color>
    <color name="dialog_fg_90">e7ededed</color>
    <color name="dialog_fg_80">cdededed</color>
    <color name="dialog_fg_70">B3ededed</color>
    <color name="dialog_fg_60">9aededed</color>
    <color name="dialog_fg_30">4Dededed</color>
    <color name="dialog_fg_12">1Fededed</color>
    <color name="dialog_panel">12ededed</color>

    <!-- Overlay -->
    <color name="overlay_hard">12ffffff</color>

    <!-- Shadow -->
    <color name="shadow_flat">1Fededed</color>
    <color name="shadow_line">12ededed</color>
    <color name="shadow_soft">33000000</color>
    <color name="shadow_hard">80000000</color>

</colors>
