<?xml version="1.0" encoding="UTF-8"?>
<colors>
    <!-- Main -->
    <color name="main_fg_100">ffededed</color>
    <color name="main_fg_90">e7ededed</color>
    <color name="main_fg_80">ccededed</color>
    <color name="main_fg_70">b3ededed</color>
    <color name="main_fg_60">9aededed</color>
    <color name="main_fg_30">4dededed</color>
    <color name="main_fg_12">1fededed</color>

    <color name="main_bg_100">ff000000</color>
    <color name="main_bg_90">e7000000</color>
    <color name="main_bg_80">cc000000</color>
    <color name="main_bg_70">b3000000</color>
    <color name="main_bg_60">9a000000</color>
    <color name="main_bg_45">73000000</color>
    <color name="main_bg_30">4d000000</color>
    <color name="main_bg_12">1f000000</color>



</colors>
