<?xml version="1.0" encoding="UTF-8"?>
<window>
  <defaultcontrol always="true">50</defaultcontrol>
  <backgroundcolor>Background</backgroundcolor>
  <views>50,52,55</views>
  <menucontrol>9000</menucontrol>
  <include>OpenClose_Animation</include>
  <controls>
    <include>DefaultBackground</include>
    <control type="group">
      <animation effect="fade" start="100" end="0" time="200" tween="sine" condition="$EXP[infodialog_active]">Conditional</animation>
      <include>View_50_List</include>
      <include>View_52_IconWall</include>
      <include>View_55_WideList</include>
      <include>CommonScrollbars</include>
      <control type="group">
        <visible>Control.IsVisible(55)</visible>
        <visible>Container.Content(addons) | Container.Content()</visible>
        <include content="ListThumbInfoPanel">
          <param name="fallback_image" value="DefaultAddon.png"/>
        </include>
        <control type="group">
          <visible>String.IsEqual(ListItem.AddonLifecycleType,$LOCALIZE[24170]) | String.IsEqual(ListItem.AddonLifecycleType,$LOCALIZE[24171])</visible>
          <control type="image">
            <left>64</left>
            <top>109</top>
            <width>472</width>
            <height>472</height>
            <texture colordiffuse="AAFFFFFF">colors/black.png</texture>
          </control>
          <control type="textbox">
            <left>75</left>
            <top>110</top>
            <width>450</width>
            <height>470</height>
            <align>center</align>
            <aligny>center</aligny>
            <label>$VAR[AddonLifecycleType]</label>
            <font>font32_title</font>
          </control>
        </control>
      </control>
      <include content="TopBar">
        <param name="breadcrumbs_label" value="$LOCALIZE[24001]"/>
      </include>
      <include>MediaMenuMouseOverlay</include>
      <control type="group">
        <include content="MediaMenuCommon">
          <param name="visible">$EXP[MediaMenu]</param>
          <param name="onleft">50</param>
          <param name="onright">50</param>
          <param name="onback">50</param>
        </include>
      </control>
      <include>Defs_MediaMenuCommon</include>
      <control type="group">
        <height>78</height>
        <bottom>0</bottom>
        <visible>$EXP[sidebar_visible]</visible>
        <animation effect="fade" time="300">VisibleChange</animation>
        <include content="LeftAlignedInfo">
          <param name="main_label" value="$INFO[Window(AddonBrowser).Property(Updated)]"/>
          <param name="sub_label" value="$LOCALIZE[31069]"/>
        </include>
      </control>
    </control>
    <!-- hidden buttons -->
    <include>Defs_MediaMenuCommon</include>
    <control type="button" id="5">
      <description>Settings</description>
      <label>5</label>
      <include>HiddenObject</include>
    </control>
    <control type="button" id="9">
      <description>Check for updates</description>
      <label>24034</label>
      <include>HiddenObject</include>
    </control>
    <control type="radiobutton" id="7">
      <description>Hide Foriegn</description>
      <label>25001</label>
      <include>HiddenObject</include>
    </control>
    <control type="radiobutton" id="8">
      <description>Hide incompat</description>
      <label>24999</label>
      <include>HiddenObject</include>
    </control>
  </controls>
</window>
