<?xml version="1.0" encoding="UTF-8"?>
<includes>
  <include name="View_510_Flix">
    <control type="group">
      <visible>Control.IsVisible(510)</visible>
      <control type="group" id="5600">
        <include content="Object_Item_PrimeShowcase">
          <param name="title" value="$VAR[Label_Title]"/>
          <param name="title_top" value="120"/>
          <param name="title_width" value="1200" />
          <param name="plot" value="$VAR[Label_PlotTextBoxPrimeVar]"/>
          <param name="plot_top" value="375"/>
          <param name="info_line_top" value="320"/>
          <param name="visible_infoline" value="Control.HasFocus(510) | Control.HasFocus(9000)" />
          <param name="clearlogo_top_margin" value="-740"/>
        </include>
        <visible>!$EXP[infodialog_active]</visible>
      </control>
      <control type="fixedlist" id="510">
        <top>610</top>
        <left>-120</left>
        <width>2400</width>
        <scrolltime tween="linear" easing="inout">400</scrolltime>
        <orientation>horizontal</orientation>
        <onup>SetFocus(9000)</onup>
        <ondown>511</ondown>
        <pagecontrol>511</pagecontrol>
        <focusposition>1</focusposition>
        <animation effect="slide" time="0" start="0" end="-70,0" condition="true">Conditional</animation>
        <viewtype label="$LOCALIZE[31392]">icon</viewtype>
        <include content="View_Forced">
          <param name="string" value="$LOCALIZE[31392]"/>
        </include>
        <focusedlayout height="382.5" width="270" condition="Container.Content(videos) | Container.Content(movies) | Container.Content(sets) | Container.Content(tvshows) | Container.Content(seasons) | Container.Content(episodes) | [Container.Content(musicvideos) + Skin.HasSetting(show_musicvideoposter)]">
          <control type="group">
            <include content="ViewPosterItemLayout">
              <param name="WallWatchedIconVar_visible" value="false"/>
            </include>
          </control>
        </focusedlayout>
        <itemlayout height="382.5" width="270" condition="Container.Content(videos) | Container.Content(movies) | Container.Content(sets) | Container.Content(tvshows) | Container.Content(seasons) | Container.Content(episodes) | [Container.Content(musicvideos) + Skin.HasSetting(show_musicvideoposter)]">
          <control type="group">
            <include content="ViewPosterItemLayout">
              <param name="WallWatchedIconVar_visible" value="false"/>
            </include>
          </control>
        </itemlayout>
      </control>
      <control type="group">
        <top>610</top>
        <left>80</left>
        <width>270</width>
        <height>382.5</height>
        <include content="Selectbox">
          <param name="visible_posters" value="Control.HasFocus(510)"/>
          <param name="visible_squares" value="false"/>
          <param name="visible_landscapes" value="false"/>
          <param name="focusbounce" value="false" />
        </include>
        <include content="View_WatchedOverlay">
          <param name="bottom" value="0"/>
          <param name="right" value="50"/>
          <param name="selected" value="Control.HasFocus(510)"/>
        </include>
      </control>
      <control type="scrollbar" id="511">
        <onup>510</onup>
        <left>0</left>
        <bottom>0</bottom>
        <height>12</height>
        <width>100%</width>
        <orientation>horizontal</orientation>
        <animation effect="fade" start="100" end="0" time="200" condition="!Control.HasFocus(511)">Conditional</animation>
        <animation effect="fade" start="0" end="100" time="200" condition="Control.HasFocus(511)">Conditional</animation>
      </control>
    </control>
  </include>
</includes>
