<?xml version="1.0" encoding="UTF-8"?>
<window id="1128" type="dialog">
	<defaultcontrol always="true">90100</defaultcontrol>
	<controls>
		<control type="group">
			<top>52</top>
			<left>100</left>
			<control type="button" id="8999">
				<description>Close Window button</description>
				<left>350</left>
				<width>64</width>
				<height>48</height>
				<label></label>
				<font>CloseButton</font>
				<textcolor>grey</textcolor>
				<focusedcolor>themecolor</focusedcolor>
				<onclick>Dialog.Close(1128)</onclick>
				<texturefocus/>
				<texturenofocus/>
				<onleft>2</onleft>
				<onright>13</onright>
				<onup>13</onup>
				<ondown>2</ondown>
				<align>center</align>
				<visible>system.getbool(input.enablemouse)</visible>
			</control>
			<control type="image">
				<top>-52</top>
				<description>LOGO</description>
				<width>400</width>
				<height>120</height>
				<aspectratio>keep</aspectratio>
				<texture>aeon-tajo.png</texture>
			</control>
			<control type="grouplist" id="90100">
				<top>100</top>
				<width>400</width>
				<height>1080</height>
				<onleft>Dialog.Close(1128)</onleft>
				<onright>Dialog.Close(1128)</onright>
				<onup>90100</onup>
				<ondown>90100</ondown>
				<control type="button" id="901003">
					<description>Fallback</description>
					<textwidth>255</textwidth>
					<include>ButtonCommonValues</include>
					<label>$LOCALIZE[31117]</label>
					<onclick>Skin.Reset(ItemToEdit.MultiFanart)</onclick>
					<onclick>SetProperty(No.Cases,True,home)</onclick>
					<onclick>$VAR[FallbackBackgroundOnClickVar]</onclick>
					<onclick>ActivateWindow(1122)</onclick>
				</control>
			</control>
		</control>
	</controls>
</window>