<?xml version="1.0" encoding="UTF-8"?>
<window type="dialog" id="1187">
	<onload>Stop</onload>
	<onload>ClearProperty(PlayingMusicPreview,Home)</onload>
	<visible>Skin.HasSetting(PlayPreviewM)</visible>
	<visible>!String.IsEmpty(Window(home).Property(PlayingMusicPreview))</visible>
	<visible>Container.OnNext | Container.OnPrevious | !String.IsEmpty(Window(Home).Property(MediaMenu)) | !Container.Content(artists)</visible>
	<visible>!String.IsEqual(Container.Viewmode,$LOCALIZE[21888]) + !String.IsEqual(Container.Viewmode,Triple)</visible>
    <controls/>
</window>