<?xml version="1.0" encoding="UTF-8"?>
<window type="dialog" id="1159">
    <onload condition="Player.Playing + String.Contains(Player.Filenameandpath,theme.mp3)">Pause</onload>
    <onload>ClearProperty(theme_ready,home)</onload>
	<onload>ClearProperty(PlayingOST,Home)</onload>
	<visible>[Container.OnNext | Container.OnPrevious]</visible>
	<visible>!String.IsEmpty(Window(home).Property(PlayingOST))</visible>
	<visible>!String.IsEmpty(Window(home).Property(FirstWall))</visible>
    <visible>Container.Content(sets) | Container.Content(movies) | Container.Content(tvshows)</visible>
    <visible>!Window.IsActive(movieinformation) + Skin.HasSetting(playTheme)</visible>
	<visible>!System.HasActiveModalDialog</visible>
    <controls></controls>
</window>
	