<?xml version="1.0" encoding="UTF-8"?>
<window type="dialog" id="1175">
    <onload condition="Control.HasFocus(586)">AlarmClock(AnimMulti2,SetProperty(AnimWall2,True,home),00:03,silent)</onload>
    <onload condition="Control.HasFocus(586)">AlarmClock(AnimMulti3,SetFocus(586),00:03,silent)</onload>
    <onload condition="Control.HasFocus(586)">ClearProperty(HideWall,home)</onload>
    <visible>Window.IsActive(videos) + System.IdleTime(1) + !String.IsEmpty(Window(Home).Property(HideWall)) + String.IsEmpty(Window(Home).Property(MediaMenu))</visible>
    <controls>
    </controls>
</window>