<?xml version="1.0" encoding="UTF-8"?>
<window id="1120" type="dialog">
	<defaultcontrol always="true">90200</defaultcontrol>
	<coordinates>
		<system>1</system>
		<left>199</left>
		<top>210</top>
	</coordinates>
	<include>DialogOpenCloseAnimation</include>
	<controls>
		<control type="image">
			<description>background image</description>
			<width>1522</width>
			<height>660</height>
			<texture border="40">dialogs/default/bg.png</texture>
		</control>
		<control type="label" id="2">
			<description>header label</description>
			<left>30</left>
			<top>32</top>
			<width>1462</width>
			<height>40</height>
			<font>font15_title</font>
			<label>19181</label>
			<align>center</align>
			<textcolor>dialogheader</textcolor>
		</control>
		<control type="grouplist" id="90200">
			<description>control area</description>
			<left>31</left>
			<top>88</top>
			<width>1138</width>
			<height>540</height>
			<pagecontrol>6</pagecontrol>
			<onup>90200</onup>
			<ondown>90200</ondown>
			<onleft>9001</onleft>
			<onright>6</onright>
			<control type="radiobutton" id="90228">
				<description>Blurred image</description>
				<visible>Skin.HasSetting(SettingCommon)</visible>
				<textcolor>themecolor</textcolor>
				<width>1138</width>
				<label>$LOCALIZE[32032]</label>
				<onclick>Skin.ToggleSetting(BlurredAlbum)</onclick>
				<selected>Skin.HasSetting(BlurredAlbum)</selected>
			</control>
			<control type="radiobutton" id="90222">
				<description>Customize Background</description>
				<visible>!Skin.HasSetting(BlurredAlbum)</visible>
				<width>1138</width>
				<label>$LOCALIZE[32027]</label>
				<onclick>Skin.ToggleSetting(Cust_Backg)</onclick>
				<selected>Skin.HasSetting(Cust_Backg)</selected>
			</control>
			<control type="button" id="297">
				<visible>!Skin.HasSetting(BlurredAlbum)</visible>
				<width>1138</width>
				<label>-- $LOCALIZE[32028]</label>
				<visible>Skin.HasSetting(Cust_Backg)</visible>
				<label2>[COLOR themecolor]$INFO[Skin.String(Custom_BG)][/COLOR]</label2>
				<onclick>Skin.SetImage(Custom_BG,special://skin/backgrounds/)</onclick>
				<onclick>Skin.Reset(Custom_BG_Path)</onclick>
			</control>
			<control type="button" id="90239">
				<visible>!Skin.HasSetting(BlurredAlbum)</visible>
				<width>1138</width>
				<label>-- $LOCALIZE[32033]</label>
				<visible>Skin.HasSetting(Cust_Backg)</visible>
				<label2>[COLOR themecolor]$INFO[Skin.String(Custom_BG_Path)][/COLOR]</label2>
				<onclick>Skin.SetPath(Custom_BG_Path)</onclick>
				<onclick>Skin.Reset(Custom_BG)</onclick>
			</control>
			<control type="radiobutton" id="90805">
				<description>Classic lyrics</description>
				<width>1138</width>
				<label>$LOCALIZE[31998]</label>
				<onclick>Skin.ToggleSetting(ClassicLyrics)</onclick>
				<selected>Skin.HasSetting(ClassicLyrics)</selected>
				<visible>!Skin.HasSetting(noLyrics)</visible>
			</control>
			<control type="radiobutton" id="90223">
				<description>Hide/Show time</description>
				<width>1138</width>
				<label>$LOCALIZE[31223]</label>
				<onclick>Skin.ToggleSetting(noTime)</onclick>
				<selected>!Skin.HasSetting(noTime)</selected>
			</control>
			<control type="radiobutton" id="90229">
				<description>Show only background</description>
				<width>1138</width>
				<label>$LOCALIZE[32015]</label>
				<onclick>Skin.ToggleSetting(onlyBackground)</onclick>
				<selected>Skin.HasSetting(onlyBackground)</selected>
			</control>
			<control type="radiobutton" id="90798">
				<description>Simple/Extended view</description>
				<visible>!Skin.HasSetting(onlyBackground)</visible>
				<width>1138</width>
				<label>$LOCALIZE[31997]</label>
				<onclick>Skin.ToggleSetting(SimpleView)</onclick>
				<selected>Skin.HasSetting(SimpleView)</selected>
			</control>
			<control type="radiobutton" id="90220">
				<description>Hide/Show rating</description>
				<visible>!Skin.HasSetting(onlyBackground)</visible>
				<width>1138</width>
				<label>$LOCALIZE[31220]</label>
				<onclick>Skin.ToggleSetting(noRating)</onclick>
				<selected>!Skin.HasSetting(noRating)</selected>
			</control>
			<control type="radiobutton" id="90221">
				<description>Hide/Show clearart</description>
				<visible>!Skin.HasSetting(onlyBackground)</visible>
				<width>1138</width>
				<label>$LOCALIZE[31221]</label>
				<onclick>Skin.ToggleSetting(noClearart)</onclick>
				<selected>!Skin.HasSetting(noClearart)</selected>
			</control>
			<control type="radiobutton" id="90224">
				<visible>!Skin.HasSetting(onlyBackground)</visible>
				<description>Flat/3D</description>
				<width>1138</width>
				<label>$LOCALIZE[31995]</label>
				<onclick>Skin.ToggleSetting(3D)</onclick>
				<selected>Skin.HasSetting(3D)</selected>
			</control>
			<control type="radiobutton" id="90222">
				<description>Hide/Show CD</description>
				<visible>!Skin.HasSetting(onlyBackground)</visible>
				<width>1138</width>
				<label>$LOCALIZE[31222]</label>
				<onclick>Skin.ToggleSetting(noCD)</onclick>
				<selected>!Skin.HasSetting(noCD)</selected>
				<visible>Skin.HasSetting(3D)</visible>
			</control>
		</control>
		<control type="scrollbar" id="6">
			<left>1170</left>
			<top>88</top>
			<width>8</width>
			<height>540</height>
			<texturesliderbackground/>
			<texturesliderbar colordiffuse="55ffffff" border="1">scrollbar/texturesliderbar2.png</texturesliderbar>
			<texturesliderbarfocus border="1">scrollbar/texturesliderbar2.png</texturesliderbarfocus>
			<onleft>90200</onleft>
			<onright>9001</onright>
			<showonepage>false</showonepage>
			<orientation>vertical</orientation>
		</control>
		<!-- right group -->
		<control type="group">
			<left>1182</left>
			<top>88</top>
			<control type="grouplist" id="9001">
				<onup>9001</onup>
				<onleft>6</onleft>
				<onright>90200</onright>
				<ondown>9001</ondown>
				<control type="button" id="28">
					<description>Ok Button</description>
					<width>310</width>
					<label>186</label>
					<onclick>Dialog.Close(1120)</onclick>
				</control>
			</control>
		</control>
	</controls>
</window>