<?xml version="1.0" encoding="UTF-8"?>
<window type="dialog" id="1192">
	<onload condition="String.IsEqual(ListItem.DBTYPE,album) + Skin.HasSetting(SearchExtrasMusic) + Skin.HasSetting(SettingCommon) + !Window.IsActive(musicinformation) + !Window.IsActive(songinformation)">RunScript(script.embuary.helper,action=lookforfile,file='"$INFO[Container(6989).ListItemAbsolute(0).Path]$VAR[Extras_path]/"',prop=extras_music_yes)</onload>
	<visible>System.IdleTime(1)</visible>
	<visible>!String.Contains(ListItem.Path,thumb:) + !String.Contains(ListItem.Path,image:) + !String.IsEqual(ListItem.FileExtension,strm) + !String.Contains(ListItem.Path,http)</visible>
	<visible>Container.Content(albums)</visible>
	<visible>!ListItem.IsParentFolder</visible>
	<visible>Window.IsActive(music) + Skin.HasSetting(SearchExtrasMusic) + Skin.HasSetting(SettingCommon)</visible>
	<visible>!Window.IsActive(musicinformation)</visible>
	<visible>!Window.IsActive(songinformation)</visible>
	<visible>String.IsEmpty(Window(Home).Property(extras_music_yes))</visible>
	<visible>!Container.Content(musicvideos) + !String.StartsWith(container.folderpath,library://video/musicvideos/) + !String.StartsWith(container.folderpath,videodb://musicvideos)</visible>
	<controls/>
</window>