<?xml version="1.0" encoding="UTF-8"?>
<window type="dialog" id="1158">
	<onload condition="Skin.HasSetting(playTheme)">RunScript(script.embuary.helper,action=lookforfile,file='$ESCINFO[ListItem.Path,,theme.mp3]',prop=theme_ready)</onload>
	<visible>System.IdleTime(2)</visible>
	<visible>!ListItem.IsCollection</visible>
	<visible>!String.Contains(ListItem.Path,thumb:) + !String.Contains(ListItem.Path,image:) + !String.IsEqual(ListItem.FileExtension,strm)</visible>
	<visible>Container.Content(movies) | Container.Content(tvshows) | Container.Content(seasons)</visible>
	<visible>!Window.IsActive(movieinformation)</visible>
	<visible>!System.HasActiveModalDialog</visible>
	<visible>!ListItem.IsParentFolder</visible>
	<visible>Window.IsActive(videos) + Skin.HasSetting(playTheme)</visible>
	<visible>!Skin.HasSetting(playTrailer) | [Skin.HasSetting(playTrailer) + String.IsEmpty(ListItem.Trailer)] | [Skin.HasSetting(playTrailer) + !String.IsEmpty(ListItem.Trailer) + !String.IsEqual(Container.Viewmode,Shelf) + !String.IsEqual(Container.Viewmode,RightList) + !String.IsEqual(Container.Viewmode,Triple) + !String.IsEqual(Container.Viewmode,Wall) + !String.IsEqual(Container.Viewmode,Banner) + !String.IsEqual(Container.Viewmode,Flix)] | [Skin.HasSetting(playTrailer) + !String.IsEmpty(ListItem.Trailer) + String.IsEqual(Skin.String(StartTrailer),10)]</visible>
	<controls></controls>
</window>