<?xml version="1.0" encoding="UTF-8"?>
<window type="dialog" id="1171">
    <onload condition="Control.IsVisible(589) + !Control.IsVisible(80) + !String.IsEmpty(Window(Home).Property(RowTitle)) + !String.IsEqual(Container.SortMethod,$LOCALIZE[369])">Container.SetSortMethod(29)</onload>
    <onload condition="Control.IsVisible(589) + !String.IsEmpty(Window(Home).Property(RowYear)) + !String.IsEqual(Container.SortMethod,$LOCALIZE[345])">Container.SetSortMethod(16)</onload>
    <onload condition="Control.IsVisible(589) + !String.IsEmpty(Window(Home).Property(RowRating)) + !String.IsEqual(Container.SortMethod,$LOCALIZE[563])">Container.SetSortMethod(17)</onload>
    <onload condition="Control.IsVisible(589) + !String.IsEmpty(Window(Home).Property(RowDuration)) + !String.IsEqual(Container.SortMethod,$LOCALIZE[180])">Container.SetSortMethod(9)</onload>
    <onload condition="Control.IsVisible(589) + !String.IsEmpty(Window(Home).Property(RowMpaa)) + !String.IsEqual(Container.SortMethod,$LOCALIZE[20074])">Container.SetSortMethod(31)</onload>
    <onload condition="Control.IsVisible(589) + !String.IsEmpty(Window(Home).Property(RowDate)) + !String.IsEqual(Container.SortMethod,$LOCALIZE[570])">Container.SetSortMethod(40)</onload>
    <visible>Window.IsActive(videos) + System.IdleTime(3) + String.IsEmpty(Window(Home).Property(MediaMenu))</visible>
    <controls>
    </controls>
</window>