<?xml version="1.0" encoding="UTF-8"?>
<window type="dialog" id="1161">
	<onload condition="!Control.HasFocus(8541) + !Control.HasFocus(8542) + !Control.HasFocus(8543) + !Control.HasFocus(8544)">Stop</onload>
	<onload condition="!Control.HasFocus(8541) + !Control.HasFocus(8542) + !Control.HasFocus(8543) + !Control.HasFocus(8544)">ClearProperty(PlayingOST,Home)</onload>
	<onload condition="!Control.HasFocus(8541) + !Control.HasFocus(8542) + !Control.HasFocus(8543) + !Control.HasFocus(8544)">ClearProperty(theme_ready,home)</onload>
	<visible>String.Contains(Player.Filenameandpath,theme.mp3) + System.IdleTime(11) + Skin.HasSetting(playTrailer) + String.IsEqual(Skin.String(StartTrailer),10) + !String.IsEmpty(ListItem.Trailer)</visible>
	<visible>String.IsEqual(Container.Viewmode,Shelf) | String.IsEqual(Container.Viewmode,RightList) | String.IsEqual(Container.Viewmode,Triple) | String.IsEqual(Container.Viewmode,Wall) | String.IsEqual(Container.Viewmode,Banner) | String.IsEqual(Container.Viewmode,Flix)</visible>
	<visible>Skin.HasSetting(playTheme)</visible>
	<controls/>
</window>