<?xml version="1.0" encoding="UTF-8"?>
<window id="1125" type="dialog">
	<defaultcontrol always="true">90100</defaultcontrol>
	<coordinates>
		<system>1</system>
		<left>457</left>
		<top>240</top>
	</coordinates>
	<include>DialogOpenCloseAnimation</include>
	<onunload condition="!String.IsEmpty(Skin.String(ItemToEdit.InfoLine))">Skin.SetString($INFO[Window(Home).Property(tajo.InfoLine)],$INFO[Skin.String(ItemToEdit.InfoLine)])</onunload>
	<onunload>ClearProperty(tajo.InfoLine,Home)</onunload>
	<controls>
		<control type="image">
			<left>157</left>
			<width>692</width>
			<height>600</height>
			<texture border="40">dialogs/default/bg.png</texture>
		</control>
		<control type="label" id="1">
			<left>30</left>
			<top>32</top>
			<width>940</width>
			<height>40</height>
			<font>font15_title</font>
			<label>$LOCALIZE[31049]</label>
			<align>center</align>
			<textcolor>dialogheader</textcolor>
		</control>
		<control type="list" id="90100">
			<left>189</left>
			<top>88</top>
			<width>628</width>
			<height>480</height>
			<onup>90100</onup>
			<ondown>90100</ondown>
			<onleft>90100</onleft>
			<onright>60</onright>
			<pagecontrol>60</pagecontrol>
			<scrolltime tween="quadratic" easing="out">200</scrolltime>
			<itemlayout height="60" width="628">
				<control type="label">
					<width>628</width>
					<height>60</height>
					<textoffsetx>15</textoffsetx>
					<font>font14</font>
					<textcolor>grey2</textcolor>
					<selectedcolor>selected</selectedcolor>
					<label>$INFO[ListItem.Label]</label>
				</control>
			</itemlayout>
			<focusedlayout height="60" width="628">
				<control type="image">
					<width>629</width>
					<height>60</height>
					<texture border="5">listselect_fo.png</texture>
					<visible>Control.HasFocus(90100)</visible>
					<include>VisibleFadeAnimation</include>
				</control>
				<control type="label">
					<width>628</width>
					<height>60</height>
					<textoffsetx>15</textoffsetx>
					<font>font14</font>
					<textcolor>white</textcolor>
					<selectedcolor>selected</selectedcolor>
					<scroll>true</scroll>
					<label>$INFO[ListItem.Label]</label>
					<animation effect="fade" start="100" end="70" time="300" tween="sine" easing="inout" condition="!Control.HasFocus(90100)">Conditional</animation>
				</control>
			</focusedlayout>
			<content>
				<item>
					<label>$LOCALIZE[16018]</label>
					<onclick>Skin.Reset(ItemToEdit.InfoLine)</onclick>
					<onclick>Skin.SetString($INFO[Window(Home).Property(tajo.InfoLine)],$INFO[Skin.String(ItemToEdit.InfoLine)])</onclick>
					<onclick>Dialog.Close(1125)</onclick>
				</item>
				<item>
					<label>$LOCALIZE[31052]</label>
					<onclick>Skin.SetString(ItemToEdit.InfoLine,1)</onclick>
					<onclick>Dialog.Close(1125)</onclick>
				</item>
				<item>
					<label>$LOCALIZE[31053]</label>
					<onclick>Skin.SetString(ItemToEdit.InfoLine,2)</onclick>
					<onclick>Dialog.Close(1125)</onclick>
				</item>
				<item>
					<label>$LOCALIZE[31054]</label>
					<onclick>Skin.SetString(ItemToEdit.InfoLine,3)</onclick>
					<onclick>Dialog.Close(1125)</onclick>
				</item>
				<item>
					<label>$LOCALIZE[31058]</label>
					<onclick>Skin.SetString(ItemToEdit.InfoLine,4)</onclick>
					<onclick>Dialog.Close(1125)</onclick>
				</item>
				<item>
					<label>$LOCALIZE[20088]</label>
					<onclick>Skin.SetString(ItemToEdit.InfoLine,5)</onclick>
					<onclick>Dialog.Close(1125)</onclick>
				</item>
				<item>
					<label>$LOCALIZE[31085]</label>
					<onclick>Skin.SetString(ItemToEdit.InfoLine,7)</onclick>
					<onclick>Dialog.Close(1125)</onclick>
				</item>
				<item>
					<label>$LOCALIZE[130]</label>
					<onclick>Skin.SetString(ItemToEdit.InfoLine,8)</onclick>
					<onclick>Dialog.Close(1125)</onclick>
				</item>
				<item>
					<label>$LOCALIZE[31097]</label>
					<onclick>Skin.SetString(ItemToEdit.InfoLine,9)</onclick>
					<onclick>Dialog.Close(1125)</onclick>
				</item>
				<item>
					<label>$LOCALIZE[31098]</label>
					<onclick>Skin.SetString(ItemToEdit.InfoLine,10)</onclick>
					<onclick>Dialog.Close(1125)</onclick>
				</item>
				<item>
					<label>$LOCALIZE[31099]</label>
					<onclick>Skin.SetString(ItemToEdit.InfoLine,11)</onclick>
					<onclick>Dialog.Close(1125)</onclick>
				</item>
			</content>
		</control>
		<control type="scrollbar" id="60">
			<left>819</left>
			<top>88</top>
			<height>480</height>
			<width>14</width>
			<onleft>90100</onleft>
			<onright>90100</onright>
			<ondown>60</ondown>
			<onup>60</onup>
			<showonepage>false</showonepage>
			<texturesliderbackground />
			<texturesliderbar colordiffuse="55ffffff" border="4">scrollbar/texturesliderbar3.png</texturesliderbar>
			<texturesliderbarfocus border="4">scrollbar/texturesliderbar3.png</texturesliderbarfocus>
		</control>
	</controls>
</window>