<?xml version="1.0" encoding="UTF-8"?>
<window type="dialog" id="1176">
	<onload condition="Skin.HasSetting(playTheme)">RunScript(script.embuary.helper,action=lookforfile,file='$ESCINFO[Control.GetLabel(6410),,theme.mp3]',prop=theme_ready)</onload>
	<visible>System.IdleTime(2)</visible>
	<visible>ListItem.IsCollection</visible>
    <visible>!Window.IsActive(movieinformation)</visible>
	<visible>!System.HasActiveModalDialog</visible>
    <visible>Window.IsActive(videos) + Skin.HasSetting(playTheme)</visible>
    <controls></controls>
</window>