<?xml version="1.0" encoding="UTF-8"?>
<window type="dialog" id="1172">
    <onload condition="!Control.IsVisible(80) + !Control.HasFocus(5919) + Control.IsVisible(588) + !Control.IsVisible(80) + !String.IsEmpty(Window(Home).Property(RowTitlem)) + !String.IsEqual(Container.SortMethod,$LOCALIZE[369])">Container.SetSortMethod(7)</onload>
    <onload condition="!Control.IsVisible(80) + !Control.HasFocus(5919) + Control.IsVisible(588) + !String.IsEmpty(Window(Home).Property(RowTrack)) + !String.IsEqual(Container.SortMethod,$LOCALIZE[554])">Container.SetSortMethod(8)</onload>
    <onload condition="!Control.IsVisible(80) + !Control.HasFocus(5919) + Control.IsVisible(588) + !String.IsEmpty(Window(Home).Property(RowAlbum)) + !String.IsEqual(Container.SortMethod,$LOCALIZE[558])">Container.SetSortMethod(12)</onload>
    <onload condition="!Control.IsVisible(80) + !Control.HasFocus(5919) + Control.IsVisible(588) + !String.IsEmpty(Window(Home).Property(RowDurationm)) + !String.IsEqual(Container.SortMethod,$LOCALIZE[180])">Container.SetSortMethod(9)</onload>
    <onload condition="!Control.IsVisible(80) + !Control.HasFocus(5919) + Control.IsVisible(588) + !String.IsEmpty(Window(Home).Property(RowArtist)) + !String.IsEqual(Container.SortMethod,$LOCALIZE[557])">Container.SetSortMethod(10)</onload>
    <onload condition="!Control.IsVisible(80) + !Control.HasFocus(5919) + Control.IsVisible(588) + !String.IsEmpty(Window(Home).Property(RowYearm)) + !String.IsEqual(Container.SortMethod,$LOCALIZE[345])">Container.SetSortMethod(16)</onload>
    <visible>Window.IsActive(music) + System.IdleTime(3) + String.IsEmpty(Window(Home).Property(MediaMenu))</visible>
    <controls>
    </controls>
</window>