<?xml version="1.0" encoding="UTF-8"?>
<window type="dialog" id="1157">
	<onload condition="!String.IsEmpty(Window(home).Property(theme_ready)) + String.IsEmpty(Window(home).Property(PlayingOST)) + !String.Contains(ListItem.Path,http) + !Control.HasFocus(8541) + !Control.HasFocus(8542) + !Control.HasFocus(8543) + !Control.HasFocus(8544)">PlayMedia($ESCINFO[ListItem.Path,,theme.mp3],1)</onload>
	<onload condition="!String.IsEmpty(Window(home).Property(theme_ready)) + String.IsEmpty(Window(home).Property(PlayingOST)) + !String.Contains(ListItem.Path,http) + !Control.HasFocus(8541) + !Control.HasFocus(8542) + !Control.HasFocus(8543) + !Control.HasFocus(8544)">SetProperty(PlayingOST,True,home)</onload>
	<visible>System.IdleTime(3)</visible>
	<visible>!String.Contains(ListItem.Path,thumb:) + !String.Contains(ListItem.Path,image:) + !String.Contains(ListItem.Path,plugin)</visible>
	<visible>Container.Content(movies) | Container.Content(tvshows) | Container.Content(seasons)</visible>
	<visible>!Window.IsActive(movieinformation)</visible>
	<visible>!ListItem.IsParentFolder</visible>
	<visible>!ListItem.IsCollection + !System.HasActiveModalDialog</visible>
	<visible>Window.IsActive(videos) + Skin.HasSetting(playTheme)</visible>
	<visible>!Skin.HasSetting(playTrailer) | [Skin.HasSetting(playTrailer) + String.IsEmpty(ListItem.Trailer)] | [Skin.HasSetting(playTrailer) + !String.IsEmpty(ListItem.Trailer) + !String.IsEqual(Container.Viewmode,Shelf) + !String.IsEqual(Container.Viewmode,RightList) + !String.IsEqual(Container.Viewmode,Triple) + !String.IsEqual(Container.Viewmode,Wall) + !String.IsEqual(Container.Viewmode,Banner) + !String.IsEqual(Container.Viewmode,Flix)] | [Skin.HasSetting(playTrailer) + !String.IsEmpty(ListItem.Trailer) + String.IsEqual(Skin.String(StartTrailer),10)]</visible>
	<controls/>
</window>