<?xml version="1.0" encoding="UTF-8"?>
<window id="1196" type="dialog">
	<defaultcontrol always="true">602</defaultcontrol>
	<controls>
		<control type="group">
			<animation effect="slide" start="0,-238" end="0,0" time="240" tween="quadratic">WindowOpen</animation>
			<animation effect="slide" end="0,-238" start="0,0" time="240" tween="quadratic">WindowClose</animation>
			<control type="image">
				<left>-10</left>
				<top>-100</top>
				<width>2450</width>
				<height>282</height>
				<texture flipy="true">homemenu_back.png</texture>
				<colordiffuse>themecolor</colordiffuse>
				<animation effect="fade" end="90" condition="true">Conditional</animation>
			</control>
			<control type="grouplist" id="202">
				<height>144</height>
				<width>100%</width>
				<align>center</align>
				<scrolltime tween="sine">200</scrolltime>
				<orientation>horizontal</orientation>
				<onup>Dialog.Close(1196)</onup>
				<ondown>Dialog.Close(1196)</ondown>
				<onleft>202</onleft>
				<onright>202</onright>
				<control type="button" id="700">
					<texturefocus>osd/buttons/OSDPlaylistFO.png</texturefocus>
					<texturenofocus>osd/buttons/OSDPlaylistNF.png</texturenofocus>
					<label/>
					<width>100</width>
					<height>100</height>
					<font/>
					<onclick>Close</onclick>
					<onclick>ActivateWindow(MusicPlaylist)</onclick>
				</control>
				<control type="button" id="600">
					<texturefocus>osd/buttons/OSDPrevTrackFO.png</texturefocus>
					<texturenofocus>osd/buttons/OSDPrevTrackNF.png</texturenofocus>
					<label/>
					<width>100</width>
					<height>100</height>
					<font/>
					<onclick>PlayerControl(Previous)</onclick>
				</control>
				<control type="button" id="601">
					<texturefocus>osd/buttons/OSDRewindFO.png</texturefocus>
					<texturenofocus>osd/buttons/OSDRewindNF.png</texturenofocus>
					<label/>
					<width>100</width>
					<height>100</height>
					<font/>
					<onclick>PlayerControl(Rewind)</onclick>
				</control>
				<control type="togglebutton" id="602">
					<texturefocus>osd/buttons/OSDPauseFO.png</texturefocus>
					<texturenofocus>osd/buttons/OSDPauseNF.png</texturenofocus>
					<alttexturefocus>osd/buttons/OSDPlayFO.png</alttexturefocus>
					<alttexturenofocus>osd/buttons/OSDPlayNF.png</alttexturenofocus>
					<label/>
					<altlabel>208</altlabel>
					<width>100</width>
					<height>100</height>
					<font/>
					<usealttexture>Player.Paused | Player.Forwarding | Player.Rewinding</usealttexture>
					<onclick>PlayerControl(Play)</onclick>
				</control>
				<control type="button" id="603">
					<texturefocus>osd/buttons/OSDStopFO.png</texturefocus>
					<texturenofocus>osd/buttons/OSDStopNF.png</texturenofocus>
					<label/>
					<width>100</width>
					<height>100</height>
					<font/>
					<onclick>PlayerControl(Stop)</onclick>
				</control>
				<control type="button" id="604">
					<texturefocus>osd/buttons/OSDForwardFO.png</texturefocus>
					<texturenofocus>osd/buttons/OSDForwardNF.png</texturenofocus>
					<label/>
					<width>100</width>
					<height>100</height>
					<font/>
					<onclick>PlayerControl(Forward)</onclick>
				</control>
				<control type="button" id="605">
					<texturefocus>osd/buttons/OSDNextTrackFO.png</texturefocus>
					<texturenofocus>osd/buttons/OSDNextTrackNF.png</texturenofocus>
					<label/>
					<width>100</width>
					<height>100</height>
					<font/>
					<onclick>PlayerControl(Next)</onclick>
				</control>
			</control>
		</control>
	</controls>
</window>