<?xml version="1.0" encoding="UTF-8"?>
<window id="1190" type="dialog">
	<defaultcontrol always="true">9019</defaultcontrol>
	<onunload condition="!String.IsEmpty(Window(Home).Property(Extra_Full))">ClearProperty(Extra_Full,Home)</onunload>
	<controls>
		<control type="button" id="9019">
			<include>HiddenObject</include>
			<onclick>Dialog.Close(1190)</onclick>
			<onup>Dialog.Close(1190)</onup>
			<ondown>Dialog.Close(1190)</ondown>
			<onleft>Dialog.Close(1190)</onleft>
			<onright>Dialog.Close(1190)</onright>
		</control>
		<control type="image">
			<include>FullscreenDimensions</include>
			<texture background="true">blackk.jpg</texture>
		</control>
		<control type="image">
			<include>FullscreenDimensions</include>
			<aspectratio>keep</aspectratio>
			<texture background="true">$INFO[Window(Home).Property(Extra_Full)]</texture>
		</control>
	</controls>
</window>