<?xml version="1.0" encoding="UTF-8"?>
<window id="1129" type="dialog">
	<defaultcontrol always="true">9000</defaultcontrol>
	<include>WindowSettingsFadeAnimation</include>
	<controls>
		<control type="button" id="8999">
			<description>Close Window button</description>
			<left>350</left>
			<width>64</width>
			<height>48</height>
			<label></label>
			<font>CloseButton</font>
			<textcolor>grey</textcolor>
			<focusedcolor>themecolor</focusedcolor>
			<onclick>Dialog.Close(1129)</onclick>
			<texturefocus/>
			<texturenofocus/>
			<visible>system.getbool(input.enablemouse)</visible>
		</control>
		<control type="label">
			<left>105</left>
			<top>110</top>
			<width>400</width>
			<height>52</height>
			<textoffsetx>15</textoffsetx>
			<font>font13_title</font>
			<label>31101</label>
			<textcolor>themecolor</textcolor>
		</control>
		<control type="list" id="9000">
			<left>105</left>
			<top>162</top>
			<width>400</width>
			<height>1080</height>
			<onleft>Dialog.Close(1129)</onleft>
			<onright>Dialog.Close(1129)</onright>
			<itemlayout width="400" height="60">
				<control type="label">
					<width>400</width>
					<height>60</height>
					<font>font13</font>
					<textcolor>grey2</textcolor>
					<textoffsetx>15</textoffsetx>
					<selectedcolor>selected</selectedcolor>
					<label>$INFO[ListItem.Label]</label>
				</control>
			</itemlayout>
			<focusedlayout width="400" height="60">
				<control type="image">
					<width>400</width>
					<height>60</height>
					<texture border="4">listselect_fo.png</texture>
				</control>
				<control type="label">
					<width>400</width>
					<height>60</height>
					<textoffsetx>15</textoffsetx>
					<font>font13</font>
					<selectedcolor>selected</selectedcolor>
					<label>$INFO[ListItem.Label]</label>
				</control>
			</focusedlayout>
			<content>
				<item>
					<label>Shelf</label>
					<onclick>Container.SetViewMode(595)</onclick>
					<visible>Window.IsActive(videos)</visible>
					<visible>Container.Content(movies) | Container.Content(tvshows) | Container.Content(seasons) | Container.Content(sets)</visible>
				</item>
				<item>
					<label>Shelf</label>
					<onclick>Container.SetViewMode(598)</onclick>
					<visible>Window.IsActive(music)</visible>
					<visible>Container.Content(albums) | Container.Content(artists)</visible>
					<visible>!Container.Content(musicvideos) + !String.StartsWith(container.folderpath,library://video/musicvideos/) + !String.StartsWith(container.folderpath,videodb://musicvideos)</visible>
				</item>
				<item>
					<label>Flix</label>
					<onclick>Container.SetViewMode(587)</onclick>
					<visible>Window.IsActive(videos)</visible>
					<visible>Container.Content(movies) | Container.Content(tvshows) | Container.Content(seasons) | Container.Content(sets)</visible>
				</item>
				<item>
					<label>MusicFlix</label>
					<onclick>Container.SetViewMode(584)</onclick>
					<visible>Window.IsActive(music)</visible>
					<visible>Container.Content(albums) | Container.Content(artists)</visible>
				</item>
				<item>
					<label>RightList</label>
					<onclick>Container.SetViewMode(596)</onclick>
					<visible>Window.IsActive(videos)</visible>
					<visible>Container.Content(movies) | Container.Content(tvshows) | Container.Content(seasons) | Container.Content(episodes) | Container.Content(sets)</visible>
				</item>
				<item>
					<label>RightList</label>
					<onclick>Container.SetViewMode(596)</onclick>
					<visible>Window.IsActive(music)</visible>
					<visible>Container.Content(albums) | Container.Content(artists) | Container.Content(songs)</visible>
					<visible>!Container.Content(musicvideos) + !String.StartsWith(container.folderpath,library://video/musicvideos/) + !String.StartsWith(container.folderpath,videodb://musicvideos)</visible>
				</item>
				<item>
					<label>RightList</label>
					<onclick>Container.SetViewMode(596)</onclick>
					<visible>Window.IsActive(music)</visible>
					<visible>[Container.Content(musicvideos) | String.StartsWith(container.folderpath,library://video/musicvideos/) | String.StartsWith(container.folderpath,videodb://musicvideos)] + !Container.Content(genres) + !Container.Content(years) + !Container.Content(directors) + !Container.Content(studios) + !Container.Content(tags)</visible>
				</item>
				<item>
					<label>Triple</label>
					<onclick>Container.SetViewMode(590)</onclick>
					<visible>Window.IsActive(videos)</visible>
					<visible>Container.Content(movies) | Container.Content(tvshows) | Container.Content(sets)</visible>
				</item>
				<item>
					<label>Triple</label>
					<onclick>Container.SetViewMode(591)</onclick>
					<visible>Window.IsActive(music)</visible>
					<visible>Container.Content(artists)</visible>
				</item>
				<item>
					<label>Wall</label>
					<onclick>Container.SetViewMode(597)</onclick>
					<visible>Window.IsActive(videos)</visible>
					<visible>Container.Content(movies) | Container.Content(tvshows) | Container.Content(seasons) | Container.Content(sets)</visible>
				</item>
				<item>
					<label>Wall</label>
					<onclick>Container.SetViewMode(597)</onclick>
					<visible>Window.IsActive(music)</visible>
					<visible>Container.Content(albums) | Container.Content(artists)</visible>
				</item>
				<item>
					<label>Banner</label>
					<onclick>Container.SetViewMode(594)</onclick>
					<visible>Window.IsActive(videos)</visible>
					<visible>[Container.Content(movies) | Container.Content(tvshows)]</visible>
				</item>
				<item>
					<label>MultiSort</label>
					<onclick>Container.SetViewMode(589)</onclick>
					<visible>Window.IsActive(videos)</visible>
					<visible>Container.Content(movies) | Container.Content(sets)</visible>
				</item>
				<item>
					<label>MultiSort</label>
					<onclick>Container.SetViewMode(588)</onclick>
					<visible>Window.IsActive(music)</visible>
					<visible>Container.Content(songs)</visible>
					<visible>!Container.Content(musicvideos) + !String.StartsWith(container.folderpath,library://video/musicvideos/) + !String.StartsWith(container.folderpath,videodb://musicvideos)</visible>
				</item>
				<item>
					<label>Magazine</label>
					<onclick>Container.SetViewMode(599)</onclick>
					<visible>Window.IsActive(music)</visible>
					<visible>Container.Content(artists)</visible>
					<visible>!Container.Content(musicvideos) + !String.StartsWith(container.folderpath,library://video/musicvideos/) + !String.StartsWith(container.folderpath,videodb://musicvideos)</visible>
				</item>
				<item>
					<label>Fanart</label>
					<onclick>Container.SetViewMode(593)</onclick>
					<visible>Window.IsActive(videos)</visible>
					<visible>Container.Content(movies) | Container.Content(tvshows) | Container.Content(sets)</visible>
				</item>
				<item>
					<label>Fanart</label>
					<onclick>Container.SetViewMode(593)</onclick>
					<visible>Window.IsActive(music)</visible>
					<visible>Container.Content(artists)</visible>
					<visible>!Container.Content(musicvideos) + !String.StartsWith(container.folderpath,library://video/musicvideos/) + !String.StartsWith(container.folderpath,videodb://musicvideos)</visible>
				</item>
				<item>
					<label>MultiWall</label>
					<onclick>Container.SetViewMode(586)</onclick>
					<visible>Window.IsActive(videos)</visible>
					<visible>Container.Content(movies) | Container.Content(tvshows) | Container.Content(sets)</visible>
				</item>
				<item>
					<label>$LOCALIZE[536]</label>
					<onclick>Container.SetViewMode(592)</onclick>
					<visible>Window.IsActive(pictures)</visible>
				</item>
				<item>
					<label>$LOCALIZE[32046]</label>
					<onclick>Container.SetViewMode(582)</onclick>
					<visible>Window.IsActive(pictures)</visible>
				</item>
				<item>
					<label>$LOCALIZE[21888]</label>
					<onclick>Container.SetViewMode(585)</onclick>
					<onclick>Dialog.Close(1129)</onclick>
					<onclick>ReplaceWindow(home)</onclick>
					<onclick>ActivateWindowAndFocus(music,5850)</onclick>
					<visible>Window.IsActive(music)</visible>
					<visible>Container.Content(artists)</visible>
					<visible>!Container.Content(musicvideos) + !String.StartsWith(container.folderpath,library://video/musicvideos/) + !String.StartsWith(container.folderpath,videodb://musicvideos)</visible>
				</item>
				<item>
					<label>$LOCALIZE[535]</label>
					<onclick>Container.SetViewMode(50)</onclick>
				</item>
				<item>
					<label>Wall</label>
					<onclick>Container.SetViewMode(583)</onclick>
					<visible>Window.IsActive(games)</visible>
					<visible>Container.Content(games)</visible>
				</item>
			</content>
		</control>
	</controls>
</window>