<?xml version="1.0" encoding="UTF-8"?>
<window type="dialog" id="1189">
	<onload>Pause</onload>
	<onload>Stop</onload>
	<onload>ClearProperty(PlayingMusicPreviewAlbum,Home)</onload>
	<visible>Skin.HasSetting(PlayPreviewM)</visible>
	<visible>!String.IsEmpty(Window(home).Property(PlayingMusicPreviewAlbum))</visible>
	<visible>Container.OnNext | Container.OnPrevious | !String.IsEmpty(Window(Home).Property(MediaMenu)) | !Container.Content(albums)</visible>
	<visible>!String.IsEqual(Container.Viewmode,$LOCALIZE[21888]) + !String.IsEqual(Container.Viewmode,Triple)</visible>
	<visible>Player.HasAudio</visible>
	<controls/>
</window>