<?xml version="1.0" encoding="UTF-8"?>
<window id="1114" type="dialog">
	<defaultcontrol always="true">9014</defaultcontrol>
	<onunload condition="!String.IsEmpty(Window(musicinformation).Property(FSFanart))">ClearProperty(FSFanart,musicinformation)</onunload>
	<onunload condition="!String.IsEmpty(Window(musicinformation).Property(FSFanart1))">ClearProperty(FSFanart1,musicinformation)</onunload>
	<onunload condition="!String.IsEmpty(Window(musicinformation).Property(FSFanart2))">ClearProperty(FSFanart2,musicinformation)</onunload>
	<onunload condition="!String.IsEmpty(Window(musicinformation).Property(FSFanart3))">ClearProperty(FSFanart3,musicinformation)</onunload>
	<onunload condition="!String.IsEmpty(Window(musicinformation).Property(FSFanart4))">ClearProperty(FSFanart4,musicinformation)</onunload>
	<onunload condition="!String.IsEmpty(Window(musicinformation).Property(FSFanart5))">ClearProperty(FSFanart5,musicinformation)</onunload>
	<onunload condition="!String.IsEmpty(Window(musicinformation).Property(FSFanart6))">ClearProperty(FSFanart6,musicinformation)</onunload>
	<onunload condition="!String.IsEmpty(Window(musicinformation).Property(FSFanart7))">ClearProperty(FSFanart7,musicinformation)</onunload>
	<onunload condition="!String.IsEmpty(Window(musicinformation).Property(FSFanart8))">ClearProperty(FSFanart8,musicinformation)</onunload>
	<onunload condition="!String.IsEmpty(Window(musicinformation).Property(FSFanart9))">ClearProperty(FSFanart9,musicinformation)</onunload>
	<onunload condition="!String.IsEmpty(Window(musicinformation).Property(FSFanart10))">ClearProperty(FSFanart10,musicinformation)</onunload>
	<onunload condition="!String.IsEmpty(Window(musicinformation).Property(FSFanart11))">ClearProperty(FSFanart11,musicinformation)</onunload>
	<onunload condition="!String.IsEmpty(Window(musicinformation).Property(FSFanart12))">ClearProperty(FSFanart12,musicinformation)</onunload>
	<onunload condition="!String.IsEmpty(Window(musicinformation).Property(FSFanart13))">ClearProperty(FSFanart13,musicinformation)</onunload>
	<onunload condition="!String.IsEmpty(Window(musicinformation).Property(FSFanart14))">ClearProperty(FSFanart14,musicinformation)</onunload>
	<onunload condition="!String.IsEmpty(Window(musicinformation).Property(FSFanart15))">ClearProperty(FSFanart15,musicinformation)</onunload>
	<onunload condition="!String.IsEmpty(Window(musicinformation).Property(FSFanart16))">ClearProperty(FSFanart16,musicinformation)</onunload>
	<onunload condition="!String.IsEmpty(Window(musicinformation).Property(FSFanart17))">ClearProperty(FSFanart17,musicinformation)</onunload>
	<onunload condition="!String.IsEmpty(Window(musicinformation).Property(FSFanart18))">ClearProperty(FSFanart18,musicinformation)</onunload>
	<onunload condition="!String.IsEmpty(Window(musicinformation).Property(FSFanart19))">ClearProperty(FSFanart19,musicinformation)</onunload>
	<onunload condition="String.IsEmpty(Window(musicinformation).Property(FSFanart))">SetFocus(50)</onunload>
	<controls>
		<control type="button" id="9014">
			<include>HiddenObject</include>
			<onclick>Dialog.Close(1114)</onclick>
			<onup>Dialog.Close(1114)</onup>
			<ondown>Dialog.Close(1114)</ondown>
			<onleft>Dialog.Close(1114)</onleft>
			<onright>Dialog.Close(1114)</onright>
		</control>
		<control type="list" id="5321">
			<scrolltime>4000</scrolltime>
			<autoscroll>true</autoscroll>
			<itemlayout>
			</itemlayout>
			<focusedlayout>
			</focusedlayout>
			<content>
				<item>
					<label>$INFO[Window(musicinformation).Property(FSFanart)]</label>
					<visible>!String.IsEmpty(Window(musicinformation).Property(FSFanart))</visible>
				</item>
				<item>
					<label>$INFO[Window(musicinformation).Property(FSFanart1)]</label>
					<visible>!String.IsEmpty(Window(musicinformation).Property(FSFanart1))</visible>
				</item>
				<item>
					<label>$INFO[Window(musicinformation).Property(FSFanart2)]</label>
					<visible>!String.IsEmpty(Window(musicinformation).Property(FSFanart2))</visible>
				</item>
				<item>
					<label>$INFO[Window(musicinformation).Property(FSFanart3)]</label>
					<visible>!String.IsEmpty(Window(musicinformation).Property(FSFanart3))</visible>
				</item>
				<item>
					<label>$INFO[Window(musicinformation).Property(FSFanart4)]</label>
					<visible>!String.IsEmpty(Window(musicinformation).Property(FSFanart4))</visible>
				</item>
				<item>
					<label>$INFO[Window(musicinformation).Property(FSFanart5)]</label>
					<visible>!String.IsEmpty(Window(musicinformation).Property(FSFanart5))</visible>
				</item>
				<item>
					<label>$INFO[Window(musicinformation).Property(FSFanart6)]</label>
					<visible>!String.IsEmpty(Window(musicinformation).Property(FSFanart6))</visible>
				</item>
				<item>
					<label>$INFO[Window(musicinformation).Property(FSFanart7)]</label>
					<visible>!String.IsEmpty(Window(musicinformation).Property(FSFanart7))</visible>
				</item>
				<item>
					<label>$INFO[Window(musicinformation).Property(FSFanart8)]</label>
					<visible>!String.IsEmpty(Window(musicinformation).Property(FSFanart8))</visible>
				</item>
				<item>
					<label>$INFO[Window(musicinformation).Property(FSFanart9)]</label>
					<visible>!String.IsEmpty(Window(musicinformation).Property(FSFanart9))</visible>
				</item>
				<item>
					<label>$INFO[Window(musicinformation).Property(FSFanart10)]</label>
					<visible>!String.IsEmpty(Window(musicinformation).Property(FSFanart10))</visible>
				</item>
				<item>
					<label>$INFO[Window(musicinformation).Property(FSFanart11)]</label>
					<visible>!String.IsEmpty(Window(musicinformation).Property(FSFanart11))</visible>
				</item>
				<item>
					<label>$INFO[Window(musicinformation).Property(FSFanart12)]</label>
					<visible>!String.IsEmpty(Window(musicinformation).Property(FSFanart12))</visible>
				</item>
				<item>
					<label>$INFO[Window(musicinformation).Property(FSFanart13)]</label>
					<visible>!String.IsEmpty(Window(musicinformation).Property(FSFanart13))</visible>
				</item>
				<item>
					<label>$INFO[Window(musicinformation).Property(FSFanart14)]</label>
					<visible>!String.IsEmpty(Window(musicinformation).Property(FSFanart14))</visible>
				</item>
				<item>
					<label>$INFO[Window(musicinformation).Property(FSFanart15)]</label>
					<visible>!String.IsEmpty(Window(musicinformation).Property(FSFanart15))</visible>
				</item>
				<item>
					<label>$INFO[Window(musicinformation).Property(FSFanart16)]</label>
					<visible>!String.IsEmpty(Window(musicinformation).Property(FSFanart16))</visible>
				</item>
				<item>
					<label>$INFO[Window(musicinformation).Property(FSFanart17)]</label>
					<visible>!String.IsEmpty(Window(musicinformation).Property(FSFanart17))</visible>
				</item>
				<item>
					<label>$INFO[Window(musicinformation).Property(FSFanart18)]</label>
					<visible>!String.IsEmpty(Window(musicinformation).Property(FSFanart18))</visible>
				</item>
				<item>
					<label>$INFO[Window(musicinformation).Property(FSFanart19)]</label>
					<visible>!String.IsEmpty(Window(musicinformation).Property(FSFanart19))</visible>
				</item>
			</content>
		</control>
<control type="image">
	<include>FullscreenDimensions</include>
	<texture background="true">blackk.jpg</texture>
</control>
		<control type="multiimage">
			<include>FullscreenDimensions</include>
			<imagepath background="true">$INFO[Control.GetLabel(5321)]</imagepath>
		</control>
	</controls>
</window>