<?xml version="1.0" encoding="UTF-8"?>
<window>
	<defaultcontrol always="true">9000</defaultcontrol>
	<onload>ClearProperty(Extras_info_music,Home)</onload>
	<onload>ClearProperty(Show_clips,home)</onload>
	<onload>SetProperty(ResetScroll," ",home)</onload>
	<onload>AlarmClock(ClearValue,ClearProperty(ResetScroll,home),00:01,silent)</onload>
	<onload condition="!String.IsEmpty(Window(Home).Property(extras_music_yes))">ClearProperty(extras_music_yes,home)</onload>
	<onload condition="!String.IsEmpty(Window(Home).Property(extras_music_yes)) + Skin.HasSetting(SearchExtrasMusic) + Skin.HasSetting(PlayPreviewM) + !String.IsEmpty(Window(home).Property(PlayingMusicPreviewAlbum)) + Player.HasAudio">Pause</onload>
	<onload condition="!String.IsEmpty(Window(Home).Property(extras_music_yes)) + Skin.HasSetting(SearchExtrasMusic) + Skin.HasSetting(PlayPreviewM) + !String.IsEmpty(Window(home).Property(PlayingMusicPreviewAlbum)) + Player.HasAudio">Stop</onload>
	<onload condition="!String.IsEmpty(Window(Home).Property(extras_music_yes)) + Skin.HasSetting(SearchExtrasMusic) + Skin.HasSetting(PlayPreviewM) + !String.IsEmpty(Window(home).Property(PlayingMusicPreviewAlbum)) + Player.HasAudio">ClearProperty(PlayingMusicPreviewAlbum,Home)</onload>
	<onload>RunScript(script.embuary.helper,action=encode,string='$INFO[ListItem.Artist]',prop=EncodedArtistName)</onload>
	<onload condition="String.IsEqual(ListItem.DBTYPE,album) | String.IsEqual(ListItem.DBTYPE,song)">RunScript(script.embuary.helper,action=encode,string='$INFO[ListItem.Album]',prop=EncodedAlbumName)</onload>
	<onload condition="String.IsEqual(ListItem.DBTYPE,album) | String.IsEqual(ListItem.DBTYPE,song)">RunScript(script.embuary.helper,action=encode,string='$INFO[ListItem.Title]',prop=EncodedSongName)</onload>
	<onload>SetFocus(608)</onload>
	<onunload>ClearProperty(Extras_info_music,Home)</onunload>
	<onunload condition="!String.IsEmpty(Window(Home).Property(extras_music_yes))">ClearProperty(extras_music_yes,home)</onunload>
	<onunload condition="Player.Playing">Stop</onunload>
	<controls>
		<control type="fadelabel" id="6988">
			<top>-1000</top>
			<width>1</width>
			<height>1</height>
			<info>ListItem.Art(clearart)</info>
			<info>ListItem.Art(landscape)</info>
			<info>ListItem.Art(banner)</info>
			<info>ListItem.Art(cutout)</info>
			<info>ListItem.Art(fanart1)</info>
			<info>ListItem.Art(fanart2)</info>
			<info>ListItem.Art(fanart3)</info>
			<info>ListItem.Art(fanart4)</info>
			<info>ListItem.Art(fanart5)</info>
			<info>ListItem.Art(fanart6)</info>
			<info>ListItem.Art(fanart7)</info>
			<info>ListItem.Art(fanart8)</info>
			<info>ListItem.Art(fanart9)</info>
			<info>ListItem.Art(fanart10)</info>
			<info>ListItem.Art(fanart11)</info>
			<info>ListItem.Art(fanart12)</info>
			<info>ListItem.Art(fanart13)</info>
			<info>ListItem.Art(fanart14)</info>
			<info>ListItem.Art(fanart15)</info>
			<info>ListItem.Art(fanart16)</info>
			<info>ListItem.Art(fanart17)</info>
			<info>ListItem.Art(fanart18)</info>
			<info>ListItem.Art(fanart19)</info>
			<info>ListItem.Art(discart)</info>
			<info>ListItem.Art(back)</info>
			<info>ListItem.Art(3dthumb)</info>
			<info>ListItem.Art(3dcase)</info>
			<info>ListItem.Art(3dface)</info>
			<info>ListItem.Art(3dflat)</info>
			<info>ListItem.Art(album.discart)</info>
			<info>ListItem.Art(album.back)</info>
			<info>ListItem.Art(album.3dthumb)</info>
			<info>ListItem.Art(album.3dcase)</info>
			<info>ListItem.Art(album.3dface)</info>
			<info>ListItem.Art(album.3dflat)</info>
			<randomize>false</randomize>
			<pauseatend>3000</pauseatend>
			<scroll>false</scroll>
			<scrollout>false</scrollout>
			<resetonlabelchange>true</resetonlabelchange>
		</control>
		<include condition="!String.IsEmpty(ListItem.Property(Album_Label))">GetRecordLabel</include>
		<control type="list" id="5983">
			<visible>String.IsEqual(ListItem.DBTYPE,song)</visible>
			<itemlayout/>
			<focusedlayout/>
			<content>videodb://musicvideos/titles/?xsp=%7B%22rules%22%3A%7B%22and%22%3A%5B%7B%22field%22%3A%22album%22%2C%22operator%22%3A%22is%22%2C%22value%22%3A%5B%22$INFO[Window(home).Property(EncodedAlbumName)]%22%5D%7D%2C%7B%22field%22%3A%22title%22%2C%22operator%22%3A%22is%22%2C%22value%22%3A%5B%22$INFO[Window(home).Property(EncodedSongName)]%22%5D%7D%5D%7D%2C%22type%22%3A%22musicvideos%22%7D</content>
		</control>
		<control type="group">
			<animation effect="slide" start="0,1100" end="0,0" time="700" tween="cubic" easing="out">WindowOpen</animation>
			<animation effect="fade" start="100" end="0" time="200">WindowClose</animation>
			<control type="image">
				<include>FullscreenDimensions</include>
				<texture>black.png</texture>
			</control>
			<control type="image">
				<include>FullscreenDimensions</include>
				<aspectratio align="center">scale</aspectratio>
				<texture background="true">$INFO[ListItem.Art(fanart)]</texture>
			</control>
			<control type="group">
				<left>720</left>
				<control type="image">
					<texture colordiffuse="efffffff" border="4">dialogs/info/info_rightpaneltop.png</texture>
				</control>
				<control type="image">
					<top>-5</top>
					<height>110</height>
					<texture colordiffuse="eFffffff" border="4">dialogs/info/info_rightpaneltop.png</texture>
				</control>
				<control type="image">
					<top>543</top>
					<height>62</height>
					<texture colordiffuse="eFffffff" border="4">dialogs/info/info_rightpaneltop.png</texture>
				</control>
				<control type="group">
					<left>20</left>
					<!-- Main Label/Sublabel -->
					<control type="grouplist">
						<top>-5</top>
						<width>1150</width>
						<aligny>top</aligny>
						<!--Artist/album-->
						<control type="label">
							<animation effect="slide" end="0,22" time="0" condition="String.IsEqual(ListItem.DBTYPE,artist) + String.IsEmpty(Listitem.Property(Artist_Disambiguation))">Conditional</animation>
							<height>60</height>
							<width>1150</width>
							<font>titletest</font>
							<align>center</align>
							<textcolor>grey</textcolor>
							<scroll>true</scroll>
							<label>$VAR[Title_Diag_Music]</label>
							<scrollspeed>50</scrollspeed>
							<scrollsuffix> - </scrollsuffix>
						</control>
						<!-- 2º line -->
						<control type="label">
							<width>1150</width>
							<height>30</height>
							<align>center</align>
							<aligny>top</aligny>
							<font>font15</font>
							<scroll>true</scroll>
							<scrollspeed>50</scrollspeed>
							<scrollsuffix> - </scrollsuffix>
							<textcolor>themecolor</textcolor>
							<label>$VAR[Title_Diag_Music2]</label>
						</control>
					</control>
				</control>
				<control type="group">
					<top>470</top>
					<visible>String.IsEqual(ListItem.DBTYPE,artist)</visible>
					<control type="textbox">
						<visible>String.IsEmpty(Window(Home).Property(Show_clips))</visible>
						<visible>!Control.HasFocus(6982)</visible>
						<top>146</top>
						<left>35</left>
						<width>510</width>
						<height>43</height>
						<align>left</align>
						<aligny>center</aligny>
						<font>font15</font>
						<textcolor>themecolor</textcolor>
						<label>[B]$LOCALIZE[132]: [/B][COLOR=FFFFFAF0][B]$INFO[Container(6982).NumItems][/B][/COLOR]</label>
					</control>
					<control type="textbox">
						<visible>String.IsEmpty(Window(Home).Property(Show_clips))</visible>
						<visible>Control.HasFocus(6982)</visible>
						<top>146</top>
						<left>35</left>
						<width>510</width>
						<height>43</height>
						<align>left</align>
						<aligny>center</aligny>
						<font>font15</font>
						<textcolor>themecolor</textcolor>
						<label>[B]$LOCALIZE[132]: [/B][COLOR=FFFFFAF0][B]$INFO[Container(6982).CurrentItem]/$INFO[Container(6982).NumItems][/B][/COLOR]</label>
					</control>
					<control type="textbox">
						<visible>!String.IsEmpty(Window(Home).Property(Show_clips))</visible>
						<visible>Control.HasFocus(6728)</visible>
						<top>146</top>
						<left>35</left>
						<width>510</width>
						<height>43</height>
						<align>left</align>
						<aligny>center</aligny>
						<font>font15</font>
						<textcolor>themecolor</textcolor>
						<label>[B]$LOCALIZE[20389]: [/B][COLOR=FFFFFAF0][B]$INFO[Container(6728).CurrentItem]/$INFO[Container(6728).NumItems][/B][/COLOR]</label>
					</control>
					<control type="textbox">
						<visible>!String.IsEmpty(Window(Home).Property(Show_clips))</visible>
						<visible>!Control.HasFocus(6728)</visible>
						<top>146</top>
						<left>35</left>
						<width>510</width>
						<height>43</height>
						<align>left</align>
						<aligny>center</aligny>
						<font>font15</font>
						<textcolor>themecolor</textcolor>
						<label>[B]$LOCALIZE[20389]: [/B][COLOR=FFFFFAF0][B]$INFO[Container(6728).NumItems][/B][/COLOR]</label>
					</control>
					<control type="group">
						<top>197</top>
						<left>30</left>
						<control type="fixedlist" id="6728">
							<width>680</width>
							<height>390</height>
							<ondown condition="!Player.HasVideo">619</ondown>
							<onup condition="!Player.HasVideo">619</onup>
							<onleft condition="Player.HasVideo">ActivateWindow(videoosd)</onleft>
							<onright condition="Player.HasVideo">ActivateWindow(videoosd)</onright>
							<movement>8</movement>
							<onclick condition="!String.IsEmpty(Window(home).Property(PlayingMusicPreview))">ClearProperty(PlayingMusicPreview,Home)</onclick>
							<onclick>SetProperty(Show_clips,$ESCINFO[ListItem.FileNameAndPath],home)</onclick>
							<onclick>PlayMedia($ESCINFO[ListItem.FileNameAndPath],1)</onclick>
							<itemlayout width="675" height="43">
								<control type="label">
									<visible>!String.IsEmpty(Window(Home).Property(Show_clips))</visible>
									<font>font15</font>
									<scroll>false</scroll>
									<left>1</left>
									<width>675</width>
									<height>43</height>
									<align>left</align>
									<aligny>center</aligny>
									<label>- [LOWERCASE][CAPITALIZE][B]$INFO[ListItem.Label][/B] $INFO[ListItem.Year,(,)][/CAPITALIZE][/LOWERCASE]</label>
								</control>
							</itemlayout>
							<focusedlayout width="675" height="43">
								<control type="image">
									<visible>!String.IsEmpty(Window(Home).Property(Show_clips))</visible>
									<visible>Control.HasFocus(6728)</visible>
									<texture colordiffuse="themecolor" background="true">views/list/DefaultAddonVideo.png</texture>
									<aspectratio>keep</aspectratio>
									<left>-20</left>
									<top>-4</top>
									<width>70</width>
									<height>56</height>
								</control>
								<control type="label">
									<visible>!String.IsEmpty(Window(Home).Property(Show_clips))</visible>
									<visible>Control.HasFocus(6728)</visible>
									<font>font15</font>
									<scroll>true</scroll>
									<scrollspeed>50</scrollspeed>
									<left>40</left>
									<height>43</height>
									<width>635</width>
									<align>left</align>
									<aligny>center</aligny>
									<textcolor>themecolor</textcolor>
									<label>[LOWERCASE][CAPITALIZE][B]$INFO[ListItem.Label][/B] $INFO[ListItem.Year,(,)][/CAPITALIZE][/LOWERCASE]</label>
								</control>
								<control type="label">
									<visible>!String.IsEmpty(Window(Home).Property(Show_clips))</visible>
									<font>font15</font>
									<scroll>false</scroll>
									<left>1</left>
									<height>43</height>
									<width>675</width>
									<align>left</align>
									<aligny>center</aligny>
									<visible>!Control.HasFocus(6728)</visible>
									<label>- [LOWERCASE][CAPITALIZE][B]$INFO[ListItem.Label][/B] $INFO[ListItem.Year,(,)][/CAPITALIZE][/LOWERCASE]</label>
								</control>
							</focusedlayout>
							<content>videodb://musicvideos/titles/?xsp=%7b%22rules%22%3a%7b%22and%22%3a%5b%7b%22field%22%3a%22artist%22%2c%22operator%22%3a%22is%22%2c%22value%22%3a%5b%22$INFO[Window(home).Property(EncodedArtistName)]%22%5d%7d%5d%7d%2c%22type%22%3a%22musicvideos%22%7d</content>
						</control>
					</control>
					<control type="group">
						<visible>String.IsEmpty(Window(Home).Property(Show_clips))</visible>
						<top>197</top>
						<left>30</left>
						<control type="fixedlist" id="6982">
							<width>680</width>
							<height>390</height>
							<onleft condition="Player.HasAudio">ActivateWindow(1196)</onleft>
							<onright condition="Player.HasAudio">ActivateWindow(1196)</onright>
							<ondown>621</ondown>
							<onup>621</onup>
							<movement>8</movement>
							<onclick>PlayMedia($ESCINFO[Container.ListItem.FolderPath],isdir,1)</onclick>
							<itemlayout width="675" height="43">
								<control type="label">
									<visible>Control.HasFocus(6982)</visible>
									<font>font15</font>
									<scroll>false</scroll>
									<left>1</left>
									<width>675</width>
									<height>43</height>
									<align>left</align>
									<aligny>center</aligny>
									<label>- [LOWERCASE][CAPITALIZE][B]$INFO[ListItem.Label][/B] $INFO[ListItem.Year,(,)][/CAPITALIZE][/LOWERCASE]</label>
								</control>
								<control type="label">
									<visible>!Control.HasFocus(6982)</visible>
									<font>font15</font>
									<scroll>false</scroll>
									<left>1</left>
									<width>540</width>
									<height>43</height>
									<align>left</align>
									<aligny>center</aligny>
									<label>- [LOWERCASE][CAPITALIZE][B]$INFO[ListItem.Label][/B] $INFO[ListItem.Year,(,)][/CAPITALIZE][/LOWERCASE]</label>
								</control>
							</itemlayout>
							<focusedlayout width="675" height="43">
								<control type="image">
									<visible>Control.HasFocus(6982)</visible>
									<texture colordiffuse="themecolor" background="true">views/list/DefaultAudio.png</texture>
									<aspectratio>keep</aspectratio>
									<left>-20</left>
									<top>-4</top>
									<width>70</width>
									<height>56</height>
								</control>
								<control type="label">
									<visible>Control.HasFocus(6982)</visible>
									<font>font15</font>
									<scroll>true</scroll>
									<scrollspeed>50</scrollspeed>
									<left>40</left>
									<height>43</height>
									<width>635</width>
									<align>left</align>
									<aligny>center</aligny>
									<textcolor>themecolor</textcolor>
									<label>[LOWERCASE][CAPITALIZE][B]$INFO[ListItem.Label][/B] $INFO[ListItem.Year,(,)][/CAPITALIZE][/LOWERCASE]</label>
								</control>
								<control type="label">
									<font>font15</font>
									<scroll>false</scroll>
									<left>1</left>
									<height>43</height>
									<width>540</width>
									<align>left</align>
									<aligny>center</aligny>
									<visible>!Control.HasFocus(6982)</visible>
									<label>- [LOWERCASE][CAPITALIZE][B]$INFO[ListItem.Label][/B] $INFO[ListItem.Year,(,)][/CAPITALIZE][/LOWERCASE]</label>
								</control>
							</focusedlayout>
							<content target="music" sortby="year" sortorder="ascending">$INFO[ListItem.DBID,musicdb://artists/,/]</content>
						</control>
					</control>
				</control>
				<control type="image">
					<visible>String.IsEqual(ListItem.DBTYPE,album) | String.IsEqual(ListItem.DBTYPE,song)</visible>
					<visible>!String.Contains(Control.GetLabel(6988),3dcase) + !String.Contains(Control.GetLabel(6988),3dflat) + !String.Contains(Control.GetLabel(6988),3dface)</visible>
					<left>705</left>
					<top>631</top>
					<width>420</width>
					<height>420</height>
					<aspectratio align="center" aligny="center">keep</aspectratio>
					<fadetime>IconCrossfadeTime</fadetime>
					<texture colordiffuse="bbffffff" background="true">$INFO[Control.GetLabel(6988)]</texture>
				</control>
				<control type="image">
					<visible>String.IsEqual(ListItem.DBTYPE,album) | String.IsEqual(ListItem.DBTYPE,song)</visible>
					<visible>String.Contains(Control.GetLabel(6988),3dcase) | String.Contains(Control.GetLabel(6988),3dflat) | String.Contains(Control.GetLabel(6988),3dface)</visible>
					<left>645</left>
					<top>610</top>
					<width>530</width>
					<height>470</height>
					<aspectratio align="center" aligny="center">keep</aspectratio>
					<fadetime>IconCrossfadeTime</fadetime>
					<texture colordiffuse="bbffffff" background="true">$INFO[Control.GetLabel(6988)]</texture>
				</control>
				<control type="group">
					<top>470</top>
					<visible>String.IsEqual(ListItem.DBTYPE,album)</visible>
					<control type="textbox">
						<visible>String.IsEmpty(Window(Home).Property(Show_clips))</visible>
						<visible>!Control.HasFocus(6981)</visible>
						<top>146</top>
						<left>35</left>
						<width>510</width>
						<height>43</height>
						<align>left</align>
						<aligny>center</aligny>
						<font>font15</font>
						<textcolor>themecolor</textcolor>
						<label>[B]$LOCALIZE[134]: [/B][COLOR=FFFFFAF0][B]$INFO[Container(6981).NumItems][/B][/COLOR]</label>
					</control>
					<control type="textbox">
						<visible>String.IsEmpty(Window(Home).Property(Show_clips))</visible>
						<visible>Control.HasFocus(6981)</visible>
						<top>146</top>
						<left>35</left>
						<width>510</width>
						<height>43</height>
						<align>left</align>
						<aligny>center</aligny>
						<font>font15</font>
						<textcolor>themecolor</textcolor>
						<label>[B]$LOCALIZE[134]: [/B][COLOR=FFFFFAF0][B]$INFO[Container(6981).CurrentItem]/$INFO[Container(6981).NumItems][/B][/COLOR]</label>
					</control>
					<control type="textbox">
						<visible>!String.IsEmpty(Window(Home).Property(Show_clips))</visible>
						<visible>Control.HasFocus(6828)</visible>
						<top>146</top>
						<left>35</left>
						<width>510</width>
						<height>43</height>
						<align>left</align>
						<aligny>center</aligny>
						<font>font15</font>
						<textcolor>themecolor</textcolor>
						<label>[B]$LOCALIZE[20389]: [/B][COLOR=FFFFFAF0][B]$INFO[Container(6828).CurrentItem]/$INFO[Container(6828).NumItems][/B][/COLOR]</label>
					</control>
					<control type="textbox">
						<visible>!String.IsEmpty(Window(Home).Property(Show_clips))</visible>
						<visible>!Control.HasFocus(6828)</visible>
						<top>146</top>
						<left>35</left>
						<width>510</width>
						<height>43</height>
						<align>left</align>
						<aligny>center</aligny>
						<font>font15</font>
						<textcolor>themecolor</textcolor>
						<label>[B]$LOCALIZE[20389]: [/B][COLOR=FFFFFAF0][B]$INFO[Container(6828).NumItems][/B][/COLOR]</label>
					</control>
					<control type="group">
						<top>197</top>
						<left>30</left>
						<control type="fixedlist" id="6828">
							<width>680</width>
							<height>390</height>
							<ondown condition="!Player.HasVideo">649</ondown>
							<onup condition="!Player.HasVideo">649</onup>
							<onleft condition="Player.HasVideo">ActivateWindow(videoosd)</onleft>
							<onright condition="Player.HasVideo">ActivateWindow(videoosd)</onright>
							<movement>8</movement>
							<onclick condition="!String.IsEmpty(Window(home).Property(PlayingMusicPreviewAlbum))">ClearProperty(PlayingMusicPreviewAlbum,Home)</onclick>
							<onclick>SetProperty(Show_clips,$ESCINFO[ListItem.FileNameAndPath],home)</onclick>
							<onclick>PlayMedia($ESCINFO[ListItem.FileNameAndPath],1)</onclick>
							<itemlayout width="675" height="43">
								<control type="label">
									<visible>!String.IsEmpty(Window(Home).Property(Show_clips))</visible>
									<font>font15</font>
									<scroll>false</scroll>
									<left>1</left>
									<width>600</width>
									<height>43</height>
									<align>left</align>
									<aligny>center</aligny>
									<label>- [LOWERCASE][CAPITALIZE][B]$INFO[ListItem.Label][/B] $INFO[ListItem.Year,(,)][/CAPITALIZE][/LOWERCASE]</label>
								</control>
							</itemlayout>
							<focusedlayout width="675" height="43">
								<control type="image">
									<visible>!String.IsEmpty(Window(Home).Property(Show_clips))</visible>
									<visible>Control.HasFocus(6828)</visible>
									<texture colordiffuse="themecolor" background="true">views/list/DefaultAddonVideo.png</texture>
									<aspectratio>keep</aspectratio>
									<left>-20</left>
									<top>-4</top>
									<width>70</width>
									<height>56</height>
								</control>
								<control type="label">
									<visible>!String.IsEmpty(Window(Home).Property(Show_clips))</visible>
									<visible>Control.HasFocus(6828)</visible>
									<font>font15</font>
									<scroll>true</scroll>
									<scrollspeed>50</scrollspeed>
									<left>43</left>
									<height>43</height>
									<width>560</width>
									<align>left</align>
									<aligny>center</aligny>
									<textcolor>themecolor</textcolor>
									<label>[LOWERCASE][CAPITALIZE][B]$INFO[ListItem.Label][/B] $INFO[ListItem.Year,(,)][/CAPITALIZE][/LOWERCASE]</label>
								</control>
								<control type="label">
									<visible>!String.IsEmpty(Window(Home).Property(Show_clips))</visible>
									<font>font15</font>
									<scroll>false</scroll>
									<left>1</left>
									<height>43</height>
									<width>600</width>
									<align>left</align>
									<aligny>center</aligny>
									<visible>!Control.HasFocus(6828)</visible>
									<label>- [LOWERCASE][CAPITALIZE][B]$INFO[ListItem.Label][/B] $INFO[ListItem.Year,(,)][/CAPITALIZE][/LOWERCASE]</label>
								</control>
							</focusedlayout>
							<content>videodb://musicvideos/titles/?xsp=%7B%22rules%22%3A%7B%22and%22%3A%5B%7B%22field%22%3A%22artist%22%2C%22operator%22%3A%22is%22%2C%22value%22%3A%5B%22$INFO[Window(home).Property(EncodedArtistName)]%22%5D%7D%2C%7B%22field%22%3A%22album%22%2C%22operator%22%3A%22is%22%2C%22value%22%3A%5B%22$INFO[Window(home).Property(EncodedAlbumName)]%22%5D%7D%5D%7D%2C%22type%22%3A%22musicvideos%22%7D</content>
						</control>
					</control>
					<control type="group">
						<visible>String.IsEmpty(Window(Home).Property(Show_clips))</visible>
						<top>197</top>
						<left>30</left>
						<control type="fixedlist" id="6981">
							<width>680</width>
							<height>390</height>
							<ondown>631</ondown>
							<onup>631</onup>
							<onleft condition="Player.HasAudio">ActivateWindow(1196)</onleft>
							<onright condition="Player.HasAudio">ActivateWindow(1196)</onright>
							<movement>8</movement>
							<onclick>PlayMedia($ESCINFO[ListItem.FileNameAndPath],1)</onclick>
							<itemlayout width="675" height="43">
								<control type="label">
									<font>font15</font>
									<scroll>false</scroll>
									<left>1</left>
									<width>600</width>
									<height>43</height>
									<align>left</align>
									<aligny>center</aligny>
									<selectedcolor>themecolor</selectedcolor>
									<label>$INFO[ListItem.TrackNumber]. [B]$INFO[ListItem.Label][/B] $INFO[ListItem.Duration,(,)]   </label>
								</control>
							</itemlayout>
							<focusedlayout width="675" height="43">
								<control type="image">
									<visible>Control.HasFocus(6981)</visible>
									<texture colordiffuse="themecolor" background="true">views/list/DefaultAudio.png</texture>
									<aspectratio>keep</aspectratio>
									<left>-20</left>
									<top>-4</top>
									<width>70</width>
									<height>56</height>
								</control>
								<control type="label">
									<visible>Control.HasFocus(6981)</visible>
									<font>font15</font>
									<scroll>true</scroll>
									<scrollspeed>50</scrollspeed>
									<left>40</left>
									<height>43</height>
									<width>560</width>
									<align>left</align>
									<aligny>center</aligny>
									<selectedcolor>themecolor</selectedcolor>
									<textcolor>themecolor</textcolor>
									<label>$INFO[ListItem.TrackNumber]. [B]$INFO[ListItem.Label][/B] $INFO[ListItem.Duration,(,)]   </label>
								</control>
								<control type="label">
									<font>font15</font>
									<scroll>false</scroll>
									<left>1</left>
									<height>43</height>
									<width>600</width>
									<align>left</align>
									<aligny>center</aligny>
									<selectedcolor>themecolor</selectedcolor>
									<visible>!Control.HasFocus(6981)</visible>
									<label>$INFO[ListItem.TrackNumber]. [B]$INFO[ListItem.Label][/B] $INFO[ListItem.Duration,(,)]   </label>
								</control>
							</focusedlayout>
							<content target="music" sortby="year" sortorder="ascending">$INFO[ListItem.DBID,musicdb://albums/,/*]</content>
						</control>
					</control>
				</control>
				<control type="group">
					<left>-720</left>
					<control type="image">
						<width>720</width>
						<height>100%</height>
						<texture colordiffuse="ffffffff">black.png</texture>
					</control>
					<control type="group">
						<top>720</top>
						<control type="image">
							<aspectratio align="center" aligny="center">keep</aspectratio>
							<left>100</left>
							<width>520</width>
							<height>360</height>
							<texture background="true">$INFO[ListItem.Art(clearlogo)]</texture>
						</control>
						<control type="image">
							<visible>String.IsEmpty(ListItem.Art(clearlogo))</visible>
							<aspectratio align="center" aligny="center">keep</aspectratio>
							<left>100</left>
							<width>520</width>
							<height>360</height>
							<texture background="true">$INFO[ListItem.Art(clearart)]</texture>
						</control>
						<control type="image">
							<aspectratio align="center" aligny="center">keep</aspectratio>
							<left>100</left>
							<width>520</width>
							<height>360</height>
							<texture background="true">$INFO[ListItem.Art(artist.clearlogo)]</texture>
						</control>
						<control type="image">
							<visible>String.IsEmpty(ListItem.Art(artist.clearlogo))</visible>
							<aspectratio align="center" aligny="center">keep</aspectratio>
							<left>100</left>
							<width>520</width>
							<height>360</height>
							<texture background="true">$INFO[ListItem.Art(artist.clearart)]</texture>
						</control>
					</control>
					<control type="image">
						<width>720</width>
						<height>720</height>
						<fadetime>IconCrossfadeTime</fadetime>
						<aspectratio scalediffuse="false" aligny="top">scale</aspectratio>
						<texture background="true" fallback="DefaultAlbumCover.png">$VAR[LeftMusicInfo]</texture>
					</control>
				</control>
				<control type="image">
					<visible>!Control.HasFocus(8345)</visible>
					<animation effect="fade" start="100" end="0" time="200" tween="sine" easing="inout">Hidden</animation>
					<visible>!String.IsEmpty(Window(Home).Property(extras_music_yes)) + Skin.HasSetting(SearchExtrasMusic)</visible>
					<left>24</left>
					<top>548</top>
					<width>60</width>
					<height>60</height>
					<colordiffuse>ddffffff</colordiffuse>
					<texture background="true">tajo/extras.png</texture>
					<aspectratio>keep</aspectratio>
				</control>
				<control type="label">
					<visible>!Control.HasFocus(8345)</visible>
					<animation effect="fade" start="100" end="0" time="200" tween="sine" easing="inout">Hidden</animation>
					<visible>!String.IsEmpty(Window(Home).Property(extras_music_yes)) + Skin.HasSetting(SearchExtrasMusic)</visible>
					<align>left</align>
					<left>30</left>
					<top>574</top>
					<width min="20" max="300">auto</width>
					<height>34</height>
					<textcolor>ffdadada</textcolor>
					<shadowcolor>black</shadowcolor>
					<font>font_Extras</font>
					<label>$LOCALIZE[31014]</label>
				</control>
				<control type="textbox">
					<include condition="String.IsEmpty(ListItem.Property(Artist_Description))">OneRow</include>
					<include condition="!String.IsEmpty(ListItem.Property(Artist_Description))">HalfRow</include>
					<visible>String.IsEqual(ListItem.DBTYPE,artist)</visible>
					<autoscroll delay="5000" time="2000" repeat="5000">Skin.HasSetting(Enable.AutoScroll)</autoscroll>
					<left>35</left>
					<top>112</top>
					<height>415</height>
					<aligny>top</aligny>
					<font>font15d</font>
					<label>[LOWERCASE][CAPITALIZE]$INFO[ListItem.Property(Artist_YearsActive),[B][COLOR themecolor]$LOCALIZE[21898]: [/B][/COLOR],[CR]]$INFO[ListItem.Property(Artist_Type),[B][COLOR themecolor]$LOCALIZE[467]: [/B][/COLOR],[CR]]$INFO[ListItem.Property(Artist_Gender),[B][COLOR themecolor]$LOCALIZE[39025]: [/B][/COLOR],[CR]]$INFO[ListItem.Property(Artist_Born),[B][COLOR themecolor]$LOCALIZE[21893]: [/B][/COLOR],[CR]]$INFO[ListItem.Property(Artist_Formed),[B][COLOR themecolor]$LOCALIZE[21894]: [/B][/COLOR],[CR]]$INFO[ListItem.Property(Artist_Disbanded),[B][COLOR themecolor]$LOCALIZE[21896]: [/B][/COLOR],[CR]]$INFO[ListItem.Property(Artist_Died),[B][COLOR themecolor]$LOCALIZE[21897]: [/B][/COLOR],[CR]]$INFO[ListItem.Property(Artist_Instrument),[B][COLOR themecolor]$LOCALIZE[21892]: [/B][/COLOR],[CR]]$INFO[ListItem.Property(Artist_Style),[B][COLOR themecolor]$LOCALIZE[176]: [/B][/COLOR],[CR]]$INFO[ListItem.Property(Artist_Mood),[B][COLOR themecolor]$LOCALIZE[175]: [/B][/COLOR],[CR]]$INFO[Window(home).Property(ResetScroll)][/CAPITALIZE][/LOWERCASE]</label>
				</control>
				<control type="textbox">
					<visible>String.IsEqual(ListItem.DBTYPE,artist)</visible>
					<autoscroll delay="5000" time="2000" repeat="5000">Skin.HasSetting(Enable.AutoScroll)</autoscroll>
					<left>595</left>
					<top>112</top>
					<width>580</width>
					<height>415</height>
					<align>center</align>
					<aligny>top</aligny>
					<font>font15d</font>
					<label>$INFO[ListItem.Property(Artist_Description)]$INFO[Window(home).Property(ResetScroll)]</label>
				</control>
				<control type="textbox">
					<visible>String.IsEqual(ListItem.DBTYPE,song) + !String.IsEmpty(ListItem.Property(Album_Description))</visible>
					<autoscroll delay="5000" time="2000" repeat="5000">Skin.HasSetting(Enable.AutoScroll)</autoscroll>
					<left>595</left>
					<top>112</top>
					<width>580</width>
					<height>415</height>
					<align>center</align>
					<aligny>top</aligny>
					<font>font15d</font>
					<label>$INFO[ListItem.Property(Artist_Description)]$INFO[Window(home).Property(ResetScroll)]</label>
				</control>
				<control type="textbox">
					<visible>String.IsEqual(ListItem.DBTYPE,song) + String.IsEmpty(ListItem.Property(Album_Description)) + String.IsEmpty(ListItem.Art(album.discart)) + String.IsEmpty(ListItem.Art(album.back)) + String.IsEmpty(ListItem.Art(album.3dcase)) + String.IsEmpty(ListItem.Art(album.3dface)) + String.IsEmpty(ListItem.Art(album.3dflat)) + String.IsEmpty(ListItem.Art(album.3dthumb))</visible>
					<autoscroll delay="5000" time="2000" repeat="5000">Skin.HasSetting(Enable.AutoScroll)</autoscroll>
					<left>35</left>
					<top>632</top>
					<width>1100</width>
					<height>415</height>
					<align>center</align>
					<aligny>top</aligny>
					<font>font15d</font>
					<label>$INFO[ListItem.Property(Artist_Description)]$INFO[Window(home).Property(ResetScroll)]</label>
				</control>
				<control type="textbox">
					<visible>String.IsEqual(ListItem.DBTYPE,song) + String.IsEmpty(ListItem.Property(Album_Description)) + [!String.IsEmpty(ListItem.Art(album.discart)) | !String.IsEmpty(ListItem.Art(album.back)) | !String.IsEmpty(ListItem.Art(album.3dcase)) | !String.IsEmpty(ListItem.Art(album.3dface)) | !String.IsEmpty(ListItem.Art(album.3dflat)) | !String.IsEmpty(ListItem.Art(album.3dthumb))]</visible>
					<autoscroll delay="5000" time="2000" repeat="5000">Skin.HasSetting(Enable.AutoScroll)</autoscroll>
					<left>35</left>
					<top>632</top>
					<width>550</width>
					<height>415</height>
					<align>center</align>
					<aligny>top</aligny>
					<font>font15d</font>
					<label>$INFO[ListItem.Property(Artist_Description)]$INFO[Window(home).Property(ResetScroll)]</label>
				</control>
				<control type="image">
					<visible>Control.HasFocus(6982)</visible>
					<left>765</left>
					<top>650</top>
					<width>375</width>
					<height>375</height>
					<aspectratio align="center" aligny="center">keep</aspectratio>
					<fadetime>IconCrossfadeTime</fadetime>
					<texture colordiffuse="bbffffff" background="true">$INFO[Container(6982).Listitem.Art(thumb)]</texture>
				</control>
				<control type="image">
					<visible>Control.HasFocus(6728)</visible>
					<left>765</left>
					<top>650</top>
					<width>375</width>
					<height>375</height>
					<aspectratio align="center" aligny="center">keep</aspectratio>
					<fadetime>IconCrossfadeTime</fadetime>
					<texture colordiffuse="bbffffff" background="true">$INFO[Container(6728).Listitem.Art(thumb)]</texture>
				</control>
				<control type="image">
					<visible>String.IsEqual(ListItem.DBTYPE,artist)</visible>
					<visible>!Control.HasFocus(6982) + !Control.HasFocus(6728)</visible>
					<visible>String.Contains(Control.GetLabel(6988),cutout)</visible>
					<left>765</left>
					<top>650</top>
					<width>375</width>
					<height>375</height>
					<aspectratio align="center" aligny="center">keep</aspectratio>
					<fadetime>IconCrossfadeTime</fadetime>
					<texture colordiffuse="bbffffff" background="true">$INFO[Control.GetLabel(6988)]</texture>
				</control>
				<control type="image">
					<visible>String.IsEqual(ListItem.DBTYPE,artist)</visible>
					<visible>!Control.HasFocus(6982) + !Control.HasFocus(6728)</visible>
					<visible>!String.Contains(Control.GetLabel(6988),cutout)</visible>
					<left>600</left>
					<top>650</top>
					<width>575</width>
					<height>375</height>
					<aspectratio align="center" aligny="center">keep</aspectratio>
					<fadetime>IconCrossfadeTime</fadetime>
					<texture colordiffuse="bbffffff" background="true">$INFO[Control.GetLabel(6988)]</texture>
				</control>
				<control type="textbox">
					<include condition="String.IsEmpty(ListItem.Property(Album_Description))">OneRow</include>
					<include condition="!String.IsEmpty(ListItem.Property(Album_Description))">HalfRow</include>
					<visible>String.IsEqual(ListItem.DBTYPE,album)</visible>
					<autoscroll delay="5000" time="2000" repeat="5000">Skin.HasSetting(Enable.AutoScroll)</autoscroll>
					<left>35</left>
					<top>112</top>
					<height>415</height>
					<aligny>top</aligny>
					<font>font15d</font>
					<label>[LOWERCASE][CAPITALIZE]$INFO[ListItem.Property(Album_Label),[B][COLOR themecolor]$LOCALIZE[572]: [/B][/COLOR],[CR]]$INFO[ListItem.AlbumStatus,[B][COLOR themecolor]$LOCALIZE[126]: [/B][/COLOR],[CR]]$INFO[ListItem.UserRating,[B][COLOR themecolor]$LOCALIZE[38018]: [/B][/COLOR],[CR]]$INFO[ListItem.Property(Album_Style),[B][COLOR themecolor]$LOCALIZE[176]: [/B][/COLOR],[CR]]$INFO[ListItem.Property(Album_Theme),[B][COLOR themecolor]$LOCALIZE[21895]: [/B][/COLOR],[CR]]$INFO[ListItem.Property(Album_Type),[B][COLOR themecolor]$LOCALIZE[467]: [/B][/COLOR],[CR]]$INFO[ListItem.Genre,[B][COLOR themecolor]$LOCALIZE[515]: [/B][/COLOR],[CR]]$INFO[ListItem.Property(Album_Mood),[B][COLOR themecolor]$LOCALIZE[175]: [/B][/COLOR],[CR]]$INFO[ListItem.DateAdded,[B][COLOR themecolor]$LOCALIZE[570]: [/B][/COLOR],[CR]]$INFO[ListItem.LastPlayed,[B][COLOR themecolor]$LOCALIZE[568]: [/B][/COLOR],[CR]]$INFO[ListItem.Property(Album_Rating),[B][COLOR themecolor]$LOCALIZE[563]: [/B][/COLOR],[CR]]$INFO[Window(home).Property(ResetScroll)][/CAPITALIZE][/LOWERCASE]</label>
				</control>
				<control type="textbox">
					<include condition="String.IsEmpty(ListItem.Property(Artist_Description)) | String.IsEmpty(ListItem.Property(Album_Description))">OneRow</include>
					<include condition="!String.IsEmpty(ListItem.Property(Artist_Description)) + !String.IsEmpty(ListItem.Property(Album_Description))">HalfRow</include>
					<visible>String.IsEqual(ListItem.DBTYPE,song)</visible>
					<autoscroll delay="5000" time="2000" repeat="5000">Skin.HasSetting(Enable.AutoScroll)</autoscroll>
					<left>35</left>
					<top>112</top>
					<height>415</height>
					<aligny>top</aligny>
					<font>font15d</font>
					<label>[LOWERCASE][CAPITALIZE]$INFO[ListItem.TrackNumber,[B][COLOR themecolor]$LOCALIZE[554]: [/B][/COLOR],[CR]]$INFO[ListItem.Duration,[B][COLOR themecolor]$LOCALIZE[180]: [/B][/COLOR],[CR]]$INFO[ListItem.UserRating,[B][COLOR themecolor]$LOCALIZE[38018]: [/B][/COLOR],[CR]]$INFO[ListItem.BitRate,[B][COLOR themecolor]$LOCALIZE[623]: [/B][/COLOR],[CR]]$INFO[ListItem.SampleRate,[B][COLOR themecolor]$LOCALIZE[613]: [/B][/COLOR],[CR]]$INFO[ListItem.MusicChannels,[B][COLOR themecolor]$LOCALIZE[10127]: [/B][/COLOR],[CR]]$INFO[ListItem.Genre,[B][COLOR themecolor]$LOCALIZE[515]: [/B][/COLOR],[CR]]$INFO[ListItem.PlayCount,[B][COLOR themecolor]$LOCALIZE[567]: [/B][/COLOR],[CR]]$INFO[ListItem.LastPlayed,[B][COLOR themecolor]$LOCALIZE[568]: [/B][/COLOR],[CR]]$INFO[ListItem.Property(Role.Composer),[B][COLOR themecolor]$LOCALIZE[29903]: [/B][/COLOR],[CR]]$INFO[ListItem.Property(Role.Conductor),[B][COLOR themecolor]$LOCALIZE[29905]: [/B][/COLOR],[CR]]$INFO[ListItem.Property(Role.Orchestra),[B][COLOR themecolor]$LOCALIZE[38034]: [/B][/COLOR],[CR]]$INFO[ListItem.Property(Role.Lyricist),[B][COLOR themecolor]$LOCALIZE[38035]: [/B][/COLOR],[CR]]$INFO[ListItem.Property(Role.Remixer),[B][COLOR themecolor]$LOCALIZE[38036]: [/B][/COLOR],[CR]]$INFO[ListItem.Property(Role.Arranger),[B][COLOR themecolor]$LOCALIZE[38037]: [/B][/COLOR],[CR]]$INFO[ListItem.Property(Role.Engineer),[B][COLOR themecolor]$LOCALIZE[38038]: [/B][/COLOR],[CR]]$INFO[ListItem.Property(Role.Producer),[B][COLOR themecolor]$LOCALIZE[38039]: [/B][/COLOR],[CR]]$INFO[ListItem.Property(Role.DJMixer),[B][COLOR themecolor]$LOCALIZE[38040]: [/B][/COLOR],[CR]]$INFO[ListItem.Property(Role.Mixer),[B][COLOR themecolor]$LOCALIZE[38041]: [/B][/COLOR],[CR]]$INFO[ListItem.Path,[B][COLOR themecolor]$LOCALIZE[573]: [/B][/COLOR],[CR]]$INFO[ListItem.Filename,[B][COLOR themecolor]$LOCALIZE[21800]: [/B][/COLOR],[CR]][/CAPITALIZE][/LOWERCASE]$INFO[Window(home).Property(ResetScroll)]</label>
				</control>
				<control type="textbox">
					<visible>String.IsEqual(ListItem.DBTYPE,album)</visible>
					<autoscroll delay="5000" time="2000" repeat="5000">Skin.HasSetting(Enable.AutoScroll)</autoscroll>
					<left>595</left>
					<top>112</top>
					<width>580</width>
					<height>415</height>
					<align>center</align>
					<aligny>top</aligny>
					<font>font15d</font>
					<label>$INFO[ListItem.Property(Album_Description)]$INFO[Window(home).Property(ResetScroll)]</label>
				</control>
				<control type="textbox">
					<visible>String.IsEqual(ListItem.DBTYPE,song) + String.IsEmpty(ListItem.Art(album.discart)) + String.IsEmpty(ListItem.Art(album.back)) + String.IsEmpty(ListItem.Art(album.3dthumb)) + String.IsEmpty(ListItem.Art(album.3dcase)) + String.IsEmpty(ListItem.Art(album.3dface)) + String.IsEmpty(ListItem.Art(album.3dflat))</visible>
					<autoscroll delay="5000" time="2000" repeat="5000">Skin.HasSetting(Enable.AutoScroll)</autoscroll>
					<left>35</left>
					<top>632</top>
					<width>1100</width>
					<height>415</height>
					<align>center</align>
					<aligny>top</aligny>
					<font>font15d</font>
					<label>$INFO[ListItem.Property(Album_Description)]$INFO[Window(home).Property(ResetScroll)]</label>
				</control>
				<control type="textbox">
					<visible>String.IsEqual(ListItem.DBTYPE,song) + !String.IsEmpty(ListItem.Art(album.discart)) | !String.IsEmpty(ListItem.Art(album.back)) | !String.IsEmpty(ListItem.Art(album.3dthumb)) | !String.IsEmpty(ListItem.Art(album.3dcase)) | !String.IsEmpty(ListItem.Art(album.3dface)) | !String.IsEmpty(ListItem.Art(album.3dflat))</visible>
					<autoscroll delay="5000" time="2000" repeat="5000">Skin.HasSetting(Enable.AutoScroll)</autoscroll>
					<left>35</left>
					<top>632</top>
					<width>580</width>
					<height>415</height>
					<align>center</align>
					<aligny>top</aligny>
					<font>font15d</font>
					<label>$INFO[ListItem.Property(Album_Description)]$INFO[Window(home).Property(ResetScroll)]</label>
				</control>
				<control type="group">
					<left>-115</left>
					<top>720</top>
					<width>160</width>
					<control type="image">
						<aspectratio align="center">keep</aspectratio>
						<top>14</top>
						<width>120</width>
						<height>50</height>
						<texture>$INFO[Container(6873).ListItem.Icon]</texture>
					</control>
				</control>
			</control>
			<control type="button">
				<top>544</top>
				<left>720</left>
				<width>600</width>
				<texturenofocus/>
				<disabledcolor>grey</disabledcolor>
				<font>font15_bold</font>
				<align>right</align>
				<textoffsetx>16</textoffsetx>
				<include>ButtonInfoDialogsCommonValues</include>
				<label>$VAR[MusicInfoButtonLabelVar] </label>
				<enable>no</enable>
				<visible>ControlGroup(9000).HasFocus</visible>
			</control>
			<!-- Buttons -->
			<control type="grouplist" id="9000">
				<right>0</right>
				<top>544</top>
				<width>604</width>
				<height>60</height>
				<onleft>9000</onleft>
				<onright>9000</onright>
				<ondown condition="String.IsEqual(ListItem.DBTYPE,artist) + String.IsEmpty(Window(Home).Property(Show_clips))">6982</ondown>
				<ondown condition="String.IsEqual(ListItem.DBTYPE,artist) + !String.IsEmpty(Window(Home).Property(Show_clips))">6728</ondown>
				<ondown condition="String.IsEqual(ListItem.DBTYPE,album) + String.IsEmpty(Window(Home).Property(Show_clips))">6981</ondown>
				<ondown condition="String.IsEqual(ListItem.DBTYPE,album) + !String.IsEmpty(Window(Home).Property(Show_clips))">6828</ondown>
				<onup condition="Player.HasAudio + String.IsEmpty(Window(home).Property(PlayingMusicPreviewAlbum))">ActivateWindow(1196)</onup>
				<align>left</align>
				<orientation>horizontal</orientation>
				<control type="button" id="638">
					<visible>Skin.HasSetting(SearchExtrasMusic) + !String.IsEmpty(Window(Home).Property(extras_music_yes))</visible>
					<description>Extras</description>
					<font>IconMediumMD</font>
					<width>65</width>
					<texturenofocus/>
					<include>ButtonInfoDialogsCommonValues</include>
					<onclick>SetProperty(Extras_info_music,True,home)</onclick>
					<onclick>SetFocus(8345)</onclick>
					<label></label>
				</control>
				<control type="button" id="608">
					<description>Get Art</description>
					<onfocus condition="Player.HasVideo + String.IsEqual(ListItem.DBTYPE,song)">SetFocus(651)</onfocus>
					<onfocus condition="Player.HasVideo + String.IsEqual(ListItem.DBTYPE,song)">ActivateWindow(videoosd)</onfocus>
					<font>IconMediumMD</font>
					<width>65</width>
					<texturenofocus/>
					<include>ButtonInfoDialogsCommonValues</include>
					<label></label>
					<onclick>SendClick(10)</onclick>
				</control>
				<control type="button" id="621">
					<visible>String.IsEqual(ListItem.DBTYPE,artist)</visible>
					<description>Albums</description>
					<font>IconMediumMD</font>
					<width>65</width>
					<texturenofocus/>
					<include>ButtonInfoDialogsCommonValues</include>
					<label></label>
					<onclick>ClearProperty(Show_clips,home)</onclick>
					<onclick>SetFocus(6982)</onclick>
				</control>
				<control type="button" id="631">
					<visible>String.IsEqual(ListItem.DBTYPE,album)</visible>
					<description>Songs</description>
					<font>IconMediumMD</font>
					<width>65</width>
					<texturenofocus/>
					<include>ButtonInfoDialogsCommonValues</include>
					<label></label>
					<onclick>ClearProperty(Show_clips,home)</onclick>
					<onclick>SetFocus(6981)</onclick>
				</control>
				<control type="button" id="651">
					<visible>String.IsEqual(ListItem.DBTYPE,song) + Integer.IsGreater(Container(5983).NumItems,0)</visible>
					<description>Videoclip</description>
					<font>IconMediumMD</font>
					<width>65</width>
					<texturenofocus/>
					<include>ButtonInfoDialogsCommonValues</include>
					<label></label>
					<onclick>SetProperty(Show_clips,$ESCINFO[Container(5983).ListItemAbsolute(0).FileNameAndPath],home)</onclick>
					<onclick>PlayMedia($ESCINFO[Container(5983).ListItemAbsolute(0).FileNameAndPath],1)</onclick>
				</control>
				<control type="button" id="619">
					<visible>String.IsEqual(ListItem.DBTYPE,artist) + Integer.IsGreater(Container(6728).NumItems,0)</visible>
					<description>Videoclips</description>
					<font>IconMediumMD</font>
					<width>65</width>
					<texturenofocus/>
					<include>ButtonInfoDialogsCommonValues</include>
					<label></label>
					<onclick>SetProperty(Show_clips,True,home)</onclick>
					<onclick>SetFocus(6728)</onclick>
				</control>
				<control type="button" id="649">
					<visible>String.IsEqual(ListItem.DBTYPE,album) + Integer.IsGreater(Container(6828).NumItems,0)</visible>
					<description>Videoclips</description>
					<font>IconMediumMD</font>
					<width>65</width>
					<texturenofocus/>
					<include>ButtonInfoDialogsCommonValues</include>
					<label></label>
					<onclick>SetProperty(Show_clips,True,home)</onclick>
					<onclick>SetFocus(6828)</onclick>
				</control>
				<control type="button" id="612">
					<visible>String.IsEqual(ListItem.DBTYPE,album)</visible>
					<description>Play Album</description>
					<font>IconMediumMD</font>
					<width>65</width>
					<texturenofocus/>
					<include>ButtonInfoDialogsCommonValues</include>
					<label></label>
					<onclick condition="!String.IsEmpty(Window(home).Property(PlayingMusicPreviewAlbum))">ClearProperty(PlayingMusicPreviewAlbum,Home)</onclick>
					<onclick>PlayMedia($ESCINFO[Container(6981).ListItem.FolderPath],isdir,1)</onclick>
				</control>
				<control type="button" id="613">
					<visible>String.IsEqual(ListItem.DBTYPE,song)</visible>
					<description>Play Song</description>
					<onfocus condition="Player.HasVideo">SetFocus(651)</onfocus>
					<onfocus condition="Player.HasVideo">ActivateWindow(videoosd)</onfocus>
					<font>IconMediumMD</font>
					<width>65</width>
					<texturenofocus/>
					<include>ButtonInfoDialogsCommonValues</include>
					<label></label>
					<onclick>PlayMedia($ESCINFO[ListItem.FolderPath],1)</onclick>
				</control>
				<control type="togglebutton" id="609">
					<visible>!String.IsEqual(ListItem.DBTYPE,artist)</visible>
					<description>Set rating</description>
					<font>IconMediumMD</font>
					<width>65</width>
					<include>ButtonInfoDialogsCommonValues</include>
					<texturenofocus/>
					<alttexturenofocus/>
					<label></label>
					<altlabel></altlabel>
					<usealttexture>!String.IsEmpty(ListItem.UserRating)</usealttexture>
					<onclick>SendClick(7)</onclick>
				</control>
				<control type="button" id="610">
					<description>Refresh</description>
					<font>IconMediumMD</font>
					<width>65</width>
					<texturenofocus/>
					<include>ButtonInfoDialogsCommonValues</include>
					<label></label>
					<onclick>SendClick(6)</onclick>
				</control>
				<control type="button" id="611">
					<description>FS Fanart button</description>
					<font>IconMediumMD</font>
					<width>65</width>
					<texturenofocus/>
					<include>ButtonInfoDialogsCommonValues</include>
					<label></label>
					<onclick condition="!String.IsEmpty(ListItem.Art(fanart))">SetProperty(FSFanart,$INFO[ListItem.Art(fanart)],musicinformation)</onclick>
					<onclick condition="!String.IsEmpty(ListItem.Art(fanart1))">SetProperty(FSFanart1,$INFO[ListItem.Art(fanart1)],musicinformation)</onclick>
					<onclick condition="!String.IsEmpty(ListItem.Art(fanart2))">SetProperty(FSFanart2,$INFO[ListItem.Art(fanart2)],musicinformation)</onclick>
					<onclick condition="!String.IsEmpty(ListItem.Art(fanart3))">SetProperty(FSFanart3,$INFO[ListItem.Art(fanart3)],musicinformation)</onclick>
					<onclick condition="!String.IsEmpty(ListItem.Art(fanart4))">SetProperty(FSFanart4,$INFO[ListItem.Art(fanart4)],musicinformation)</onclick>
					<onclick condition="!String.IsEmpty(ListItem.Art(fanart5))">SetProperty(FSFanart5,$INFO[ListItem.Art(fanart5)],musicinformation)</onclick>
					<onclick condition="!String.IsEmpty(ListItem.Art(fanart6))">SetProperty(FSFanart6,$INFO[ListItem.Art(fanart6)],musicinformation)</onclick>
					<onclick condition="!String.IsEmpty(ListItem.Art(fanart7))">SetProperty(FSFanart7,$INFO[ListItem.Art(fanart7)],musicinformation)</onclick>
					<onclick condition="!String.IsEmpty(ListItem.Art(fanart8))">SetProperty(FSFanart8,$INFO[ListItem.Art(fanart8)],musicinformation)</onclick>
					<onclick condition="!String.IsEmpty(ListItem.Art(fanart9))">SetProperty(FSFanart9,$INFO[ListItem.Art(fanart9)],musicinformation)</onclick>
					<onclick condition="!String.IsEmpty(ListItem.Art(fanart10))">SetProperty(FSFanart10,$INFO[ListItem.Art(fanart10)],musicinformation)</onclick>
					<onclick condition="!String.IsEmpty(ListItem.Art(fanart11))">SetProperty(FSFanart11,$INFO[ListItem.Art(fanart11)],musicinformation)</onclick>
					<onclick condition="!String.IsEmpty(ListItem.Art(fanart12))">SetProperty(FSFanart12,$INFO[ListItem.Art(fanart12)],musicinformation)</onclick>
					<onclick condition="!String.IsEmpty(ListItem.Art(fanart13))">SetProperty(FSFanart13,$INFO[ListItem.Art(fanart13)],musicinformation)</onclick>
					<onclick condition="!String.IsEmpty(ListItem.Art(fanart14))">SetProperty(FSFanart14,$INFO[ListItem.Art(fanart14)],musicinformation)</onclick>
					<onclick condition="!String.IsEmpty(ListItem.Art(fanart15))">SetProperty(FSFanart15,$INFO[ListItem.Art(fanart15)],musicinformation)</onclick>
					<onclick condition="!String.IsEmpty(ListItem.Art(fanart16))">SetProperty(FSFanart16,$INFO[ListItem.Art(fanart16)],musicinformation)</onclick>
					<onclick condition="!String.IsEmpty(ListItem.Art(fanart17))">SetProperty(FSFanart17,$INFO[ListItem.Art(fanart17)],musicinformation)</onclick>
					<onclick condition="!String.IsEmpty(ListItem.Art(fanart18))">SetProperty(FSFanart18,$INFO[ListItem.Art(fanart18)],musicinformation)</onclick>
					<onclick condition="!String.IsEmpty(ListItem.Art(fanart19))">SetProperty(FSFanart19,$INFO[ListItem.Art(fanart19)],musicinformation)</onclick>
					<onclick condition="!String.IsEmpty(ListItem.Art(artist.fanart))">SetProperty(FSFanart,$INFO[ListItem.Art(artist.fanart)],musicinformation)</onclick>
					<onclick condition="!String.IsEmpty(ListItem.Art(artist.fanart1))">SetProperty(FSFanart1,$INFO[ListItem.Art(artist.fanart1)],musicinformation)</onclick>
					<onclick condition="!String.IsEmpty(ListItem.Art(artist.fanart2))">SetProperty(FSFanart2,$INFO[ListItem.Art(artist.fanart2)],musicinformation)</onclick>
					<onclick condition="!String.IsEmpty(ListItem.Art(artist.fanart3))">SetProperty(FSFanart3,$INFO[ListItem.Art(artist.fanart3)],musicinformation)</onclick>
					<onclick condition="!String.IsEmpty(ListItem.Art(artist.fanart4))">SetProperty(FSFanart4,$INFO[ListItem.Art(artist.fanart4)],musicinformation)</onclick>
					<onclick condition="!String.IsEmpty(ListItem.Art(artist.fanart5))">SetProperty(FSFanart5,$INFO[ListItem.Art(artist.fanart5)],musicinformation)</onclick>
					<onclick condition="!String.IsEmpty(ListItem.Art(artist.fanart6))">SetProperty(FSFanart6,$INFO[ListItem.Art(artist.fanart6)],musicinformation)</onclick>
					<onclick condition="!String.IsEmpty(ListItem.Art(artist.fanart7))">SetProperty(FSFanart7,$INFO[ListItem.Art(artist.fanart7)],musicinformation)</onclick>
					<onclick condition="!String.IsEmpty(ListItem.Art(artist.fanart8))">SetProperty(FSFanart8,$INFO[ListItem.Art(artist.fanart8)],musicinformation)</onclick>
					<onclick condition="!String.IsEmpty(ListItem.Art(artist.fanart9))">SetProperty(FSFanart9,$INFO[ListItem.Art(artist.fanart9)],musicinformation)</onclick>
					<onclick condition="!String.IsEmpty(ListItem.Art(artist.fanart10))">SetProperty(FSFanart10,$INFO[ListItem.Art(artist.fanart10)],musicinformation)</onclick>
					<onclick condition="!String.IsEmpty(ListItem.Art(artist.fanart11))">SetProperty(FSFanart11,$INFO[ListItem.Art(artist.fanart11)],musicinformation)</onclick>
					<onclick condition="!String.IsEmpty(ListItem.Art(artist.fanart12))">SetProperty(FSFanart12,$INFO[ListItem.Art(artist.fanart12)],musicinformation)</onclick>
					<onclick condition="!String.IsEmpty(ListItem.Art(artist.fanart13))">SetProperty(FSFanart13,$INFO[ListItem.Art(artist.fanart13)],musicinformation)</onclick>
					<onclick condition="!String.IsEmpty(ListItem.Art(artist.fanart14))">SetProperty(FSFanart14,$INFO[ListItem.Art(artist.fanart14)],musicinformation)</onclick>
					<onclick condition="!String.IsEmpty(ListItem.Art(artist.fanart15))">SetProperty(FSFanart15,$INFO[ListItem.Art(artist.fanart15)],musicinformation)</onclick>
					<onclick condition="!String.IsEmpty(ListItem.Art(artist.fanart16))">SetProperty(FSFanart16,$INFO[ListItem.Art(artist.fanart16)],musicinformation)</onclick>
					<onclick condition="!String.IsEmpty(ListItem.Art(artist.fanart17))">SetProperty(FSFanart17,$INFO[ListItem.Art(artist.fanart17)],musicinformation)</onclick>
					<onclick condition="!String.IsEmpty(ListItem.Art(artist.fanart18))">SetProperty(FSFanart18,$INFO[ListItem.Art(artist.fanart18)],musicinformation)</onclick>
					<onclick condition="!String.IsEmpty(ListItem.Art(artist.fanart19))">SetProperty(FSFanart19,$INFO[ListItem.Art(artist.fanart19)],musicinformation)</onclick>
					<onclick>ActivateWindow(1114)</onclick>
				</control>
			</control>
		</control>
		<control type="image">
			<visible>!String.IsEmpty(Window(Home).Property(Extras_info_music))</visible>
			<visible>Control.HasFocus(8345)</visible>
			<animation effect="fade" start="0" end="100" time="100">Visible</animation>
			<left>-10</left>
			<top>-10</top>
			<width>1550</width>
			<height>1250</height>
			<texture background="true">tajo/gradient_small2.png</texture>
			<aspectratio>stretch</aspectratio>
		</control>
		<control type="group">
			<include condition="Skin.HasSetting(SearchExtrasMusic) + !String.IsEmpty(Window(Home).Property(extras_music_yes))">SearchInfoExtrasMusic</include>
			<control type="grouplist">
				<left>80</left>
				<top>16</top>
				<width>400</width>
				<align>left</align>
				<orientation>horizontal</orientation>
				<itemgap>0</itemgap>
				<control type="label">
					<visible>Control.HasFocus(8345)</visible>
					<animation effect="slide" start="-750,0" end="0,0" time="600" tween="cubic" easing="out" reversible="false">Visible</animation>
					<align>left</align>
					<width min="20" max="200">auto</width>
					<height>40</height>
					<textcolor>white</textcolor>
					<shadowcolor>black</shadowcolor>
					<font>fontDiscog</font>
					<label>$INFO[Container(8345).CurrentItem]</label>
				</control>
				<control type="label">
					<visible>Control.HasFocus(8345)</visible>
					<animation effect="slide" start="-750,0" end="0,0" time="600" tween="cubic" easing="out" reversible="false">Visible</animation>
					<align>left</align>
					<width min="20" max="200">auto</width>
					<height>34</height>
					<textcolor>white</textcolor>
					<shadowcolor>black</shadowcolor>
					<font>Font_bro</font>
					<label>/$INFO[Container(8345).NumItems]</label>
				</control>
			</control>
			<control type="image">
				<visible>!String.IsEmpty(Window(Home).Property(Extras_info_music))</visible>
				<animation effect="slide" start="-750,0" end="0,0" time="600" tween="cubic" easing="out" reversible="false">Visible</animation>
				<visible>Skin.HasSetting(SearchExtrasMusic)</visible>
				<left>12</left>
				<top>17</top>
				<width>60</width>
				<height>60</height>
				<colordiffuse>bbffffff</colordiffuse>
				<texture background="true">tajo/extras.png</texture>
				<aspectratio>keep</aspectratio>
			</control>
			<control type="label">
				<visible>!String.IsEmpty(Window(Home).Property(Extras_info_music))</visible>
				<animation effect="slide" start="-750,0" end="0,0" time="600" tween="cubic" easing="out" reversible="false">Visible</animation>
				<visible>Skin.HasSetting(SearchExtrasMusic)</visible>
				<align>left</align>
				<left>17</left>
				<top>43</top>
				<width min="20" max="300">auto</width>
				<height>34</height>
				<textcolor>ffdadada</textcolor>
				<shadowcolor>black</shadowcolor>
				<font>font_Extras</font>
				<label>$LOCALIZE[31014]</label>
			</control>
			<control type="fixedlist" id="8345">
				<visible allowhiddenfocus="true">Control.HasFocus(8345)</visible>
				<animation effect="slide" start="-750,0" end="0,0" time="600" tween="cubic" easing="out" reversible="false">Visible</animation>
				<visible>Skin.HasSetting(SearchExtrasMusic)</visible>
				<focusposition>2</focusposition>
				<movement>20</movement>
				<onright condition="!Player.HasVideo">ClearProperty(Extras_info_music,Home)</onright>
				<onright condition="!Player.HasVideo">SetFocus(638)</onright>
				<onright condition="Player.HasVideo">ActivateWindow(videoosd)</onright>
				<onleft condition="Player.HasVideo">ActivateWindow(videoosd)</onleft>
				<onleft condition="Player.HasAudio">ActivateWindow(1196)</onleft>
				<left>10</left>
				<top>82</top>
				<width>681</width>
				<height>968</height>
				<orientation>vertical</orientation>
				<include>Action_extras</include>
				<viewtype>list</viewtype>
				<itemlayout width="681" height="42">
					<control type="image">
						<animation effect="slide" start="-750,0" end="0,0" time="600" tween="cubic" easing="out" reversible="false">Visible</animation>
						<include>ExtrasIconMovie</include>
						<left>2</left>
						<top>-4</top>
						<width>53</width>
						<height>53</height>
					</control>
					<control type="image">
						<animation effect="slide" start="-750,0" end="0,0" time="600" tween="cubic" easing="out" reversible="false">Visible</animation>
						<include>ExtrasIconStrm</include>
						<left>2</left>
						<top>-4</top>
						<width>53</width>
						<height>53</height>
					</control>
					<control type="image">
						<animation effect="slide" start="-750,0" end="0,0" time="600" tween="cubic" easing="out" reversible="false">Visible</animation>
						<include>ExtrasIconPlaylist</include>
						<left>2</left>
						<top>-2</top>
						<width>51</width>
						<height>51</height>
					</control>
					<control type="image">
						<animation effect="slide" start="-750,0" end="0,0" time="600" tween="cubic" easing="out" reversible="false">Visible</animation>
						<include>ExtrasIconAudio</include>
						<left>2</left>
						<width>44</width>
						<height>44</height>
					</control>
					<control type="image">
						<animation effect="slide" start="-750,0" end="0,0" time="600" tween="cubic" easing="out" reversible="false">Visible</animation>
						<include>ExtrasIconPicture</include>
						<left>3</left>
						<width>45</width>
						<height>45</height>
					</control>
					<control type="label">
						<animation effect="slide" start="-750,0" end="0,0" time="600" tween="cubic" easing="out" reversible="false">Visible</animation>
						<font>font15info</font>
						<scroll>false</scroll>
						<left>51</left>
						<height>40</height>
						<width>630</width>
						<align>left</align>
						<aligny>center</aligny>
						<label>[LOWERCASE][CAPITALIZE]$INFO[ListItem.Label2][/CAPITALIZE][/LOWERCASE]</label>
					</control>
				</itemlayout>
				<focusedlayout width="681" height="42">
					<control type="image">
						<animation effect="slide" start="-750,0" end="0,0" time="600" tween="cubic" easing="out" reversible="false">Visible</animation>
						<include>ExtrasIconMovie</include>
						<left>2</left>
						<top>-4</top>
						<width>53</width>
						<height>53</height>
						<colordiffuse>themecolor</colordiffuse>
					</control>
					<control type="image">
						<animation effect="slide" start="-750,0" end="0,0" time="600" tween="cubic" easing="out" reversible="false">Visible</animation>
						<include>ExtrasIconStrm</include>
						<left>2</left>
						<top>-4</top>
						<width>53</width>
						<height>53</height>
						<aspectratio>keep</aspectratio>
					</control>
					<control type="image">
						<animation effect="slide" start="-750,0" end="0,0" time="600" tween="cubic" easing="out" reversible="false">Visible</animation>
						<include>ExtrasIconPlaylist</include>
						<left>2</left>
						<top>-2</top>
						<width>51</width>
						<height>51</height>
						<colordiffuse>themecolor</colordiffuse>
					</control>
					<control type="image">
						<animation effect="slide" start="-750,0" end="0,0" time="600" tween="cubic" easing="out" reversible="false">Visible</animation>
						<include>ExtrasIconAudio</include>
						<left>2</left>
						<width>44</width>
						<height>44</height>
						<colordiffuse>themecolor</colordiffuse>
					</control>
					<control type="image">
						<animation effect="slide" start="-750,0" end="0,0" time="600" tween="cubic" easing="out" reversible="false">Visible</animation>
						<include>ExtrasIconPicture</include>
						<left>3</left>
						<width>45</width>
						<height>45</height>
						<colordiffuse>themecolor</colordiffuse>
					</control>
					<control type="label">
						<animation effect="slide" start="-750,0" end="0,0" time="600" tween="cubic" easing="out" reversible="false">Visible</animation>
						<textcolor>themecolor</textcolor>
						<font>font15info</font>
						<scroll>true</scroll>
						<left>51</left>
						<height>40</height>
						<width>630</width>
						<align>left</align>
						<aligny>center</aligny>
						<label>[LOWERCASE][CAPITALIZE][B]$INFO[ListItem.Label2][/CAPITALIZE][/LOWERCASE][/B]</label>
					</control>
				</focusedlayout>
				<content>
					<include content="Filter_files_music">
						<param name="id" value="0"/>
					</include>
					<include content="Filter_files_music">
						<param name="id" value="1"/>
					</include>
					<include content="Filter_files_music">
						<param name="id" value="2"/>
					</include>
					<include content="Filter_files_music">
						<param name="id" value="3"/>
					</include>
					<include content="Filter_files_music">
						<param name="id" value="4"/>
					</include>
					<include content="Filter_files_music">
						<param name="id" value="5"/>
					</include>
					<include content="Filter_files_music">
						<param name="id" value="6"/>
					</include>
					<include content="Filter_files_music">
						<param name="id" value="7"/>
					</include>
					<include content="Filter_files_music">
						<param name="id" value="8"/>
					</include>
					<include content="Filter_files_music">
						<param name="id" value="9"/>
					</include>
					<include content="Filter_files_music">
						<param name="id" value="10"/>
					</include>
					<include content="Filter_files_music">
						<param name="id" value="11"/>
					</include>
					<include content="Filter_files_music">
						<param name="id" value="12"/>
					</include>
					<include content="Filter_files_music">
						<param name="id" value="13"/>
					</include>
					<include content="Filter_files_music">
						<param name="id" value="14"/>
					</include>
					<include content="Filter_files_music">
						<param name="id" value="15"/>
					</include>
					<include content="Filter_files_music">
						<param name="id" value="16"/>
					</include>
					<include content="Filter_files_music">
						<param name="id" value="17"/>
					</include>
					<include content="Filter_files_music">
						<param name="id" value="18"/>
					</include>
					<include content="Filter_files_music">
						<param name="id" value="19"/>
					</include>
					<include content="Filter_files_music">
						<param name="id" value="20"/>
					</include>
					<include content="Filter_files_music">
						<param name="id" value="21"/>
					</include>
					<include content="Filter_files_music">
						<param name="id" value="22"/>
					</include>
					<include content="Filter_files_music">
						<param name="id" value="23"/>
					</include>
					<include content="Filter_files_music">
						<param name="id" value="24"/>
					</include>
					<include content="Filter_files_music">
						<param name="id" value="25"/>
					</include>
					<include content="Filter_files_music">
						<param name="id" value="26"/>
					</include>
					<include content="Filter_files_music">
						<param name="id" value="27"/>
					</include>
					<include content="Filter_files_music">
						<param name="id" value="28"/>
					</include>
					<include content="Filter_files_music">
						<param name="id" value="29"/>
					</include>
					<include content="Filter_files_music">
						<param name="id" value="30"/>
					</include>
					<include content="Filter_files_music">
						<param name="id" value="31"/>
					</include>
					<include content="Filter_files_music">
						<param name="id" value="32"/>
					</include>
					<include content="Filter_files_music">
						<param name="id" value="33"/>
					</include>
					<include content="Filter_files_music">
						<param name="id" value="34"/>
					</include>
					<include content="Filter_files_music">
						<param name="id" value="35"/>
					</include>
					<include content="Filter_files_music">
						<param name="id" value="36"/>
					</include>
					<include content="Filter_files_music">
						<param name="id" value="37"/>
					</include>
					<include content="Filter_files_music">
						<param name="id" value="38"/>
					</include>
					<include content="Filter_files_music">
						<param name="id" value="39"/>
					</include>
				</content>
			</control>
			<control type="image">
				<visible>Player.HasVideo</visible>
				<include>FullscreenDimensions</include>
				<texture>black.png</texture>
			</control>
			<control type="videowindow" id="2343">
				<include>FullscreenDimensions</include>
			</control>
		</control>
		<control type="button" id="6">
			<description>Refresh</description>
			<include>HiddenObject</include>
		</control>
		<control type="button" id="7">
			<description>Set rating</description>
			<include>HiddenObject</include>
		</control>
		<control type="button" id="10">
			<description>Get Thumb</description>
			<include>HiddenObject</include>
		</control>
		<control type="button" id="12">
			<description>Get Fanart</description>
			<include>HiddenObject</include>
		</control>
	</controls>
</window>