<?xml version="1.0" encoding="utf-8"?>
<window>
	<onload condition="[VideoPlayer.Content(movies) | VideoPlayer.Content(episodes)]">SetFocus(5000)</onload>
	<onload condition="VideoPlayer.Content(livetv)">SetFocus(64)</onload>
	<!-- this switches back to "You are watching ..." -->
	<onunload condition="VideoPlayer.Content(livetv) + !Skin.HasSetting(ToggleLiveTVNext)">Skin.ToggleSetting(ToggleLiveTVNext)</onunload>
	<controls>
		<control type="image">
			<left>-10</left>
			<top>-10</top>
			<width>1950</width>
			<height>1100</height>
			<aspectratio>stretch</aspectratio>
			<texture background="true">black.png</texture>
			<animation effect="fade" end="85" condition="true">Conditional</animation>
		</control>
		<control type="button" id="64">
			<include>HiddenObject</include>
			<onclick condition="VideoPlayer.Content(livetv)">Skin.ToggleSetting(TogglePlotLiveTV)</onclick>
			<onup condition="VideoPlayer.Content(livetv)">Skin.ToggleSetting(Enable.LiveTVFullPlot)</onup>
			<onclick condition="VideoPlayer.Content(livetv) + !Skin.HasSetting(ToggleLiveTVNext)">Skin.ToggleSetting(ToggleLiveTVNext)</onclick>
			<!-- onleft and onright are toggling between NOW and NEXT -->
			<onright condition="VideoPlayer.Content(livetv)">Skin.ToggleSetting(ToggleLiveTVNext)</onright>
			<onleft condition="VideoPlayer.Content(livetv)">Skin.ToggleSetting(ToggleLiveTVNext)</onleft>
		</control>
		<control type="group">
			<animation effect="slide" start="0,-100" end="0,0" time="200">WindowOpen</animation>
			<visible>!Window.IsActive(videoosd) + !VideoPlayer.Content(episodes) + !VideoPlayer.Content(movies) + !VideoPlayer.Content(LiveTV) + !VideoPlayer.Content(musicvideos)</visible>
			<control type="grouplist">
				<width>100%</width>
				<height>90</height>
				<align>center</align>
				<orientation>horizontal</orientation>
				<control type="image">
					<width>320</width>
					<height>88</height>
					<include>MediaFlagVars</include>
					<texture background="true">$INFO[Player.Art(thumb)]</texture>
					<visible>VideoPlayer.Content(livetv)</visible>
				</control>
				<control type="image">
					<width>320</width>
					<colordiffuse>grey2</colordiffuse>
					<include>MediaFlagVars</include>
					<texture fallback="resources/flag_default.png">$VAR[mediaicons_path]videoresolution/$INFO[VideoPlayer.VideoResolution,,.png]</texture>
				</control>
				<control type="image">
					<width>320</width>
					<colordiffuse>grey2</colordiffuse>
					<include>MediaFlagVars</include>
					<texture>$VAR[mediaicons_path]audiocodec/$INFO[VideoPlayer.AudioCodec,,.png]</texture>
				</control>
				<control type="image">
					<width>320</width>
					<colordiffuse>grey2</colordiffuse>
					<include>MediaFlagVars</include>
					<texture>$VAR[mediaicons_path]audiochannels/$INFO[VideoPlayer.AudioChannels,,.png]</texture>
				</control>
				<control type="image">
					<width>320</width>
					<colordiffuse>grey2</colordiffuse>
					<include>MediaFlagVars</include>
					<texture>$VAR[mediaicons_path]videocodec/$VAR[VideoSourceFlagVar,,.png]</texture>
				</control>
				<control type="image">
					<width>320</width>
					<colordiffuse>grey2</colordiffuse>
					<include>MediaFlagVars</include>
					<texture fallback="resources/flag_default.png">$VAR[mediaicons_path]aspectratio/$INFO[VideoPlayer.VideoAspect,,.png]</texture>
				</control>
			</control>
		</control>
		<control type="group">
			<visible>VideoPlayer.Content(movies) | VideoPlayer.Content(episodes)| VideoPlayer.Content(musicvideos)</visible>
			<animation effect="slide" end="0,0" start="0,-540" time="200" tween="quadratic" easing="out">WindowOpen</animation>
			<animation effect="slide" start="0,0" end="0,-540" time="200" tween="quadratic" easing="out">WindowClose</animation>
			<control type="group">
				<visible>VideoPlayer.Content(movies)</visible>
				<control type="image">
					<width>338</width>
					<height>508</height>
					<aspectratio align="left">keep</aspectratio>
					<texture background="true">$INFO[Player.Art(poster)]</texture>
					<fadetime>400</fadetime>
					<bordertexture border="1,1,2,1">thumbs/panel_border3.png</bordertexture>
					<bordersize>1,1,2,1</bordersize>
				</control>
				<control type="grouplist">
					<left>340</left>
					<width>1580</width>
					<height>508</height>
					<control type="button">
						<label>$INFO[Player.Title]</label>
						<width>1560</width>
						<font>titleshelf2</font>
						<align>center</align>
						<height>60</height>
						<include>ShowCaseInfoPanelButtonsValues</include>
						<visible>!String.IsEmpty(Player.Title)</visible>
					</control>
					<control type="button">
						<label>[COLOR labelheader]$LOCALIZE[20339]:[/COLOR][CR]$INFO[VideoPlayer.Director]</label>
						<width>760</width>
						<include>ShowCaseInfoPanelButtonsValues</include>
						<visible>!String.IsEmpty(VideoPlayer.Director)</visible>
					</control>
					<control type="button">
						<label>[COLOR labelheader]$LOCALIZE[20417]:[/COLOR][CR]$INFO[VideoPlayer.Writer]</label>
						<width>760</width>
						<include>ShowCaseInfoPanelButtonsValues</include>
						<visible>!String.IsEmpty(VideoPlayer.Writer)</visible>
					</control>
					<control type="button">
						<label>[COLOR labelheader]$LOCALIZE[515]:[/COLOR][CR]$INFO[VideoPlayer.Genre]</label>
						<width>760</width>
						<include>ShowCaseInfoPanelButtonsValues</include>
						<visible>!String.IsEmpty(VideoPlayer.Genre)</visible>
					</control>
					<control type="button">
						<label>[COLOR labelheader]$LOCALIZE[345]:[/COLOR][CR]$INFO[VideoPlayer.Year]</label>
						<width>760</width>
						<include>ShowCaseInfoPanelButtonsValues</include>
						<visible>!String.IsEmpty(VideoPlayer.Year)</visible>
					</control>
				</control>
			</control>
			<control type="group">
				<visible>VideoPlayer.Content(musicvideos)</visible>
				<left>6</left>
				<control type="image">
					<width>338</width>
					<height>480</height>
					<aspectratio align="left">keep</aspectratio>
					<texture background="true">$INFO[Player.Art(thumb)]</texture>
					<fadetime>400</fadetime>
					<bordertexture border="1,1,2,1">thumbs/panel_border3.png</bordertexture>
					<bordersize>1,1,2,1</bordersize>
				</control>
				<control type="grouplist">
					<left>340</left>
					<width>1580</width>
					<height>508</height>
					<control type="button">
						<label>$INFO[Player.Title]</label>
						<width>1560</width>
						<font>titleshelf2</font>
						<align>center</align>
						<height>60</height>
						<include>ShowCaseInfoPanelButtonsValues</include>
						<visible>!String.IsEmpty(Player.Title)</visible>
					</control>
					<control type="button">
						<label>[COLOR labelheader]$LOCALIZE[557]:[/COLOR][CR]$INFO[VideoPlayer.Artist]</label>
						<width>760</width>
						<include>ShowCaseInfoPanelButtonsValues</include>
						<visible>!String.IsEmpty(VideoPlayer.Artist)</visible>
					</control>
					<control type="button">
						<label>[COLOR labelheader]$LOCALIZE[558]:[/COLOR][CR]$INFO[VideoPlayer.Album]</label>
						<width>760</width>
						<include>ShowCaseInfoPanelButtonsValues</include>
						<visible>!String.IsEmpty(VideoPlayer.Album)</visible>
					</control>
					<control type="button">
						<label>[COLOR labelheader]$LOCALIZE[20339]:[/COLOR][CR]$INFO[VideoPlayer.Director]</label>
						<width>760</width>
						<include>ShowCaseInfoPanelButtonsValues</include>
						<visible>!String.IsEmpty(VideoPlayer.Director)</visible>
					</control>
					<control type="group">
						<control type="button">
							<label>[COLOR labelheader]$LOCALIZE[515]:[/COLOR][CR]$INFO[VideoPlayer.Genre]</label>
							<width>570</width>
							<include>ShowCaseInfoPanelButtonsValues</include>
							<visible>!String.IsEmpty(VideoPlayer.Genre)</visible>
						</control>
						<control type="button">
							<label>[COLOR labelheader]$LOCALIZE[345]:[/COLOR][CR]$INFO[VideoPlayer.Year]</label>
							<left>570</left>
							<width>190</width>
							<include>ShowCaseInfoPanelButtonsValues</include>
							<visible>!String.IsEmpty(VideoPlayer.Year)</visible>
						</control>
					</control>
				</control>
			</control>
			<control type="group">
				<visible>VideoPlayer.Content(episodes)</visible>
				<control type="image">
					<width>338</width>
					<height>508</height>
					<aspectratio align="left">keep</aspectratio>
					<texture background="true">$INFO[Player.Art(tvshow.poster)]</texture>
					<fadetime>400</fadetime>
					<bordertexture border="1,1,2,1">thumbs/panel_border3.png</bordertexture>
					<bordersize>1,1,2,1</bordersize>
				</control>
				<control type="grouplist">
					<left>340</left>
					<width>1580</width>
					<height>508</height>
					<control type="button">
						<label>$INFO[Player.Title]</label>
						<width>1560</width>
						<font>titleshelf2</font>
						<align>center</align>
						<height>60</height>
						<include>ShowCaseInfoPanelButtonsValues</include>
						<visible>!String.IsEmpty(Player.Title)</visible>
					</control>
					<control type="button">
						<label>[COLOR labelheader]$LOCALIZE[20364]:[/COLOR][CR]$INFO[VideoPlayer.TvShowTitle]</label>
						<width>760</width>
						<include>ShowCaseInfoPanelButtonsValues</include>
						<visible>!String.IsEmpty(VideoPlayer.TvShowTitle)</visible>
					</control>
					<control type="button">
						<label>[COLOR labelheader]$LOCALIZE[20352]:[/COLOR][CR]$INFO[VideoPlayer.Season,$LOCALIZE[20373] ,] - $INFO[VideoPlayer.Episode,[CAPITALIZE]$LOCALIZE[20452][/CAPITALIZE] , , ]</label>
						<width>760</width>
						<include>ShowCaseInfoPanelButtonsValues</include>
						<visible>!String.IsEmpty(VideoPlayer.Episode)</visible>
					</control>
					<control type="button">
						<label>[COLOR labelheader]$LOCALIZE[20416]:[/COLOR][CR]$INFO[VideoPlayer.Premiered]</label>
						<width>760</width>
						<include>ShowCaseInfoPanelButtonsValues</include>
						<visible>!String.IsEmpty(VideoPlayer.Premiered)</visible>
					</control>
				</control>
			</control>
			<control type="grouplist">
				<left>358</left>
				<top>420</top>
				<right>0</right>
				<height>90</height>
				<itemgap>0</itemgap>
				<orientation>horizontal</orientation>
				<control type="group">
					<width>260</width>
					<control type="label">
						<width>200</width>
						<height>90</height>
						<align>center</align>
						<aligny>center</aligny>
						<label>$INFO[VideoPlayer.Studio]</label>
						<font>font12</font>
						<textcolor>grey</textcolor>
						<wrapmultiline>true</wrapmultiline>
					</control>
				</control>
				<control type="image">
					<width>160</width>
					<include>MediaFlagVars</include>
					<texture fallback="resources/mpaa/NR.png">$VAR[VideoRatingFlagVar]</texture>
				</control>
				<control type="image">
					<width>220</width>
					<include>MediaFlagVars</include>
					<texture fallback="resources/flag_default.png">$VAR[mediaicons_path]videoresolution/$INFO[VideoPlayer.VideoResolution,,.png]</texture>
				</control>
				<control type="image">
					<width>220</width>
					<include>MediaFlagVars</include>
					<texture>$VAR[mediaicons_path]audiocodec/$INFO[VideoPlayer.AudioCodec,,.png]</texture>
				</control>
				<control type="image">
					<width>220</width>
					<include>MediaFlagVars</include>
					<texture>$VAR[mediaicons_path]videocodec/$VAR[VideoSourceFlagVar,,.png]</texture>
				</control>
				<control type="image">
					<width>220</width>
					<include>MediaFlagVars</include>
					<texture>$VAR[mediaicons_path]audiochannels/$INFO[VideoPlayer.AudioChannels,,.png]</texture>
				</control>
				<control type="image">
					<width>220</width>
					<include>MediaFlagVars</include>
					<texture>$VAR[mediaicons_path]aspectratio/$INFO[VideoPlayer.VideoAspect,,.png]</texture>
				</control>
			</control>
			<control type="textbox" id="170">
				<label>$INFO[VideoPlayer.CastAndRole]</label>
				<left>1115</left>
				<top>67</top>
				<width>775</width>
				<height>286</height>
				<font>font15_textbox</font>
				<pagecontrol>62</pagecontrol>
				<include>SettingsFadeAnimation</include>
				<include>ShowCaseInfoPanelButtonsValues</include>
				<visible>Control.HasFocus(66)</visible>
				<autoscroll time="3000" delay="4000" repeat="5000">Skin.HasSetting(Enable.AutoScroll) + !Control.HasFocus(64)</autoscroll>
			</control>
			<control type="textbox" id="171">
				<label>$INFO[VideoPlayer.Tagline,[COLOR labelheader],[/COLOR] - ]$INFO[VideoPlayer.Plot]</label>
				<left>1115</left>
				<top>67</top>
				<width>775</width>
				<height>286</height>
				<font>font15_textbox</font>
				<pagecontrol>63</pagecontrol>
				<include>SettingsFadeAnimation</include>
				<include>ShowCaseInfoPanelButtonsValues</include>
				<visible>!Control.HasFocus(66)</visible>
				<autoscroll time="3000" delay="4000" repeat="5000">Skin.HasSetting(Enable.AutoScroll) + !Control.HasFocus(64)</autoscroll>
			</control>
			<control type="scrollbar" id="62">
				<right>0</right>
				<top>0</top>
				<width>14</width>
				<height>360</height>
				<texturesliderbackground/>
				<texturesliderbar border="1">scrollbar/texturesliderbar2.png</texturesliderbar>
				<texturesliderbarfocus border="1">scrollbar/texturesliderbar2.png</texturesliderbarfocus>
				<showonepage>false</showonepage>
				<visible>Control.HasFocus(66)</visible>
				<orientation>vertical</orientation>
			</control>
			<control type="scrollbar" id="63">
				<right>0</right>
				<top>0</top>
				<width>14</width>
				<height>360</height>
				<texturesliderbackground/>
				<texturesliderbar border="1">scrollbar/texturesliderbar2.png</texturesliderbar>
				<texturesliderbarfocus border="1">scrollbar/texturesliderbar2.png</texturesliderbarfocus>
				<showonepage>false</showonepage>
				<orientation>vertical</orientation>
				<visible>Control.HasFocus(65)</visible>
			</control>
			<control type="grouplist" id="5000">
				<left>1102</left>
				<top>360</top>
				<width>805</width>
				<height>60</height>
				<orientation>horizontal</orientation>
				<control type="button" id="65">
					<width>402</width>
					<label>$LOCALIZE[207]</label>
					<onup>PageUp(63)</onup>
					<ondown>PageDown(63)</ondown>
					<onclick>noop</onclick>
				</control>
				<control type="button" id="66">
					<width>402</width>
					<label>$LOCALIZE[206]</label>
					<onup>PageUp(62)</onup>
					<ondown>PageDown(62)</ondown>
					<onclick>noop</onclick>
				</control>
				<visible>!VideoPlayer.Content(musicvideos)</visible>
			</control>
		</control>
		<!-- LiveTV Plot -->
		<control type="group" id="9006">
			<top>10</top>
			<visible>VideoPlayer.Content(LiveTV) + !Window.IsActive(notification) + !Control.IsVisible(9001) + !Control.IsVisible(9002) + !Skin.HasSetting(TogglePlotLiveTV)</visible>
			<!-- Small PlotInfo BG -->
			<control type="image">
				<left>17</left>
				<width>1885</width>
				<height>300</height>
				<texture border="40">dialogs/default/bg.png</texture>
				<animation effect="fade" end="90" condition="true">Conditional</animation>
				<visible>!String.IsEmpty(VideoPlayer.PlotOutline) + !String.IsEqual(VideoPlayer.PlotOutline,N/A) + !Skin.HasSetting(Enable.LiveTVFullPlot)</visible>
			</control>
			<!-- Big PlotInfo BG -->
			<control type="image">
				<left>17</left>
				<width>1885</width>
				<height>720</height>
				<texture border="40">dialogs/default/bg.png</texture>
				<animation effect="fade" end="90" condition="true">Conditional</animation>
				<visible>String.IsEmpty(VideoPlayer.PlotOutline) | String.IsEqual(VideoPlayer.PlotOutline,N/A) | Skin.HasSetting(Enable.LiveTVFullPlot)</visible>
			</control>
			<!-- NOW playing in channel -->
			<control type="grouplist">
				<top>50</top>
				<left>57</left>
				<height>650</height>
				<width>1805</width>
				<itemgap>10</itemgap>
				<usecontrolcoords>true</usecontrolcoords>
				<orientation>vertical</orientation>
				<visible>Skin.HasSetting(ToggleLiveTVNext)</visible>
				<control type="label">
					<height>30</height>
					<label>$INFO[VideoPlayer.ChannelName]</label>
					<font>font16</font>
					<textcolor>themecolor</textcolor>
				</control>
				<control type="label">
					<width>auto</width>
					<height>50</height>
					<label>[B]$INFO[VideoPlayer.Title][/B]</label>
					<font>font48</font>
					<scroll>true</scroll>
				</control>
				<control type="label">
					<width>auto</width>
					<height>35</height>
					<label>[B]($INFO[VideoPlayer.PlotOutline])[/B]</label>
					<font>font14</font>
					<scroll>true</scroll>
					<visible>Skin.HasSetting(Enable.LiveTVFullPlot) + !String.IsEmpty(VideoPlayer.PlotOutline) + !String.IsEqual(VideoPlayer.PlotOutline,N/A)</visible>
				</control>
				<control type="image">
					<width>1809</width>
					<height>2</height>
					<texture>new_pvr/osd_line_white.png</texture>
					<colordiffuse>themecolor</colordiffuse>
				</control>
				<control type="label">
					<width>1000</width>
					<height>30</height>
					<label>$INFO[VideoPlayer.Genre,$LOCALIZE[515]: ]</label>
					<font>font13</font>
					<textcolor>grey</textcolor>
				</control>
				<control type="textbox">
					<width>1805</width>
					<height>174</height>
					<label>$INFO[VideoPlayer.PlotOutline]</label>
					<font>font15_textbox</font>
					<autoscroll delay="6000" time="3000" repeat="6000">true</autoscroll>
					<visible>!String.IsEmpty(VideoPlayer.PlotOutline) + !String.IsEqual(VideoPlayer.PlotOutline,N/A) + !Skin.HasSetting(Enable.LiveTVFullPlot)</visible>
				</control>
				<control type="textbox">
					<width>1805</width>
					<height>774</height>
					<label>$INFO[VideoPlayer.Plot]</label>
					<font>font15_textbox</font>
					<autoscroll delay="6000" time="3000" repeat="6000">true</autoscroll>
					<visible>Skin.HasSetting(Enable.LiveTVFullPlot)</visible>
				</control>
				<!-- Plot only one line -->
				<control type="textbox">
					<width>1805</width>
					<height>50</height>
					<label>$INFO[VideoPlayer.Plot]</label>
					<font>font15_textbox</font>
					<autoscroll delay="6000" time="3000" repeat="6000">true</autoscroll>
					<visible>[IsEmpty(VideoPlayer.PlotOutline) | String.IsEqual(VideoPlayer.PlotOutline,N/A)] + !Skin.HasSetting(Enable.LiveTVFullPlot)</visible>
				</control>
			</control>
			<!-- NEXT playing on channel -->
			<control type="grouplist">
				<top>50</top>
				<left>57</left>
				<height>650</height>
				<width>1805</width>
				<itemgap>10</itemgap>
				<usecontrolcoords>true</usecontrolcoords>
				<orientation>vertical</orientation>
				<visible>!Skin.HasSetting(ToggleLiveTVNext)</visible>
				<control type="label">
					<height>30</height>
					<label>$INFO[VideoPlayer.ChannelName]</label>
					<font>font16</font>
					<textcolor>themecolor</textcolor>
				</control>
				<control type="grouplist">
					<width>1805</width>
					<height>50</height>
					<itemgap>50</itemgap>
					<orientation>horizontal</orientation>
					<control type="label">
						<width>auto</width>
						<height>50</height>
						<label>[B][COLOR themecolor]$LOCALIZE[19031]:[/COLOR] $INFO[VideoPlayer.NextTitle][/B]</label>
						<font>font48</font>
						<scroll>true</scroll>
					</control>
					<control type="label">
						<width>auto</width>
						<height>60</height>
						<label>[COLOR themecolor]$LOCALIZE[180]:[/COLOR] $INFO[VideoPlayer.NextDuration]</label>
						<font>font15</font>
						<scroll>true</scroll>
					</control>
				</control>
				<control type="label">
					<width>auto</width>
					<height>35</height>
					<label>[B]($INFO[VideoPlayer.NextPlotOutline])[/B]</label>
					<font>font14</font>
					<scroll>true</scroll>
					<visible>Skin.HasSetting(Enable.LiveTVFullPlot) + !String.IsEmpty(VideoPlayer.NextPlotOutline) + !String.IsEqual(VideoPlayer.PlotOutline,N/A)</visible>
				</control>
				<control type="image">
					<width>1809</width>
					<height>2</height>
					<texture>new_pvr/osd_line_white.png</texture>
					<colordiffuse>themecolor</colordiffuse>
				</control>
				<control type="label">
					<width>1000</width>
					<height>30</height>
					<label>$INFO[VideoPlayer.NextGenre,$LOCALIZE[515]: ]</label>
					<font>font13</font>
					<textcolor>grey</textcolor>
				</control>
				<control type="textbox">
					<width>1805</width>
					<height>174</height>
					<label>$INFO[VideoPlayer.NextPlotOutline]</label>
					<font>font15_textbox</font>
					<autoscroll delay="6000" time="3000" repeat="6000">true</autoscroll>
					<visible>!String.IsEmpty(VideoPlayer.NextPlotOutline) + !String.IsEqual(VideoPlayer.NextPlotOutline,N/A) + !Skin.HasSetting(Enable.LiveTVFullPlot)</visible>
				</control>
				<control type="textbox">
					<width>1805</width>
					<label>$INFO[VideoPlayer.NextPlot]</label>
					<height>774</height>
					<font>font15_textbox</font>
					<autoscroll delay="6000" time="3000" repeat="6000">true</autoscroll>
					<visible>Skin.HasSetting(Enable.LiveTVFullPlot)</visible>
				</control>
				<!-- NextPlot only one line -->
				<control type="textbox">
					<width>1805</width>
					<height>50</height>
					<label>$INFO[VideoPlayer.NextPlot]</label>
					<font>font15_textbox</font>
					<autoscroll delay="6000" time="3000" repeat="6000">true</autoscroll>
					<visible>[IsEmpty(VideoPlayer.NextPlotOutline) | String.IsEqual(VideoPlayer.NextPlotOutline,N/A)] + !Skin.HasSetting(Enable.LiveTVFullPlot)</visible>
				</control>
			</control>
		</control>
	</controls>
</window>
