<?xml version="1.0" encoding="UTF-8"?>
<window>
	<defaultcontrol always="true">9000</defaultcontrol>
	<coordinates>
		<system>1</system>
		<left>457</left>
		<top>240</top>
	</coordinates>
	<include>DialogOpenCloseAnimation</include>
	<controls>
		<control type="group">
			<visible>![Window.IsActive(gamestretchmode) | Window.IsActive(gamevideofilter) | Window.IsActive(gamevideorotation)]</visible>
			<control type="image">
				<left>57</left>
				<width>892</width>
				<height>600</height>
				<texture border="40">dialogs/default/bg.png</texture>
				<visible>Control.IsVisible(3) + ![Control.IsVisible(5) | Control.IsVisible(7)]</visible>
			</control>
			<control type="image">
				<left>-100</left>
				<width>1206</width>
				<height>600</height>
				<texture border="40">dialogs/default/bg.png</texture>
				<visible>[Control.IsVisible(5) | Control.IsVisible(7)] | Control.isVisible(6)</visible>
			</control>
			<control type="label" id="1">
				<left>30</left>
				<top>32</top>
				<width>940</width>
				<height>40</height>
				<font>font15_title</font>
				<label/>
				<align>center</align>
				<textcolor>dialogheader</textcolor>
			</control>
			<control type="group">
				<left>815</left>
				<top>86</top>
				<control type="image">
					<width>250</width>
					<height>250</height>
					<aspectratio aligny="top">keep</aspectratio>
					<texture>$INFO[Container(6).ListItem.Icon]</texture>
					<bordersize>1</bordersize>
					<visible>Control.IsVisible(6) + String.IsEmpty(Container(6).ListItem.Art(poster))</visible>
				</control>
				<control type="image">
					<width>250</width>
					<height>250</height>
					<aspectratio aligny="top">keep</aspectratio>
					<texture>$INFO[Container(6).ListItem.Art(poster)]</texture>
					<bordersize>1</bordersize>
					<visible>Control.IsVisible(6) + !String.IsEmpty(Container(6).ListItem.Art(poster))</visible>
				</control>
			</control>
			<control type="group" id="9000">
				<control type="list" id="3">
					<left>-68</left>
					<top>88</top>
					<width>830</width>
					<height>480</height>
					<onup>3</onup>
					<ondown>3</ondown>
					<onleft>5</onleft>
					<onright>60</onright>
					<pagecontrol>60</pagecontrol>
					<scrolltime tween="quadratic" easing="out">200</scrolltime>
					<animation effect="slide" start="0" end="157" time="0" tween="quadratic" condition="![Control.IsVisible(5) | Control.IsVisible(7)]">Conditional</animation>
					<itemlayout height="60" width="830">
						<control type="label">
							<width>830</width>
							<height>60</height>
							<textoffsetx>15</textoffsetx>
							<font>font14</font>
							<textcolor>grey2</textcolor>
							<selectedcolor>selected</selectedcolor>
							<label>$INFO[ListItem.Label]</label>
						</control>
						<control type="label">
							<width>830</width>
							<height>60</height>
							<textoffsetx>15</textoffsetx>
							<font>font14</font>
							<textcolor>grey2</textcolor>
							<selectedcolor>selected</selectedcolor>
							<align>right</align>
							<label>$INFO[ListItem.Label2]</label>
						</control>
					</itemlayout>
					<focusedlayout height="60" width="830">
						<control type="image">
							<width>830</width>
							<height>60</height>
							<texture border="5">listselect_fo.png</texture>
							<visible>Control.HasFocus(3)</visible>
							<include>VisibleFadeAnimation</include>
						</control>
						<control type="label">
							<width>830</width>
							<height>60</height>
							<textoffsetx>15</textoffsetx>
							<font>font14</font>
							<textcolor>white</textcolor>
							<selectedcolor>selected</selectedcolor>
							<scroll>true</scroll>
							<label>$INFO[ListItem.Label]</label>
							<animation effect="fade" start="100" end="70" time="300" tween="sine" easing="inout" condition="!Control.HasFocus(3)">Conditional</animation>
						</control>
						<control type="label">
							<width>830</width>
							<height>60</height>
							<textoffsetx>15</textoffsetx>
							<font>font14</font>
							<textcolor>white</textcolor>
							<selectedcolor>selected</selectedcolor>
							<align>right</align>
							<label>$INFO[ListItem.Label2]</label>
							<animation effect="fade" start="100" end="70" time="300" tween="sine" easing="inout" condition="!Control.HasFocus(3)">Conditional</animation>
						</control>
					</focusedlayout>
				</control>
				<control type="list" id="6">
					<left>-68</left>
					<top>88</top>
					<width>830</width>
					<height>480</height>
					<onup>6</onup>
					<ondown>6</ondown>
					<onleft>9001</onleft>
					<onright>60</onright>
					<pagecontrol>60</pagecontrol>
					<scrolltime tween="quadratic" easing="out">200</scrolltime>
					<itemlayout height="120" width="841">
						<control type="label">
							<width>830</width>
							<height>60</height>
							<font>font14</font>
							<textoffsetx>15</textoffsetx>
							<textcolor>grey2</textcolor>
							<selectedcolor>selected</selectedcolor>
							<label>[B]$INFO[ListItem.Label][/B]</label>
						</control>
						<control type="label">
							<width>830</width>
							<height>155</height>
							<font>font14</font>
							<textoffsetx>15</textoffsetx>
							<textcolor>grey2</textcolor>
							<selectedcolor>selected</selectedcolor>
							<align>left</align>
							<label>$VAR[DialogSelectLabel2Var]$INFO[ListItem.Label2, - ,]</label>
						</control>
					</itemlayout>
					<focusedlayout height="120" width="841">
						<control type="image">
							<left>1</left>
							<width>830</width>
							<height>120</height>
							<texture border="5">listselect_fo.png</texture>
							<visible>Control.HasFocus(6)</visible>
							<include>VisibleFadeAnimation</include>
						</control>
						<control type="label">
							<width>830</width>
							<height>60</height>
							<font>font14</font>
							<textoffsetx>15</textoffsetx>
							<textcolor>white</textcolor>
							<selectedcolor>selected</selectedcolor>
							<label>[B]$INFO[ListItem.Label][/B]</label>
							<animation effect="fade" start="100" end="70" time="300" tween="sine" easing="inout" condition="!Control.HasFocus(6)">Conditional</animation>
						</control>
						<control type="label">
							<width>830</width>
							<height>155</height>
							<font>font14</font>
							<textoffsetx>15</textoffsetx>
							<textcolor>white</textcolor>
							<selectedcolor>selected</selectedcolor>
							<align>left</align>
							<label>$VAR[DialogSelectLabel2Var]$INFO[ListItem.Label2, - ,]</label>
							<animation effect="fade" start="100" end="70" time="300" tween="sine" easing="inout" condition="!Control.HasFocus(6)">Conditional</animation>
						</control>
					</focusedlayout>
				</control>
			</control>
			<control type="grouplist" id="9001">
				<left>776</left>
				<top>400</top>
				<height>220</height>
				<onleft>60</onleft>
				<onright>3</onright>
				<ondown>9001</ondown>
				<onup>9001</onup>
				<itemgap>1</itemgap>
				<control type="button" id="5">
					<description>Manual button</description>
					<width>300</width>
					<label>186</label>
					<texturefocus border="5">button_fo.png</texturefocus>
				</control>
				<control type="button" id="8">
					<description>Add art type</description>
					<width>300</width>
					<label/>
					<texturefocus border="5">button_fo.png</texturefocus>
				</control>
				<control type="button" id="7">
					<description>Cancel button</description>
					<width>300</width>
					<label/>
					<texturefocus border="5">button_fo.png</texturefocus>
				</control>
			</control>
			<control type="scrollbar" id="60">
				<left>770</left>
				<top>88</top>
				<height>480</height>
				<width>14</width>
				<onleft>6</onleft>
				<onright>9001</onright>
				<ondown>60</ondown>
				<onup>60</onup>
				<showonepage>false</showonepage>
				<texturesliderbackground/>
				<texturesliderbar colordiffuse="55ffffff" border="4">scrollbar/texturesliderbar3.png</texturesliderbar>
				<texturesliderbarfocus border="4">scrollbar/texturesliderbar3.png</texturesliderbarfocus>
				<animation effect="slide" start="0" end="157" time="0" tween="quadratic" condition="Control.IsVisible(3) + ![Control.IsVisible(5) | Control.IsVisible(7)]">Conditional</animation>
			</control>
			<control type="label" id="4">
				<width>692</width>
				<height>600</height>
				<align>center</align>
				<font>font14</font>
			</control>
		</control>
		<control type="group">
			<visible>Window.IsActive(gamevideofilter) | Window.IsActive(gamestretchmode) | Window.IsActive(gamevideorotation)</visible>
			<control type="image">
				<left>-500</left>
				<top>322</top>
				<width>2020</width>
				<height>460</height>
				<texture>back.png</texture>
			</control>
			<control type="image">
				<animation effect="fade" end="85" time="0" condition="true">Conditional</animation>
				<left>-500</left>
				<top>322</top>
				<width>2020</width>
				<height>460</height>
				<texture>back.png</texture>
			</control>
			<control type="button">
				<description>background close area</description>
				<left>0</left>
				<top>0</top>
				<width>100%</width>
				<bottom>540</bottom>
				<texturefocus/>
				<texturenofocus/>
				<onclick>Action(close)</onclick>
			</control>
			<control type="group">
				<bottom>200</bottom>
				<height>540</height>
				<width>100%</width>
				<left>-457</left>
				<control type="panel" id="11">
					<scrolltime tween="sine">200</scrolltime>
					<orientation>horizontal</orientation>
					<itemlayout width="480" height="340">
						<control type="group">
							<left>18</left>
							<right>18</right>
							<top>5</top>
							<control type="image">
								<width>444</width>
								<height>350</height>
								<texture colordiffuse="ff000000">white.jpg</texture>
							</control>
							<control type="gamewindow">
								<width>444</width>
								<height>250</height>
								<videofilter>$INFO[ListItem.Property(game.videofilter)]</videofilter>
								<stretchmode>$INFO[ListItem.Property(game.stretchmode)]</stretchmode>
								<rotation>$INFO[ListItem.Property(game.videorotation)]</rotation>
							</control>
							<control type="label">
								<top>250</top>
								<width>444</width>
								<height>80</height>
								<label>$INFO[ListItem.Label][CR][COLOR grey]$INFO[ListItem.Label2][/COLOR]</label>
								<font>font13</font>
								<shadowcolor>black</shadowcolor>
								<align>center</align>
							</control>
							<control type="image">
								<animation effect="fade" end="80" time="0" condition="true">Conditional</animation>
								<width>444</width>
								<height>350</height>
								<texture colordiffuse="aa000000">white.jpg</texture>
								<visible>Control.HasFocus(11)</visible>
							</control>
						</control>
					</itemlayout>
					<focusedlayout width="480" height="340">
						<control type="group">
							<left>18</left>
							<right>18</right>
							<top>5</top>
							<control type="image">
								<width>444</width>
								<height>350</height>
								<texture colordiffuse="ff000000">white.jpg</texture>
							</control>
							<control type="gamewindow">
								<width>444</width>
								<height>250</height>
								<videofilter>$INFO[ListItem.Property(game.videofilter)]</videofilter>
								<stretchmode>$INFO[ListItem.Property(game.stretchmode)]</stretchmode>
								<rotation>$INFO[ListItem.Property(game.videorotation)]</rotation>
							</control>
							<control type="image">
								<top>-5</top>
								<animation effect="fade" end="80" time="0" condition="true">Conditional</animation>
								<width>444</width>
								<height>350</height>
								<texture border="40">dialogs/default/bg4.png</texture>
								<visible>Control.HasFocus(11)</visible>
							</control>
							<control type="label">
								<top>250</top>
								<width>444</width>
								<height>80</height>
								<label>$INFO[ListItem.Label][CR][COLOR grey]$INFO[ListItem.Label2][/COLOR]</label>
								<font>font13</font>
								<shadowcolor>black</shadowcolor>
								<align>center</align>
							</control>
						</control>
					</focusedlayout>
				</control>
				<control type="textbox" id="12">
					<description>Description Area</description>
					<top>370</top>
					<left>100</left>
					<width>1720</width>
					<height>200</height>
					<font>font13</font>
					<align>justify</align>
					<shadowcolor>black</shadowcolor>
					<autoscroll time="3000" delay="5000" repeat="5000">true</autoscroll>
				</control>
			</control>
		</control>
	</controls>
</window>