<?xml version="1.0" encoding="UTF-8"?>
<window>
	<defaultcontrol>3</defaultcontrol>
	<include>DialogOpenCloseAnimation</include>
	<controls>
		<control type="image">
			<description>background image</description>
			<top>70</top>
			<left>20</left>
			<width>1880</width>
			<height>920</height>
			<texture border="40">dialogs/default/bg.png</texture>
		</control>
		<control type="group">
			<centertop>50%</centertop>
			<centerleft>51%</centerleft>
			<width>1920</width>
			<height>870</height>
			<control type="label" id="2">
				<description>header label</description>
				<left>10</left>
				<top>1</top>
				<width>1900</width>
				<height>40</height>
				<textoffsetx>15</textoffsetx>
				<align>center</align>
				<shadowcolor>black</shadowcolor>
				<textcolor>dialogheader</textcolor>
				<font>font15_title</font>
				<label>$LOCALIZE[35058]</label>
			</control>
			<control type="group">
				<description>Controller list</description>
				<top>90</top>
				<left>30</left>
				<width>410</width>
				<height>630</height>
				<control type="label">
					<textcolor>themecolor</textcolor>
					<description>Controller profiles grouplist heading</description>
					<height>25</height>
					<right>20</right>
					<label>$LOCALIZE[35050]</label>
					<align>center</align>
					<aligny>center</aligny>
				</control>
				<control type="grouplist" id="3">
					<description>Controller profiles grouplist</description>
					<top>40</top>
					<right>20</right>
					<onleft>9001</onleft>
					<onright>5</onright>
					<onup>3</onup>
					<ondown>3</ondown>
					<pagecontrol>62</pagecontrol>
				</control>
				<control type="scrollbar" id="62">
					<top>40</top>
					<right>0</right>
					<width>12</width>
					<orientation>vertical</orientation>
				</control>
				<control type="button" id="10">
					<description>Default controller button</description>
					<width>390</width>
					<height>60</height>
					<align>center</align>
					<aligny>center</aligny>
					<texturenofocus/>
				</control>
			</control>
			<control type="gamecontroller" id="31">
				<top>160</top>
				<left>500</left>
				<width>500</width>
				<height>500</height>
			</control>
			<control type="group">
				<description>Feature list</description>
				<top>90</top>
				<left>1040</left>
				<width>410</width>
				<height>620</height>
				<control type="label">
					<description>Feature list heading</description>
					<height>25</height>
					<textcolor>themecolor</textcolor>
					<label>$LOCALIZE[35059]</label>
					<align>center</align>
					<aligny>center</aligny>
				</control>
				<control type="grouplist" id="5">
					<description>Features grouplist</description>
					<top>40</top>
					<right>20</right>
					<onleft>3</onleft>
					<onright>9001</onright>
					<onup>5</onup>
					<ondown>5</ondown>
					<pagecontrol>61</pagecontrol>
				</control>
				<control type="scrollbar" id="61">
					<right>0</right>
					<top>40</top>
					<width>12</width>
					<orientation>vertical</orientation>
				</control>
				<control type="button" id="7">
					<description>Default feature button</description>
					<width>390</width>
					<height>60</height>
					<left>20</left>
					<right>20</right>
					<align>center</align>
					<aligny>center</aligny>
					<texturenofocus/>
				</control>
				<control type="label" id="8">
					<description>Feature group title</description>
					<width>390</width>
					<height>40</height>
					<align>center</align>
					<aligny>center</aligny>
					<textcolor>themecolor</textcolor>
					<shadowcolor>black</shadowcolor>
				</control>
			</control>
			<control type="grouplist" id="9001">
				<top>110</top>
				<right>40</right>
				<width>300</width>
				<onleft>5</onleft>
				<onright>3</onright>
				<itemgap>0</itemgap>
				<control type="button" id="18">
					<width>280</width>
					<label>186</label>
				</control>
				<control type="button" id="19">
					<width>280</width>
					<label>13007</label>
				</control>
				<control type="button" id="20">
					<width>280</width>
					<label>21452</label>
				</control>
				<control type="button" id="22">
					<width>280</width>
					<label>35021</label>
				</control>
				<control type="button" id="17">
					<width>280</width>
					<label>10043</label>
				</control>
				<control type="button" id="21">
					<width>280</width>
					<label>35019</label>
				</control>
			</control>
			<control type="textbox" id="32">
				<description>Bottom controller description</description>
				<top>755</top>
				<height>140</height>
				<width>1740</width>
				<left>40</left>
				<textcolor>grey</textcolor>
			</control>
		</control>
	</controls>
</window>