<?xml version="1.0" encoding="UTF-8"?>
<window>
	<defaultcontrol always="true">9</defaultcontrol>
	<include>DialogOpenCloseAnimation</include>
	<controls>
		<control type="group">
			<centertop>50%</centertop>
			<height>750</height>
			<centerleft>49%</centerleft>
			<width>1720</width>
			<control type="image">
				<description>background image</description>
				<left>-25</left>
				<top>-30</top>
				<width>1820</width>
				<height>790</height>
				<texture border="40">dialogs/default/bg.png</texture>
			</control>
			<control type="label" id="2">
				<left>40</left>
				<top>0</top>
				<right>100</right>
				<height>70</height>
				<font>font15_title</font>
				<label>$LOCALIZE[19142]</label>
				<align>center</align>
				<aligny>center</aligny>
			</control>
			<control type="image">
				<left>30</left>
				<top>75</top>
				<width>1390</width>
				<height>60</height>
				<texture border="5">listselect_fo.png</texture>
				<visible>Control.HasFocus(9)</visible>
				<include>VisibleFadeAnimation</include>
			</control>
			<control type="edit" id="9">
				<onup>302</onup>
				<onleft>9000</onleft>
				<onright>9000</onright>
				<onup>24</onup>
				<ondown>10</ondown>
				<left>30</left>
				<top>55</top>
				<width>1560</width>
				<height>100</height>
				<font>font13_title</font>
				<textcolor>themecolor</textcolor>
				<shadowcolor>black</shadowcolor>
				<hinttext>$LOCALIZE[137]...</hinttext>
				<align>center</align>
				<aligny>center</aligny>
				<texturefocus/>
				<texturenofocus/>
			</control>
			<control type="textbox">
				<description>Search help</description>
				<left>65</left>
				<top>140</top>
				<width>1350</width>
				<height>73</height>
				<textcolor>grey</textcolor>
				<font>Font_plot</font>
				<align>center</align>
				<aligny>center</aligny>
				<label>$LOCALIZE[19001] $LOCALIZE[19002]</label>
			</control>
			<control type="grouplist" id="5000">
				<left>1</left>
				<top>230</top>
				<onright>6000</onright>
				<onleft>9000</onleft>
				<ondown>9</ondown>
				<onup>9</onup>
				<orientation>vertical</orientation>
				<control type="radiobutton" id="10">
					<description>Include Description</description>
					<width>710</width>
					<onright>12</onright>
					<label>$LOCALIZE[19134]</label>
				</control>
				<control type="radiobutton" id="11">
					<description>Case Sensitive</description>
					<width>710</width>
					<onright>13</onright>
					<label>$LOCALIZE[19135]</label>
				</control>
				<control type="edit" id="14">
					<description>Start Date</description>
					<width>710</width>
					<onright>16</onright>
					<label>$LOCALIZE[19128]</label>
				</control>
				<control type="edit" id="15">
					<description>Stop Date</description>
					<width>710</width>
					<onright>17</onright>
					<label>$LOCALIZE[19129]</label>
				</control>
				<control type="spincontrolex" id="18">
					<description>Genre</description>
					<width>710</width>
					<onright>19</onright>
					<label>$LOCALIZE[515]</label>
				</control>
				<control type="radiobutton" id="20">
					<description>Include unknown Genres</description>
					<width>710</width>
					<onright>21</onright>
					<label>$LOCALIZE[19132]</label>
				</control>
				<control type="radiobutton" id="22">
					<description>FTA only</description>
					<width>710</width>
					<onright>23</onright>
					<label>$LOCALIZE[19123]</label>
				</control>
				<control type="radiobutton" id="24">
					<description>Ignore Timers</description>
					<width>710</width>
					<onright>27</onright>
					<label>$LOCALIZE[19124]</label>
				</control>
			</control>
			<control type="grouplist" id="6000">
				<left>740</left>
				<top>230</top>
				<onright>9000</onright>
				<onleft>5000</onleft>
				<ondown>9</ondown>
				<onup>9</onup>
				<orientation>vertical</orientation>
				<control type="spincontrolex" id="12">
					<description>Min Duration</description>
					<width>710</width>
					<onleft>10</onleft>
					<label>$LOCALIZE[19130]</label>
				</control>
				<control type="spincontrolex" id="13">
					<description>Max Duration</description>
					<width>710</width>
					<onleft>11</onleft>
					<label>$LOCALIZE[19131]</label>
				</control>
				<control type="edit" id="16">
					<description>Start time</description>
					<width>710</width>
					<onleft>14</onleft>
					<label>$LOCALIZE[19126]</label>
				</control>
				<control type="edit" id="17">
					<description>Stop time</description>
					<width>710</width>
					<onleft>15</onleft>
					<label>$LOCALIZE[19127]</label>
				</control>
				<control type="radiobutton" id="19">
					<description>avoid repeats</description>
					<width>710</width>
					<onleft>18</onleft>
					<label>$LOCALIZE[19121]</label>
				</control>
				<control type="spincontrolex" id="21">
					<description>Groups</description>
					<width>710</width>
					<onleft>20</onleft>
					<label>$LOCALIZE[19141]</label>
				</control>
				<control type="spincontrolex" id="23">
					<description>Channels</description>
					<width>710</width>
					<onleft>22</onleft>
					<label>$LOCALIZE[19148]</label>
				</control>
				<control type="radiobutton" id="27">
					<description>Ignore Recordings</description>
					<width>710</width>
					<onleft>24</onleft>
					<label>$LOCALIZE[19125]</label>
				</control>
			</control>
			<control type="grouplist" id="9000">
				<top>80</top>
				<left>1465</left>
				<onup>9000</onup>
				<ondown>9000</ondown>
				<onleft>6000</onleft>
				<onright>5000</onright>
				<width>1320</width>
				<orientation>vertical</orientation>
				<control type="button" id="26">
					<width>310</width>
					<label>$LOCALIZE[137]</label>
				</control>
				<control type="button" id="28">
					<width>310</width>
					<label>$LOCALIZE[13007]</label>
				</control>
				<control type="button" id="25">
					<width>310</width>
					<label>$LOCALIZE[222]</label>
				</control>
			</control>
		</control>
	</controls>
</window>