<?xml version="1.0" encoding="UTF-8"?>
<includes>
	<include name="EpgTimelineStandard">
		<control type="image">
			<left>-30</left>
			<top>-30</top>
			<width>1980</width>
			<height>1140</height>
			<texture background="true">black.png</texture>
			<animation effect="fade" end="85" condition="true">Conditional</animation>
		</control>
		<control type="group">
			<description>TV Guide Timeline</description>
			<include>VisibleFadeAnimation</include>
			<include>WindowOpenCloseAnimation</include>
			<top>128</top>
			<control type="epggrid" id="68">
				<description>EPG Grid</description>
				<left>82</left>
				<top>32</top>
				<width>1750</width>
				<height>585</height>
				<pagecontrol>60</pagecontrol>
				<scrolltime tween="quadratic" easing="out">200</scrolltime>
				<timeblocks>20</timeblocks>
				<progresstexture border="0,20,18,14">new_pvr/PVR-EpgProgressIndicator.png</progresstexture>
				<rulerunit>6</rulerunit>
				<onleft>68</onleft>
				<onright>68</onright>
				<onback>SetProperty(MediaMenu,True,home)</onback>
				<onback>28</onback>
				<onup>SetProperty(MediaMenu,True,home)</onup>
				<onup>28</onup>
				<ondown>SetProperty(MediaMenu,True,home)</ondown>
				<ondown>28</ondown>
				<viewtype label="19032">list</viewtype>
				<rulerlayout height="45" width="60">
					<control type="label" id="2">
						<width>60</width>
						<height>45</height>
						<font>font13</font>
						<textcolor>labelheader</textcolor>
						<textoffsetx>5</textoffsetx>
						<selectedcolor>selected</selectedcolor>
						<label>$INFO[ListItem.Label]</label>
					</control>
				</rulerlayout>
				<channellayout height="60" width="440">
					<control type="label">
						<width>75</width>
						<height>60</height>
						<font>font15</font>
						<align>center</align>
						<textcolor>grey2</textcolor>
						<selectedcolor>selected</selectedcolor>
						<label>[B]$INFO[ListItem.ChannelNumberLabel][/B]</label>
					</control>
					<control type="label">
						<left>75</left>
						<width>370</width>
						<height>60</height>
						<font>font15</font>
						<textoffsetx>15</textoffsetx>
						<textcolor>grey2</textcolor>
						<selectedcolor>selected</selectedcolor>
						<label>$INFO[ListItem.ChannelName]</label>
						<visible>String.IsEmpty(ListItem.Icon) | String.IsEmpty(Skin.String(LiveTV.EpgViewChannels))</visible>
					</control>
					<control type="label">
						<left>153</left>
						<width>285</width>
						<height>60</height>
						<font>font15</font>
						<textoffsetx>15</textoffsetx>
						<textcolor>grey2</textcolor>
						<selectedcolor>selected</selectedcolor>
						<label>$INFO[ListItem.ChannelName]</label>
						<visible>String.IsEqual(Skin.String(LiveTV.EpgViewChannels),2) + !String.IsEmpty(ListItem.Icon)</visible>
					</control>
					<control type="image">
						<left>75</left>
						<top>2</top>
						<width>65</width>
						<height>56</height>
						<aspectratio align="left">keep</aspectratio>
						<fadetime>400</fadetime>
						<colordiffuse>grey2</colordiffuse>
						<texture background="true">$INFO[ListItem.Icon]</texture>
						<visible>String.IsEqual(Skin.String(LiveTV.EpgViewChannels),2) + !String.IsEmpty(ListItem.Icon)</visible>
					</control>
					<control type="image">
						<left>75</left>
						<top>9</top>
						<width>350</width>
						<height>42</height>
						<aspectratio align="center" aligny="center">keep</aspectratio>
						<texture colordiffuse="grey2" background="true">$INFO[ListItem.Icon]</texture>
						<visible>String.IsEqual(Skin.String(LiveTV.EpgViewChannels),1) + !String.IsEmpty(ListItem.Icon)</visible>
					</control>
				</channellayout>
				<focusedchannellayout height="60" width="440">
					<control type="image">
						<width>440</width>
						<height>60</height>
						<texture border="4">listselect_fo.png</texture>
					</control>
					<control type="label">
						<width>75</width>
						<height>60</height>
						<font>font15</font>
						<align>center</align>
						<selectedcolor>selected</selectedcolor>
						<label>[B]$INFO[ListItem.ChannelNumberLabel][/B]</label>
					</control>
					<control type="label" id="1">
						<left>75</left>
						<width>365</width>
						<height>60</height>
						<font>font15</font>
						<textoffsetx>15</textoffsetx>
						<selectedcolor>selected</selectedcolor>
						<label>$INFO[ListItem.ChannelName]</label>
						<visible>String.IsEmpty(Skin.String(LiveTV.EpgViewChannels)) | String.IsEmpty(ListItem.Icon)</visible>
					</control>
					<control type="label">
						<left>153</left>
						<width>285</width>
						<height>60</height>
						<font>font15</font>
						<textoffsetx>15</textoffsetx>
						<selectedcolor>selected</selectedcolor>
						<label>$INFO[ListItem.ChannelName]</label>
						<visible>String.IsEqual(Skin.String(LiveTV.EpgViewChannels),2) + !String.IsEmpty(ListItem.Icon)</visible>
					</control>
					<control type="image">
						<left>75</left>
						<top>2</top>
						<width>65</width>
						<height>56</height>
						<aspectratio align="left">keep</aspectratio>
						<fadetime>400</fadetime>
						<texture background="true">$INFO[ListItem.Icon]</texture>
						<visible>String.IsEqual(Skin.String(LiveTV.EpgViewChannels),2) + !String.IsEmpty(ListItem.Icon)</visible>
					</control>
					<control type="image">
						<left>75</left>
						<top>9</top>
						<width>350</width>
						<height>42</height>
						<aspectratio align="center" aligny="center">keep</aspectratio>
						<texture background="true">$INFO[ListItem.Icon]</texture>
						<visible>String.IsEqual(Skin.String(LiveTV.EpgViewChannels),1) + !String.IsEmpty(ListItem.Icon)</visible>
					</control>
				</focusedchannellayout>
				<itemlayout height="60" width="120">
					<control type="image" id="1">
						<width>120</width>
						<height>60</height>
						<aspectratio>stretch</aspectratio>
						<texture border="0" colordiffuse="33FFFFFF">new_pvr/epg-item.png</texture>
					</control>
					<control type="image" id="1">
						<width>120</width>
						<height>60</height>
						<aspectratio>stretch</aspectratio>
						<texture border="3">$INFO[ListItem.Property(GenreType),overlays/pvr/genres/,.png]</texture>
					</control>
					<control type="image" id="1">
						<width>120</width>
						<height>60</height>
						<aspectratio>stretch</aspectratio>
						<texture border="3">$INFO[ListItem.Property(GenreType),overlays/pvr/genres/,.png]</texture>
					</control>
					<control type="image" id="2">
						<width>120</width>
						<height>60</height>
						<aspectratio>stretch</aspectratio>
						<texture border="3" fallback="overlays/pvr/genres/0.png">overlays/pvr/genres/$INFO[ListItem.Genre].png</texture>
						<visible>!Control.IsVisible(1)</visible>
					</control>
					<control type="image" id="2">
						<width>120</width>
						<height>60</height>
						<aspectratio>stretch</aspectratio>
						<texture border="3" fallback="overlays/pvr/genres/0.png">overlays/pvr/genres/$INFO[ListItem.Genre].png</texture>
						<visible>!Control.IsVisible(1)</visible>
					</control>
					<control type="image">
						<left>6</left>
						<top>38</top>
						<width>16</width>
						<height>16</height>
						<texture>$VAR[PVRTimerIcon]</texture>
					</control>
					<control type="image">
						<visible>ListItem.IsNew | ListItem.IsPremiere | ListItem.IsFinale | ListItem.IsLive</visible>
						<left>30</left>
						<top>38</top>
						<width>16</width>
						<height>16</height>
						<aspectratio>keep</aspectratio>
						<texture>new_pvr/premiere.png</texture>
					</control>
					<control type="label" id="1">
						<top>-12</top>
						<width>120</width>
						<height>60</height>
						<font>font15</font>
						<textoffsetx>15</textoffsetx>
						<textcolor>grey2</textcolor>
						<selectedcolor>selected</selectedcolor>
						<label>$INFO[ListItem.Label]</label>
					</control>
				</itemlayout>
				<focusedlayout height="60" width="120">
					<control type="image" id="14">
						<texture border="4">listselect_fo.png</texture>
					</control>
					<control type="image">
						<left>6</left>
						<top>38</top>
						<width>16</width>
						<height>16</height>
						<texture>$VAR[PVRTimerIcon]</texture>
					</control>
					<control type="image">
						<visible>ListItem.IsNew | ListItem.IsPremiere | ListItem.IsFinale | ListItem.IsLive</visible>
						<left>30</left>
						<top>38</top>
						<width>16</width>
						<height>16</height>
						<aspectratio>keep</aspectratio>
						<texture>new_pvr/premiere.png</texture>
					</control>
					<control type="label" id="1">
						<top>-12</top>
						<width>120</width>
						<height>60</height>
						<font>font15</font>
						<textoffsetx>15</textoffsetx>
						<selectedcolor>selected</selectedcolor>
						<label>$INFO[ListItem.Label]</label>
					</control>
				</focusedlayout>
			</control>
			<control type="scrollbar" id="60">
				<include>ScrollBar_Vertical</include>
				<left>1838</left>
				<top>72</top>
				<height>550</height>
			</control>
			<control type="group">
				<visible>Control.IsVisible(68) + !String.IsEmpty(ListItem.Icon)</visible>
				<left>83</left>
				<top>617</top>
				<control type="image">
					<left>110</left>
					<top>30</top>
					<width>200</width>
					<height>200</height>
					<aspectratio>keep</aspectratio>
					<fadetime>400</fadetime>
					<texture>$INFO[ListItem.Icon]</texture>
				</control>
			</control>
			<control type="group">
				<visible>Control.IsVisible(68)</visible>
				<left>512</left>
				<top>627</top>
				<control type="label">
					<top>15</top>
					<width>1316</width>
					<height>30</height>
					<font>font14</font>
					<textcolor>grey2</textcolor>
					<textoffsetx>15</textoffsetx>
					<label>[COLOR labelheader]$INFO[ListItem.StartTime]$INFO[ListItem.EndTime, - , ][/COLOR][B][COLOR white]  $INFO[ListItem.Title]  [/COLOR][/B]  $INFO[ListItem.Duration,[COLOR labelheader]$LOCALIZE[180]:[/COLOR] ,]</label>
				</control>
				<control type="textbox" id="81">
					<label>[COLOR grey2]$INFO[ListItem.Genre,[COLOR labelheader]$LOCALIZE[515]:[/COLOR] , - ][/COLOR]$INFO[ListItem.Plot]</label>
					<left>15</left>
					<top>60</top>
					<width>1286</width>
					<height>175</height>
					<font>font14_textbox2</font>
					<autoscroll time="3000" delay="4000" repeat="5000">Skin.HasSetting(Enable.AutoScroll) + !Control.HasFocus(63)</autoscroll>
					<visible>![String.StartsWith(ListItem.PlotOutline,"http://") | String.StartsWith(ListItem.PlotOutline,"https://")]</visible>
				</control>
				<control type="textbox">
					<left>15</left>
					<top>60</top>
					<width>1000</width>
					<height>175</height>
					<font>font14_textbox2</font>
					<label>$INFO[ListItem.Plot]</label>
					<autoscroll time="3000" delay="4000" repeat="5000">Skin.HasSetting(Enable.AutoScroll) + !Control.HasFocus(63)</autoscroll>
					<visible>String.StartsWith(ListItem.PlotOutline,"http://") | String.StartsWith(ListItem.PlotOutline,"https://")</visible>
				</control>
				<control type="image">
					<left>1020</left>
					<top>5</top>
					<width>300</width>
					<height>220</height>
					<align>center</align>
					<aspectratio>keep</aspectratio>
					<texture>$INFO[ListItem.PlotOutline]</texture>
					<visible>String.StartsWith(ListItem.PlotOutline,"http://") | String.StartsWith(ListItem.PlotOutline,"https://")</visible>
				</control>
			</control>
		</control>
	</include>
	<include name="EpgTimelineMinified">
		<control type="group">
			<description>TV Guide Timeline</description>
			<animation condition="Skin.HasSetting(alternatetvosd)" effect="fade" start="0" end="100" time="300" easing="out">WindowOpen</animation>
			<top>750</top>
			<control type="image">
				<left>-30</left>
				<top>-780</top>
				<width>1980</width>
				<height>785</height>
				<texture background="true">black.png</texture>
				<animation effect="fade" end="55" condition="true">Conditional</animation>
				<visible>!Player.HasVideo</visible>
			</control>
			<control type="image">
				<left>-40</left>
				<width>2000</width>
				<height>350</height>
				<texture colordiffuse="BFFFFFFF" border="35">dialogs/default/bg2.png</texture>
			</control>
			<control type="epggrid" id="68">
				<description>EPG Grid</description>
				<left>390</left>
				<top>8</top>
				<width>1510</width>
				<height>320</height>
				<pagecontrol>76</pagecontrol>
				<scrolltime tween="quadratic" easing="out">200</scrolltime>
				<timeblocks>20</timeblocks>
				<progresstexture border="0,70,18,14">new_pvr/PVR-EpgProgressIndicator_mini_2.png</progresstexture>
				<rulerunit>6</rulerunit>
				<onleft>68</onleft>
				<onright>68</onright>
				<onup>SetProperty(MediaMenu,True,home)</onup>
				<onup>28</onup>
				<ondown>SetProperty(MediaMenu,True,home)</ondown>
				<ondown>28</ondown>
				<onback>SetProperty(MediaMenu,True,home)</onback>
				<onback>28</onback>
				<viewtype label="19032">list</viewtype>
				<rulerlayout height="45" width="40">
					<control type="label" id="2">
						<width>40</width>
						<height>45</height>
						<top>5</top>
						<font>font11</font>
						<textcolor>labelheader</textcolor>
						<textoffsetx>0</textoffsetx>
						<selectedcolor>selected</selectedcolor>
						<label>$INFO[ListItem.Label]</label>
					</control>
				</rulerlayout>
				<channellayout height="55" width="400">
					<control type="image">
						<top>0</top>
						<width>400</width>
						<height>55</height>
						<texture border="0" colordiffuse="33FFFFFF">new_pvr/epg-channels.png</texture>
					</control>
					<control type="label">
						<width>60</width>
						<height>55</height>
						<font>font14</font>
						<textoffsetx>5</textoffsetx>
						<textcolor>grey2</textcolor>
						<selectedcolor>selected</selectedcolor>
						<label>$INFO[ListItem.ChannelNumberLabel]</label>
					</control>
					<control type="label">
						<left>50</left>
						<width>330</width>
						<height>55</height>
						<font>font14</font>
						<textoffsetx>5</textoffsetx>
						<selectedcolor>selected</selectedcolor>
						<textcolor>grey2</textcolor>
						<label>$INFO[ListItem.ChannelName]</label>
						<visible>String.IsEmpty(Skin.String(LiveTV.EpgViewChannels)) | String.IsEmpty(ListItem.Icon)</visible>
					</control>
					<control type="label">
						<left>50</left>
						<width>250</width>
						<height>55</height>
						<font>font14</font>
						<textoffsetx>5</textoffsetx>
						<textcolor>grey2</textcolor>
						<selectedcolor>selected</selectedcolor>
						<label>$INFO[ListItem.ChannelName]</label>
						<visible>String.IsEqual(Skin.String(LiveTV.EpgViewChannels),2) + !String.IsEmpty(ListItem.Icon)</visible>
					</control>
					<control type="image">
						<left>310</left>
						<top>2</top>
						<width>65</width>
						<height>52</height>
						<aspectratio align="center">keep</aspectratio>
						<texture colordiffuse="grey2" background="true">$INFO[ListItem.Icon]</texture>
						<visible>String.IsEqual(Skin.String(LiveTV.EpgViewChannels),2) + !String.IsEmpty(ListItem.Icon)</visible>
					</control>
					<control type="image">
						<left>50</left>
						<top>8</top>
						<width>330</width>
						<height>40</height>
						<aspectratio align="center" aligny="center">keep</aspectratio>
						<texture colordiffuse="grey2" background="true">$INFO[ListItem.Icon]</texture>
						<visible>String.IsEqual(Skin.String(LiveTV.EpgViewChannels),1) + !String.IsEmpty(ListItem.Icon)</visible>
					</control>
				</channellayout>
				<focusedchannellayout height="55" width="400">
					<control type="image">
						<width>395</width>
						<height>55</height>
						<texture border="4">listselect_fo.png</texture>
					</control>
					<control type="label">
						<width>60</width>
						<height>55</height>
						<font>font14</font>
						<textoffsetx>5</textoffsetx>
						<selectedcolor>selected</selectedcolor>
						<label>$INFO[ListItem.ChannelNumberLabel]</label>
					</control>
					<control type="label">
						<left>50</left>
						<width>330</width>
						<height>55</height>
						<font>font14</font>
						<textoffsetx>5</textoffsetx>
						<selectedcolor>selected</selectedcolor>
						<label>$INFO[ListItem.ChannelName]</label>
						<visible>String.IsEmpty(Skin.String(LiveTV.EpgViewChannels)) | String.IsEmpty(ListItem.Icon)</visible>
					</control>
					<control type="label">
						<left>50</left>
						<width>250</width>
						<height>55</height>
						<font>font14</font>
						<textoffsetx>5</textoffsetx>
						<selectedcolor>selected</selectedcolor>
						<label>$INFO[ListItem.ChannelName]</label>
						<visible>String.IsEqual(Skin.String(LiveTV.EpgViewChannels),2) + !String.IsEmpty(ListItem.Icon)</visible>
					</control>
					<control type="image">
						<left>310</left>
						<top>2</top>
						<width>65</width>
						<height>52</height>
						<aspectratio align="center">keep</aspectratio>
						<texture background="true">$INFO[ListItem.Icon]</texture>
						<visible>String.IsEqual(Skin.String(LiveTV.EpgViewChannels),2) + !String.IsEmpty(ListItem.Icon)</visible>
					</control>
					<control type="image">
						<left>50</left>
						<top>8</top>
						<width>330</width>
						<height>40</height>
						<aspectratio align="center" aligny="center">keep</aspectratio>
						<texture background="true">$INFO[ListItem.Icon]</texture>
						<visible>String.IsEqual(Skin.String(LiveTV.EpgViewChannels),1) + !String.IsEmpty(ListItem.Icon)</visible>
					</control>
				</focusedchannellayout>
				<itemlayout height="55" width="120">
					<control type="image" id="1">
						<width>120</width>
						<height>55</height>
						<aspectratio>stretch</aspectratio>
						<texture border="0" colordiffuse="33FFFFFF">new_pvr/epg-item.png</texture>
					</control>
					<control type="image" id="1">
						<width>120</width>
						<height>55</height>
						<aspectratio>stretch</aspectratio>
						<texture border="3">$INFO[ListItem.Property(GenreType),overlays/pvr/genres/,.png]</texture>
					</control>
					<control type="image" id="1">
						<width>120</width>
						<height>55</height>
						<aspectratio>stretch</aspectratio>
						<texture border="3">$INFO[ListItem.Property(GenreType),overlays/pvr/genres/,.png]</texture>
					</control>
					<control type="image" id="2">
						<width>120</width>
						<height>55</height>
						<aspectratio>stretch</aspectratio>
						<texture border="3" fallback="overlays/pvr/genres/0.png">overlays/pvr/genres/$INFO[ListItem.Genre].png</texture>
						<visible>!Control.IsVisible(1)</visible>
					</control>
					<control type="image" id="2">
						<width>120</width>
						<height>55</height>
						<aspectratio>stretch</aspectratio>
						<texture border="3" fallback="overlays/pvr/genres/0.png">overlays/pvr/genres/$INFO[ListItem.Genre].png</texture>
						<visible>!Control.IsVisible(1)</visible>
					</control>
					<control type="image">
						<left>6</left>
						<top>34</top>
						<width>16</width>
						<height>16</height>
						<texture>$VAR[PVRTimerIcon]</texture>
					</control>
					<control type="image">
						<visible>ListItem.IsNew | ListItem.IsPremiere | ListItem.IsFinale | ListItem.IsLive</visible>
						<left>30</left>
						<top>34</top>
						<width>16</width>
						<height>16</height>
						<aspectratio>keep</aspectratio>
						<texture>new_pvr/premiere.png</texture>
					</control>
					<control type="label" id="1">
						<top>-12</top>
						<width>120</width>
						<height>55</height>
						<font>font14</font>
						<textoffsetx>15</textoffsetx>
						<textcolor>grey2</textcolor>
						<selectedcolor>selected</selectedcolor>
						<label>$INFO[ListItem.Label]</label>
					</control>
				</itemlayout>
				<focusedlayout height="55" width="120">
					<control type="image" id="14">
						<texture border="4">listselect_fo.png</texture>
					</control>
					<control type="image">
						<left>6</left>
						<top>34</top>
						<width>16</width>
						<height>16</height>
						<texture>$VAR[PVRTimerIcon]</texture>
					</control>
					<control type="image">
						<visible>ListItem.IsNew | ListItem.IsPremiere | ListItem.IsFinale | ListItem.IsLive</visible>
						<left>30</left>
						<top>34</top>
						<width>16</width>
						<height>16</height>
						<aspectratio>keep</aspectratio>
						<texture>new_pvr/premiere.png</texture>
					</control>
					<control type="label" id="1">
						<top>-12</top>
						<width>120</width>
						<height>55</height>
						<font>font14</font>
						<textoffsetx>15</textoffsetx>
						<selectedcolor>selected</selectedcolor>
						<label>$INFO[ListItem.Label]</label>
					</control>
				</focusedlayout>
			</control>
			<control type="scrollbar" id="76">
				<include>ScrollBar_Vertical</include>
				<width>12</width>
				<left>1892</left>
				<top>46</top>
				<height>288</height>
			</control>
			<control type="group">
				<left>15</left>
				<top>25</top>
				<control type="label">
					<width>360</width>
					<height>30</height>
					<font>font13</font>
					<textcolor>white</textcolor>
					<scroll>true</scroll>
					<scrollspeed>50</scrollspeed>
					<scrollsuffix> - </scrollsuffix>
					<label>$INFO[ListItem.Title]</label>
				</control>
				<control type="label">
					<top>35</top>
					<width>360</width>
					<height>30</height>
					<font>font11</font>
					<scroll>true</scroll>
					<scrollspeed>50</scrollspeed>
					<scrollsuffix> - </scrollsuffix>
					<textcolor>labelheader</textcolor>
					<label>$INFO[ListItem.Genre]    $INFO[ListItem.StartTime]$INFO[ListItem.EndTime, - ,]</label>
				</control>
				<control type="textbox" id="81">
					<top>73</top>
					<width>360</width>
					<height>223</height>
					<font>font13b</font>
					<textcolor>grey</textcolor>
					<autoscroll time="3000" delay="4000" repeat="5000">true</autoscroll>
					<label>$INFO[ListItem.Plot]</label>
				</control>
			</control>
		</control>
	</include>
	<include name="ChannelOSDExtended">
		<left>60</left>
		<top>45</top>
		<control type="image">
			<width>1800</width>
			<height>1000</height>
			<texture border="40,100,40,100" colordiffuse="F2FFFFFF">dialog_back.png</texture>
		</control>
		<control type="label">
			<left>100</left>
			<top>28</top>
			<width>690</width>
			<height>30</height>
			<font>font13</font>
			<label>$LOCALIZE[19023] - $INFO[VideoPlayer.ChannelGroup]</label>
		</control>
		<control type="label">
			<top>30</top>
			<left>1200</left>
			<height>30</height>
			<width>550</width>
			<font>font13</font>
			<align>right</align>
			<label>$INFO[System.Date(DDD)], $INFO[System.Date(dd.mm.yyyy)] - $INFO[System.Time(hh:mm xx)]</label>
		</control>
		<control type="image">
			<left>60</left>
			<top>33</top>
			<width>24</width>
			<height>24</height>
			<aspectratio>keep</aspectratio>
			<texture colordiffuse="white">arrowright.png</texture>
		</control>
		<control type="image">
			<left>40</left>
			<top>33</top>
			<width>24</width>
			<height>24</height>
			<aspectratio>keep</aspectratio>
			<texture flipx="true" colordiffuse="white">arrowright.png</texture>
		</control>
		<control type="group">
			<left>30</left>
			<top>72</top>
			<control type="list" id="11">
				<width>970</width>
				<height>855</height>
				<onleft>PreviousChannelGroup</onleft>
				<onright>NextChannelGroup</onright>
				<onup>11</onup>
				<ondown>11</ondown>
				<pagecontrol>80</pagecontrol>
				<scrolltime tween="quadratic">200</scrolltime>
				<itemlayout height="61" width="970">
					<control type="label">
						<width>55</width>
						<height>61</height>
						<align>right</align>
						<textcolor>white</textcolor>
						<selectedcolor>themecolor</selectedcolor>
						<font>font14_textbox</font>
						<label>[B]$INFO[ListItem.ChannelNumberLabel][/B]</label>
					</control>
					<control type="progress">
						<left>70</left>
						<top>25</top>
						<width>80</width>
						<height>12</height>
						<info>ListItem.Progress</info>
						<visible>!String.IsEqual(ListItem.Title,)</visible>
						<midtexture colordiffuse="themecolor">new_pvr/texturebg_white.png</midtexture>
						<texturebg border="3,0,3,0" colordiffuse="themecolor">new_pvr/texturebg_border_white.png</texturebg>
					</control>
					<control type="label">
						<left>165</left>
						<textcolor>themecolor</textcolor>
						<selectedcolor>themecolor</selectedcolor>
						<font>font14_textbox</font>
						<width>670</width>
						<height>61</height>
						<label>[B][COLOR white]$INFO[ListItem.Label][/COLOR][/B] $INFO[ListItem.Title, ]</label>
					</control>
					<control type="image">
						<left>850</left>
						<top>15</top>
						<width>30</width>
						<height>30</height>
						<texture>$VAR[PVRStatusImageVar]</texture>
					</control>
					<control type="image">
						<visible>true</visible>
						<left>880</left>
						<top>5</top>
						<width>80</width>
						<height>50</height>
						<aspectratio>keep</aspectratio>
						<texture>$INFO[ListItem.Icon]</texture>
					</control>
				</itemlayout>
				<focusedlayout height="61" width="970">
					<control type="image">
						<left>1</left>
						<width>970</width>
						<height>61</height>
						<texture border="4">new_pvr/listselect_fo.png</texture>
						<colordiffuse>themecolor</colordiffuse>
					</control>
					<control type="label">
						<width>55</width>
						<height>61</height>
						<align>right</align>
						<textcolor>white</textcolor>
						<selectedcolor>white</selectedcolor>
						<font>font14_textbox</font>
						<label>[B]$INFO[ListItem.ChannelNumberLabel][/B]</label>
					</control>
					<control type="progress">
						<left>70</left>
						<top>25</top>
						<width>80</width>
						<height>12</height>
						<info>ListItem.Progress</info>
						<visible>!String.IsEqual(ListItem.Title,)</visible>
						<midtexture>new_pvr/texturebg_white.png</midtexture>
						<texturebg border="3,0,3,0">new_pvr/texturebg_border_white.png</texturebg>
					</control>
					<control type="label">
						<left>165</left>
						<textcolor>white</textcolor>
						<selectedcolor>white</selectedcolor>
						<font>font14_textbox</font>
						<width>670</width>
						<height>61</height>
						<label>[B]$INFO[ListItem.Label][/B] $INFO[ListItem.Title, ]</label>
					</control>
					<control type="image">
						<left>850</left>
						<top>15</top>
						<width>30</width>
						<height>30</height>
						<texture>$VAR[PVRStatusImageVar]</texture>
					</control>
					<control type="image">
						<visible>true</visible>
						<left>880</left>
						<top>5</top>
						<width>80</width>
						<height>50</height>
						<aspectratio>keep</aspectratio>
						<texture>$INFO[ListItem.Icon]</texture>
					</control>
				</focusedlayout>
			</control>
		</control>
		<control type="group">
			<left>1040</left>
			<top>72</top>
			<control type="group">
				<height>890</height>
				<visible>true</visible>
				<control type="label">
					<top>20</top>
					<height>40</height>
					<width>460</width>
					<font>font52_bold</font>
					<textcolor>themecolor</textcolor>
					<label>$INFO[Container(11).ListItem.Label]</label>
				</control>
				<control type="image">
					<top>80</top>
					<left>5</left>
					<height>100</height>
					<width>160</width>
					<texture fallback="new_pvr/tv.png">$INFO[Container(11).ListItem.Icon]</texture>
					<aspectratio>keep</aspectratio>
				</control>
				<control type="group">
					<top>100</top>
					<left>230</left>
					<height>70</height>
					<control type="label">
						<top>18</top>
						<height>50</height>
						<width>460</width>
						<font>font28_bold</font>
						<textcolor>grey</textcolor>
						<label>$INFO[Container(11).ListItem.StartTime] - $INFO[Container(11).ListItem.EndTime]</label>
					</control>
					<control type="progress">
						<width>460</width>
						<height>16</height>
						<info>Container(11).ListItem.Progress</info>
						<midtexture border="2" colordiffuse="themecolor">new_pvr/texturebg_white.png</midtexture>
						<texturebg border="3,0,3,0" colordiffuse="themecolor">new_pvr/texturebg_border_white.png</texturebg>
					</control>
				</control>
				<control type="label">
					<top>200</top>
					<height>80</height>
					<width>720</width>
					<font>font16</font>
					<aligny>top</aligny>
					<textcolor>themecolor</textcolor>
					<label>$INFO[Container(11).ListItem.Title]</label>
					<wrapmultiline>true</wrapmultiline>
				</control>
				<control type="group">
					<top>280</top>
					<control type="textbox">
						<!-- Plot wide (if no poster) -->
						<width>700</width>
						<height>433</height>
						<font>font14_textbox</font>
						<textcolor>grey</textcolor>
						<label>$INFO[Container(11).ListItem.Plot]</label>
						<autoscroll delay="8000" time="2000" repeat="10000">true</autoscroll>
						<visible>!Control.IsVisible(55)</visible>
					</control>
					<control type="image" id="55">
						<!-- Show\Movie poster -->
						<left>515</left>
						<width>200</width>
						<height>300</height>
						<align>center</align>
						<aspectratio>keep</aspectratio>
						<texture>$INFO[Container(11).ListItem.PlotOutline]</texture>
						<visible>String.StartsWith(Container(11).ListItem.PlotOutline,"http://") | String.StartsWith(Container(11).ListItem.PlotOutline,"https://")</visible>
					</control>
				</control>
				<!-- Genre label -->
				<control type="label">
					<top>725</top>
					<height>40</height>
					<width>715</width>
					<font>font13</font>
					<textcolor>grey</textcolor>
					<label>$LOCALIZE[515]: [COLOR themecolor]$INFO[Container(11).ListItem.Genre][/COLOR]</label>
				</control>
				<control type="image">
					<top>768</top>
					<width>715</width>
					<height>2</height>
					<texture>new_pvr/osd_line_white.png</texture>
					<colordiffuse>grey3</colordiffuse>
				</control>
				<control type="label">
					<top>778</top>
					<height>30</height>
					<width>700</width>
					<font>font13</font>
					<textcolor>grey</textcolor>
					<label>$LOCALIZE[19031]: [COLOR themecolor]$INFO[Container(11).ListItem.NextTitle][/COLOR]</label>
				</control>
				<control type="label">
					<visible>!String.IsEqual(Container(11).ListItem.NextTitle,)</visible>
					<top>815</top>
					<height>30</height>
					<width>520</width>
					<font>font13</font>
					<textcolor>grey</textcolor>
					<label>$INFO[Container(11).ListItem.NextStartTime] - $INFO[Container(11).ListItem.NextEndTime]</label>
				</control>
			</control>
		</control>
		<control type="scrollbar" id="80">
			<left>1005</left>
			<top>72</top>
			<width>15</width>
			<height>855</height>
			<texturesliderbackground/>
			<texturesliderbar colordiffuse="55ffffff" border="1">scrollbar/texturesliderbar2.png</texturesliderbar>
			<showonepage>false</showonepage>
			<orientation>vertical</orientation>
		</control>
		<control type="grouplist">
			<left>1350</left>
			<top>938</top>
			<width>400</width>
			<align>right</align>
			<orientation>horizontal</orientation>
			<itemgap>0</itemgap>
			<control type="label">
				<align>left</align>
				<width min="20" max="200">auto</width>
				<height>40</height>
				<textcolor>grey2</textcolor>
				<shadowcolor>black</shadowcolor>
				<font>fontDiscog</font>
				<label>$INFO[Container(11).CurrentItem]</label>
			</control>
			<control type="label">
				<align>left</align>
				<width min="20" max="200">auto</width>
				<height>52</height>
				<textcolor>grey2</textcolor>
				<shadowcolor>black</shadowcolor>
				<font>Font_bro</font>
				<label>/$INFO[Container(11).NumItems]</label>
			</control>
		</control>
	</include>
	<include name="ChannelOSDStandard">
		<control type="image">
			<left>-30</left>
			<top>-30</top>
			<width>868</width>
			<height>1277</height>
			<texture background="true">black.png</texture>
			<animation effect="fade" end="80" condition="true">Conditional</animation>
		</control>
		<control type="list" id="11">
			<visible>!Skin.HasSetting(alternatetvosd)</visible>
			<width>821</width>
			<height>1080</height>
			<onleft>PreviousChannelGroup</onleft>
			<onright>NextChannelGroup</onright>
			<onup>11</onup>
			<ondown>11</ondown>
			<viewtype label="535">list</viewtype>
			<pagecontrol>60</pagecontrol>
			<scrolltime tween="quadratic" easing="out">200</scrolltime>
			<itemlayout height="108" width="821">
				<control type="label">
					<width>120</width>
					<height>85</height>
					<font>font45caps_title</font>
					<textcolor>grey2</textcolor>
					<selectedcolor>selected</selectedcolor>
					<align>center</align>
					<label>[B]$INFO[ListItem.ChannelNumberLabel][/B]</label>
				</control>
				<control type="label">
					<left>130</left>
					<width>530</width>
					<height>60</height>
					<font>font30</font>
					<textcolor>grey2</textcolor>
					<selectedcolor>selected</selectedcolor>
					<label>$INFO[ListItem.Label]</label>
				</control>
				<control type="label">
					<left>130</left>
					<top>50</top>
					<width>530</width>
					<height>60</height>
					<font>font15</font>
					<textcolor>grey3</textcolor>
					<selectedcolor>grey3</selectedcolor>
					<label>$INFO[ListItem.Title]</label>
				</control>
				<control type="progress">
					<description>Progressbar</description>
					<left>10</left>
					<top>84</top>
					<width>100</width>
					<height>10</height>
					<colordiffuse>88FFFFFF</colordiffuse>
					<visible>ListItem.HasEpg</visible>
					<info>ListItem.Progress</info>
					<midtexture colordiffuse="themecolor">new_pvr/texturebg_white.png</midtexture>
					<texturebg border="3,1,3,1" colordiffuse="themecolor">new_pvr/texturebg_border_white.png</texturebg>
				</control>
				<control type="image">
					<left>681</left>
					<top>8</top>
					<width>105</width>
					<height>90</height>
					<aspectratio>keep</aspectratio>
					<texture background="true">$INFO[ListItem.Icon]</texture>
					<fadetime>IconCrossfadeTime</fadetime>
					<animation effect="slide" start="0" end="-20" time="100" tween="sine" easing="in" condition="ListItem.IsRecording">Conditional</animation>
				</control>
				<control type="label">
					<left>828</left>
					<top>45</top>
					<width>120</width>
					<height>30</height>
					<font>IconSmall</font>
					<textoffsetx>15</textoffsetx>
					<textcolor>grey2</textcolor>
					<align>right</align>
					<selectedcolor>selected</selectedcolor>
					<label>?</label>
					<visible>ListItem.IsRecording</visible>
				</control>
			</itemlayout>
			<focusedlayout height="108" width="821">
				<control type="image">
					<width>821</width>
					<height>108</height>
					<texture border="4">listselect_fo.png</texture>
					<visible>Control.HasFocus(11)</visible>
					<include>VisibleFadeAnimation</include>
				</control>
				<control type="label">
					<width>120</width>
					<height>85</height>
					<font>font45caps_title</font>
					<selectedcolor>white</selectedcolor>
					<align>center</align>
					<label>[B]$INFO[ListItem.ChannelNumberLabel][/B]</label>
				</control>
				<control type="label">
					<left>130</left>
					<width>530</width>
					<height>60</height>
					<font>font30</font>
					<selectedcolor>white</selectedcolor>
					<label>$INFO[ListItem.Label]</label>
					<animation effect="fade" start="100" end="70" time="300" tween="sine" easing="inout" condition="!Control.HasFocus(11)">Conditional</animation>
				</control>
				<control type="label">
					<left>130</left>
					<top>50</top>
					<width>530</width>
					<height>60</height>
					<font>font15</font>
					<selectedcolor>white</selectedcolor>
					<label>$INFO[ListItem.Title]</label>
					<animation effect="fade" start="100" end="30" time="300" tween="sine" easing="inout" condition="!Control.HasFocus(11)">Conditional</animation>
				</control>
				<control type="progress">
					<description>Progressbar</description>
					<left>10</left>
					<top>84</top>
					<width>100</width>
					<height>10</height>
					<colordiffuse>88FFFFFF</colordiffuse>
					<visible>ListItem.HasEpg</visible>
					<info>ListItem.Progress</info>
					<midtexture colordiffuse="themecolor">new_pvr/texturebg_white.png</midtexture>
					<texturebg border="3,1,3,1" colordiffuse="themecolor">new_pvr/texturebg_border_white.png</texturebg>
				</control>
				<control type="image">
					<left>681</left>
					<top>8</top>
					<width>105</width>
					<height>90</height>
					<aspectratio>keep</aspectratio>
					<texture background="true">$INFO[ListItem.Icon]</texture>
					<fadetime>IconCrossfadeTime</fadetime>
					<animation effect="slide" start="0" end="-20" time="100" tween="sine" easing="in" condition="ListItem.IsRecording">Conditional</animation>
				</control>
				<control type="label">
					<left>828</left>
					<top>45</top>
					<width>120</width>
					<height>30</height>
					<font>IconSmall</font>
					<textoffsetx>15</textoffsetx>
					<align>right</align>
					<selectedcolor>selected</selectedcolor>
					<label>?</label>
					<visible>ListItem.IsRecording</visible>
				</control>
			</focusedlayout>
		</control>
		<control type="scrollbar" id="60">
			<left>820</left>
			<width>14</width>
			<height>1080</height>
			<showonepage>false</showonepage>
			<texturesliderbackground/>
			<texturesliderbar colordiffuse="55ffffff" border="1">scrollbar/texturesliderbar2.png</texturesliderbar>
			<texturesliderbarfocus border="1">scrollbar/texturesliderbar2.png</texturesliderbarfocus>
			<onleft>11</onleft>
			<onright>NextChannelGroup</onright>
			<ondown>61</ondown>
			<onup>61</onup>
			<orientation>vertical</orientation>
		</control>
	</include>
</includes>