<?xml version="1.0" encoding="UTF-8"?>
<includes>
	<include name="Sh3D_view">
		<control type="group">
			<!--Trasera caja set-->
			<visible>Skin.HasSetting(Sh3D)</visible>
			<visible>!ListItem.IsParentFolder</visible>
			<top>397</top>
			<left>1086</left>
			<animation effect="rotatey" center="50" start="8" end="8" time="0" condition="true">Conditional</animation>
			<visible>System.IdleTime(4) + !System.IdleTime(12) + ListItem.IsCollection + !System.HasVisibleModalDialog + Control.HasFocus(595)</visible>
			<animation type="Visible" reversible="false">
				<effect type="slide" delay="1600" start="700,0" end="0,0" time="1300" tween="sine" easing="inout"/>
			</animation>
			<animation type="Conditional" condition="System.IdleTime(11)" reversible="false">
				<effect type="rotatey" center="1263" start="0" end="-180" time="1600" tween="quadratic" easing="out"/>
				<effect type="fade" delay="400" start="100" end="0" time="50"/>
			</animation>
			<control type="group">
				<left>8</left>
				<top>73</top>
				<control type="image">
					<width>354</width>
					<height>476</height>
					<texture diffuse="tajo/mask_cover3.png" background="true">tajo/shelf/backset.png</texture>
					<aspectratio scalediffuse="false">stretch</aspectratio>
				</control>
				<control type="image">
					<left>-62</left>
					<top>60</top>
					<height>352</height>
					<width>476</width>
					<colordiffuse>33FFFFFF</colordiffuse>
					<aspectratio align="center" aligny="center">scale</aspectratio>
					<animation effect="rotate" center="auto" start="90" end="90" condition="true">Conditional</animation>
					<texture diffuse="tajo/mask_cover3.png" background="true">$INFO[ListItem.Art(fanart)]</texture>
				</control>
				<control type="group">
					<visible>!Integer.IsGreater(Container(59631).NumItems,4)</visible>
					<control type="image">
						<left>40</left>
						<top>20</top>
						<width>105</width>
						<height>152</height>
						<animation effect="rotate" center="auto" start="3" end="3" time="0" condition="true">Conditional</animation>
						<aspectratio align="center" aligny="center">stretch</aspectratio>
						<texture background="true" diffuse="tajo/mask_cover3.png" fallback="tajo/empty.png">$INFO[Container(59631).ListItemAbsolute(0).Art(poster)]</texture>
					</control>
					<control type="image">
						<left>50</left>
						<top>170</top>
						<height>50</height>
						<width>100</width>
						<aspectratio align="left" aligny="center">keep</aspectratio>
						<texture background="true" diffuse="tajo/mask_cover3.png" fallback="tajo/empty.png">$INFO[Container(59631).ListItemAbsolute(0).Art(clearlogo)]</texture>
					</control>
					<control type="image">
						<left>200</left>
						<top>240</top>
						<width>105</width>
						<height>152</height>
						<animation effect="rotate" center="auto" start="3" end="3" time="0" condition="true">Conditional</animation>
						<aspectratio align="center" aligny="center">stretch</aspectratio>
						<texture background="true" diffuse="tajo/mask_cover3.png" fallback="tajo/empty.png">$INFO[Container(59631).ListItemAbsolute(1).Art(poster)]</texture>
					</control>
					<control type="image">
						<left>205</left>
						<top>387</top>
						<height>50</height>
						<width>100</width>
						<aspectratio align="left" aligny="center">keep</aspectratio>
						<texture background="true" diffuse="tajo/mask_cover3.png" fallback="tajo/empty.png">$INFO[Container(59631).ListItemAbsolute(1).Art(clearlogo)]</texture>
					</control>
					<control type="image">
						<left>50</left>
						<top>240</top>
						<width>105</width>
						<height>152</height>
						<animation effect="rotate" center="auto" start="3" end="3" time="0" condition="true">Conditional</animation>
						<aspectratio align="center" aligny="center">stretch</aspectratio>
						<texture background="true" diffuse="tajo/mask_cover3.png" fallback="tajo/empty.png">$INFO[Container(59631).ListItemAbsolute(2).Art(poster)]</texture>
					</control>
					<control type="image">
						<left>52</left>
						<top>384</top>
						<height>50</height>
						<width>100</width>
						<aspectratio align="left" aligny="center">keep</aspectratio>
						<texture background="true" diffuse="tajo/mask_cover3.png" fallback="tajo/empty.png">$INFO[Container(59631).ListItemAbsolute(2).Art(clearlogo)]</texture>
					</control>
					<control type="image">
						<left>200</left>
						<top>38</top>
						<width>105</width>
						<height>152</height>
						<animation effect="rotate" center="auto" start="3" end="3" time="0" condition="true">Conditional</animation>
						<aspectratio align="center" aligny="center">stretch</aspectratio>
						<texture background="true" diffuse="tajo/mask_cover3.png" fallback="tajo/empty.png">$INFO[Container(59631).ListItemAbsolute(3).Art(poster)]</texture>
					</control>
					<control type="image">
						<left>200</left>
						<top>190</top>
						<height>50</height>
						<width>100</width>
						<aspectratio align="left" aligny="center">keep</aspectratio>
						<texture background="true" diffuse="tajo/mask_cover3.png" fallback="tajo/empty.png">$INFO[Container(59631).ListItemAbsolute(3).Art(clearlogo)]</texture>
					</control>
				</control>
				<control type="group">
					<visible>Integer.IsGreater(Container(59631).NumItems,4)</visible>
					<control type="image">
						<left>15</left>
						<top>5</top>
						<width>75</width>
						<height>115</height>
						<animation effect="rotate" center="auto" start="-2" end="-2" time="0" condition="true">Conditional</animation>
						<aspectratio align="center" aligny="center">stretch</aspectratio>
						<texture background="true" diffuse="tajo/mask_cover3.png" fallback="tajo/empty.png">$INFO[Container(59631).ListItemAbsolute(0).Art(poster)]</texture>
					</control>
					<control type="image">
						<left>92</left>
						<top>41</top>
						<height>35</height>
						<width>70</width>
						<aspectratio align="center" aligny="center">keep</aspectratio>
						<texture background="true" diffuse="tajo/mask_cover3.png" fallback="tajo/empty.png">$INFO[Container(59631).ListItemAbsolute(0).Art(clearlogo)]</texture>
					</control>
					<control type="image">
						<left>10</left>
						<top>112</top>
						<width>75</width>
						<height>115</height>
						<animation effect="rotate" center="auto" start="4" end="4" time="0" condition="true">Conditional</animation>
						<aspectratio align="center" aligny="center">stretch</aspectratio>
						<texture background="true" diffuse="tajo/mask_cover3.png" fallback="tajo/empty.png">$INFO[Container(59631).ListItemAbsolute(1).Art(poster)]</texture>
					</control>
					<control type="image">
						<left>87</left>
						<top>147</top>
						<height>35</height>
						<width>70</width>
						<aspectratio align="center" aligny="center">keep</aspectratio>
						<texture background="true" diffuse="tajo/mask_cover3.png" fallback="tajo/empty.png">$INFO[Container(59631).ListItemAbsolute(1).Art(clearlogo)]</texture>
					</control>
					<control type="image">
						<left>187</left>
						<top>5</top>
						<width>75</width>
						<height>115</height>
						<animation effect="rotate" center="auto" start="4" end="4" time="0" condition="true">Conditional</animation>
						<aspectratio align="center" aligny="center">stretch</aspectratio>
						<texture background="true" diffuse="tajo/mask_cover3.png" fallback="tajo/empty.png">$INFO[Container(59631).ListItemAbsolute(2).Art(poster)]</texture>
					</control>
					<control type="image">
						<left>266</left>
						<top>50</top>
						<height>35</height>
						<width>70</width>
						<aspectratio align="center" aligny="center">keep</aspectratio>
						<texture background="true" diffuse="tajo/mask_cover3.png" fallback="tajo/empty.png">$INFO[Container(59631).ListItemAbsolute(2).Art(clearlogo)]</texture>
					</control>
					<control type="image">
						<left>182</left>
						<top>112</top>
						<width>75</width>
						<height>115</height>
						<animation effect="rotate" center="auto" start="-3" end="-3" time="0" condition="true">Conditional</animation>
						<aspectratio align="center" aligny="center">stretch</aspectratio>
						<texture background="true" diffuse="tajo/mask_cover3.png" fallback="tajo/empty.png">$INFO[Container(59631).ListItemAbsolute(3).Art(poster)]</texture>
					</control>
					<control type="image">
						<left>261</left>
						<top>157</top>
						<height>35</height>
						<width>70</width>
						<aspectratio align="center" aligny="center">keep</aspectratio>
						<texture background="true" diffuse="tajo/mask_cover3.png" fallback="tajo/empty.png">$INFO[Container(59631).ListItemAbsolute(3).Art(clearlogo)]</texture>
					</control>
					<control type="image">
						<left>15</left>
						<top>214</top>
						<width>75</width>
						<height>115</height>
						<animation effect="rotate" center="auto" start="-3" end="-3" time="0" condition="true">Conditional</animation>
						<aspectratio align="center" aligny="center">stretch</aspectratio>
						<texture background="true" diffuse="tajo/mask_cover3.png" fallback="tajo/empty.png">$INFO[Container(59631).ListItemAbsolute(4).Art(poster)]</texture>
					</control>
					<control type="image">
						<left>92</left>
						<top>249</top>
						<height>35</height>
						<width>70</width>
						<aspectratio align="center" aligny="center">keep</aspectratio>
						<texture background="true" diffuse="tajo/mask_cover3.png" fallback="tajo/empty.png">$INFO[Container(59631).ListItemAbsolute(4).Art(clearlogo)]</texture>
					</control>
					<control type="image">
						<left>187</left>
						<top>214</top>
						<width>75</width>
						<height>115</height>
						<animation effect="rotate" center="auto" start="2" end="2" time="0" condition="true">Conditional</animation>
						<aspectratio align="center" aligny="center">stretch</aspectratio>
						<texture background="true" diffuse="tajo/mask_cover3.png" fallback="tajo/empty.png">$INFO[Container(59631).ListItemAbsolute(5).Art(poster)]</texture>
					</control>
					<control type="image">
						<left>266</left>
						<top>259</top>
						<height>35</height>
						<width>70</width>
						<aspectratio align="center" aligny="center">keep</aspectratio>
						<texture background="true" diffuse="tajo/mask_cover3.png" fallback="tajo/empty.png">$INFO[Container(59631).ListItemAbsolute(5).Art(clearlogo)]</texture>
					</control>
					<control type="image">
						<left>10</left>
						<top>321</top>
						<width>75</width>
						<height>115</height>
						<animation effect="rotate" center="auto" start="2" end="2" time="0" condition="true">Conditional</animation>
						<aspectratio align="center" aligny="center">stretch</aspectratio>
						<texture background="true" diffuse="tajo/mask_cover3.png" fallback="tajo/empty.png">$INFO[Container(59631).ListItemAbsolute(6).Art(poster)]</texture>
					</control>
					<control type="image">
						<left>87</left>
						<top>356</top>
						<height>35</height>
						<width>70</width>
						<aspectratio align="center" aligny="center">keep</aspectratio>
						<texture background="true" diffuse="tajo/mask_cover3.png" fallback="tajo/empty.png">$INFO[Container(59631).ListItemAbsolute(6).Art(clearlogo)]</texture>
					</control>
					<control type="image">
						<left>182</left>
						<top>321</top>
						<width>75</width>
						<height>115</height>
						<animation effect="rotate" center="auto" start="-2" end="-2" time="0" condition="true">Conditional</animation>
						<aspectratio align="center" aligny="center">stretch</aspectratio>
						<texture background="true" diffuse="tajo/mask_cover3.png" fallback="tajo/empty.png">$INFO[Container(59631).ListItemAbsolute(7).Art(poster)]</texture>
					</control>
					<control type="image">
						<left>261</left>
						<top>366</top>
						<height>35</height>
						<width>70</width>
						<aspectratio align="center" aligny="center">keep</aspectratio>
						<texture background="true" diffuse="tajo/mask_cover3.png" fallback="tajo/empty.png">$INFO[Container(59631).ListItemAbsolute(7).Art(clearlogo)]</texture>
					</control>
				</control>
				<control type="image">
					<width>342</width>
					<height>476</height>
					<texture diffuse="tajo/mask_cover3.png" background="true">tajo/shelf/textset.png</texture>
					<aspectratio>stretch</aspectratio>
				</control>
				<control type="image">
					<animation effect="fade" end="35" condition="true">Conditional</animation>
					<width>354</width>
					<height>476</height>
					<aspectratio scalediffuse="false">stretch</aspectratio>
					<texture flipx="true" background="true">tajo/side_fade.png</texture>
				</control>
			</control>
			<control type="image">
				<!-- Estuche back -->
				<left>1</left>
				<top>20</top>
				<width>380</width>
				<height>538</height>
				<texture background="true">tajo/shelf/b$VAR[GlobalCaseVarTajo]</texture>
				<aspectratio>stretch</aspectratio>
			</control>
			<control type="label">
				<left>160</left>
				<top>305</top>
				<width>400</width>
				<height>14</height>
				<align>center</align>
				<aligny>top</aligny>
				<scrollspeed>1</scrollspeed>
				<animation effect="rotate" delay="5000" center="auto" start="90" end="90" time="800" condition="true">Conditional</animation>
				<font>spiner</font>
				<label>$INFO[ListItem.Label]</label>
				<textcolor>white</textcolor>
			</control>
			<!--Trasera caja set reflejo-->
			<control type="group">
				<top>-17</top>
				<control type="group">
					<left>8</left>
					<top>567</top>
					<!-- Poster back    -->
					<control type="image">
						<top>3</top>
						<width>354</width>
						<height>476</height>
						<colordiffuse>66FFFFFF</colordiffuse>
						<texture diffuse="tajo/mask_cover3.png" flipy="true" background="true">tajo/shelf/back.png</texture>
						<aspectratio scalediffuse="false">stretch</aspectratio>
					</control>
					<control type="image">
						<left>-62</left>
						<top>66</top>
						<height>352</height>
						<width>476</width>
						<colordiffuse>30FFFFFF</colordiffuse>
						<aspectratio align="center" aligny="center">scale</aspectratio>
						<animation effect="rotate" center="auto" start="270" end="270" condition="true">Conditional</animation>
						<texture diffuse="tajo/mask_cover3.png" flipy="true" background="true">$INFO[ListItem.Art(fanart)]</texture>
					</control>
					<control type="image">
						<!-- Poster back    -->
						<top>3</top>
						<width>342</width>
						<height>476</height>
						<colordiffuse>45FFFFFF</colordiffuse>
						<texture diffuse="tajo/mask_cover3.png" flipy="true" background="true">tajo/shelf/textset.png</texture>
						<aspectratio scalediffuse="false">stretch</aspectratio>
					</control>
				</control>
				<control type="image">
					<!-- Estuche back -->
					<left>1</left>
					<top>561</top>
					<width>380</width>
					<height>524</height>
					<colordiffuse>89FFFFFF</colordiffuse>
					<texture flipy="true" background="true">tajo/shelf/rb$VAR[GlobalCaseVarTajo]</texture>
					<aspectratio>stretch</aspectratio>
				</control>
			</control>
		</control>
	</include>
	<include name="Sh3D_item">
		<control type="group">
			<visible>Skin.HasSetting(Sh3D)</visible>
			<left>150</left>
			<top>0</top>
			<control type="image">
				<visible>[ListItem.IsCollection + !Skin.HasSetting(extraposters)] | [ListItem.IsCollection + Skin.HasSetting(extraposters) + String.IsEmpty(ListItem.Art(poster1))]</visible>
				<!-- Poster lados reflejo -->
				<left>-94</left>
				<top>512</top>
				<width>241</width>
				<height>338</height>
				<texture flipy="true" diffuse="tajo/shelf/reflect_box_overlay.png" background="true">$VAR[poster]</texture>
				<aspectratio>stretch</aspectratio>
			</control>
			<control type="image">
				<visible>[!ListItem.IsCollection + !Skin.HasSetting(extraposters)] | [!ListItem.IsCollection + Skin.HasSetting(extraposters) + String.IsEmpty(ListItem.Art(poster1))]</visible>
				<!-- Poster lados reflejo -->
				<left>-94</left>
				<top>512</top>
				<width>249</width>
				<height>338</height>
				<texture flipy="true" diffuse="tajo/shelf/reflect_box_overlay.png" background="true">$VAR[poster]</texture>
				<aspectratio>stretch</aspectratio>
			</control>
			<control type="image">
				<visible>!ListItem.IsCollection</visible>
				<!-- Poster lados -->
				<left>-94</left>
				<top>168</top>
				<width>249</width>
				<height>339</height>
				<texture diffuse="tajo/shelf/diffuse_box.png" background="true">$VAR[poster]</texture>
				<aspectratio>stretch</aspectratio>
			</control>
			<control type="image">
				<visible>ListItem.IsCollection</visible>
				<!-- Poster lados -->
				<left>-94</left>
				<top>168</top>
				<width>239</width>
				<height>339</height>
				<texture diffuse="tajo/shelf/diffuse_box.png" background="true">$VAR[poster]</texture>
				<aspectratio>stretch</aspectratio>
			</control>
			<include condition="Skin.HasSetting(extraposters)">CharacPos</include>
			<control type="image">
				<left>115</left>
				<top>168</top>
				<width>40</width>
				<height>40</height>
				<texture colordiffuse="DDff0303">$VAR[watched_style]</texture>
				<visible>String.IsEqual(ListItem.Overlay,OverlayWatched.png)</visible>
			</control>
			<control type="image">
				<visible>Integer.IsGreater(ListItem.Property(UnWatchedEpisodes),0)</visible>
				<left>105</left>
				<top>168</top>
				<width>50</width>
				<height>50</height>
				<texture background="true">tajo/shelf/corner2.png</texture>
				<aspectratio scalediffuse="false">keep</aspectratio>
				<visible>!String.IsEqual(ListItem.Overlay,OverlayWatched.png) + [Container.Content(tvshows) | Container.Content(seasons)]</visible>
				<visible>!ListItem.IsParentFolder</visible>
			</control>
			<control type="label">
				<visible>!String.IsEqual(ListItem.Overlay,OverlayWatched.png)</visible>
				<visible>Integer.IsGreater(ListItem.Property(UnWatchedEpisodes),0)</visible>
				<left>91</left>
				<top>151</top>
				<font>titleartist</font>
				<textcolor>white</textcolor>
				<shadowcolor>black</shadowcolor>
				<align>right</align>
				<aligny>center</aligny>
				<width>60</width>
				<height>52</height>
				<label>$INFO[ListItem.Property(UnWatchedEpisodes)]</label>
			</control>
			<control type="image">
				<!-- Estuche lados -->
				<left>-100</left>
				<top>130</top>
				<width>272</width>
				<height>384</height>
				<texture background="true">tajo/shelf/$VAR[GlobalCaseVarTajo]</texture>
				<aspectratio>stretch</aspectratio>
			</control>
			<control type="image">
				<!-- Estuche lados reflejo -->
				<left>-100</left>
				<top>504</top>
				<width>272</width>
				<height>384</height>
				<texture flipy="true" diffuse="tajo/shelf/reflect_box_overlay.png" background="true">tajo/shelf/r$VAR[GlobalCaseVarTajo]</texture>
				<aspectratio>stretch</aspectratio>
			</control>
		</control>
	</include>
	<include name="Sh3D_focused">
		<control type="group">
			<visible>Skin.HasSetting(Sh3D)</visible>
			<control type="group">
				<!--Caratula normal-->
				<visible>Control.HasFocus(595) + !Container.HasFiles + !Container.Content(sets)</visible>
				<visible>!ListItem.IsParentFolder</visible>
				<animation type="Focus" reversible="false">
					<effect type="zoom" delay="400" center="200,375" start="100" end="140" time="600" tween="cubic" easing="out"/>
				</animation>
				<left>150</left>
				<top>0</top>
				<include>Carat_movie</include>
			</control>
			<control type="group">
				<!--Caratula normal-->
				<visible>Control.HasFocus(595) + [Container.HasFiles | Container.Content(sets) | Window.IsVisible(1196)]</visible>
				<visible>!ListItem.IsParentFolder</visible>
				<animation type="Focus" reversible="false">
					<effect type="zoom" delay="400" center="200,375" start="100" end="140" time="600" tween="cubic" easing="out"/>
				</animation>
				<animation type="Conditional" condition="System.IdleTime(4)" reversible="false">
					<effect type="slide" delay="0" end="600,0" time="1300" tween="sine" easing="in"/>
				</animation>
				<left>150</left>
				<top>0</top>
				<include>Carat_movie</include>
			</control>
			<control type="group">
				<!--Caratula normal nf-->
				<visible>!Control.HasFocus(595)</visible>
				<animation effect="zoom" center="200,375" start="140" end="140" condition="true">Conditional</animation>
				<left>150</left>
				<top>0</top>
				<include>Carat_movie</include>
			</control>
			<control type="group">
				<!--Caratula parent folder-->
				<visible>ListItem.IsParentFolder + Control.HasFocus(595)</visible>
				<animation type="Focus" reversible="false">
					<effect type="zoom" delay="400" center="200,375" start="100" end="140" time="600" tween="cubic" easing="out"/>
				</animation>
				<left>150</left>
				<top>0</top>
				<include>Carat_movie</include>
			</control>
			<control type="group">
				<!--Caratula normal-2-->
				<visible>System.IdleTime(11) + Control.HasFocus(595) + [Container.HasFiles | Container.Content(sets)]</visible>
				<visible>!ListItem.IsParentFolder</visible>
				<animation type="Visible" reversible="false">
					<effect type="rotatey" center="189" start="180" end="0" time="1600" tween="quadratic" easing="out"/>
					<effect type="fade" delay="400" start="0" end="100" time="50"/>
					<effect type="zoom" center="200,375" start="140" end="140" time="0" tween="cubic" easing="out"/>
				</animation>
				<left>150</left>
				<top>0</top>
				<include>Carat_movie</include>
			</control>
			<!--Disco-->
			<control type="group">
				<animation effect="rotatey" center="50" start="3" end="3" time="0" condition="true">Conditional</animation>
				<left>30</left>
				<top>40</top>
				<width>320</width>
				<height>320</height>
				<visible>!ListItem.IsCollection + Control.HasFocus(595) + System.IdleTime(6)</visible>
				<visible>!ListItem.IsParentFolder</visible>
				<animation type="Conditional" condition="System.IdleTime(6)" reversible="false">
					<effect type="slide" end="0,200" time="1500" tween="bounce" easing="out"/>
					<effect type="slide" end="-600,20" time="2000" tween="sine" easing="out"/>
					<effect type="rotate" start="120" center="auto" end="360" time="2000" tween="quadratic" easing="out"/>
				</animation>
				<animation type="Conditional" condition="System.IdleTime(6)" reversible="false">
					<effect type="slide" start="0,0" end="770,-20" time="2750" delay="2000" tween="cubic" easing="inout"/>
					<effect type="rotate" start="240" center="auto" end="0" delay="2000" time="2750" tween="cubic" easing="inout"/>
				</animation>
				<animation type="Conditional" condition="System.IdleTime(6)" reversible="false">
					<effect type="slide" start="0,0" end="700,0" time="2000" delay="7050" tween="cubic" easing="out"/>
					<effect type="rotate" start="-360" center="auto" end="-540" delay="7050" time="2000" tween="cubic" easing="out"/>
				</animation>
				<control type="image">
					<visible>!System.IdleTime(7)</visible>
					<aspectratio scalediffuse="false" aligny="top">scale</aspectratio>
					<texture background="true">$INFO[ListItem.Art(discart)]</texture>
				</control>
			</control>
			<control type="group">
				<animation effect="rotatey" center="50" start="3" end="3" time="0" condition="true">Conditional</animation>
				<left>30</left>
				<top>758</top>
				<width>320</width>
				<height>320</height>
				<visible>!ListItem.IsCollection + Control.HasFocus(595) + System.IdleTime(6)</visible>
				<visible>!ListItem.IsParentFolder</visible>
				<animation type="Conditional" condition="System.IdleTime(6)" reversible="false">
					<effect type="slide" end="0,-200" time="1500" tween="bounce" easing="out"/>
					<effect type="slide" end="-600,20" time="2000" tween="sine" easing="out"/>
					<effect type="rotate" start="-120" center="auto" end="-360" time="2000" tween="quadratic" easing="out"/>
				</animation>
				<animation type="Conditional" condition="System.IdleTime(6)" reversible="false">
					<effect type="slide" start="0,0" end="770,-20" time="2750" delay="2000" tween="cubic" easing="inout"/>
					<effect type="rotate" start="-240" center="auto" end="0" delay="2000" time="2750" tween="cubic" easing="inout"/>
				</animation>
				<animation type="Conditional" condition="System.IdleTime(6)" reversible="false">
					<effect type="slide" start="0,0" end="700,0" time="2000" delay="7050" tween="cubic" easing="out"/>
					<effect type="rotate" start="360" center="auto" end="540" delay="7050" time="2000" tween="cubic" easing="out"/>
				</animation>
				<control type="image">
					<visible>!System.IdleTime(7) + !String.IsEmpty(ListItem.Art(discart))</visible>
					<aspectratio scalediffuse="false" aligny="top">scale</aspectratio>
					<colordiffuse>77000000</colordiffuse>
					<texture background="true">tajo/cdart_diffuse.png</texture>
				</control>
				<control type="image">
					<visible>!System.IdleTime(7)</visible>
					<colordiffuse>45FFFFFF</colordiffuse>
					<aspectratio scalediffuse="false" aligny="top">scale</aspectratio>
					<texture flipy="true" background="true">$INFO[ListItem.Art(discart)]</texture>
				</control>
			</control>
			<control type="group">
				<!--Trasera caja-->
				<top>12</top>
				<left>-10</left>
				<visible>System.IdleTime(4) + !System.IdleTime(12) + !ListItem.IsCollection + Control.HasFocus(595) + Container.HasFiles</visible>
				<visible>!ListItem.IsParentFolder</visible>
				<animation type="Visible" reversible="false">
					<effect type="slide" delay="1600" start="700,0" end="0,0" time="1300" tween="sine" easing="inout"/>
				</animation>
				<animation type="Conditional" condition="System.IdleTime(11) + !ListItem.IsCollection" reversible="false">
					<effect type="rotatey" center="189" start="0" end="-180" time="1600" tween="quadratic" easing="out"/>
					<effect type="fade" delay="400" start="100" end="0" time="50"/>
				</animation>
				<control type="group">
					<visible>String.IsEmpty(ListItem.Art(back))</visible>
					<control type="group">
						<left>8</left>
						<top>73</top>
						<control type="image">
							<!-- Poster back    -->
							<width>354</width>
							<height>476</height>
							<texture diffuse="tajo/mask_cover3.png" background="true">tajo/shelf/back.png</texture>
							<aspectratio scalediffuse="false">stretch</aspectratio>
						</control>
						<control type="image">
							<!-- Fanart -->
							<top>-15</top>
							<height>225</height>
							<width>354</width>
							<aspectratio align="center" aligny="top">keep</aspectratio>
							<texture diffuse="tajo/mask_cover3.png" background="true">$INFO[ListItem.Art(fanart)]</texture>
						</control>
						<control type="image">
							<!-- thumb 1 -->
							<left>224</left>
							<top>124</top>
							<width>141</width>
							<height>82</height>
							<aspectratio align="center" aligny="center">scale</aspectratio>
							<texture diffuse="tajo/mask_cover3.png" background="true">$INFO[ListItem.Art(fanart1)]</texture>
						</control>
						<control type="image">
							<!-- thumb 2 -->
							<left>10</left>
							<top>192</top>
							<width>160</width>
							<height>70</height>
							<aspectratio align="center" aligny="center">scale</aspectratio>
							<texture diffuse="tajo/mask_cover3.png" fallback="tajo/shelf/thumbfall.png" background="true">$INFO[ListItem.Art(fanart2)]</texture>
						</control>
						<control type="image">
							<left>6</left>
							<top>266</top>
							<height>120</height>
							<width>334</width>
							<colordiffuse>C9FFFFFF</colordiffuse>
							<aspectratio align="left" aligny="top">keep</aspectratio>
							<texture diffuse="tajo/mask_cover3.png" fallback="tajo/shelf/fallban.png" background="true">$INFO[ListItem.Art(banner)]</texture>
						</control>
						<control type="image">
							<!-- Poster back    -->
							<width>354</width>
							<height>476</height>
							<visible>String.Contains(ListItem.DBTYPE,movie)</visible>
							<texture diffuse="tajo/mask_cover3.png" background="true">tajo/shelf/back_black.png</texture>
							<aspectratio scalediffuse="false">stretch</aspectratio>
						</control>
						<control type="image">
							<!-- Poster back    -->
							<width>354</width>
							<height>476</height>
							<visible>!String.Contains(ListItem.DBTYPE,movie)</visible>
							<texture background="true">tajo/shelf/back_black2.png</texture>
							<aspectratio scalediffuse="false">stretch</aspectratio>
						</control>
						<control type="textbox">
							<left>8</left>
							<top>127</top>
							<width>217</width>
							<height>63</height>
							<align>justify</align>
							<aligny>center</aligny>
							<visible>String.Contains(ListItem.DBTYPE,movie)</visible>
							<font>Backplot</font>
							<label>$INFO[ListItem.Plot]</label>
							<textcolor>white</textcolor>
						</control>
						<control type="image">
							<!-- clearart -->
							<left>195</left>
							<top>195</top>
							<width>142</width>
							<height>64</height>
							<aspectratio align="left" aligny="top">keep</aspectratio>
							<colordiffuse>C9FFFFFF</colordiffuse>
							<texture diffuse="tajo/mask_cover3.png" background="true">$INFO[ListItem.Art(clearart)]</texture>
						</control>
						<control type="image">
							<!-- clearlogo -->
							<left>195</left>
							<top>195</top>
							<width>142</width>
							<height>64</height>
							<visible>String.IsEmpty(ListItem.Art(clearart))</visible>
							<aspectratio align="left" aligny="top">keep</aspectratio>
							<colordiffuse>C9FFFFFF</colordiffuse>
							<texture diffuse="tajo/mask_cover3.png" fallback="tajo/shelf/falllog.png" background="true">$INFO[ListItem.Art(clearlogo)]</texture>
						</control>
					</control>
					<control type="image">
						<left>14</left>
						<top>506</top>
						<texture fallback="resources/default-studio.png" background="true">$VAR[StudioIconVar]</texture>
						<colordiffuse>C9FFFFFF</colordiffuse>
						<width>40</width>
						<height>40</height>
						<aspectratio align="center">keep</aspectratio>
					</control>
					<control type="image">
						<left>72</left>
						<top>506</top>
						<width>40</width>
						<height>40</height>
						<aspectratio align="center">keep</aspectratio>
						<colordiffuse>C9FFFFFF</colordiffuse>
						<texture fallback="resources/flag_default.png">$VAR[mediaicons_path]videoresolution/$VAR[videoresHDR,,.png]</texture>
					</control>
					<control type="image">
						<left>126</left>
						<top>511</top>
						<width>50</width>
						<height>30</height>
						<aspectratio align="center">keep</aspectratio>
						<colordiffuse>C9FFFFFF</colordiffuse>
						<texture fallback="resources/mpaa/NR.png">$VAR[mpaa]</texture>
					</control>
					<control type="image">
						<left>280</left>
						<top>507</top>
						<width>40</width>
						<height>40</height>
						<aspectratio>keep</aspectratio>
						<colordiffuse>C9FFFFFF</colordiffuse>
						<texture fallback="resources/flag_default.png">$VAR[videocodec]</texture>
					</control>
				</control>
				<control type="image">
					<left>8</left>
					<top>73</top>
					<width>354</width>
					<height>476</height>
					<texture diffuse="tajo/mask_cover3.png" background="true">$INFO[ListItem.Art(back)]</texture>
					<aspectratio scalediffuse="false">stretch</aspectratio>
				</control>
				<control type="image">
					<visible>!String.IsEmpty(ListItem.Art(back))</visible>
					<animation effect="fade" end="30" condition="true">Conditional</animation>
					<left>8</left>
					<top>73</top>
					<width>354</width>
					<height>476</height>
					<aspectratio scalediffuse="false">stretch</aspectratio>
					<texture flipx="true" background="true">tajo/side_fade.png</texture>
				</control>
				<control type="image">
					<!-- Estuche back -->
					<left>1</left>
					<top>20</top>
					<width>380</width>
					<height>538</height>
					<texture background="true">tajo/shelf/b$VAR[GlobalCaseVarTajo]</texture>
					<aspectratio>stretch</aspectratio>
				</control>
				<control type="label">
					<visible>String.IsEmpty(ListItem.Art(spine))</visible>
					<left>212</left>
					<top>294</top>
					<width>310</width>
					<height>14</height>
					<align>center</align>
					<aligny>top</aligny>
					<scrollspeed>1</scrollspeed>
					<animation effect="rotate" delay="5000" center="auto" start="90" end="90" time="800" condition="true">Conditional</animation>
					<font>spiner</font>
					<label>$INFO[ListItem.Label]</label>
					<textcolor>white</textcolor>
				</control>
				<control type="image">
					<animation effect="rotatey" center="366,0" start="-45" end="-45" condition="true">Conditional</animation>
					<left>349</left>
					<top>76</top>
					<width>33</width>
					<height>467</height>
					<texture diffuse="tajo/mask_cover3.png" background="true">$INFO[ListItem.Art(spine)]</texture>
					<aspectratio scalediffuse="false">stretch</aspectratio>
				</control>
			</control>
			<control type="group">
				<top>-4</top>
				<left>-10</left>
				<!--Trasera caja reflejo-->
				<visible>System.IdleTime(4) + !System.IdleTime(12) + !ListItem.IsCollection + Control.HasFocus(595) + Container.HasFiles</visible>
				<visible>!ListItem.IsParentFolder</visible>
				<animation type="Visible" reversible="false">
					<effect type="slide" delay="1600" start="700,0" end="0,0" time="1300" tween="sine" easing="inout"/>
				</animation>
				<animation type="Conditional" condition="System.IdleTime(11) + !ListItem.IsCollection" reversible="false">
					<effect type="rotatey" center="189" start="0" end="-180" time="1600" tween="quadratic" easing="out"/>
					<effect type="fade" delay="400" start="100" end="0" time="50"/>
				</animation>
				<control type="group">
					<left>8</left>
					<top>567</top>
					<control type="image">
						<!-- Poster back    -->
						<visible>String.IsEmpty(ListItem.Art(back))</visible>
						<top>3</top>
						<width>354</width>
						<height>476</height>
						<colordiffuse>75FFFFFF</colordiffuse>
						<texture diffuse="tajo/shelf/diffuse_box.png" background="true">tajo/shelf/back_blackf.png</texture>
						<aspectratio scalediffuse="false">stretch</aspectratio>
					</control>
				</control>
				<control type="group">
					<visible>String.IsEmpty(ListItem.Art(back))</visible>
					<control type="image">
						<left>14</left>
						<top>571</top>
						<texture fallback="resources/default-studio.png" background="true">$VAR[StudioIconVar]</texture>
						<colordiffuse>25FFFFFF</colordiffuse>
						<width>40</width>
						<height>40</height>
						<aspectratio align="center">keep</aspectratio>
					</control>
					<control type="image">
						<left>72</left>
						<top>571</top>
						<width>40</width>
						<height>40</height>
						<aspectratio align="center">keep</aspectratio>
						<colordiffuse>25FFFFFF</colordiffuse>
						<texture flipy="true" fallback="resources/flag_default.png">$VAR[mediaicons_path]videoresolution/$VAR[videoresHDR,,.png]</texture>
					</control>
					<control type="image">
						<left>126</left>
						<top>575</top>
						<width>50</width>
						<height>30</height>
						<aspectratio align="center">keep</aspectratio>
						<colordiffuse>25FFFFFF</colordiffuse>
						<texture flipy="true" fallback="resources/mpaa/NR.png">$VAR[mpaa]</texture>
					</control>
					<control type="image">
						<left>280</left>
						<top>568</top>
						<width>40</width>
						<height>40</height>
						<aspectratio>keep</aspectratio>
						<colordiffuse>25FFFFFF</colordiffuse>
						<texture flipy="true" fallback="resources/flag_default.png">$VAR[videocodec]</texture>
					</control>
				</control>
				<control type="image">
					<left>7</left>
					<top>568</top>
					<width>354</width>
					<height>476</height>
					<colordiffuse>30FFFFFF</colordiffuse>
					<texture flipy="true" diffuse="tajo/mask_cover3.png" background="true">$INFO[ListItem.Art(back)]</texture>
					<aspectratio scalediffuse="false">stretch</aspectratio>
				</control>
				<control type="image">
					<!-- Estuche back -->
					<left>1</left>
					<top>561</top>
					<width>380</width>
					<height>524</height>
					<colordiffuse>89FFFFFF</colordiffuse>
					<texture flipy="true" background="true">tajo/shelf/rb$VAR[GlobalCaseVarTajo]</texture>
					<aspectratio>stretch</aspectratio>
				</control>
				<control type="image">
					<top>568</top>
					<left>352</left>
					<animation effect="rotatey" center="366,0" start="-45" end="-45" condition="true">Conditional</animation>
					<animation effect="rotate" end="180" center="auto" condition="true">Conditional</animation>
					<width>33</width>
					<height>466</height>
					<colordiffuse>22FFFFFF</colordiffuse>
					<texture flipy="true" background="true">$INFO[ListItem.Art(spine)]</texture>
					<aspectratio scalediffuse="false">stretch</aspectratio>
				</control>
			</control>
			<!--Disco-->
			<control type="group">
				<animation effect="rotatey" center="50" start="3" end="3" time="0" condition="true">Conditional</animation>
				<left>30</left>
				<top>40</top>
				<width>320</width>
				<height>320</height>
				<visible>!ListItem.IsCollection + Control.HasFocus(595) + System.IdleTime(6)</visible>
				<visible>!ListItem.IsParentFolder</visible>
				<animation type="Conditional" condition="System.IdleTime(6)" reversible="false">
					<effect type="slide" end="0,200" time="1500" tween="bounce" easing="out"/>
					<effect type="slide" end="-600,20" time="2000" tween="sine" easing="out"/>
					<effect type="rotate" start="120" center="auto" end="360" time="2000" tween="quadratic" easing="out"/>
				</animation>
				<animation type="Conditional" condition="System.IdleTime(6)" reversible="false">
					<effect type="slide" start="0,0" end="770,-20" time="2750" delay="2000" tween="cubic" easing="inout"/>
					<effect type="rotate" start="240" center="auto" end="0" delay="2000" time="2750" tween="cubic" easing="inout"/>
				</animation>
				<animation type="Conditional" condition="System.IdleTime(6)" reversible="false">
					<effect type="slide" start="0,0" end="700,0" time="2000" delay="7050" tween="cubic" easing="out"/>
					<effect type="rotate" start="-360" center="auto" end="-540" delay="7050" time="2000" tween="cubic" easing="out"/>
				</animation>
				<control type="image">
					<visible>System.IdleTime(7)</visible>
					<aspectratio scalediffuse="false" aligny="top">scale</aspectratio>
					<texture background="true">$INFO[ListItem.Art(discart)]</texture>
				</control>
			</control>
			<control type="group">
				<animation effect="rotatey" center="50" start="3" end="3" time="0" condition="true">Conditional</animation>
				<left>30</left>
				<top>758</top>
				<width>320</width>
				<height>320</height>
				<visible>!ListItem.IsCollection + Control.HasFocus(595) + System.IdleTime(6)</visible>
				<visible>!ListItem.IsParentFolder</visible>
				<animation type="Conditional" condition="System.IdleTime(6)" reversible="false">
					<effect type="slide" end="0,-200" time="1500" tween="bounce" easing="out"/>
					<effect type="slide" end="-600,20" time="2000" tween="sine" easing="out"/>
					<effect type="rotate" start="-120" center="auto" end="-360" time="2000" tween="quadratic" easing="out"/>
				</animation>
				<animation type="Conditional" condition="System.IdleTime(6)" reversible="false">
					<effect type="slide" start="0,0" end="770,-20" time="2750" delay="2000" tween="cubic" easing="inout"/>
					<effect type="rotate" start="-240" center="auto" end="0" delay="2000" time="2750" tween="cubic" easing="inout"/>
				</animation>
				<animation type="Conditional" condition="System.IdleTime(6)" reversible="false">
					<effect type="slide" start="0,0" end="700,0" time="2000" delay="7050" tween="cubic" easing="out"/>
					<effect type="rotate" start="360" center="auto" end="540" delay="7050" time="2000" tween="cubic" easing="out"/>
				</animation>
				<control type="image">
					<visible>System.IdleTime(7) + !String.IsEmpty(ListItem.Art(discart))</visible>
					<aspectratio scalediffuse="false" aligny="top">scale</aspectratio>
					<colordiffuse>77000000</colordiffuse>
					<texture background="true">tajo/cdart_diffuse.png</texture>
				</control>
				<control type="image">
					<visible>System.IdleTime(7)</visible>
					<colordiffuse>45FFFFFF</colordiffuse>
					<aspectratio scalediffuse="false" aligny="top">scale</aspectratio>
					<texture flipy="true" background="true">$INFO[ListItem.Art(discart)]</texture>
				</control>
			</control>
		</control>
	</include>
</includes>