<?xml version="1.0" encoding="UTF-8"?>
<window>
	<onload condition="System.HasAddon(script.artistslideshow)">RunScript(script.artistslideshow)</onload>
	<controls>
		<control type="group">
			<visible>String.IsEmpty(Window(home).Property(melodiesPlaying))</visible>
			<!-- Fanart -->
			<control type="fadelabel" id="5785">
				<top>-1000</top>
				<width>1</width>
				<height>1</height>
				<info>Player.Art(artist.fanart)</info>
				<info>Player.Art(artist.fanart1)</info>
				<info>Player.Art(artist.fanart2)</info>
				<info>Player.Art(artist.fanart3)</info>
				<info>Player.Art(artist.fanart4)</info>
				<info>Player.Art(artist.fanart5)</info>
				<info>Player.Art(artist.fanart6)</info>
				<info>Player.Art(artist.fanart7)</info>
				<info>Player.Art(artist.fanart8)</info>
				<info>Player.Art(artist.fanart9)</info>
				<randomize>false</randomize>
				<pauseatend>10000</pauseatend>
				<scroll>false</scroll>
				<scrollout>false</scrollout>
				<resetonlabelchange>true</resetonlabelchange>
			</control>
			<control type="image">
				<visible>Skin.HasSetting(Cust_Backg)</visible>
				<include>FullscreenDimensions</include>
				<texture>black.png</texture>
			</control>
			<control type="image">
				<include>FullscreenDimensions</include>
				<fadetime>800</fadetime>
				<texture background="true">$INFO[Skin.String(Custom_BG)]</texture>
				<visible>Skin.HasSetting(Cust_Backg) + !String.IsEmpty(Skin.String(Custom_BG)) + !Skin.HasSetting(BlurredAlbum)</visible>
			</control>
			<control type="multiimage">
				<visible>Skin.HasSetting(Cust_Backg) + !String.IsEmpty(Skin.String(Custom_BG_Path)) + !Skin.HasSetting(BlurredAlbum)</visible>
				<include>FullscreenDimensions</include>
				<fadetime>800</fadetime>
				<imagepath background="true">$INFO[Skin.String(Custom_BG_Path)]</imagepath>
			</control>
			<control type="image">
				<include>FullscreenDimensions</include>
				<fadetime>800</fadetime>
				<texture background="true">$INFO[Window(Home).Property(TMDbHelper.ListItem.BlurImage)]</texture>
				<visible>Skin.HasSetting(BlurredAlbum)</visible>
			</control>
			<control type="image">
				<include>FullscreenDimensions</include>
				<texture background="true">$INFO[Player.Art(artist.fanart)]</texture>
				<visible>String.IsEmpty(Player.Art(artist.fanart1))</visible>
				<visible>!Skin.HasSetting(Cust_Backg) + !Skin.HasSetting(BlurredAlbum)</visible>
			</control>
			<control type="multiimage">
				<visible>!String.IsEmpty(Player.Art(artist.fanart1))</visible>
				<visible>!Skin.HasSetting(Cust_Backg) + !Skin.HasSetting(BlurredAlbum)</visible>
				<include>FullscreenDimensions</include>
				<fadetime>800</fadetime>
				<imagepath background="true">$INFO[Control.GetLabel(5785)]</imagepath>
			</control>
			<!-- Artist SlideShow -->
			<control type="image">
				<aspectratio>scale</aspectratio>
				<include>FullscreenDimensions</include>
				<fadetime>800</fadetime>
				<texture background="true">$INFO[Window(Visualisation).Property(ArtistSlideshow.Image)]</texture>
				<visible>!String.IsEmpty(Window(Visualisation).Property(ArtistSlideshow.Image))</visible>
				<visible>String.IsEmpty(Player.Art(artist.fanart))</visible>
				<visible>!Skin.HasSetting(Cust_Backg) + !Skin.HasSetting(BlurredAlbum)</visible>
			</control>
			<control type="multiimage">
				<include>FullscreenDimensions</include>
				<aspectratio>scale</aspectratio>
				<timeperimage>10000</timeperimage>
				<randomize>true</randomize>
				<fadetime>800</fadetime>
				<loop>yes</loop>
				<imagepath background="true">$INFO[Window(Visualisation).Property(ArtistSlideshow)]</imagepath>
				<visible>!String.IsEmpty(Window(Visualisation).Property(ArtistSlideshow.ArtworkReady))</visible>
				<visible>String.IsEmpty(Player.Art(artist.fanart))</visible>
				<visible>!Skin.HasSetting(Cust_Backg) + !Skin.HasSetting(BlurredAlbum)</visible>
			</control>
			<control type="group">
				<animation type="conditional" reversible="false" condition="Skin.HasSetting(3D) + !Skin.HasSetting(onlyBackground)">
					<effect type="rotatey" center="0,150" start="6" end="6"/>
					<effect type="zoom" center="0,200" start="93" end="93"/>
					<effect type="slide" end="0,-20"/>
				</animation>
				<control type="image">
					<visible>!Skin.HasSetting(onlyBackground)</visible>
					<left>-15</left>
					<width>1950</width>
					<height>1190</height>
					<texture background="true">tajo/osd_black_bg.png</texture>
					<aspectratio>stretch</aspectratio>
				</control>
				<control type="visualisation" id="2">
					<description>visualisation</description>
					<include>FullscreenDimensions</include>
					<visible>Player.HasAudio</visible>
				</control>
				<control type="group">
					<top>520</top>
					<!-- Main group -->
					<control type="group">
						<left>760</left>
						<top>150</top>
						<control type="grouplist">
							<visible>!Skin.HasSetting(noTime)</visible>
							<animation type="conditional" reversible="false" condition="Skin.HasSetting(3D) + !Skin.HasSetting(onlyBackground)">
								<effect type="slide" end="2,10"/>
								<effect type="rotate" center="auto" start="-2.5" end="-2.5"/>
							</animation>
							<left>-750</left>
							<top>-670</top>
							<width>400</width>
							<align>left</align>
							<orientation>horizontal</orientation>
							<itemgap>0</itemgap>
							<control type="label">
								<align>left</align>
								<width min="20" max="200">auto</width>
								<height>40</height>
								<textcolor>grey2</textcolor>
								<shadowcolor>black</shadowcolor>
								<font>fontDiscog</font>
								<label>$INFO[System.Time(hh)]</label>
							</control>
							<control type="label">
								<align>left</align>
								<width min="20" max="200">auto</width>
								<height>34</height>
								<textcolor>grey2</textcolor>
								<shadowcolor>black</shadowcolor>
								<font>Font_bro</font>
								<label>:$INFO[System.Time(mm)]</label>
							</control>
						</control>
						<control type="group">
							<visible>!Skin.HasSetting(noLyrics)</visible>
							<animation type="conditional" reversible="false" condition="!Skin.HasSetting(3D) + !Skin.HasSetting(onlyBackground)">
								<effect type="slide" end="-30,-48"/>
							</animation>
							<animation type="conditional" reversible="false" condition="Skin.HasSetting(onlyBackground)">
								<effect type="slide" end="-70,460"/>
							</animation>
							<control type="label">
								<left>-635</left>
								<top>-90</top>
								<width>100</width>
								<height>20</height>
								<font>font10</font>
								<align>left</align>
								<textcolor>44FFFFFF</textcolor>
								<label>$INFO[Window(Home).Property(culrc.source)]</label>
								<visible>!Integer.IsGreater(MusicPlayer.Time,30)</visible>
							</control>
							<control type="image">
								<visible>!String.IsEmpty(Window(Home).Property(culrc.haslist)) + !Integer.IsGreater(MusicPlayer.Time,30)</visible>
								<left>-667</left>
								<top>-96</top>
								<width>30</width>
								<height>30</height>
								<colordiffuse>50ffffff</colordiffuse>
								<aspectratio aligny="bottom" align="left">keep</aspectratio>
								<texture background="true">sev.png</texture>
							</control>
							<control type="group">
								<top>518</top>
								<control type="image">
									<visible>String.IsEmpty(Window(Home).Property(culrc.islrc)) + !Integer.IsGreater(MusicPlayer.Time,30) + !String.IsEmpty(Window(Home).Property(culrc.source))</visible>
									<animation effect="fade" start="40" end="0" time="1000" pulse="true" condition="true">Conditional</animation>
									<left>-660</left>
									<top>-630</top>
									<width>20</width>
									<height>20</height>
									<aspectratio aligny="bottom" align="left">keep</aspectratio>
									<texture background="true">arrow_up.png</texture>
								</control>
								<control type="image">
									<visible>String.IsEmpty(Window(Home).Property(culrc.islrc)) + !Integer.IsGreater(MusicPlayer.Time,30) + !String.IsEmpty(Window(Home).Property(culrc.source))</visible>
									<animation effect="fade" start="0" end="40" time="1000" pulse="true" condition="true">Conditional</animation>
									<left>-660</left>
									<top>-610</top>
									<width>20</width>
									<height>20</height>
									<aspectratio aligny="bottom" align="left">keep</aspectratio>
									<texture background="true">arrow_down.png</texture>
								</control>
							</control>
						</control>
						<control type="group">
							<visible>!Skin.HasSetting(onlyBackground)</visible>
							<control type="image">
								<left>775</left>
								<top>-105</top>
								<width>350</width>
								<height>135</height>
								<aspectratio aligny="bottom" align="right">keep</aspectratio>
								<texture background="true">$INFO[Player.Art(artist.clearlogo)]</texture>
							</control>
							<control type="label">
								<left>-1</left>
								<top>-50</top>
								<width>1116</width>
								<height>80</height>
								<font>font_musicviz</font>
								<align>right</align>
								<textcolor>white</textcolor>
								<shadowcolor>black</shadowcolor>
								<label> $INFO[MusicPlayer.Artist]</label>
								<scroll>true</scroll>
								<scrollsuffix>  -  </scrollsuffix>
								<visible>String.IsEmpty(Player.Art(artist.clearlogo))</visible>
							</control>
							<control type="label">
								<visible>String.IsEmpty(Player.Art(artist.clearart)) | Skin.HasSetting(noClearart)</visible>
								<left>-1</left>
								<top>60</top>
								<width>1116</width>
								<height>20</height>
								<align>right</align>
								<font>font53</font>
								<label>$INFO[MusicPlayer.TrackNumber,,. ]$INFO[Player.Title]</label>
								<shadowcolor>black</shadowcolor>
								<scroll>true</scroll>
							</control>
							<control type="label">
								<visible>!String.IsEmpty(Player.Art(artist.clearart)) + !Skin.HasSetting(noClearart)</visible>
								<left>386</left>
								<top>60</top>
								<width>725</width>
								<height>20</height>
								<align>right</align>
								<font>font53</font>
								<label>$INFO[MusicPlayer.TrackNumber,,. ]$INFO[Player.Title]</label>
								<shadowcolor>black</shadowcolor>
								<scroll>true</scroll>
							</control>
							<control type="label">
								<visible>String.IsEmpty(Player.Art(artist.clearart)) | Skin.HasSetting(noClearart)</visible>
								<left>-1</left>
								<top>125</top>
								<width>1116</width>
								<height>20</height>
								<align>right</align>
								<font>font30</font>
								<label>$INFO[MusicPlayer.Album]$INFO[MusicPlayer.DiscNumber, - $LOCALIZE[427]: ,]$INFO[MusicPlayer.Year, (,)]</label>
								<textcolor>white</textcolor>
								<shadowcolor>black</shadowcolor>
								<scroll>true</scroll>
								<scrollsuffix>  -  </scrollsuffix>
							</control>
							<control type="label">
								<visible>!String.IsEmpty(Player.Art(artist.clearart)) + !Skin.HasSetting(noClearart)</visible>
								<left>386</left>
								<top>125</top>
								<width>725</width>
								<height>20</height>
								<align>right</align>
								<font>font30</font>
								<label>$INFO[MusicPlayer.Album]$INFO[MusicPlayer.DiscNumber, - $LOCALIZE[427]: ,]$INFO[MusicPlayer.Year, (,)]</label>
								<textcolor>white</textcolor>
								<shadowcolor>black</shadowcolor>
								<scroll>true</scroll>
								<scrollsuffix>  -  </scrollsuffix>
							</control>
						</control>
					</control>
					<control type="group">
						<visible>!Skin.HasSetting(onlyBackground)</visible>
						<animation type="conditional" reversible="false" condition="!Skin.HasSetting(3D)">
							<effect type="slide" end="-40,-20"/>
						</animation>
						<left>760</left>
						<top>150</top>
						<control type="image">
							<visible>!Skin.HasSetting(noClearart)</visible>
							<left>-5</left>
							<top>-20</top>
							<width>350</width>
							<height>240</height>
							<colordiffuse>ddffffff</colordiffuse>
							<aspectratio aligny="bottom" align="left">keep</aspectratio>
							<texture background="true" diffuse="tajo/osd_black_bg3.png">$INFO[Player.Art(artist.clearart)]</texture>
						</control>
						<control type="label">
							<visible>!Skin.HasSetting(SimpleView)</visible>
							<left>-1</left>
							<top>260</top>
							<width>755</width>
							<height>18</height>
							<align>left</align>
							<font>font30</font>
							<label>$INFO[Player.Time]$INFO[Player.Duration, / ,]</label>
							<shadowcolor>black</shadowcolor>
						</control>
						<control type="label">
							<visible>Skin.HasSetting(SimpleView)</visible>
							<animation type="conditional" reversible="false" condition="Skin.HasSetting(3D) + !Skin.HasSetting(onlyBackground)">
								<effect type="slide" end="-35,0"/>
							</animation>
							<left>-1</left>
							<top>260</top>
							<width>1145</width>
							<height>18</height>
							<align>right</align>
							<font>font30</font>
							<label>$INFO[Player.Time]$INFO[Player.Duration, / ,]</label>
							<shadowcolor>black</shadowcolor>
						</control>
						<control type="label">
							<visible>!Skin.HasSetting(SimpleView)</visible>
							<left>-1</left>
							<top>330</top>
							<width>880</width>
							<height>65</height>
							<align>left</align>
							<textcolor>themecolor</textcolor>
							<shadowcolor>black</shadowcolor>
							<font>font14</font>
							<scroll>true</scroll>
							<scrollsuffix>  -  </scrollsuffix>
							<label>[LOWERCASE][COLOR white]$INFO[MusicPlayer.Genre,, · ][/COLOR]$VAR[Spot_ify,,[COLOR white] ·[/COLOR]][COLOR white]$INFO[MusicPlayer.Bitrate, , [/COLOR]kbps[COLOR white] ·[/COLOR]][COLOR white]$INFO[MusicPlayer.BitsPerSample, ,[/COLOR] $LOCALIZE[612][COLOR white] ·[/COLOR]][/LOWERCASE][COLOR white]$INFO[MusicPlayer.Samplerate, ,[/COLOR]  kHz]</label>
						</control>
						<control type="label">
							<visible>Skin.HasSetting(SimpleView)</visible>
							<animation type="conditional" reversible="false" condition="Skin.HasSetting(3D) + !Skin.HasSetting(onlyBackground)">
								<effect type="slide" end="-35,0"/>
							</animation>
							<left>-1</left>
							<top>330</top>
							<width>1145</width>
							<height>65</height>
							<align>right</align>
							<textcolor>themecolor</textcolor>
							<shadowcolor>black</shadowcolor>
							<font>font14</font>
							<scroll>true</scroll>
							<scrollsuffix>  -  </scrollsuffix>
							<label>[LOWERCASE][COLOR white]$INFO[MusicPlayer.Genre,, · ][/COLOR]$VAR[Spot_ify,,[COLOR white] ·[/COLOR]][COLOR white]$INFO[MusicPlayer.Bitrate, , [/COLOR]kbps[COLOR white] ·[/COLOR]][COLOR white]$INFO[MusicPlayer.BitsPerSample, ,[/COLOR] $LOCALIZE[612][COLOR white] ·[/COLOR]][/LOWERCASE][COLOR white]$INFO[MusicPlayer.Samplerate, ,[/COLOR]  kHz]</label>
						</control>
						<control type="group">
							<visible>!Skin.HasSetting(noRating)</visible>
							<visible>!Player.IsInternetStream</visible>
							<left>1</left>
							<top>287</top>
							<control type="image">
								<animation effect="slide" end="-2,20" condition="true">Conditional</animation>
								<width>30</width>
								<height>30</height>
								<aspectratio>keep</aspectratio>
								<texture colordiffuse="$VAR[Player_Colour_UserRating]">star.png</texture>
								<visible>!String.IsEmpty(MusicPlayer.UserRating)</visible>
							</control>
							<control type="label">
								<animation effect="slide" end="34,13" condition="true">Conditional</animation>
								<width>40</width>
								<visible>!String.IsEmpty(MusicPlayer.UserRating)</visible>
								<align>left</align>
								<aligny>bottom</aligny>
								<font>font13_bold</font>
								<label>[COLOR white][B]$INFO[MusicPlayer.UserRating][/B][/COLOR]</label>
								<textcolor>FFFFFAF0</textcolor>
								<shadowcolor>black</shadowcolor>
							</control>
						</control>
					</control>
					<control type="group">
						<visible>!Skin.HasSetting(onlyBackground)</visible>
						<visible>!Skin.HasSetting(3D)</visible>
						<control type="image">
							<left>70</left>
							<top>36</top>
							<width>480</width>
							<height>480</height>
							<texture diffuse="tajo/shelf/diffuse_box.png" background="true">$INFO[MusicPlayer.Cover]</texture>
							<aspectratio scalediffuse="false">stretch</aspectratio>
						</control>
						<control type="image">
							<left>70</left>
							<top>36</top>
							<width>480</width>
							<height>480</height>
							<texture colordiffuse="ccFFFFFF" background="true">poster_bottom_fade.png</texture>
							<aspectratio scalediffuse="false">stretch</aspectratio>
						</control>
					</control>
					<!--Disco 1-->
					<control type="group">
						<visible>!Skin.HasSetting(onlyBackground)</visible>
						<visible>!Skin.HasSetting(noCD) + Skin.HasSetting(3D)</visible>
						<left>230</left>
						<top>140</top>
						<control type="group">
							<visible>Integer.IsGreater(MusicPlayer.Time,30)</visible>
							<animation effect="rotatey" center="auto" start="5" end="5" time="0" condition="true">Conditional</animation>
							<width>425</width>
							<height>425</height>
							<animation type="Conditional" condition="Integer.IsGreater(MusicPlayer.Time,30)" reversible="false">
								<include>musicv_disc</include>
							</animation>
							<include>musicv_disc2</include>
						</control>
						<control type="group">
							<visible>Integer.IsGreater(MusicPlayer.Time,70)</visible>
							<animation effect="rotatey" center="auto" start="5" end="5" time="0" condition="true">Conditional</animation>
							<width>425</width>
							<height>425</height>
							<animation type="Conditional" condition="Integer.IsGreater(MusicPlayer.Time,70)" reversible="false">
								<include>musicv_disc</include>
							</animation>
							<include>musicv_disc2</include>
						</control>
						<control type="group">
							<visible>Integer.IsGreater(MusicPlayer.Time,110)</visible>
							<animation effect="rotatey" center="auto" start="5" end="5" time="0" condition="true">Conditional</animation>
							<width>425</width>
							<height>425</height>
							<animation type="Conditional" condition="Integer.IsGreater(MusicPlayer.Time,110)" reversible="false">
								<include>musicv_disc</include>
							</animation>
							<include>musicv_disc2</include>
						</control>
						<control type="group">
							<visible>Integer.IsGreater(MusicPlayer.Time,150)</visible>
							<animation effect="rotatey" center="auto" start="5" end="5" time="0" condition="true">Conditional</animation>
							<width>425</width>
							<height>425</height>
							<animation type="Conditional" condition="Integer.IsGreater(MusicPlayer.Time,150)" reversible="false">
								<include>musicv_disc</include>
							</animation>
							<include>musicv_disc2</include>
						</control>
						<control type="group">
							<visible>Integer.IsGreater(MusicPlayer.Time,190)</visible>
							<animation effect="rotatey" center="auto" start="5" end="5" time="0" condition="true">Conditional</animation>
							<width>425</width>
							<height>425</height>
							<animation type="Conditional" condition="Integer.IsGreater(MusicPlayer.Time,190)" reversible="false">
								<include>musicv_disc</include>
							</animation>
							<include>musicv_disc2</include>
						</control>
						<control type="group">
							<visible>Integer.IsGreater(MusicPlayer.Time,230)</visible>
							<animation effect="rotatey" center="auto" start="5" end="5" time="0" condition="true">Conditional</animation>
							<width>425</width>
							<height>425</height>
							<animation type="Conditional" condition="Integer.IsGreater(MusicPlayer.Time,230)" reversible="false">
								<include>musicv_disc</include>
							</animation>
							<include>musicv_disc2</include>
						</control>
						<control type="group">
							<visible>Integer.IsGreater(MusicPlayer.Time,270)</visible>
							<animation effect="rotatey" center="auto" start="5" end="5" time="0" condition="true">Conditional</animation>
							<width>425</width>
							<height>425</height>
							<animation type="Conditional" condition="Integer.IsGreater(MusicPlayer.Time,270)" reversible="false">
								<include>musicv_disc</include>
							</animation>
							<include>musicv_disc2</include>
						</control>
						<control type="group">
							<visible>Integer.IsGreater(MusicPlayer.Time,310)</visible>
							<animation effect="rotatey" center="auto" start="5" end="5" time="0" condition="true">Conditional</animation>
							<width>425</width>
							<height>425</height>
							<animation type="Conditional" condition="Integer.IsGreater(MusicPlayer.Time,310)" reversible="false">
								<include>musicv_disc</include>
							</animation>
							<include>musicv_disc2</include>
						</control>
					</control>
					<control type="group">
						<visible>!Skin.HasSetting(onlyBackground)</visible>
						<visible>Skin.HasSetting(3D)</visible>
						<left>638</left>
						<top>-115</top>
						<animation effect="zoom" end="160" center="auto" condition="true">Conditional</animation>
						<control type="group">
							<animation type="Conditional" condition="Integer.IsGreater(MusicPlayer.Time,10) + !String.IsEmpty(Player.Art(album.back))" reversible="false">
								<effect type="slide" end="-750,-10" time="1500" tween="sine" easing="in"/>
							</animation>
							<animation type="Conditional" condition="Integer.IsGreater(MusicPlayer.Time,50) + !String.IsEmpty(Player.Art(album.back))" reversible="false">
								<effect type="slide" end="-750,-10" time="1500" tween="sine" easing="in"/>
							</animation>
							<animation type="Conditional" condition="Integer.IsGreater(MusicPlayer.Time,90) + !String.IsEmpty(Player.Art(album.back))" reversible="false">
								<effect type="slide" end="-750,-10" time="1500" tween="sine" easing="in"/>
							</animation>
							<animation type="Conditional" condition="Integer.IsGreater(MusicPlayer.Time,130) + !String.IsEmpty(Player.Art(album.back))" reversible="false">
								<effect type="slide" end="-750,-10" time="1500" tween="sine" easing="in"/>
							</animation>
							<animation type="Conditional" condition="Integer.IsGreater(MusicPlayer.Time,170) + !String.IsEmpty(Player.Art(album.back))" reversible="false">
								<effect type="slide" end="-750,-10" time="1500" tween="sine" easing="in"/>
							</animation>
							<animation type="Conditional" condition="Integer.IsGreater(MusicPlayer.Time,210) + !String.IsEmpty(Player.Art(album.back))" reversible="false">
								<effect type="slide" end="-750,-10" time="1500" tween="sine" easing="in"/>
							</animation>
							<animation type="Conditional" condition="Integer.IsGreater(MusicPlayer.Time,250) + !String.IsEmpty(Player.Art(album.back))" reversible="false">
								<effect type="slide" end="-750,-10" time="1500" tween="sine" easing="in"/>
							</animation>
							<animation type="Conditional" condition="Integer.IsGreater(MusicPlayer.Time,290) + !String.IsEmpty(Player.Art(album.back))" reversible="false">
								<effect type="slide" end="-750,-10" time="1500" tween="sine" easing="in"/>
							</animation>
							<animation type="Conditional" condition="Integer.IsGreater(MusicPlayer.Time,21) + !String.IsEmpty(Player.Art(album.back))" reversible="false">
								<effect type="slide" end="750,10" time="1500" tween="sine" easing="out"/>
							</animation>
							<animation type="Conditional" condition="Integer.IsGreater(MusicPlayer.Time,61) + !String.IsEmpty(Player.Art(album.back))" reversible="false">
								<effect type="slide" end="750,10" time="1500" tween="sine" easing="out"/>
							</animation>
							<animation type="Conditional" condition="Integer.IsGreater(MusicPlayer.Time,101) + !String.IsEmpty(Player.Art(album.back))" reversible="false">
								<effect type="slide" end="750,10" time="1500" tween="sine" easing="out"/>
							</animation>
							<animation type="Conditional" condition="Integer.IsGreater(MusicPlayer.Time,141) + !String.IsEmpty(Player.Art(album.back))" reversible="false">
								<effect type="slide" end="750,10" time="1500" tween="sine" easing="out"/>
							</animation>
							<animation type="Conditional" condition="Integer.IsGreater(MusicPlayer.Time,181) + !String.IsEmpty(Player.Art(album.back))" reversible="false">
								<effect type="slide" end="750,10" time="1500" tween="sine" easing="out"/>
							</animation>
							<animation type="Conditional" condition="Integer.IsGreater(MusicPlayer.Time,221) + !String.IsEmpty(Player.Art(album.back))" reversible="false">
								<effect type="slide" end="750,10" time="1500" tween="sine" easing="out"/>
							</animation>
							<animation type="Conditional" condition="Integer.IsGreater(MusicPlayer.Time,261) + !String.IsEmpty(Player.Art(album.back))" reversible="false">
								<effect type="slide" end="750,10" time="1500" tween="sine" easing="out"/>
							</animation>
							<animation type="Conditional" condition="Integer.IsGreater(MusicPlayer.Time,301) + !String.IsEmpty(Player.Art(album.back))" reversible="false">
								<effect type="slide" end="750,10" time="1500" tween="sine" easing="out"/>
							</animation>
							<control type="image">
								<left>-63</left>
								<top>256</top>
								<width>293</width>
								<height>304</height>
								<texture background="true">tajo/shelf/back.png</texture>
								<aspectratio scalediffuse="false">stretch</aspectratio>
							</control>
							<control type="image">
								<left>-63</left>
								<top>256</top>
								<width>280</width>
								<height>304</height>
								<texture diffuse="tajo/shelf/diffuse_box.png" background="true">$INFO[MusicPlayer.Cover]</texture>
								<aspectratio scalediffuse="false">stretch</aspectratio>
							</control>
							<control type="image">
								<animation effect="rotatey" center="224,0" start="-65" end="-65" condition="true">Conditional</animation>
								<left>217</left>
								<top>256</top>
								<width>14</width>
								<height>303</height>
								<colordiffuse>bcFFFFFF</colordiffuse>
								<texture diffuse="tajo/mask_cover3.png" background="true">$INFO[Player.Art(album.spine)]</texture>
								<aspectratio scalediffuse="false">stretch</aspectratio>
							</control>
							<!-- Poster reflejo  -->
							<control type="image">
								<left>-63</left>
								<top>563</top>
								<width>280</width>
								<height>308</height>
								<colordiffuse>28FFFFFF</colordiffuse>
								<texture flipy="true" background="true">$INFO[MusicPlayer.Cover]</texture>
								<aspectratio scalediffuse="false">stretch</aspectratio>
							</control>
							<control type="image">
								<animation effect="rotatey" center="224,0" start="-65" end="-65" condition="true">Conditional</animation>
								<left>217</left>
								<top>562</top>
								<width>14</width>
								<height>303</height>
								<colordiffuse>18FFFFFF</colordiffuse>
								<texture flipy="true" background="true">$INFO[Player.Art(album.spine)]</texture>
								<aspectratio scalediffuse="false">stretch</aspectratio>
							</control>
							<control type="image">
								<left>-63</left>
								<top>563</top>
								<width>280</width>
								<height>308</height>
								<colordiffuse>77FFFFFF</colordiffuse>
								<aspectratio>stretch</aspectratio>
								<texture flipy="true" background="true">tajo/osd_black_bg.png</texture>
							</control>
							<control type="image">
								<!-- Estuche -->
								<left>-100</left>
								<top>248</top>
								<width>330</width>
								<height>316</height>
								<texture background="true">tajo/shelf/caja_cd.png</texture>
								<aspectratio>stretch</aspectratio>
							</control>
							<control type="image">
								<!-- Estuche reflejo -->
								<left>-100</left>
								<top>556</top>
								<width>330</width>
								<height>316</height>
								<colordiffuse>65FFFFFF</colordiffuse>
								<texture background="true">tajo/shelf/caja_cdr.png</texture>
								<aspectratio>stretch</aspectratio>
							</control>
							<control type="label">
								<visible>String.IsEmpty(Player.Art(album.spine))</visible>
								<left>70</left>
								<top>400</top>
								<width>310</width>
								<height>14</height>
								<align>center</align>
								<aligny>top</aligny>
								<scroll>false</scroll>
								<animation effect="rotate" center="auto" start="90" end="90" time="0" condition="true">Conditional</animation>
								<font>spiner2</font>
								<label>$INFO[MusicPlayer.Album]</label>
								<textcolor>white</textcolor>
							</control>
						</control>
					</control>
					<control type="group">
						<visible>!Skin.HasSetting(onlyBackground)</visible>
						<visible>Skin.HasSetting(3D)</visible>
						<left>-603</left>
						<top>-1</top>
						<animation effect="zoom" end="105" center="auto" condition="true">Conditional</animation>
						<animation type="Conditional" condition="Integer.IsGreater(MusicPlayer.Time,11) + !String.IsEmpty(Player.Art(album.back))" reversible="false">
							<effect type="slide" end="750,-10" time="1500" tween="sine" easing="in"/>
						</animation>
						<animation type="Conditional" condition="Integer.IsGreater(MusicPlayer.Time,51) + !String.IsEmpty(Player.Art(album.back))" reversible="false">
							<effect type="slide" end="750,-10" time="1500" tween="sine" easing="in"/>
						</animation>
						<animation type="Conditional" condition="Integer.IsGreater(MusicPlayer.Time,91) + !String.IsEmpty(Player.Art(album.back))" reversible="false">
							<effect type="slide" end="750,-10" time="1500" tween="sine" easing="in"/>
						</animation>
						<animation type="Conditional" condition="Integer.IsGreater(MusicPlayer.Time,131) + !String.IsEmpty(Player.Art(album.back))" reversible="false">
							<effect type="slide" end="750,-10" time="1500" tween="sine" easing="in"/>
						</animation>
						<animation type="Conditional" condition="Integer.IsGreater(MusicPlayer.Time,171) + !String.IsEmpty(Player.Art(album.back))" reversible="false">
							<effect type="slide" end="750,-10" time="1500" tween="sine" easing="in"/>
						</animation>
						<animation type="Conditional" condition="Integer.IsGreater(MusicPlayer.Time,211) + !String.IsEmpty(Player.Art(album.back))" reversible="false">
							<effect type="slide" end="750,-10" time="1500" tween="sine" easing="in"/>
						</animation>
						<animation type="Conditional" condition="Integer.IsGreater(MusicPlayer.Time,251) + !String.IsEmpty(Player.Art(album.back))" reversible="false">
							<effect type="slide" end="750,-10" time="1500" tween="sine" easing="in"/>
						</animation>
						<animation type="Conditional" condition="Integer.IsGreater(MusicPlayer.Time,291) + !String.IsEmpty(Player.Art(album.back))" reversible="false">
							<effect type="slide" end="750,-10" time="1500" tween="sine" easing="in"/>
						</animation>
						<animation type="Conditional" condition="Integer.IsGreater(MusicPlayer.Time,20) + !String.IsEmpty(Player.Art(album.back))" reversible="false">
							<effect type="slide" end="-750,10" time="1500" tween="sine" easing="out"/>
						</animation>
						<animation type="Conditional" condition="Integer.IsGreater(MusicPlayer.Time,60) + !String.IsEmpty(Player.Art(album.back))" reversible="false">
							<effect type="slide" end="-750,10" time="1500" tween="sine" easing="out"/>
						</animation>
						<animation type="Conditional" condition="Integer.IsGreater(MusicPlayer.Time,100) + !String.IsEmpty(Player.Art(album.back))" reversible="false">
							<effect type="slide" end="-750,10" time="1500" tween="sine" easing="out"/>
						</animation>
						<animation type="Conditional" condition="Integer.IsGreater(MusicPlayer.Time,140) + !String.IsEmpty(Player.Art(album.back))" reversible="false">
							<effect type="slide" end="-750,10" time="1500" tween="sine" easing="out"/>
						</animation>
						<animation type="Conditional" condition="Integer.IsGreater(MusicPlayer.Time,180) + !String.IsEmpty(Player.Art(album.back))" reversible="false">
							<effect type="slide" end="-750,10" time="1500" tween="sine" easing="out"/>
						</animation>
						<animation type="Conditional" condition="Integer.IsGreater(MusicPlayer.Time,220) + !String.IsEmpty(Player.Art(album.back))" reversible="false">
							<effect type="slide" end="-750,10" time="1500" tween="sine" easing="out"/>
						</animation>
						<animation type="Conditional" condition="Integer.IsGreater(MusicPlayer.Time,260) + !String.IsEmpty(Player.Art(album.back))" reversible="false">
							<effect type="slide" end="-750,10" time="1500" tween="sine" easing="out"/>
						</animation>
						<animation type="Conditional" condition="Integer.IsGreater(MusicPlayer.Time,300) + !String.IsEmpty(Player.Art(album.back))" reversible="false">
							<effect type="slide" end="-750,10" time="1500" tween="sine" easing="out"/>
						</animation>
						<!--Trasera caja-->
						<control type="group">
							<left>-20</left>
							<top>107</top>
							<control type="image">
								<width>498</width>
								<height>466</height>
								<texture background="true">tajo/shelf/back.png</texture>
								<aspectratio scalediffuse="false">stretch</aspectratio>
							</control>
							<control type="image">
								<animation effect="rotatey" center="488,0" start="-65" end="-65" condition="true">Conditional</animation>
								<animation effect="rotate" end="180" center="488,0" condition="true">Conditional</animation>
								<top>-465</top>
								<left>478</left>
								<width>20</width>
								<height>465</height>
								<colordiffuse>ddFFFFFF</colordiffuse>
								<texture diffuse="tajo/mask_cover3.png" background="true">$INFO[Player.Art(album.spine)]</texture>
								<aspectratio scalediffuse="false">stretch</aspectratio>
							</control>
							<control type="image">
								<width>480</width>
								<height>465</height>
								<aspectratio align="center" aligny="center">stretch</aspectratio>
								<texture diffuse="tajo/mask_cover3.png" background="true">$INFO[Player.Art(album.back)]</texture>
							</control>
						</control>
						<!-- Estuche trasera-->
						<control type="image">
							<left>-24</left>
							<top>100</top>
							<width>502</width>
							<height>480</height>
							<texture background="true">tajo/shelf/caja_cd_b.png</texture>
							<aspectratio>stretch</aspectratio>
						</control>
						<control type="group">
							<top>-100</top>
							<control type="label">
								<visible>String.IsEmpty(Player.Art(album.spine))</visible>
								<left>312</left>
								<top>440</top>
								<width>310</width>
								<height>14</height>
								<align>center</align>
								<aligny>top</aligny>
								<scroll>false</scroll>
								<animation effect="rotate" center="auto" start="90" end="90" time="0" condition="true">Conditional</animation>
								<font>spiner3</font>
								<label>$INFO[MusicPlayer.Album]</label>
								<textcolor>white</textcolor>
							</control>
						</control>
						<control type="group">
							<!--Trasera caja reflejo-->
							<left>-1</left>
							<top>-6</top>
							<control type="group">
								<left>-20</left>
								<top>585</top>
								<control type="image">
									<animation effect="rotatey" center="490,0" start="-60" end="-60" condition="true">Conditional</animation>
									<animation effect="rotate" end="180" center="490,0" condition="true">Conditional</animation>
									<top>-464</top>
									<left>482</left>
									<width>16</width>
									<height>465</height>
									<colordiffuse>25FFFFFF</colordiffuse>
									<texture background="true" flipy="true">$INFO[Player.Art(album.spine)]</texture>
									<aspectratio scalediffuse="false">stretch</aspectratio>
								</control>
								<control type="image">
									<width>480</width>
									<height>465</height>
									<colordiffuse>25FFFFFF</colordiffuse>
									<aspectratio align="center" aligny="center">stretch</aspectratio>
									<texture diffuse="tajo/mask_cover3.png" flipy="true" background="true">$INFO[Player.Art(album.back)]</texture>
								</control>
								<control type="image">
									<width>480</width>
									<height>465</height>
									<colordiffuse>45FFFFFF</colordiffuse>
									<aspectratio scalediffuse="false">stretch</aspectratio>
									<texture background="true">tajo/side_fade.png</texture>
								</control>
							</control>
							<control type="image">
								<!-- Estuche trasera-->
								<left>-23</left>
								<top>574</top>
								<width>503</width>
								<height>480</height>
								<colordiffuse>89FFFFFF</colordiffuse>
								<texture background="true">tajo/shelf/caja_cd_br.png</texture>
								<aspectratio>stretch</aspectratio>
							</control>
						</control>
					</control>
					<!--Disco 2-->
					<control type="group">
						<visible>!Skin.HasSetting(onlyBackground)</visible>
						<visible>!Skin.HasSetting(noCD) + Skin.HasSetting(3D)</visible>
						<left>230</left>
						<top>140</top>
						<control type="group">
							<visible>Integer.IsGreater(MusicPlayer.Time,30)</visible>
							<animation effect="rotatey" center="auto" start="5" end="5" time="0" condition="true">Conditional</animation>
							<width>425</width>
							<height>425</height>
							<animation type="Conditional" condition="Integer.IsGreater(MusicPlayer.Time,30)" reversible="false">
								<include>musicv_disc</include>
								<effect type="fade" start="0" end="100" delay="1000" time="1000"/>
							</animation>
							<include>musicv_disc2</include>
						</control>
						<control type="group">
							<visible>Integer.IsGreater(MusicPlayer.Time,70)</visible>
							<animation effect="rotatey" center="auto" start="5" end="5" time="0" condition="true">Conditional</animation>
							<width>425</width>
							<height>425</height>
							<animation type="Conditional" condition="Integer.IsGreater(MusicPlayer.Time,70)" reversible="false">
								<include>musicv_disc</include>
								<effect type="fade" start="0" end="100" delay="1000" time="1000"/>
							</animation>
							<include>musicv_disc2</include>
						</control>
						<control type="group">
							<visible>Integer.IsGreater(MusicPlayer.Time,110)</visible>
							<animation effect="rotatey" center="auto" start="5" end="5" time="0" condition="true">Conditional</animation>
							<width>425</width>
							<height>425</height>
							<animation type="Conditional" condition="Integer.IsGreater(MusicPlayer.Time,110)" reversible="false">
								<include>musicv_disc</include>
								<effect type="fade" start="0" end="100" delay="1000" time="1000"/>
							</animation>
							<include>musicv_disc2</include>
						</control>
						<control type="group">
							<visible>Integer.IsGreater(MusicPlayer.Time,150)</visible>
							<animation effect="rotatey" center="auto" start="5" end="5" time="0" condition="true">Conditional</animation>
							<width>425</width>
							<height>425</height>
							<animation type="Conditional" condition="Integer.IsGreater(MusicPlayer.Time,150)" reversible="false">
								<include>musicv_disc</include>
								<effect type="fade" start="0" end="100" delay="1000" time="1000"/>
							</animation>
							<include>musicv_disc2</include>
						</control>
						<control type="group">
							<visible>Integer.IsGreater(MusicPlayer.Time,190)</visible>
							<animation effect="rotatey" center="auto" start="5" end="5" time="0" condition="true">Conditional</animation>
							<width>425</width>
							<height>425</height>
							<animation type="Conditional" condition="Integer.IsGreater(MusicPlayer.Time,190)" reversible="false">
								<include>musicv_disc</include>
								<effect type="fade" start="0" end="100" delay="1000" time="1000"/>
							</animation>
							<include>musicv_disc2</include>
						</control>
						<control type="group">
							<visible>Integer.IsGreater(MusicPlayer.Time,230)</visible>
							<animation effect="rotatey" center="auto" start="5" end="5" time="0" condition="true">Conditional</animation>
							<width>425</width>
							<height>425</height>
							<animation type="Conditional" condition="Integer.IsGreater(MusicPlayer.Time,230)" reversible="false">
								<include>musicv_disc</include>
								<effect type="fade" start="0" end="100" delay="1000" time="1000"/>
							</animation>
							<include>musicv_disc2</include>
						</control>
						<control type="group">
							<visible>Integer.IsGreater(MusicPlayer.Time,270)</visible>
							<animation effect="rotatey" center="auto" start="5" end="5" time="0" condition="true">Conditional</animation>
							<width>425</width>
							<height>425</height>
							<animation type="Conditional" condition="Integer.IsGreater(MusicPlayer.Time,270)" reversible="false">
								<include>musicv_disc</include>
								<effect type="fade" start="0" end="100" delay="1000" time="1000"/>
							</animation>
							<include>musicv_disc2</include>
						</control>
						<control type="group">
							<visible>Integer.IsGreater(MusicPlayer.Time,310)</visible>
							<animation effect="rotatey" center="auto" start="5" end="5" time="0" condition="true">Conditional</animation>
							<width>425</width>
							<height>425</height>
							<animation type="Conditional" condition="Integer.IsGreater(MusicPlayer.Time,310)" reversible="false">
								<include>musicv_disc</include>
								<effect type="fade" start="0" end="100" delay="1000" time="1000"/>
							</animation>
							<include>musicv_disc2</include>
						</control>
					</control>
					<!--Disco reflejo-->
					<control type="group">
						<visible>!Skin.HasSetting(onlyBackground)</visible>
						<visible>!Skin.HasSetting(noCD) + Skin.HasSetting(3D)</visible>
						<left>230</left>
						<top>565</top>
						<control type="group">
							<visible>Integer.IsGreater(MusicPlayer.Time,30)</visible>
							<animation effect="rotatey" center="auto" start="5" end="5" time="0" condition="true">Conditional</animation>
							<width>425</width>
							<height>425</height>
							<animation type="Conditional" condition="Integer.IsGreater(MusicPlayer.Time,30)" reversible="false">
								<include>musicv_discr</include>
								<effect type="fade" delay="800" start="0" end="100" time="500"/>
							</animation>
							<include>musicv_disc2r</include>
						</control>
						<control type="group">
							<visible>Integer.IsGreater(MusicPlayer.Time,70)</visible>
							<animation effect="rotatey" center="auto" start="5" end="5" time="0" condition="true">Conditional</animation>
							<width>425</width>
							<height>425</height>
							<animation type="Conditional" condition="Integer.IsGreater(MusicPlayer.Time,70)" reversible="false">
								<include>musicv_discr</include>
								<effect type="fade" start="0" end="100" delay="1000" time="1000"/>
							</animation>
							<include>musicv_disc2r</include>
						</control>
						<control type="group">
							<visible>Integer.IsGreater(MusicPlayer.Time,110)</visible>
							<animation effect="rotatey" center="auto" start="5" end="5" time="0" condition="true">Conditional</animation>
							<width>425</width>
							<height>425</height>
							<animation type="Conditional" condition="Integer.IsGreater(MusicPlayer.Time,110)" reversible="false">
								<include>musicv_discr</include>
								<effect type="fade" start="0" end="100" delay="1000" time="1000"/>
							</animation>
							<include>musicv_disc2r</include>
						</control>
						<control type="group">
							<visible>Integer.IsGreater(MusicPlayer.Time,150)</visible>
							<animation effect="rotatey" center="auto" start="5" end="5" time="0" condition="true">Conditional</animation>
							<width>425</width>
							<height>425</height>
							<animation type="Conditional" condition="Integer.IsGreater(MusicPlayer.Time,150)" reversible="false">
								<include>musicv_discr</include>
								<effect type="fade" start="0" end="100" delay="1000" time="1000"/>
							</animation>
							<include>musicv_disc2r</include>
						</control>
						<control type="group">
							<visible>Integer.IsGreater(MusicPlayer.Time,190)</visible>
							<animation effect="rotatey" center="auto" start="5" end="5" time="0" condition="true">Conditional</animation>
							<width>425</width>
							<height>425</height>
							<animation type="Conditional" condition="Integer.IsGreater(MusicPlayer.Time,190)" reversible="false">
								<include>musicv_discr</include>
								<effect type="fade" start="0" end="100" delay="1000" time="1000"/>
							</animation>
							<include>musicv_disc2r</include>
						</control>
						<control type="group">
							<visible>Integer.IsGreater(MusicPlayer.Time,230)</visible>
							<animation effect="rotatey" center="auto" start="5" end="5" time="0" condition="true">Conditional</animation>
							<width>425</width>
							<height>425</height>
							<animation type="Conditional" condition="Integer.IsGreater(MusicPlayer.Time,230)" reversible="false">
								<include>musicv_discr</include>
								<effect type="fade" start="0" end="100" delay="1000" time="1000"/>
							</animation>
							<include>musicv_disc2r</include>
						</control>
						<control type="group">
							<visible>Integer.IsGreater(MusicPlayer.Time,270)</visible>
							<animation effect="rotatey" center="auto" start="5" end="5" time="0" condition="true">Conditional</animation>
							<width>425</width>
							<height>425</height>
							<animation type="Conditional" condition="Integer.IsGreater(MusicPlayer.Time,270)" reversible="false">
								<include>musicv_discr</include>
								<effect type="fade" start="0" end="100" delay="1000" time="1000"/>
							</animation>
							<include>musicv_disc2r</include>
						</control>
						<control type="group">
							<visible>Integer.IsGreater(MusicPlayer.Time,310)</visible>
							<animation effect="rotatey" center="auto" start="5" end="5" time="0" condition="true">Conditional</animation>
							<width>425</width>
							<height>425</height>
							<animation type="Conditional" condition="Integer.IsGreater(MusicPlayer.Time,310)" reversible="false">
								<include>musicv_discr</include>
								<effect type="fade" start="0" end="100" delay="1000" time="1000"/>
							</animation>
							<include>musicv_disc2r</include>
						</control>
					</control>
					<control type="group">
						<visible>!Skin.HasSetting(onlyBackground)</visible>
						<visible>!Skin.HasSetting(SimpleView)</visible>
						<top>10</top>
						<control type="group">
							<top>540</top>
							<left>480</left>
							<visible>Integer.IsGreater(MusicPlayer.Time,10)</visible>
							<include content="Music_vis4">
								<param name="orderr">1</param>
								<param name="leftr">0</param>
							</include>
							<include content="Music_vis4">
								<param name="orderr">2</param>
								<param name="leftr">50</param>
							</include>
						</control>
						<control type="group">
							<top>540</top>
							<left>480</left>
							<visible>Integer.IsGreater(MusicPlayer.Time,25)</visible>
							<include content="Music_vis4">
								<param name="orderr">3</param>
								<param name="leftr">100</param>
							</include>
							<include content="Music_vis4">
								<param name="orderr">4</param>
								<param name="leftr">150</param>
							</include>
						</control>
						<control type="group">
							<top>540</top>
							<left>480</left>
							<visible>Integer.IsGreater(MusicPlayer.Time,40)</visible>
							<include content="Music_vis4">
								<param name="orderr">5</param>
								<param name="leftr">200</param>
							</include>
							<include content="Music_vis4">
								<param name="orderr">6</param>
								<param name="leftr">250</param>
							</include>
						</control>
						<control type="group">
							<top>540</top>
							<left>480</left>
							<visible>Integer.IsGreater(MusicPlayer.Time,55)</visible>
							<include content="Music_vis4">
								<param name="orderr">7</param>
								<param name="leftr">300</param>
							</include>
							<include content="Music_vis4">
								<param name="orderr">8</param>
								<param name="leftr">350</param>
							</include>
						</control>
						<control type="group">
							<top>540</top>
							<left>480</left>
							<visible>Integer.IsGreater(MusicPlayer.Time,70)</visible>
							<include content="Music_vis4">
								<param name="orderr">9</param>
								<param name="leftr">400</param>
							</include>
						</control>
						<control type="group">
							<control type="group">
								<top>-40</top>
								<control type="label">
									<left>1135</left>
									<top>361</top>
									<width>525</width>
									<height>45</height>
									<align>right</align>
									<font>Font_plot</font>
									<textcolor>themecolor</textcolor>
									<label>$VAR[musicviz1]</label>
									<shadowcolor>black</shadowcolor>
									<scroll>false</scroll>
									<scrollout>false</scrollout>
								</control>
								<control type="label">
									<left>1046</left>
									<top>400</top>
									<width>612</width>
									<height>45</height>
									<align>right</align>
									<font>Font_plot</font>
									<label>$VAR[musicviz2]</label>
									<textcolor>FFFFFFFF</textcolor>
									<shadowcolor>black</shadowcolor>
									<scroll>false</scroll>
									<scrollout>false</scrollout>
								</control>
								<control type="label">
									<left>1046</left>
									<top>434</top>
									<width>612</width>
									<height>45</height>
									<align>right</align>
									<font>Font_plot</font>
									<label>$VAR[musicviz3]</label>
									<shadowcolor>black</shadowcolor>
									<textcolor>FFFFFFFF</textcolor>
									<scroll>false</scroll>
									<scrollout>false</scrollout>
								</control>
							</control>
							<control type="image">
								<left>1686</left>
								<top>332</top>
								<width>185</width>
								<height>185</height>
								<fadetime>700</fadetime>
								<texture colordiffuse="c1FFFFFF" diffuse="tajo/mask_cover3.png" background="true">$VAR[musicviz4]</texture>
								<aspectratio align="left" aligny="top">scale</aspectratio>
							</control>
						</control>
					</control>
				</control>
			</control>
		</control>
	</controls>
</window>