<?xml version="1.0" encoding="UTF-8"?>
<window>
	<defaultcontrol always="true">50</defaultcontrol>
	<onload>ClearProperty(MediaMenu,Home)</onload>
	<views>50,592,582</views>
	<menucontrol>9051</menucontrol>
	<controls>
		<include>CommonBackground</include>
		<control type="group">
			<include>WindowOpenCloseAnimation</include>
			<include>PictureList</include>
			<!-- view id = 50 -->
			<include>PictureWall</include>
			<!-- view id = 592 -->
			<include>PictureFilmstrip</include>
			<!-- view id = 582 -->
		</control>
		<control type="group">
			<left>-440</left>
			<include>SideBladeLeft</include>
			<control type="grouplist" id="9050">
				<include>MediaMenuTop</include>
				<control type="edit" id="19">
					<visible>Container.CanFilter + !Container.CanFilterAdvanced</visible>
					<description>Filter</description>
					<textwidth>345</textwidth>
					<include>ButtonCommonValues</include>
					<label>587</label>
				</control>
				<control type="radiobutton" id="20">
					<visible>Container.CanFilterAdvanced</visible>
					<description>Filter</description>
					<include>ButtonCommonValues</include>
					<label>587</label>
					<onclick>right</onclick>
					<onclick>Filter</onclick>
				</control>
				<control type="button" id="201">
					<description>View options</description>
					<textwidth>352</textwidth>
					<font>font13_title</font>
					<include>ButtonCommonValues</include>
					<label>31026</label>
					<enable>no</enable>
					<disabledcolor>themecolor</disabledcolor>
				</control>
				<control type="button" id="6">
					<description>Slideshow</description>
					<textwidth>352</textwidth>
					<include>ButtonCommonValues</include>
					<label>108</label>
				</control>
				<control type="button" id="7">
					<description>Recersive Slideshow</description>
					<textwidth>352</textwidth>
					<include>ButtonCommonValues</include>
					<label>361</label>
				</control>
				<control type="radiobutton" id="9">
					<description>Randomize Toggle</description>
					<include>ButtonCommonValues</include>
					<label>13319</label>
				</control>
				<control type="button" id="203">
					<description>Actions</description>
					<textwidth>352</textwidth>
					<font>font13_title</font>
					<include>ButtonCommonValues</include>
					<label>31039</label>
					<enable>no</enable>
					<disabledcolor>themecolor</disabledcolor>
				</control>
				<control type="button" id="613">
					<description>Get more</description>
					<include>ButtonCommonValues</include>
					<label>$LOCALIZE[21452]</label>
					<onclick>ActivateWindow(addonbrowser,addons://more/image/,return)</onclick>
					<visible>Container.Content(addons)</visible>
				</control>
				<control type="button" id="614">
					<description>Add-on settings</description>
					<include>ButtonCommonValues</include>
					<label>$LOCALIZE[10140]</label>
					<onclick>Addon.OpenSettings($INFO[Container.PluginName])</onclick>
					<visible>!String.IsEmpty(Container.PluginName)</visible>
				</control>
				<control type="button" id="615">
					<description>Settings button</description>
					<include>ButtonCommonValues</include>
					<label>$LOCALIZE[5]</label>
					<onclick>ActivateWindow(mediasettings,pictures)</onclick>
					<visible>Container.Content(images)</visible>
				</control>
				<control type="button" id="616">
					<description>Go to playercontrols</description>
					<include>ButtonCommonValues</include>
					<label>$LOCALIZE[31177]</label>
					<onclick condition="Player.HasAudio">ClearProperty(MediaMenu,Home)</onclick>
					<onclick condition="Player.HasAudio">SetFocus(50)</onclick>
					<onclick condition="Player.HasAudio">ActivateWindow(playercontrols)</onclick>
					<onclick condition="Player.HasVideo">Fullscreen</onclick>
					<onclick condition="Player.HasVideo">ActivateWindow(videoosd)</onclick>
					<onclick>ClearProperty(MediaMenu,Home)</onclick>
					<visible>Player.HasMedia</visible>
				</control>
			</control>
		</control>
		<control type="grouplist">
			<visible>!Skin.HasSetting(noshow_Time)</visible>
			<visible>!ListItem.IsParentFolder</visible>
			<visible>!Control.IsVisible(582)</visible>
			<left>10</left>
			<width>400</width>
			<align>left</align>
			<orientation>horizontal</orientation>
			<itemgap>0</itemgap>
			<control type="label">
				<align>left</align>
				<width min="20" max="200">auto</width>
				<height>40</height>
				<textcolor>grey2</textcolor>
				<shadowcolor>black</shadowcolor>
				<font>fontDiscog</font>
				<label>$INFO[System.Time(hh)]</label>
			</control>
			<control type="label">
				<align>left</align>
				<width min="20" max="200">auto</width>
				<height>34</height>
				<textcolor>grey2</textcolor>
				<shadowcolor>black</shadowcolor>
				<font>Font_bro</font>
				<label>:$INFO[System.Time(mm)]</label>
			</control>
		</control>
		<control type="grouplist">
			<visible>!Skin.HasSetting(noshow_numItems)</visible>
			<visible>!ListItem.IsParentFolder</visible>
			<visible>!Control.IsVisible(582)</visible>
			<left>10</left>
			<top>1030</top>
			<width>400</width>
			<align>left</align>
			<orientation>horizontal</orientation>
			<itemgap>0</itemgap>
			<control type="label">
				<align>left</align>
				<width min="20" max="200">auto</width>
				<height>40</height>
				<textcolor>grey2</textcolor>
				<shadowcolor>black</shadowcolor>
				<font>fontDiscog</font>
				<label>$INFO[Container.CurrentItem]</label>
			</control>
			<control type="label">
				<align>left</align>
				<width min="20" max="200">auto</width>
				<height>52</height>
				<textcolor>grey2</textcolor>
				<shadowcolor>black</shadowcolor>
				<font>Font_bro</font>
				<label>/$INFO[Container.NumItems]</label>
			</control>
		</control>
	</controls>
</window>