<?xml version="1.0" encoding="UTF-8"?>
<window>
	<defaultcontrol always="true">68</defaultcontrol>
	<onload>ClearProperty(MediaMenu,Home)</onload>
	<views>68</views>
	<menucontrol>9051</menucontrol>
	<controls>
		<include>CommonBackground</include>
		<include condition="String.IsEmpty(Skin.String(LiveTV.EpgViewType))">EpgTimelineStandard</include>
		<include condition="String.IsEqual(Skin.String(LiveTV.EpgViewType),1)">EpgTimelineMinified</include>
		<control type="label" id="29">
			<font/>
			<include>HiddenObject</include>
		</control>
		<control type="label" id="30">
			<font/>
			<include>HiddenObject</include>
		</control>
		<control type="image">
			<width>1920</width>
			<height>1080</height>
			<texture>black-back.png</texture>
			<animation effect="fade" time="400">Visible</animation>
			<animation effect="fade" time="200">Hidden</animation>
			<visible>Window.IsActive(FileBrowser) | Window.IsActive(PVRGuideInfo) | Window.IsActive(PVRRecordingInfo) | Window.IsActive(PVRTimerSetting) | Window.IsActive(PVRGroupManager) | Window.IsActive(PVRGuideSearch)</visible>
		</control>
		<control type="grouplist">
			<visible>!Skin.HasSetting(noshow_Time)</visible>
			<visible>!ListItem.IsParentFolder</visible>
			<left>10</left>
			<width>400</width>
			<align>left</align>
			<orientation>horizontal</orientation>
			<itemgap>0</itemgap>
			<control type="label">
				<align>left</align>
				<width min="20" max="200">auto</width>
				<height>40</height>
				<textcolor>grey2</textcolor>
				<shadowcolor>black</shadowcolor>
				<font>fontDiscog</font>
				<label>$INFO[System.Time(hh)]</label>
			</control>
			<control type="label">
				<align>left</align>
				<width min="20" max="200">auto</width>
				<height>34</height>
				<textcolor>grey2</textcolor>
				<shadowcolor>black</shadowcolor>
				<font>Font_bro</font>
				<label>:$INFO[System.Time(mm)]</label>
			</control>
		</control>
		<include>PVRMediaMenu</include>
	</controls>
</window>