<?xml version="1.0" encoding="UTF-8"?>
<window>
	<defaultcontrol always="true">9000</defaultcontrol>
	<onload>ClearProperty(MediaMenu,Home)</onload>
	<views>50</views>
	<controls>
		<include>CommonBackground</include>
		<control type="image">
			<left>-30</left>
			<top>-30</top>
			<width>2040</width>
			<height>1277</height>
			<fadetime>FanartCrossfadeTime</fadetime>
			<aspectratio>scale</aspectratio>
			<texture background="true">$INFO[ListItem.Art(fanart)]</texture>
		</control>
		<control type="image">
			<left>-30</left>
			<top>-30</top>
			<width>2040</width>
			<height>1277</height>
			<texture diffuse="tajo/mask_cover3.png">tajo/darkgrey.png</texture>
			<colordiffuse>themecolor</colordiffuse>
			<animation effect="fade" end="85" condition="true">Conditional</animation>
		</control>
		<control type="label" id="991">
			<include>HiddenObject</include>
		</control>
		<control type="label" id="999">
			<include>HiddenObject</include>
		</control>
		<control type="label" id="899">
			<include>HiddenObject</include>
			<label>$VAR[GlobalSearchStatus]</label>
		</control>
		<control type="grouplist">
			<visible>!Skin.HasSetting(noshow_Time)</visible>
			<visible>!ListItem.IsParentFolder</visible>
			<left>10</left>
			<width>400</width>
			<align>left</align>
			<orientation>horizontal</orientation>
			<itemgap>0</itemgap>
			<control type="label">
				<align>left</align>
				<width min="20" max="200">auto</width>
				<height>40</height>
				<textcolor>grey2</textcolor>
				<shadowcolor>black</shadowcolor>
				<font>fontDiscog</font>
				<label>$INFO[System.Time(hh)]</label>
			</control>
			<control type="label">
				<align>left</align>
				<width min="20" max="200">auto</width>
				<height>34</height>
				<textcolor>grey2</textcolor>
				<shadowcolor>black</shadowcolor>
				<font>Font_bro</font>
				<label>:$INFO[System.Time(mm)]</label>
			</control>
		</control>
		<control type="grouplist">
			<visible>!Skin.HasSetting(noshow_numItems)</visible>
			<visible>!ListItem.IsParentFolder</visible>
			<left>1485</left>
			<top>1030</top>
			<width>400</width>
			<align>right</align>
			<orientation>horizontal</orientation>
			<itemgap>0</itemgap>
			<control type="label">
				<align>left</align>
				<width min="20" max="200">auto</width>
				<height>40</height>
				<textcolor>grey2</textcolor>
				<shadowcolor>black</shadowcolor>
				<font>fontDiscog</font>
				<label>$INFO[Container.CurrentItem]</label>
			</control>
			<control type="label">
				<align>left</align>
				<width min="20" max="200">auto</width>
				<height>52</height>
				<textcolor>grey2</textcolor>
				<shadowcolor>black</shadowcolor>
				<font>Font_bro</font>
				<label>/$INFO[Container.NumItems]</label>
			</control>
		</control>
		<control type="label">
			<visible>Integer.IsGreater(Container(50).NumItems,0)</visible>
			<top>30</top>
			<left>5</left>
			<width>1910</width>
			<height>60</height>
			<font>font35</font>
			<align>center</align>
			<textcolor>white</textcolor>
			<label>[B][UPPERCASE]$VAR[Content_Type] $INFO[Container.NumItems,(,)][/UPPERCASE][/B]</label>
		</control>
		<control type="group">
			<include>WindowOpenCloseAnimation</include>
			<centerleft>ListCenterleft</centerleft>
			<width>100%</width>
			<control type="group">
				<left>100</left>
				<top>-40</top>
				<control type="panel" id="50">
					<top>180</top>
					<width>1140</width>
					<height>840</height>
					<onleft>SetProperty(MediaMenu,True,home)</onleft>
					<onleft>SetFocus(9050)</onleft>
					<onright>78</onright>
					<onup>50</onup>
					<ondown>50</ondown>
					<viewtype label="535">list</viewtype>
					<pagecontrol>78</pagecontrol>
					<scrolltime tween="quadratic" easing="out">200</scrolltime>
					<itemlayout height="120" width="1140" condition="Container.Content(actors) | Container.Content(directors)">
						<control type="image">
							<left>-130</left>
							<top>0</top>
							<width>1225</width>
							<height>3</height>
							<texture diffuse="tajo/shadow_mask_v5.png">tajo/line.png</texture>
						</control>
						<control type="label">
							<left>25</left>
							<width>890</width>
							<height>120</height>
							<font>font30</font>
							<textcolor>grey2</textcolor>
							<selectedcolor>selected</selectedcolor>
							<label>$INFO[ListItem.Label]</label>
						</control>
					</itemlayout>
					<focusedlayout height="120" width="1140" condition="Container.Content(actors) | Container.Content(directors)">
						<control type="image">
							<width>1140</width>
							<height>120</height>
							<texture border="4">listselect_fo.png</texture>
							<include>VisibleFadeAnimation</include>
						</control>
						<control type="label">
							<left>25</left>
							<width>890</width>
							<height>120</height>
							<font>font30</font>
							<selectedcolor>selected</selectedcolor>
							<label>$INFO[ListItem.Label]</label>
						</control>
					</focusedlayout>
					<itemlayout height="120" width="1140" condition="Container.Content(musicvideos)">
						<control type="image">
							<left>-130</left>
							<top>0</top>
							<width>1225</width>
							<height>3</height>
							<texture diffuse="tajo/shadow_mask_v5.png">tajo/line.png</texture>
						</control>
						<control type="label">
							<left>25</left>
							<width>890</width>
							<height>70</height>
							<font>font30</font>
							<textcolor>grey2</textcolor>
							<selectedcolor>selected</selectedcolor>
							<label>$INFO[ListItem.Label]</label>
						</control>
						<control type="label">
							<left>25</left>
							<top>55</top>
							<width>890</width>
							<height>60</height>
							<font>font15</font>
							<textcolor>grey3</textcolor>
							<selectedcolor>selected</selectedcolor>
							<label>$VAR[VideoListSearch]</label>
						</control>
						<control type="image">
							<left>1000</left>
							<top>10</top>
							<width>86</width>
							<height>100</height>
							<aspectratio align="center" aligny="center">keep</aspectratio>
							<texture fallback="resources/flag_default.png">$VAR[mediaicons_path]videoresolution/$VAR[videoresHDR,,.png]</texture>
						</control>
					</itemlayout>
					<focusedlayout height="120" width="1140" condition="Container.Content(musicvideos)">
						<control type="image">
							<width>1140</width>
							<height>120</height>
							<texture border="4">listselect_fo.png</texture>
							<include>VisibleFadeAnimation</include>
						</control>
						<control type="label">
							<left>25</left>
							<width>890</width>
							<height>70</height>
							<font>font30</font>
							<selectedcolor>selected</selectedcolor>
							<label>$INFO[ListItem.Label]</label>
						</control>
						<control type="label">
							<left>25</left>
							<top>55</top>
							<width>890</width>
							<height>60</height>
							<font>font15</font>
							<selectedcolor>selected</selectedcolor>
							<label>$VAR[VideoListSearch]</label>
						</control>
						<control type="image">
							<left>1000</left>
							<top>10</top>
							<width>86</width>
							<height>100</height>
							<aspectratio align="center" aligny="center">keep</aspectratio>
							<texture fallback="resources/flag_default.png">$VAR[mediaicons_path]videoresolution/$VAR[videoresHDR,,.png]</texture>
						</control>
					</focusedlayout>
					<itemlayout height="120" width="1140" condition="Container.Content(movies)">
						<control type="image">
							<left>-130</left>
							<top>0</top>
							<width>1225</width>
							<height>3</height>
							<texture diffuse="tajo/shadow_mask_v5.png">tajo/line.png</texture>
						</control>
						<control type="label">
							<left>25</left>
							<width>890</width>
							<height>70</height>
							<font>font30</font>
							<textcolor>grey2</textcolor>
							<selectedcolor>selected</selectedcolor>
							<label>$INFO[ListItem.Label]</label>
						</control>
						<control type="label">
							<left>25</left>
							<top>55</top>
							<width>890</width>
							<height>60</height>
							<font>font15</font>
							<textcolor>grey3</textcolor>
							<selectedcolor>selected</selectedcolor>
							<label>$VAR[VideoListSearch]</label>
						</control>
						<control type="image">
							<left>1000</left>
							<top>10</top>
							<width>86</width>
							<height>60</height>
							<aspectratio align="center" aligny="center">keep</aspectratio>
							<texture fallback="resources/flag_default.png">$VAR[mediaicons_path]videoresolution/$VAR[videoresHDR,,.png]</texture>
						</control>
						<control type="image">
							<left>1000</left>
							<top>58</top>
							<width>86</width>
							<height>60</height>
							<aspectratio align="center" aligny="center">keep</aspectratio>
							<texture fallback="resources/mpaa/NR.png">$VAR[mpaa]</texture>
						</control>
					</itemlayout>
					<focusedlayout height="120" width="1140" condition="Container.Content(movies)">
						<control type="image">
							<width>1140</width>
							<height>120</height>
							<texture border="4">listselect_fo.png</texture>
							<include>VisibleFadeAnimation</include>
						</control>
						<control type="label">
							<left>25</left>
							<width>890</width>
							<height>70</height>
							<font>font30</font>
							<selectedcolor>selected</selectedcolor>
							<label>$INFO[ListItem.Label]</label>
						</control>
						<control type="label">
							<left>25</left>
							<top>55</top>
							<width>890</width>
							<height>60</height>
							<font>font15</font>
							<selectedcolor>selected</selectedcolor>
							<label>$VAR[VideoListSearch]</label>
						</control>
						<control type="image">
							<left>1000</left>
							<top>10</top>
							<width>86</width>
							<height>60</height>
							<aspectratio align="center" aligny="center">keep</aspectratio>
							<texture fallback="resources/flag_default.png">$VAR[mediaicons_path]videoresolution/$VAR[videoresHDR,,.png]</texture>
						</control>
						<control type="image">
							<left>1000</left>
							<top>58</top>
							<width>86</width>
							<height>60</height>
							<aspectratio align="center" aligny="center">keep</aspectratio>
							<texture fallback="resources/mpaa/NR.png">$VAR[mpaa]</texture>
						</control>
					</focusedlayout>
					<itemlayout height="120" width="1140" condition="Container.Content(episodes)">
						<control type="image">
							<left>-130</left>
							<top>0</top>
							<width>1225</width>
							<height>3</height>
							<texture diffuse="tajo/shadow_mask_v5.png">tajo/line.png</texture>
						</control>
						<control type="image">
							<left>15</left>
							<top>8</top>
							<width>105</width>
							<height>105</height>
							<aspectratio>keep</aspectratio>
							<texture background="true">$INFO[ListItem.Icon,views/list/]</texture>
							<visible>ListItem.IsParentFolder</visible>
						</control>
						<control type="label">
							<left>25</left>
							<width>790</width>
							<height>70</height>
							<font>font30</font>
							<textcolor>grey2</textcolor>
							<selectedcolor>selected</selectedcolor>
							<label>$INFO[ListItem.Label]</label>
							<visible>!ListItem.IsParentFolder</visible>
						</control>
						<control type="label">
							<left>25</left>
							<top>55</top>
							<width>790</width>
							<height>60</height>
							<font>font15</font>
							<textcolor>grey3</textcolor>
							<selectedcolor>selected</selectedcolor>
							<label>$VAR[VideoListSearch]</label>
						</control>
						<control type="image">
							<left>1000</left>
							<top>10</top>
							<width>86</width>
							<height>60</height>
							<aspectratio align="center" aligny="center">keep</aspectratio>
							<texture fallback="resources/flag_default.png">$VAR[mediaicons_path]videoresolution/$VAR[videoresHDR,,.png]</texture>
						</control>
						<control type="image">
							<visible>!ListItem.IsParentFolder</visible>
							<left>1000</left>
							<top>58</top>
							<width>86</width>
							<height>60</height>
							<aspectratio align="center" aligny="center">keep</aspectratio>
							<texture fallback="resources/flag_default.png">$VAR[videocodec]</texture>
						</control>
					</itemlayout>
					<focusedlayout height="120" width="1140" condition="Container.Content(episodes)">
						<control type="image">
							<width>1140</width>
							<height>120</height>
							<texture border="4">listselect_fo.png</texture>
							<include>VisibleFadeAnimation</include>
						</control>
						<control type="image">
							<left>15</left>
							<top>8</top>
							<width>105</width>
							<height>105</height>
							<aspectratio>keep</aspectratio>
							<texture background="true">$INFO[ListItem.Icon,views/list/]</texture>
							<visible>ListItem.IsParentFolder</visible>
						</control>
						<control type="label">
							<left>25</left>
							<width>790</width>
							<height>70</height>
							<font>font30</font>
							<selectedcolor>selected</selectedcolor>
							<label>$INFO[ListItem.Label]</label>
							<visible>!ListItem.IsParentFolder</visible>
						</control>
						<control type="label">
							<left>25</left>
							<top>55</top>
							<width>790</width>
							<height>60</height>
							<font>font15</font>
							<selectedcolor>selected</selectedcolor>
							<label>$VAR[VideoListSearch]</label>
						</control>
						<control type="image">
							<left>1000</left>
							<top>10</top>
							<width>86</width>
							<height>60</height>
							<aspectratio align="center" aligny="center">keep</aspectratio>
							<texture fallback="resources/flag_default.png">$VAR[mediaicons_path]videoresolution/$VAR[videoresHDR,,.png]</texture>
						</control>
						<control type="image">
							<visible>!ListItem.IsParentFolder</visible>
							<left>1000</left>
							<top>58</top>
							<width>86</width>
							<height>60</height>
							<aspectratio align="center" aligny="center">keep</aspectratio>
							<texture fallback="resources/flag_default.png">$VAR[videocodec]</texture>
						</control>
					</focusedlayout>
					<itemlayout height="120" width="1140" condition="Container.Content(tvshows)">
						<control type="image">
							<left>-130</left>
							<top>0</top>
							<width>1225</width>
							<height>3</height>
							<texture diffuse="tajo/shadow_mask_v5.png">tajo/line.png</texture>
						</control>
						<control type="label">
							<left>25</left>
							<width>890</width>
							<height>70</height>
							<font>font30</font>
							<textcolor>grey2</textcolor>
							<selectedcolor>selected</selectedcolor>
							<label>$INFO[ListItem.Label]</label>
						</control>
						<control type="label">
							<left>25</left>
							<top>55</top>
							<width>890</width>
							<height>60</height>
							<font>font15</font>
							<textcolor>grey3</textcolor>
							<selectedcolor>selected</selectedcolor>
							<label>$VAR[VideoListSearch]</label>
						</control>
					</itemlayout>
					<focusedlayout height="120" width="1140" condition="Container.Content(tvshows)">
						<control type="image">
							<width>1140</width>
							<height>120</height>
							<texture border="4">listselect_fo.png</texture>
							<include>VisibleFadeAnimation</include>
						</control>
						<control type="label">
							<left>25</left>
							<width>890</width>
							<height>70</height>
							<font>font30</font>
							<selectedcolor>selected</selectedcolor>
							<label>$INFO[ListItem.Label]</label>
						</control>
						<control type="label">
							<left>25</left>
							<top>55</top>
							<width>890</width>
							<height>60</height>
							<font>font15</font>
							<selectedcolor>selected</selectedcolor>
							<label>$VAR[VideoListSearch]</label>
						</control>
					</focusedlayout>
					<itemlayout height="120" width="1140" condition="Container.Content(seasons)">
						<control type="image">
							<left>-130</left>
							<top>0</top>
							<width>1225</width>
							<height>3</height>
							<texture diffuse="tajo/shadow_mask_v5.png">tajo/line.png</texture>
						</control>
						<control type="image">
							<left>15</left>
							<top>8</top>
							<width>105</width>
							<height>105</height>
							<aspectratio>keep</aspectratio>
							<texture background="true">$INFO[ListItem.Icon]</texture>
							<visible>!String.StartsWith(ListItem.Icon,Default)</visible>
						</control>
						<control type="image">
							<left>15</left>
							<top>8</top>
							<width>105</width>
							<height>105</height>
							<aspectratio>keep</aspectratio>
							<texture background="true">$INFO[ListItem.Icon,views/list/]</texture>
							<colordiffuse>grey2</colordiffuse>
							<visible>String.StartsWith(ListItem.Icon,Default)</visible>
						</control>
						<control type="label">
							<visible>!ListItem.IsParentFolder</visible>
							<left>135</left>
							<width>960</width>
							<height>120</height>
							<font>font30</font>
							<textcolor>grey2</textcolor>
							<selectedcolor>selected</selectedcolor>
							<label>$INFO[ListItem.Label]</label>
						</control>
					</itemlayout>
					<focusedlayout height="120" width="1140" condition="Container.Content(seasons)">
						<control type="image">
							<width>1140</width>
							<height>120</height>
							<texture border="4">listselect_fo.png</texture>
							<include>VisibleFadeAnimation</include>
						</control>
						<control type="image">
							<left>15</left>
							<top>8</top>
							<width>105</width>
							<height>105</height>
							<aspectratio>keep</aspectratio>
							<texture background="true">$INFO[ListItem.Icon]</texture>
							<visible>!String.StartsWith(ListItem.Icon,Default)</visible>
						</control>
						<control type="image">
							<left>15</left>
							<top>8</top>
							<width>105</width>
							<height>105</height>
							<aspectratio>keep</aspectratio>
							<texture background="true">$INFO[ListItem.Icon,views/list/]</texture>
							<colordiffuse>grey2</colordiffuse>
							<visible>String.StartsWith(ListItem.Icon,Default)</visible>
						</control>
						<control type="label">
							<visible>!ListItem.IsParentFolder</visible>
							<left>135</left>
							<width>960</width>
							<height>120</height>
							<font>font30</font>
							<selectedcolor>selected</selectedcolor>
							<label>$INFO[ListItem.Label]</label>
						</control>
					</focusedlayout>
					<itemlayout height="120" width="1140" condition="Container.Content(albums) | Container.Content(songs)">
						<control type="image">
							<left>-130</left>
							<top>0</top>
							<width>1225</width>
							<height>3</height>
							<texture diffuse="tajo/shadow_mask_v5.png">tajo/line.png</texture>
						</control>
						<control type="image">
							<left>15</left>
							<top>8</top>
							<width>105</width>
							<height>105</height>
							<aspectratio>keep</aspectratio>
							<texture background="true">$INFO[ListItem.Icon,views/list/]</texture>
							<colordiffuse>grey2</colordiffuse>
							<visible>!Container.Content(songs) + String.StartsWith(ListItem.Icon,Default)</visible>
						</control>
						<control type="image">
							<left>15</left>
							<top>8</top>
							<width>105</width>
							<height>105</height>
							<aspectratio>keep</aspectratio>
							<texture background="true">$INFO[ListItem.Icon]</texture>
							<visible>!Container.Content(songs) + !String.StartsWith(ListItem.Icon,Default)</visible>
						</control>
						<control type="label">
							<left>5</left>
							<top>8</top>
							<width>115</width>
							<height>105</height>
							<font>font35_title_bold</font>
							<textcolor>grey2</textcolor>
							<selectedcolor>selected</selectedcolor>
							<align>center</align>
							<label>$INFO[ListItem.Tracknumber]</label>
							<visible>Container.Content(songs)</visible>
						</control>
						<control type="label">
							<left>135</left>
							<width>985</width>
							<height>70</height>
							<font>font30</font>
							<textcolor>grey2</textcolor>
							<selectedcolor>selected</selectedcolor>
							<label>$VAR[MusicListLabel3Var]</label>
						</control>
						<control type="label">
							<left>135</left>
							<top>50</top>
							<width>810</width>
							<height>75</height>
							<font>font15</font>
							<textcolor>grey3</textcolor>
							<selectedcolor>selected</selectedcolor>
							<label>$VAR[VideoListSearch]</label>
						</control>
						<control type="label">
							<left>60</left>
							<width>1060</width>
							<height>120</height>
							<font>font30</font>
							<align>right</align>
							<textcolor>grey2</textcolor>
							<selectedcolor>selected</selectedcolor>
							<label>$VAR[MusicListLabel4Var]</label>
							<visible>!ListItem.IsParentFolder</visible>
						</control>
					</itemlayout>
					<focusedlayout height="120" width="1140" condition="Container.Content(albums) | Container.Content(songs)">
						<control type="image">
							<width>1140</width>
							<height>120</height>
							<texture border="4">listselect_fo.png</texture>
							<include>VisibleFadeAnimation</include>
						</control>
						<control type="image">
							<left>15</left>
							<top>8</top>
							<width>105</width>
							<height>105</height>
							<aspectratio>keep</aspectratio>
							<texture background="true">$INFO[ListItem.Icon,views/list/]</texture>
							<visible>!Container.Content(songs) + String.StartsWith(ListItem.Icon,Default)</visible>
						</control>
						<control type="image">
							<left>15</left>
							<top>8</top>
							<width>105</width>
							<height>105</height>
							<aspectratio>keep</aspectratio>
							<texture background="true">$INFO[ListItem.Icon]</texture>
							<visible>!Container.Content(songs) + !String.StartsWith(ListItem.Icon,Default)</visible>
						</control>
						<control type="label">
							<left>5</left>
							<top>8</top>
							<width>115</width>
							<height>105</height>
							<font>font35_title_bold</font>
							<selectedcolor>selected</selectedcolor>
							<align>center</align>
							<label>$INFO[ListItem.Tracknumber]</label>
							<visible>Container.Content(songs)</visible>
						</control>
						<control type="label">
							<left>135</left>
							<width>985</width>
							<height>70</height>
							<font>font30</font>
							<selectedcolor>selected</selectedcolor>
							<label>$VAR[MusicListLabel3Var]</label>
						</control>
						<control type="label">
							<left>135</left>
							<top>50</top>
							<width>810</width>
							<height>75</height>
							<font>font15</font>
							<selectedcolor>selected</selectedcolor>
							<label>$VAR[VideoListSearch]</label>
						</control>
						<control type="label">
							<left>60</left>
							<width>1060</width>
							<height>120</height>
							<font>font30</font>
							<align>right</align>
							<selectedcolor>selected</selectedcolor>
							<label>$VAR[MusicListLabel4Var]</label>
							<visible>!ListItem.IsParentFolder</visible>
						</control>
					</focusedlayout>
					<itemlayout height="120" width="1140" condition="Container.Content(artists)">
						<control type="image">
							<left>-130</left>
							<top>0</top>
							<width>1225</width>
							<height>3</height>
							<texture diffuse="tajo/shadow_mask_v5.png">tajo/line.png</texture>
						</control>
						<control type="image">
							<left>15</left>
							<top>8</top>
							<width>105</width>
							<height>105</height>
							<aspectratio>keep</aspectratio>
							<texture background="true">$INFO[ListItem.Icon,views/list/]</texture>
							<colordiffuse>grey2</colordiffuse>
							<visible>String.StartsWith(ListItem.Icon,Default)</visible>
						</control>
						<control type="image">
							<left>15</left>
							<top>8</top>
							<width>105</width>
							<height>105</height>
							<aspectratio>keep</aspectratio>
							<texture background="true">$INFO[ListItem.Icon]</texture>
							<visible>!String.StartsWith(ListItem.Icon,Default)</visible>
						</control>
						<control type="label">
							<left>135</left>
							<width>1005</width>
							<height>120</height>
							<font>font30</font>
							<textcolor>grey2</textcolor>
							<selectedcolor>selected</selectedcolor>
							<label>$INFO[ListItem.Label]</label>
						</control>
						<control type="label">
							<left>120</left>
							<width>1005</width>
							<height>120</height>
							<font>font15</font>
							<align>right</align>
							<textcolor>grey2</textcolor>
							<selectedcolor>selected</selectedcolor>
							<label>$VAR[value_genre2]</label>
						</control>
					</itemlayout>
					<focusedlayout height="120" width="1140" condition="Container.Content(artists)">
						<control type="image">
							<width>1140</width>
							<height>120</height>
							<texture border="4">listselect_fo.png</texture>
							<include>VisibleFadeAnimation</include>
						</control>
						<control type="image">
							<left>15</left>
							<top>8</top>
							<width>105</width>
							<height>105</height>
							<aspectratio>keep</aspectratio>
							<texture background="true">$INFO[ListItem.Icon,views/list/]</texture>
							<colordiffuse>grey2</colordiffuse>
							<visible>String.StartsWith(ListItem.Icon,Default)</visible>
						</control>
						<control type="image">
							<left>15</left>
							<top>8</top>
							<width>105</width>
							<height>105</height>
							<aspectratio>keep</aspectratio>
							<texture background="true">$INFO[ListItem.Icon]</texture>
							<visible>!String.StartsWith(ListItem.Icon,Default)</visible>
						</control>
						<control type="label">
							<left>135</left>
							<width>1005</width>
							<height>120</height>
							<font>font30</font>
							<selectedcolor>selected</selectedcolor>
							<label>$INFO[ListItem.Label]</label>
						</control>
						<control type="label">
							<left>120</left>
							<width>1005</width>
							<height>120</height>
							<font>font15</font>
							<align>right</align>
							<selectedcolor>selected</selectedcolor>
							<label>$VAR[value_genre2]</label>
						</control>
					</focusedlayout>
				</control>
			</control>
			<control type="group">
				<visible>Integer.IsGreater(Container(50).NumItems,0)</visible>
				<visible>Container.Content(movies) | Container.Content(tvshows) | Container.Content(seasons) | Container.Content(episodes) | Container.Content(musicvideos) | Container.Content(actors) | Container.Content(directors)</visible>
				<left>1296</left>
				<top>155</top>
				<include>VisibleFadeAnimation</include>
				<control type="image">
					<visible>Container.Content(seasons)</visible>
					<visible>!ListItem.IsParentFolder</visible>
					<width>570</width>
					<height>835</height>
					<aspectratio aligny="center">keep</aspectratio>
					<texture background="true" fallback="tajo/movie-genres.jpg">$VAR[PosterVar]</texture>
					<fadetime>IconCrossfadeTime</fadetime>
					<bordertexture border="40">dialogs/default/bg.png</bordertexture>
					<bordersize>30</bordersize>
				</control>
				<control type="image">
					<visible>Container.Content(actors) | Container.Content(directors)</visible>
					<visible>!ListItem.IsParentFolder</visible>
					<visible>!String.StartsWith(ListItem.Icon,Default)</visible>
					<width>570</width>
					<height>835</height>
					<aspectratio aligny="center">keep</aspectratio>
					<texture background="true">$INFO[ListItem.Icon]</texture>
					<fadetime>IconCrossfadeTime</fadetime>
					<bordertexture border="40">dialogs/default/bg.png</bordertexture>
					<bordersize>30</bordersize>
				</control>
				<control type="image">
					<visible>Container.Content(musicvideos)</visible>
					<visible>!ListItem.IsParentFolder</visible>
					<top>120</top>
					<left>20</left>
					<width>540</width>
					<height>540</height>
					<aspectratio align="center" aligny="center">keep</aspectratio>
					<texture background="true" fallback="tajo/music-genres.jpg">$VAR[PosterVar]</texture>
					<fadetime>IconCrossfadeTime</fadetime>
					<bordertexture border="40">dialogs/default/bg.png</bordertexture>
					<bordersize>30</bordersize>
				</control>
				<control type="image">
					<visible>Container.Content(movies) | Container.Content(tvshows)</visible>
					<visible>!ListItem.IsParentFolder</visible>
					<width>570</width>
					<height>535</height>
					<aspectratio aligny="center">keep</aspectratio>
					<texture background="true" fallback="tajo/movie-genres.jpg">$VAR[PosterVar]</texture>
					<fadetime>IconCrossfadeTime</fadetime>
					<bordertexture border="40">dialogs/default/bg.png</bordertexture>
					<bordersize>30</bordersize>
				</control>
				<control type="image">
					<visible>Container.Content(episodes)</visible>
					<visible>!ListItem.IsParentFolder</visible>
					<top>150</top>
					<width>570</width>
					<height>348</height>
					<aspectratio>scale</aspectratio>
					<texture background="true">$INFO[ListItem.Icon]</texture>
					<bordertexture border="40">dialogs/default/bg.png</bordertexture>
					<bordersize>30</bordersize>
					<fadetime>IconCrossfadeTime</fadetime>
				</control>
				<control type="textbox">
					<visible>Container.Content(movies) | Container.Content(tvshows) | Container.Content(episodes)</visible>
					<label>$VAR[VideoPlotVar]</label>
					<top>570</top>
					<left>20</left>
					<width>540</width>
					<height>278</height>
					<font>font15</font>
					<autoscroll time="3000" delay="4000" repeat="5000">Skin.HasSetting(Enable.AutoScroll)</autoscroll>
				</control>
				<control type="image">
					<visible>Container.Content(movies) | Container.Content(tvshows)</visible>
					<top>-125</top>
					<width>570</width>
					<height>100</height>
					<aspectratio align="center" aligny="center">keep</aspectratio>
					<texture background="true">$INFO[ListItem.Art(clearlogo)]</texture>
					<fadetime>IconCrossfadeTime</fadetime>
				</control>
				<control type="image">
					<visible>Container.Content(seasons)</visible>
					<top>-125</top>
					<width>570</width>
					<height>100</height>
					<aspectratio align="center" aligny="center">keep</aspectratio>
					<texture background="true">$INFO[ListItem.Art(tvshow.clearlogo)]</texture>
					<fadetime>IconCrossfadeTime</fadetime>
				</control>
				<control type="image">
					<visible>Container.Content(episodes)</visible>
					<top>-8</top>
					<width>570</width>
					<height>100</height>
					<aspectratio align="center" aligny="center">keep</aspectratio>
					<texture background="true">$INFO[ListItem.Art(tvshow.clearlogo)]</texture>
					<fadetime>IconCrossfadeTime</fadetime>
				</control>
			</control>
			<control type="group">
				<visible>Integer.IsGreater(Container(50).NumItems,0)</visible>
				<visible>Container.Content(artists) | Container.Content(albums) | Container.Content(songs)</visible>
				<left>1296</left>
				<top>155</top>
				<include>VisibleFadeAnimation</include>
				<control type="image">
					<visible>Container.Content(artists) | Container.Content(albums) | Container.Content(songs)</visible>
					<animation effect="slide" start="0,0" end="0,150" time="0" condition="Container.Content(songs) | [Container.Content(albums) + String.IsEmpty(ListItem.Property(Album_Description))]">Conditional</animation>
					<visible>!ListItem.IsParentFolder</visible>
					<top>-2</top>
					<left>20</left>
					<width>540</width>
					<height>540</height>
					<aspectratio align="center" aligny="center">keep</aspectratio>
					<texture background="true" fallback="tajo/music-genres.jpg">$VAR[PosterVar]</texture>
					<fadetime>IconCrossfadeTime</fadetime>
					<bordertexture border="40">dialogs/default/bg.png</bordertexture>
					<bordersize>30</bordersize>
				</control>
				<control type="textbox">
					<visible>Container.Content(artists) | Container.Content(albums)</visible>
					<label>$VAR[value_plot]</label>
					<top>570</top>
					<left>20</left>
					<width>540</width>
					<height>278</height>
					<font>font15</font>
					<autoscroll time="3000" delay="4000" repeat="5000">Skin.HasSetting(Enable.AutoScroll)</autoscroll>
				</control>
				<control type="image">
					<visible>Container.Content(artists)</visible>
					<top>-125</top>
					<width>570</width>
					<height>100</height>
					<aspectratio align="center" aligny="center">keep</aspectratio>
					<texture background="true">$INFO[ListItem.Art(clearlogo)]</texture>
					<fadetime>IconCrossfadeTime</fadetime>
				</control>
				<control type="image">
					<visible>Container.Content(albums) | Container.Content(songs)</visible>
					<animation effect="slide" start="0,0" end="0,150" time="0" condition="Container.Content(songs) | [Container.Content(albums) + String.IsEmpty(ListItem.Property(Album_Description))]">Conditional</animation>
					<top>-125</top>
					<width>570</width>
					<height>100</height>
					<aspectratio align="center" aligny="center">keep</aspectratio>
					<texture background="true">$INFO[ListItem.Art(artist.clearlogo)]</texture>
					<fadetime>IconCrossfadeTime</fadetime>
				</control>
			</control>
		</control>
		<control type="scrollbar" id="78">
			<visible>Integer.IsGreater(Container(50).NumItems,0)</visible>
			<include>ScrollBar_Vertical</include>
			<showonepage>false</showonepage>
			<width>37</width>
			<left>1240</left>
			<top>140</top>
			<height>830</height>
			<onup>78</onup>
			<ondown>78</ondown>
			<onleft>50</onleft>
			<onright>78</onright>
		</control>
		<control type="group">
			<left>-500</left>
			<animation effect="slide" end="500,0" time="0" condition="!String.IsEmpty(Window(home).Property(MediaMenu))">Conditional</animation>
			<animation effect="fade" start="100" end="0" time="500" condition="String.IsEmpty(Window(home).Property(MediaMenu))">Conditional</animation>
			<control type="image">
				<left>-105</left>
				<top>-150</top>
				<width>2450</width>
				<height>1450</height>
				<texture flipx="true" diffuse="tajo/shadow_mask_v.png">black.png</texture>
				<colordiffuse>black</colordiffuse>
				<animation effect="fade" end="94" condition="true">Conditional</animation>
			</control>
			<control type="button" id="9051">
				<include>HiddenObject</include>
				<onfocus condition="String.IsEmpty(Window(Home).Property(MediaMenu))">SetProperty(MediaMenu,True,home)</onfocus>
				<onfocus condition="String.IsEmpty(Window(Home).Property(MediaMenu))">SetFocus(9050)</onfocus>
				<onfocus condition="!String.IsEmpty(Window(Home).Property(MediaMenu))">ClearProperty(MediaMenu,Home)</onfocus>
				<onfocus condition="!String.IsEmpty(Window(Home).Property(MediaMenu))">SetFocus(50)</onfocus>
			</control>
			<control type="button" id="8999">
				<description>Close Window button</description>
				<left>350</left>
				<width>64</width>
				<height>48</height>
				<label></label>
				<font>CloseButton</font>
				<textcolor>grey</textcolor>
				<focusedcolor>themecolor</focusedcolor>
				<onclick>ClearProperty(MediaMenu,Home)</onclick>
				<onclick>SetFocus(50)</onclick>
				<texturefocus/>
				<texturenofocus/>
				<visible>system.getbool(input.enablemouse)</visible>
			</control>
			<control type="image">
				<description>LOGO</description>
				<left>50</left>
				<width>400</width>
				<height>120</height>
				<aspectratio>keep</aspectratio>
				<texture>aeon-tajo.png</texture>
			</control>
			<control type="grouplist" id="9050">
				<left>50</left>
				<top>100</top>
				<width>400</width>
				<height>1080</height>
				<onleft>9050</onleft>
				<onright>ClearProperty(MediaMenu,Home)</onright>
				<onright>50</onright>
				<onup>9050</onup>
				<ondown>9050</ondown>
				<onback>ClearProperty(MediaMenu,Home)</onback>
				<onback>50</onback>
				<animation effect="fade" start="100" end="0" time="200" condition="Window.IsVisible(1129)" reversible="true">conditional</animation>
				<control type="button" id="203">
					<description>View options</description>
					<textwidth>352</textwidth>
					<font>font13_title</font>
					<include>ButtonCommonValues</include>
					<label>$LOCALIZE[31039]</label>
					<enable>no</enable>
					<disabledcolor>themecolor</disabledcolor>
				</control>
				<control type="button" id="990">
					<description>New Search Button</description>
					<label>$LOCALIZE[19140]</label>
					<textwidth>350</textwidth>
					<include>ButtonCommonValues</include>
				</control>
				<control type="button" id="617">
					<description>Settings button</description>
					<include>ButtonCommonValues</include>
					<label>$LOCALIZE[5]</label>
					<onclick>Addon.OpenSettings(script.globalsearch)</onclick>
				</control>
				<control type="button" id="612">
					<description>Go to playlist</description>
					<include>ButtonCommonValues</include>
					<label>13350</label>
					<onclick>ActivateWindow(videoplaylist)</onclick>
					<visible>!String.IsEqual(Playlist.Length(video),0)</visible>
				</control>
				<control type="button" id="616">
					<description>Go to playercontrols</description>
					<include>ButtonCommonValues</include>
					<label>$LOCALIZE[31177]</label>
					<onclick condition="Player.HasAudio">ClearProperty(MediaMenu,Home)</onclick>
					<onclick condition="Player.HasAudio">SetFocus(50)</onclick>
					<onclick condition="Player.HasAudio">ActivateWindow(playercontrols)</onclick>
					<onclick condition="Player.HasVideo">Fullscreen</onclick>
					<onclick condition="Player.HasVideo">ActivateWindow(videoosd)</onclick>
					<onclick>ClearProperty(MediaMenu,Home)</onclick>
					<visible>Player.HasMedia</visible>
				</control>
				<control type="button" id="204">
					<description>View options</description>
					<textwidth>352</textwidth>
					<font>font13_title</font>
					<include>ButtonCommonValues</include>
					<label>$LOCALIZE[21866]</label>
					<enable>no</enable>
					<disabledcolor>themecolor</disabledcolor>
				</control>
				<control type="panel" id="9000">
					<width>400</width>
					<height>600</height>
					<onleft>noop</onleft>
					<onright>ClearProperty(MediaMenu,Home)</onright>
					<onright>50</onright>
					<onup>2001</onup>
					<ondown>990</ondown>
					<pagecontrol>60</pagecontrol>
					<scrolltime tween="quadratic">300</scrolltime>
					<itemlayout height="60" width="400">
						<control type="label">
							<width>400</width>
							<height>60</height>
							<font>font13</font>
							<textoffsetx>20</textoffsetx>
							<textcolor>grey</textcolor>
							<selectedcolor>selected</selectedcolor>
							<label>$INFO[ListItem.Label]</label>
						</control>
						<control type="label">
							<width>400</width>
							<height>60</height>
							<font>font13</font>
							<align>right</align>
							<textoffsetx>20</textoffsetx>
							<textcolor>themecolor</textcolor>
							<selectedcolor>selected</selectedcolor>
							<label>$INFO[ListItem.Label2]</label>
						</control>
					</itemlayout>
					<focusedlayout height="60" width="400">
						<control type="image">
							<width>400</width>
							<height>60</height>
							<texture border="4">listselect_fo.png</texture>
							<visible>Control.HasFocus(9000)</visible>
							<include>VisibleFadeAnimation</include>
						</control>
						<control type="label">
							<width>400</width>
							<height>60</height>
							<font>font13</font>
							<textoffsetx>20</textoffsetx>
							<textcolor>white</textcolor>
							<selectedcolor>selected</selectedcolor>
							<label>$INFO[ListItem.Label]</label>
							<animation effect="fade" start="100" end="70" time="300" tween="sine" easing="inout" condition="!Control.HasFocus(9000)">Conditional</animation>
						</control>
						<control type="label">
							<width>400</width>
							<height>60</height>
							<font>font13</font>
							<align>right</align>
							<textoffsetx>20</textoffsetx>
							<textcolor>white</textcolor>
							<selectedcolor>selected</selectedcolor>
							<label>$INFO[ListItem.Label2]</label>
							<animation effect="fade" start="100" end="70" time="300" tween="sine" easing="inout" condition="!Control.HasFocus(9000)">Conditional</animation>
						</control>
					</focusedlayout>
				</control>
			</control>
		</control>
	</controls>
</window>
