<?xml version="1.0" encoding="UTF-8"?>
<window>
	<onload>SetFocus(90000)</onload>
	<controls>
		<control type="list" id="10051">
			<include>HiddenList</include>
		</control>
		<!-- Poster Side -->
		<control type="group">
			<animation effect="slide" start="0,1100" end="0,0" time="700" tween="cubic" easing="out">WindowOpen</animation>
			<animation effect="fade" start="100" end="0" time="200">WindowClose</animation>
			<width>720</width>
			<height>100%</height>
			<control type="image">
				<texture>black.png</texture>
			</control>
			<control type="image">
				<aspectratio>scale</aspectratio>
				<fadetime>IconCrossfadeTime</fadetime>
				<texture background="true">$VAR[EmbuaryInfoPosterVar]</texture>
			</control>
		</control>
		<!-- Details Side -->
		<control type="group">
			<animation effect="slide" start="0,1100" end="0,0" time="700" tween="cubic" easing="out">WindowOpen</animation>
			<animation effect="fade" start="100" end="0" time="200">WindowClose</animation>
			<left>720</left>
			<control type="group">
				<width>1200</width>
				<!-- Background -->
				<control type="group">
					<height>100%</height>
					<control type="image">
						<texture>black.png</texture>
					</control>
					<control type="image">
						<aspectratio align="center">scale</aspectratio>
						<texture background="true">tajo/embuback.jpg</texture>
					</control>
					<control type="image">
						<texture colordiffuse="efffffff" border="4">dialogs/info/info_rightpaneltop.png</texture>
					</control>
					<control type="image">
						<top>-5</top>
						<height>110</height>
						<texture colordiffuse="DFffffff" border="4">dialogs/info/info_rightpaneltop.png</texture>
					</control>
					<control type="image">
						<top>543</top>
						<height>62</height>
						<texture colordiffuse="DFffffff" border="4">dialogs/info/info_rightpaneltop.png</texture>
					</control>
				</control>
				<!-- Top Section -->
				<control type="group">
					<left>10</left>
					<!-- Main Label/Sublabel -->
					<control type="grouplist">
						<top>-30</top>
						<width>920</width>
						<height>140</height>
						<align>center</align>
						<control type="label">
							<height>48</height>
							<width>920</width>
							<font>titletest</font>
							<align>center</align>
							<textcolor>grey</textcolor>
							<scroll>true</scroll>
							<scrollspeed>50</scrollspeed>
							<scrollsuffix> - </scrollsuffix>
							<label>$INFO[Container(10051).ListItem.Label]</label>
						</control>
						<control type="label">
							<width>920</width>
							<height>30</height>
							<align>center</align>
							<aligny>top</aligny>
							<font>font16</font>
							<textcolor>themecolor</textcolor>
							<label>$INFO[Container(10051).ListItem.Property(known_for_department)]</label>
						</control>
					</control>
					<control type="image">
						<left>845</left>
						<top>5</top>
						<width>408</width>
						<height>90</height>
						<aspectratio>keep</aspectratio>
						<texture background="true">$VAR[ratings_path]tmdb-logo2.png</texture>
					</control>
				</control>
				<!-- Details Panel -->
				<control type="group">
					<left>3</left>
					<top>110</top>
					<control type="panel" id="3000">
						<top>-4</top>
						<width>1198</width>
						<height>438</height>
						<onup>90002</onup>
						<ondown>90000</ondown>
						<orientation>horizontal</orientation>
						<visible allowhiddenfocus="true">!Control.HasFocus(64)</visible>
						<include>VisibleFadeAnimation</include>
						<scrolltime tween="quadratic" easing="out">200</scrolltime>
						<itemlayout height="73" width="1198">
							<control type="label">
								<width>1198</width>
								<height>73</height>
								<font>font15</font>
								<textcolor>themecolor</textcolor>
								<label>[B]$INFO[ListItem.Label2,, ][/B]$INFO[ListItem.Label,[COLOR grey], [/COLOR]]</label>
								<textoffsetx>20</textoffsetx>
							</control>
						</itemlayout>
						<focusedlayout height="72" width="1198">
							<control type="image">
								<width>1198</width>
								<height>73</height>
								<texture border="4">listselect_fo.png</texture>
								<visible>Control.HasFocus(3000)</visible>
								<include>VisibleFadeAnimation</include>
							</control>
							<control type="label">
								<width>1198</width>
								<height>73</height>
								<font>font15</font>
								<label>[B]$INFO[ListItem.Label2,, ][/B]$INFO[ListItem.Label,, ]</label>
								<animation effect="fade" start="100" end="70" time="300" tween="sine" easing="inout" condition="!Control.HasFocus(3000)">Conditional</animation>
								<textoffsetx>20</textoffsetx>
							</control>
						</focusedlayout>
						<content>
							<item>
								<label>$INFO[Container(10051).ListItem.Property(Age)]</label>
								<label2>$ADDON[script.embuary.info 32006]:</label2>
								<visible>!String.IsEmpty(Container(10051).ListItem.Property(Age))</visible>
							</item>
							<item>
								<label>$INFO[Container(10051).ListItem.Property(Birthday)]</label>
								<label2>$LOCALIZE[21893]:</label2>
								<visible>!String.IsEmpty(Container(10051).ListItem.Property(Birthday))</visible>
							</item>
							<item>
								<label>$INFO[Container(10051).ListItem.Property(Deathday)]</label>
								<label2>$LOCALIZE[21897]:</label2>
								<visible>!String.IsEmpty(Container(10051).ListItem.Property(Deathday))</visible>
							</item>
							<item>
								<label>$INFO[Container(10051).ListItem.Property(place_of_birth)]</label>
								<label2>$ADDON[script.embuary.info 32007]:</label2>
								<visible>!String.IsEmpty(Container(10051).ListItem.Property(place_of_birth))</visible>
							</item>
							<item>
								<label>$INFO[Container(10052).NumItems]</label>
								<label2>$LOCALIZE[342]:</label2>
								<onclick>SetFocus(10052)</onclick>
								<visible>!String.IsEmpty(Container(10052).ListItemAbsolute(0).Label)</visible>
							</item>
							<item>
								<label>$INFO[Container(10053).NumItems]</label>
								<label2>$LOCALIZE[20343]:</label2>
								<onclick>SetFocus(10053)</onclick>
								<visible>!String.IsEmpty(Container(10053).ListItemAbsolute(0).Label)</visible>
							</item>
						</content>
					</control>
				</control>
				<!-- Button LABELS -->
				<control type="group">
					<left>-5</left>
					<top>542</top>
					<control type="button">
						<width>650</width>
						<texturenofocus/>
						<disabledcolor>grey</disabledcolor>
						<font>font15_bold</font>
						<align>left</align>
						<textoffsetx>16</textoffsetx>
						<include>ButtonInfoDialogsCommonValues</include>
						<label>$VAR[EmbuaryInfoButtonLabelVar]</label>
						<enable>no</enable>
					</control>
					<control type="button">
						<width>650</width>
						<texturenofocus/>
						<disabledcolor>grey</disabledcolor>
						<font>font15_bold</font>
						<align>left</align>
						<textoffsetx>16</textoffsetx>
						<include>ButtonInfoDialogsCommonValues</include>
						<label>$VAR[EmbuaryInfoDetailsLabelVar]</label>
						<enable>no</enable>
					</control>
				</control>
				<!-- Bottom Section -->
				<control type="grouplist" id="90000">
					<left>-7</left>
					<top>606</top>
					<width>2800</width>
					<height>500</height>
					<onup>3000</onup>
					<ondown>noop</ondown>
					<usecontrolcoords>true</usecontrolcoords>
					<scrolltime tween="quadratic" easing="out">300</scrolltime>
					<control type="group" id="90001">
						<width>1200</width>
						<height>500</height>
						<control type="button" id="90002">
							<left>10</left>
							<top>-2</top>
							<width>1200</width>
							<height>500</height>
							<onup>3000</onup>
							<ondown>10052</ondown>
							<colordiffuse>dd258f8e</colordiffuse>
							<include>ButtonInfoDialogsCommonValues</include>
							<onclick>SetProperty(TextViewerHeader,$ESCINFO[Container(10051).ListItem.Label,[B],[/B]],Home)</onclick>
							<onclick>SetProperty(TextViewerContent,[CR]$ESCINFO[Container(10051).ListItem.Property(Biography)],Home)</onclick>
							<onclick>ActivateWindow(1132)</onclick>
						</control>
						<control type="textbox" id="90003">
							<left>26</left>
							<top>7</top>
							<width>1162</width>
							<height>460</height>
							<font>font15_textbox</font>
							<label>$VAR[Empty_Plot]</label>
							<align>center</align>
							<autoscroll time="3000" delay="4000" repeat="5000">Skin.HasSetting(Enable.AutoScroll) + !Control.HasFocus(90003)</autoscroll>
							<animation effect="fade" start="100" end="78" time="300" tween="sine" easing="inout" condition="!Control.HasFocus(90002)">Conditional</animation>
						</control>
					</control>
					<control type="panel" id="10052">
						<left>15</left>
						<width>1196</width>
						<height>500</height>
						<orientation>horizontal</orientation>
						<preloaditems>2</preloaditems>
						<scrolltime tween="quadratic" easing="out">300</scrolltime>
						<visible>Integer.IsGreater(Container(10052).NumItems,0)</visible>
						<itemlayout height="500" width="299">
							<control type="image">
								<left>-15</left>
								<top>-10</top>
								<width>320</width>
								<height>450</height>
								<bordersize>22</bordersize>
								<bordertexture border="20">thumbs/shadow.png</bordertexture>
								<aspectratio aligny="top">scale</aspectratio>
								<texture background="true" fallback="DefaultMovies.png">$INFO[ListItem.Art(thumb)]</texture>
							</control>
							<control type="label">
								<left>3</left>
								<top>422</top>
								<width>284</width>
								<height>43</height>
								<align>center</align>
								<font>font14</font>
								<shadowcolor>shadow</shadowcolor>
								<textcolor>white2</textcolor>
								<label>[B]$INFO[ListItem.Label] ($INFO[ListItem.Year])[/B]</label>
							</control>
						</itemlayout>
						<focusedlayout height="500" width="299">
							<control type="group">
								<animation effect="zoom" start="95" end="100" time="200" tween="sine" easing="inout" center="auto">Focus</animation>
								<control type="image">
									<left>-24</left>
									<top>-23</top>
									<width>340</width>
									<height>520</height>
									<bordersize>22</bordersize>
									<aspectratio>scale</aspectratio>
									<colordiffuse>dd258f8e</colordiffuse>
									<texture background="true">listselect_fo.png</texture>
								</control>
								<control type="image">
									<left>-15</left>
									<top>-10</top>
									<width>320</width>
									<height>450</height>
									<bordersize>22</bordersize>
									<bordertexture border="20">thumbs/shadow.png</bordertexture>
									<aspectratio aligny="top">scale</aspectratio>
									<texture background="true" fallback="DefaultMovies.png">$INFO[ListItem.Art(thumb)]</texture>
								</control>
								<control type="label">
									<left>3</left>
									<top>422</top>
									<width>284</width>
									<height>43</height>
									<align>center</align>
									<font>font14</font>
									<shadowcolor>shadow</shadowcolor>
									<textcolor>white2</textcolor>
									<scroll>true</scroll>
									<scrollspeed>100</scrollspeed>
									<scrollsuffix>  -  </scrollsuffix>
									<label>[B]$INFO[ListItem.Label] ($INFO[ListItem.Year])[/B]</label>
								</control>
							</control>
						</focusedlayout>
					</control>
					<control type="panel" id="10053">
						<left>15</left>
						<width>1196</width>
						<height>500</height>
						<orientation>horizontal</orientation>
						<preloaditems>2</preloaditems>
						<scrolltime tween="quadratic" easing="out">300</scrolltime>
						<visible>Integer.IsGreater(Container(10053).NumItems,0)</visible>
						<itemlayout height="500" width="299">
							<control type="image">
								<left>-15</left>
								<top>-10</top>
								<width>320</width>
								<height>450</height>
								<bordersize>22</bordersize>
								<bordertexture border="20">thumbs/shadow.png</bordertexture>
								<aspectratio aligny="top">scale</aspectratio>
								<texture background="true" fallback="DefaultTVShows.png">$INFO[ListItem.Art(thumb)]</texture>
							</control>
							<control type="label">
								<left>3</left>
								<top>422</top>
								<width>284</width>
								<height>43</height>
								<align>center</align>
								<font>font14</font>
								<shadowcolor>shadow</shadowcolor>
								<textcolor>white2</textcolor>
								<label>[B]$INFO[ListItem.Label] ($INFO[ListItem.Year])[/B]</label>
								<label>$INFO[ListItem.Label]</label>
							</control>
						</itemlayout>
						<focusedlayout height="500" width="299">
							<control type="group">
								<animation effect="zoom" start="95" end="100" time="200" tween="sine" easing="inout" center="auto">Focus</animation>
								<control type="image">
									<left>-24</left>
									<top>-23</top>
									<width>340</width>
									<height>520</height>
									<bordersize>22</bordersize>
									<aspectratio>scale</aspectratio>
									<colordiffuse>dd258f8e</colordiffuse>
									<texture background="true">listselect_fo.png</texture>
								</control>
								<control type="image">
									<left>-15</left>
									<top>-10</top>
									<width>320</width>
									<height>450</height>
									<bordersize>22</bordersize>
									<bordertexture border="20">thumbs/shadow.png</bordertexture>
									<aspectratio aligny="top">scale</aspectratio>
									<texture background="true" fallback="DefaultTVShows.png">$INFO[ListItem.Art(thumb)]</texture>
								</control>
								<control type="label">
									<left>3</left>
									<top>422</top>
									<width>284</width>
									<height>43</height>
									<align>center</align>
									<font>font14</font>
									<shadowcolor>shadow</shadowcolor>
									<textcolor>white2</textcolor>
									<scroll>true</scroll>
									<scrollspeed>100</scrollspeed>
									<scrollsuffix>  -  </scrollsuffix>
									<label>[B]$INFO[ListItem.Label] ($INFO[ListItem.Year])[/B]</label>
								</control>
							</control>
						</focusedlayout>
					</control>
					<control type="panel" id="10054">
						<left>15</left>
						<width>1196</width>
						<height>500</height>
						<orientation>horizontal</orientation>
						<preloaditems>2</preloaditems>
						<scrolltime tween="quadratic" easing="out">300</scrolltime>
						<visible>Integer.IsGreater(Container(10054).NumItems,0)</visible>
						<itemlayout height="500" width="299">
							<control type="image">
								<left>-15</left>
								<top>-10</top>
								<width>320</width>
								<height>450</height>
								<bordersize>22</bordersize>
								<bordertexture border="20">thumbs/shadow.png</bordertexture>
								<aspectratio aligny="top">scale</aspectratio>
								<texture background="true" fallback="DefaultActor.png">$INFO[ListItem.Art(thumb)]</texture>
							</control>
							<control type="label">
								<left>3</left>
								<top>422</top>
								<width>284</width>
								<height>43</height>
								<align>center</align>
								<font>font14</font>
								<shadowcolor>shadow</shadowcolor>
								<textcolor>white2</textcolor>
								<label>[B]$INFO[ListItem.Label][/B]</label>
							</control>
						</itemlayout>
						<focusedlayout height="500" width="299">
							<control type="group">
								<animation effect="zoom" start="95" end="100" time="200" tween="sine" easing="inout" center="auto">Focus</animation>
								<control type="image">
									<left>-24</left>
									<top>-23</top>
									<width>340</width>
									<height>520</height>
									<bordersize>22</bordersize>
									<aspectratio>scale</aspectratio>
									<colordiffuse>dd258f8e</colordiffuse>
									<texture background="true">listselect_fo.png</texture>
								</control>
								<control type="image">
									<left>-15</left>
									<top>-10</top>
									<width>320</width>
									<height>450</height>
									<bordersize>22</bordersize>
									<bordertexture border="20">thumbs/shadow.png</bordertexture>
									<aspectratio aligny="top">scale</aspectratio>
									<texture background="true" fallback="DefaultActor.png">$INFO[ListItem.Art(thumb)]</texture>
								</control>
								<control type="label">
									<left>3</left>
									<top>422</top>
									<width>284</width>
									<height>43</height>
									<align>center</align>
									<font>font14</font>
									<shadowcolor>shadow</shadowcolor>
									<textcolor>white2</textcolor>
									<label>[B]$INFO[ListItem.Label][/B]</label>
								</control>
							</control>
						</focusedlayout>
					</control>
				</control>
			</control>
		</control>
	</controls>
</window>