<?xml version="1.0" encoding="UTF-8"?>
<window>
	<onload>SetFocus(90000)</onload>
	<controls>
		<control type="list" id="10051">
			<include>HiddenList</include>
		</control>
		<!-- Poster Side -->
		<control type="group">
			<animation effect="slide" start="0,1100" end="0,0" time="700" tween="cubic" easing="out">WindowOpen</animation>
			<animation effect="fade" start="100" end="0" time="200">WindowClose</animation>
			<width>720</width>
			<height>100%</height>
			<control type="image">
				<texture>black.png</texture>
			</control>
			<control type="image">
				<aspectratio>scale</aspectratio>
				<fadetime>IconCrossfadeTime</fadetime>
				<texture background="true">$VAR[EmbuaryInfoPosterVar]</texture>
			</control>
		</control>
		<!-- Details Side -->
		<control type="group">
			<animation effect="slide" start="0,1100" end="0,0" time="700" tween="cubic" easing="out">WindowOpen</animation>
			<animation effect="fade" start="100" end="0" time="200">WindowClose</animation>
			<left>720</left>
			<control type="group">
				<width>1200</width>
				<!-- Background -->
				<control type="group">
					<height>100%</height>
					<control type="image">
						<texture>black.png</texture>
					</control>
					<control type="image">
						<aspectratio align="center">scale</aspectratio>
						<texture background="true">tajo/embuback.jpg</texture>
					</control>
					<control type="image">
						<texture colordiffuse="efffffff" border="4">dialogs/info/info_rightpaneltop.png</texture>
					</control>
					<control type="image">
						<top>-5</top>
						<height>110</height>
						<texture colordiffuse="DFffffff" border="4">dialogs/info/info_rightpaneltop.png</texture>
					</control>
					<control type="image">
						<top>543</top>
						<height>62</height>
						<texture colordiffuse="DFffffff" border="4">dialogs/info/info_rightpaneltop.png</texture>
					</control>
				</control>
				<!-- Top Section -->
				<control type="group">
					<left>10</left>
					<top>15</top>
					<!-- Main Label/Sublabel -->
					<control type="grouplist">
						<top>-45</top>
						<width>1200</width>
						<height>140</height>
						<align>center</align>
						<control type="label">
							<height>65</height>
							<width>1180</width>
							<align>center</align>
							<font>titletest</font>
							<textcolor>grey</textcolor>
							<scroll>true</scroll>
							<scrollspeed>50</scrollspeed>
							<scrollsuffix> - </scrollsuffix>
							<label>$INFO[Container(10051).ListItem.Label] [COLOR themecolor]$INFO[Container(10051).ListItem.Year,(,)][/COLOR]</label>
						</control>
						<control type="label">
							<width>1180</width>
							<height>30</height>
							<align>center</align>
							<aligny>center</aligny>
							<font>font15</font>
							<textcolor>themecolor</textcolor>
							<scroll>true</scroll>
							<scrollspeed>50</scrollspeed>
							<scrollsuffix> - </scrollsuffix>
							<label>$INFO[Container(10051).ListItem.OriginalTitle] [COLOR=grey]$INFO[Container(10051).ListItem.Tagline, -  , ][/COLOR]</label>
						</control>
					</control>
					<!-- Runtime/Ratings Bar -->
					<control type="grouplist">
						<top>95</top>
						<width>1200</width>
						<height>100</height>
						<align>center</align>
						<orientation>horizontal</orientation>
						<usecontrolcoords>true</usecontrolcoords>
						<itemgap>10</itemgap>
						<!-- Hour/Minute Duration -->
						<control type="group">
							<visible>!String.IsEmpty(Container(10051).ListItem.Duration)</visible>
							<width>280</width>
							<control type="label">
								<top>2</top>
								<width>280</width>
								<height>50</height>
								<font>font40_bold</font>
								<align>center</align>
								<textcolor>grey</textcolor>
								<label>$VAR[MinsToHourDurationVar]</label>
							</control>
							<control type="label">
								<top>46</top>
								<width>280</width>
								<height>30</height>
								<align>center</align>
								<label>$LOCALIZE[19081]: $INFO[Container(10051).ListItem.EndTime]</label>
								<font>font13</font>
								<textcolor>grey</textcolor>
							</control>
						</control>
						<control type="image">
							<width>130</width>
							<colordiffuse>grey</colordiffuse>
							<include>MediaFlagVars</include>
							<texture fallback="resources/mpaa/NR.png">$VAR[mpaa_info]</texture>
						</control>
						<!-- TheMovieDB/IMDb/RottenTomatoes/Metacritic Ratings -->
						<control type="grouplist">
							<animation effect="zoom" delay="0" center="auto" start="90" end="90" time="0" condition="true">Conditional</animation>
							<left>5</left>
							<width>1200</width>
							<orientation>horizontal</orientation>
							<itemgap>30</itemgap>
							<control type="grouplist">
								<visible>!String.IsEmpty(Container(10051).ListItem.Rating)</visible>
								<width>250</width>
								<orientation>horizontal</orientation>
								<usecontrolcoords>true</usecontrolcoords>
								<itemgap>7</itemgap>
								<control type="image">
									<top>-4</top>
									<width>70</width>
									<height>100</height>
									<aspectratio>keep</aspectratio>
									<colordiffuse>grey</colordiffuse>
									<texture>$VAR[ratings_path]tmdb.png</texture>
								</control>
								<control type="label">
									<left>5</left>
									<width>auto</width>
									<height>90</height>
									<align>center</align>
									<font>font48_bold</font>
									<textcolor>grey</textcolor>
									<label>$INFO[Container(10051).ListItem.Rating]</label>
								</control>
							</control>
							<control type="grouplist">
								<visible>!String.IsEmpty(Container(10051).ListItem.Property(rating.imdb))</visible>
								<width>190</width>
								<orientation>horizontal</orientation>
								<usecontrolcoords>true</usecontrolcoords>
								<itemgap>5</itemgap>
								<control type="image">
									<top>-4</top>
									<width>84</width>
									<height>100</height>
									<aspectratio>keep</aspectratio>
									<colordiffuse>grey</colordiffuse>
									<texture>$VAR[ratings_path]imdb.png</texture>
								</control>
								<control type="label">
									<left>5</left>
									<width>auto</width>
									<height>90</height>
									<align>center</align>
									<font>font48_bold</font>
									<textcolor>grey</textcolor>
									<label>$INFO[Container(10051).ListItem.Property(rating.imdb)]</label>
								</control>
							</control>
							<control type="grouplist">
								<visible>!String.IsEmpty(Container(10051).ListItem.Property(rating.rotten))</visible>
								<width>140</width>
								<orientation>horizontal</orientation>
								<usecontrolcoords>true</usecontrolcoords>
								<itemgap>5</itemgap>
								<control type="image">
									<top>-4</top>
									<width>60</width>
									<height>100</height>
									<aspectratio>keep</aspectratio>
									<colordiffuse>grey</colordiffuse>
									<texture>$VAR[ratings_path]rottentomatoes/certified.png</texture>
									<visible>Integer.IsGreaterOrEqual(Container(10051).ListItem.Property(rating.rotten),75)</visible>
								</control>
								<control type="image">
									<top>-4</top>
									<width>60</width>
									<height>100</height>
									<aspectratio>keep</aspectratio>
									<colordiffuse>grey</colordiffuse>
									<texture>$VAR[ratings_path]rottentomatoes/fresh.png</texture>
									<visible>Integer.IsLess(Container(10051).ListItem.Property(rating.rotten),75) + Integer.IsGreaterOrEqual(Container(10051).ListItem.Property(rating.rotten),60)</visible>
								</control>
								<control type="image">
									<top>-4</top>
									<width>60</width>
									<height>100</height>
									<aspectratio>keep</aspectratio>
									<colordiffuse>grey</colordiffuse>
									<texture>$VAR[ratings_path]rottentomatoes/rotten.png</texture>
									<visible>Integer.IsLess(Container(10051).ListItem.Property(rating.rotten),60)</visible>
								</control>
								<control type="label">
									<left>5</left>
									<height>90</height>
									<width>auto</width>
									<font>font48_bold</font>
									<textcolor>grey</textcolor>
									<label>$INFO[Container(10051).ListItem.Property(rating.rotten)]</label>
								</control>
							</control>
							<control type="grouplist">
								<visible>!String.IsEmpty(Container(10051).ListItem.Property(rating.metacritic))</visible>
								<width>140</width>
								<orientation>horizontal</orientation>
								<usecontrolcoords>true</usecontrolcoords>
								<itemgap>5</itemgap>
								<control type="image">
									<top>-4</top>
									<width>60</width>
									<height>100</height>
									<aspectratio>keep</aspectratio>
									<colordiffuse>grey</colordiffuse>
									<texture>$VAR[ratings_path]metacritic.png</texture>
								</control>
								<control type="label">
									<left>5</left>
									<height>90</height>
									<width>auto</width>
									<font>font48_bold</font>
									<textcolor>grey</textcolor>
									<label>$INFO[Container(10051).ListItem.Property(rating.metacritic)]</label>
								</control>
							</control>
						</control>
					</control>
				</control>
				<!-- Details Panel -->
				<control type="group">
					<left>3</left>
					<top>110</top>
					<control type="panel" id="3000">
						<top>83</top>
						<width>1198</width>
						<height>372</height>
						<ondown>9000</ondown>
						<orientation>horizontal</orientation>
						<visible allowhiddenfocus="true">!Control.HasFocus(64)</visible>
						<include>VisibleFadeAnimation</include>
						<scrolltime tween="quadratic" easing="out">200</scrolltime>
						<itemlayout height="57" width="1198">
							<control type="label">
								<width>1198</width>
								<height>55</height>
								<font>font15</font>
								<textcolor>themecolor</textcolor>
								<label>[B]$INFO[ListItem.Label2,, ][/B]$INFO[ListItem.Label,[COLOR grey], [/COLOR]]</label>
								<textoffsetx>20</textoffsetx>
							</control>
						</itemlayout>
						<focusedlayout height="57" width="1198">
							<control type="label">
								<width>1198</width>
								<height>55</height>
								<font>font15</font>
								<label>[B]$INFO[ListItem.Label2,, ][/B]$INFO[ListItem.Label]</label>
								<animation effect="fade" start="100" end="70" time="300" tween="sine" easing="inout" condition="!Control.HasFocus(3000)">Conditional</animation>
								<textoffsetx>20</textoffsetx>
							</control>
						</focusedlayout>
						<content>
							<item>
								<label>$INFO[Container(10051).ListItem.Director]</label>
								<label2>$LOCALIZE[20339]:</label2>
								<visible>!String.IsEmpty(Container(10051).ListItem.Director)</visible>
							</item>
							<item>
								<label>$INFO[Container(10051).ListItem.Writer]</label>
								<label2>$LOCALIZE[20417]:</label2>
								<visible>!String.IsEmpty(Container(10051).ListItem.Writer)</visible>
							</item>
							<item>
								<label>$INFO[Container(10051).ListItem.Genre]</label>
								<label2>$LOCALIZE[515]:</label2>
								<visible>!String.IsEmpty(Container(10051).ListItem.Genre)</visible>
							</item>
							<item>
								<label>$INFO[Container(10051).ListItem.Property(Awards)]</label>
								<label2>$LOCALIZE[31984]:</label2>
								<visible>!String.IsEmpty(Container(10051).ListItem.Property(Awards))</visible>
							</item>
							<item>
								<label>$INFO[Container(10051).ListItem.Property(Budget),$]</label>
								<label2>$LOCALIZE[31982]:</label2>
								<visible>!String.IsEmpty(Container(10051).ListItem.Property(Budget))</visible>
							</item>
							<item>
								<label>$INFO[Container(10051).ListItem.Property(Revenue),$]</label>
								<label2>$LOCALIZE[31983]:</label2>
								<visible>!String.IsEmpty(Container(10051).ListItem.Property(Revenue))</visible>
							</item>
						</content>
					</control>
				</control>
				<!-- Button LABELS -->
				<control type="group">
					<left>-5</left>
					<top>542</top>
					<control type="button">
						<width>615</width>
						<texturenofocus/>
						<disabledcolor>grey</disabledcolor>
						<font>font15_bold</font>
						<align>right</align>
						<textoffsetx>16</textoffsetx>
						<include>ButtonInfoDialogsCommonValues</include>
						<label>$VAR[EmbuaryInfoButtonLabelVar]</label>
						<enable>no</enable>
					</control>
					<control type="button">
						<width>615</width>
						<texturenofocus/>
						<disabledcolor>grey</disabledcolor>
						<font>font15_bold</font>
						<align>right</align>
						<textoffsetx>16</textoffsetx>
						<include>ButtonInfoDialogsCommonValues</include>
						<label>$VAR[EmbuaryInfoDetailsLabelVar]</label>
						<enable>no</enable>
					</control>
				</control>
				<control type="grouplist" id="9000">
					<right>0</right>
					<top>544</top>
					<width>585</width>
					<height>60</height>
					<onleft>9000</onleft>
					<onright>9000</onright>
					<ondown>90000</ondown>
					<align>left</align>
					<orientation>horizontal</orientation>
					<control type="togglebutton" id="900">
						<description>Play/browse to Show</description>
						<font>IconMediumMD</font>
						<width>65</width>
						<texturenofocus/>
						<include>ButtonInfoDialogsCommonValues</include>
						<label></label>
						<altlabel></altlabel>
						<usealttexture>String.IsEqual(Container(10051).ListItem.Property(call),tv)</usealttexture>
						<onclick condition="String.IsEqual(Container(10051).ListItem.Property(call),tv)">RunScript(script.embuary.helper,action=goto,path='"videodb://tvshows/titles/$INFO[Container(10051).ListItem.DBID]/"',target=videos)</onclick>
						<onclick condition="!String.IsEqual(Container(10051).ListItem.Property(call),tv)">RunScript(script.embuary.helper,action=playitem,dbid=$INFO[Container(10051).ListItem.DBID])</onclick>
						<visible>!String.IsEmpty(Container(10051).ListItem.DBID)</visible>
					</control>
					<control type="button" id="901">
						<description>Cast</description>
						<font>IconMediumMD</font>
						<width>65</width>
						<texturenofocus/>
						<include>ButtonInfoDialogsCommonValues</include>
						<label></label>
						<onclick>SetFocus(10052)</onclick>
						<visible>Integer.IsGreater(Container(10052).NumItems,0)</visible>
					</control>
					<control type="button" id="902">
						<description>Search Trailer</description>
						<font>IconMediumMD</font>
						<width>65</width>
						<texturenofocus/>
						<include>ButtonInfoDialogsCommonValues</include>
						<label></label>
						<onclick>RunScript(script.embuary.helper,action=goto,path='"plugin://plugin.video.youtube/kodion/search/query/?q=$INFO[Container(10051).ListItem.Title]&amp;search_type=videos"',target=videos)</onclick>
						<visible>System.HasAddon(plugin.video.youtube) + System.HasAddon(script.embuary.helper)</visible>
					</control>
					<control type="button" id="903">
						<description>Extras</description>
						<font>IconMediumMD</font>
						<width>65</width>
						<texturenofocus/>
						<include>ButtonInfoDialogsCommonValues</include>
						<label></label>
						<onclick>Addon.OpenSettings(script.embuary.info)</onclick>
					</control>
				</control>
				<!-- Bottom Section -->
				<control type="grouplist" id="90000">
					<left>-7</left>
					<top>606</top>
					<width>2800</width>
					<height>500</height>
					<onup>9000</onup>
					<ondown>noop</ondown>
					<usecontrolcoords>true</usecontrolcoords>
					<scrolltime tween="quadratic" easing="out">300</scrolltime>
					<control type="group" id="90001">
						<width>1200</width>
						<height>500</height>
						<control type="button" id="90002">
							<left>10</left>
							<top>-2</top>
							<colordiffuse>dd258f8e</colordiffuse>
							<width>1200</width>
							<height>500</height>
							<onup>9000</onup>
							<ondown>10052</ondown>
							<include>ButtonInfoDialogsCommonValues</include>
							<onclick>SetProperty(TextViewerHeader,$ESCINFO[Container(10051).ListItem.Label,[B],[/B]] $INFO[Container(10051).ListItem.Year,[COLOR themecolor][B](,)[/B][/COLOR]],Home)</onclick>
							<onclick>SetProperty(TextViewerContent,[CR]$ESCINFO[Container(10051).ListItem.Tagline,[B],[/B]][CR]$ESCINFO[Container(10051).ListItem.Plot],Home)</onclick>
							<onclick>ActivateWindow(1132)</onclick>
						</control>
						<!-- Plot -->
						<control type="textbox" id="90003">
							<left>26</left>
							<top>7</top>
							<width>1162</width>
							<height>345</height>
							<font>font15_textbox</font>
							<label>$INFO[Container(10051).ListItem.Plot]</label>
							<align>center</align>
							<autoscroll time="3000" delay="4000" repeat="5000">Skin.HasSetting(Enable.AutoScroll) + !Control.HasFocus(90003)</autoscroll>
							<animation effect="fade" start="100" end="78" time="300" tween="sine" easing="inout" condition="!Control.HasFocus(90002)">Conditional</animation>
						</control>
					</control>
					<!-- Cast -->
					<control type="panel" id="10052">
						<left>15</left>
						<width>1196</width>
						<height>500</height>
						<orientation>horizontal</orientation>
						<preloaditems>2</preloaditems>
						<scrolltime tween="quadratic" easing="out">300</scrolltime>
						<visible>Integer.IsGreater(Container(10052).NumItems,0)</visible>
						<itemlayout height="500" width="299">
							<control type="image">
								<left>-15</left>
								<top>-10</top>
								<width>320</width>
								<height>450</height>
								<bordersize>22</bordersize>
								<bordertexture border="20">thumbs/shadow.png</bordertexture>
								<aspectratio aligny="top">scale</aspectratio>
								<texture background="true" fallback="DefaultActor.png">$INFO[ListItem.Art(thumb)]</texture>
							</control>
							<control type="image">
								<left>5</left>
								<width>282</width>
								<height>418</height>
								<texture>poster_bottom_fade.png</texture>
							</control>
							<control type="label">
								<left>8</left>
								<top>374</top>
								<width>274</width>
								<height>43</height>
								<align>center</align>
								<font>font14</font>
								<shadowcolor>shadow</shadowcolor>
								<textcolor>white2</textcolor>
								<label>[B]$INFO[ListItem.Label][/B]</label>
							</control>
							<control type="label">
								<left>3</left>
								<top>422</top>
								<width>284</width>
								<height>43</height>
								<align>center</align>
								<font>font14</font>
								<shadowcolor>shadow</shadowcolor>
								<textcolor>white2</textcolor>
								<label>$INFO[ListItem.Label2]</label>
							</control>
						</itemlayout>
						<focusedlayout height="500" width="299">
							<control type="group">
								<animation effect="zoom" start="95" end="100" time="200" tween="sine" easing="inout" center="auto">Focus</animation>
								<control type="image">
									<left>-24</left>
									<top>-23</top>
									<width>340</width>
									<height>520</height>
									<bordersize>22</bordersize>
									<aspectratio>scale</aspectratio>
									<colordiffuse>dd258f8e</colordiffuse>
									<texture background="true">listselect_fo.png</texture>
								</control>
								<control type="image">
									<left>-15</left>
									<top>-10</top>
									<width>320</width>
									<height>450</height>
									<bordersize>22</bordersize>
									<bordertexture border="20">thumbs/shadow.png</bordertexture>
									<aspectratio aligny="top">scale</aspectratio>
									<texture background="true" fallback="DefaultActor.png">$INFO[ListItem.Art(thumb)]</texture>
								</control>
								<control type="image">
									<left>5</left>
									<width>282</width>
									<height>418</height>
									<texture>poster_bottom_fade.png</texture>
								</control>
								<control type="label">
									<left>8</left>
									<top>374</top>
									<width>274</width>
									<height>43</height>
									<align>center</align>
									<font>font14</font>
									<shadowcolor>shadow</shadowcolor>
									<textcolor>white2</textcolor>
									<scroll>true</scroll>
									<scrollspeed>100</scrollspeed>
									<scrollsuffix>  -  </scrollsuffix>
									<label>[B]$INFO[ListItem.Label][/B]</label>
								</control>
								<control type="label">
									<left>3</left>
									<top>422</top>
									<width>284</width>
									<height>43</height>
									<align>center</align>
									<font>font14</font>
									<shadowcolor>shadow</shadowcolor>
									<scroll>true</scroll>
									<scrollspeed>100</scrollspeed>
									<scrollsuffix>  -  </scrollsuffix>
									<textcolor>white2</textcolor>
									<label>$INFO[ListItem.Label2]</label>
								</control>
							</control>
						</focusedlayout>
					</control>
					<!-- Crew -->
					<control type="panel" id="10056">
						<left>15</left>
						<width>1196</width>
						<height>500</height>
						<orientation>horizontal</orientation>
						<preloaditems>2</preloaditems>
						<scrolltime tween="quadratic" easing="out">300</scrolltime>
						<visible>Integer.IsGreater(Container(10056).NumItems,0)</visible>
						<itemlayout height="500" width="299">
							<control type="image">
								<left>-15</left>
								<top>-10</top>
								<width>320</width>
								<height>450</height>
								<bordersize>22</bordersize>
								<bordertexture border="20">thumbs/shadow.png</bordertexture>
								<aspectratio aligny="top">scale</aspectratio>
								<texture background="true" fallback="DefaultActor.png">$INFO[ListItem.Art(thumb)]</texture>
							</control>
							<control type="image">
								<left>5</left>
								<width>282</width>
								<height>418</height>
								<texture>poster_bottom_fade.png</texture>
							</control>
							<control type="label">
								<left>8</left>
								<top>374</top>
								<width>274</width>
								<height>43</height>
								<align>center</align>
								<font>font14</font>
								<shadowcolor>shadow</shadowcolor>
								<textcolor>white2</textcolor>
								<label>[B]$INFO[ListItem.Label][/B]</label>
							</control>
							<control type="label">
								<left>3</left>
								<top>422</top>
								<width>284</width>
								<height>43</height>
								<align>center</align>
								<font>font14</font>
								<shadowcolor>shadow</shadowcolor>
								<textcolor>white2</textcolor>
								<label>$INFO[ListItem.Label2]</label>
							</control>
						</itemlayout>
						<focusedlayout height="500" width="299">
							<control type="group">
								<animation effect="zoom" start="95" end="100" time="200" tween="sine" easing="inout" center="auto">Focus</animation>
								<control type="image">
									<left>-24</left>
									<top>-23</top>
									<width>340</width>
									<height>520</height>
									<bordersize>22</bordersize>
									<aspectratio>scale</aspectratio>
									<colordiffuse>dd258f8e</colordiffuse>
									<texture background="true">listselect_fo.png</texture>
								</control>
								<control type="image">
									<left>-15</left>
									<top>-10</top>
									<width>320</width>
									<height>450</height>
									<bordersize>22</bordersize>
									<bordertexture border="20">thumbs/shadow.png</bordertexture>
									<aspectratio aligny="top">scale</aspectratio>
									<texture background="true" fallback="DefaultActor.png">$INFO[ListItem.Art(thumb)]</texture>
								</control>
								<control type="image">
									<left>5</left>
									<width>282</width>
									<height>418</height>
									<texture>poster_bottom_fade.png</texture>
								</control>
								<control type="label">
									<left>8</left>
									<top>374</top>
									<width>274</width>
									<height>43</height>
									<align>center</align>
									<font>font14</font>
									<shadowcolor>shadow</shadowcolor>
									<textcolor>white2</textcolor>
									<scroll>true</scroll>
									<scrollspeed>100</scrollspeed>
									<scrollsuffix>  -  </scrollsuffix>
									<label>[B]$INFO[ListItem.Label][/B]</label>
								</control>
								<control type="label">
									<left>3</left>
									<top>422</top>
									<width>284</width>
									<height>43</height>
									<align>center</align>
									<font>font14</font>
									<shadowcolor>shadow</shadowcolor>
									<scroll>true</scroll>
									<scrollspeed>100</scrollspeed>
									<scrollsuffix>  -  </scrollsuffix>
									<textcolor>white2</textcolor>
									<label>$INFO[ListItem.Label2]</label>
								</control>
							</control>
						</focusedlayout>
					</control>
					<!-- Similar -->
					<control type="panel" id="10053">
						<left>15</left>
						<width>1196</width>
						<height>500</height>
						<orientation>horizontal</orientation>
						<preloaditems>2</preloaditems>
						<scrolltime tween="quadratic" easing="out">300</scrolltime>
						<visible>Integer.IsGreater(Container(10053).NumItems,0)</visible>
						<itemlayout height="500" width="299">
							<control type="image">
								<left>-15</left>
								<top>-10</top>
								<width>320</width>
								<height>450</height>
								<bordersize>22</bordersize>
								<bordertexture border="20">thumbs/shadow.png</bordertexture>
								<aspectratio aligny="top">scale</aspectratio>
								<texture background="true" fallback="DefaultMovies.png">$INFO[ListItem.Art(thumb)]</texture>
							</control>
							<control type="label">
								<left>3</left>
								<top>422</top>
								<width>284</width>
								<height>43</height>
								<align>center</align>
								<font>font14</font>
								<shadowcolor>shadow</shadowcolor>
								<textcolor>white2</textcolor>
								<label>[B]$INFO[ListItem.Label] ($INFO[ListItem.Year])[/B]</label>
							</control>
						</itemlayout>
						<focusedlayout height="500" width="299">
							<control type="group">
								<animation effect="zoom" start="95" end="100" time="200" tween="sine" easing="inout" center="auto">Focus</animation>
								<control type="image">
									<left>-24</left>
									<top>-23</top>
									<width>340</width>
									<height>520</height>
									<bordersize>22</bordersize>
									<aspectratio>scale</aspectratio>
									<colordiffuse>dd258f8e</colordiffuse>
									<texture background="true">listselect_fo.png</texture>
								</control>
								<control type="image">
									<left>-15</left>
									<top>-10</top>
									<width>320</width>
									<height>450</height>
									<bordersize>22</bordersize>
									<bordertexture border="20">thumbs/shadow.png</bordertexture>
									<aspectratio aligny="top">scale</aspectratio>
									<texture background="true" fallback="DefaultMovies.png">$INFO[ListItem.Art(thumb)]</texture>
								</control>
								<control type="label">
									<left>3</left>
									<top>422</top>
									<width>284</width>
									<height>43</height>
									<align>center</align>
									<font>font14</font>
									<shadowcolor>shadow</shadowcolor>
									<textcolor>white2</textcolor>
									<scroll>true</scroll>
									<scrollspeed>100</scrollspeed>
									<scrollsuffix>  -  </scrollsuffix>
									<label>[B]$INFO[ListItem.Label] ($INFO[ListItem.Year])[/B]</label>
								</control>
							</control>
						</focusedlayout>
					</control>
					<!-- YouTube -->
					<control type="panel" id="10054">
						<left>18</left>
						<width>1196</width>
						<height>500</height>
						<orientation>horizontal</orientation>
						<preloaditems>2</preloaditems>
						<scrolltime tween="quadratic" easing="out">300</scrolltime>
						<visible>Integer.IsGreater(Container(10054).NumItems,0)</visible>
						<itemlayout width="398" height="500">
							<control type="image">
								<left>-15</left>
								<top>40</top>
								<width>398</width>
								<height>500</height>
								<bordersize>22</bordersize>
								<bordertexture border="20">thumbs/shadow.png</bordertexture>
								<aspectratio align="center" aligny="top">keep</aspectratio>
								<texture background="true">$INFO[ListItem.Art(thumb)]</texture>
							</control>
							<control type="textbox">
								<left>13</left>
								<top>340</top>
								<width>354</width>
								<height>70</height>
								<align>center</align>
								<font>font14y</font>
								<shadowcolor>shadow</shadowcolor>
								<textcolor>white2</textcolor>
								<label>[B]$INFO[ListItem.Label][/B]</label>
							</control>
							<control type="label">
								<left>13</left>
								<top>420</top>
								<width>354</width>
								<height>43</height>
								<align>center</align>
								<font>font14</font>
								<shadowcolor>shadow</shadowcolor>
								<textcolor>white2</textcolor>
								<label>$INFO[ListItem.Label2]</label>
							</control>
						</itemlayout>
						<focusedlayout width="398" height="500">
							<control type="group">
								<animation effect="zoom" start="95" end="100" time="200" tween="sine" easing="inout" center="auto">Focus</animation>
								<control type="image">
									<left>-24</left>
									<top>-23</top>
									<width>420</width>
									<height>570</height>
									<bordersize>22</bordersize>
									<aspectratio>scale</aspectratio>
									<colordiffuse>dd258f8e</colordiffuse>
									<texture background="true">listselect_fo.png</texture>
								</control>
								<control type="image">
									<left>-15</left>
									<top>40</top>
									<width>398</width>
									<height>500</height>
									<bordersize>22</bordersize>
									<bordertexture border="20">thumbs/shadow.png</bordertexture>
									<aspectratio align="center" aligny="top">keep</aspectratio>
									<texture background="true">$INFO[ListItem.Art(thumb)]</texture>
								</control>
								<control type="textbox">
									<autoscroll delay="1000" time="1000" repeat="1000"/>
									<left>13</left>
									<top>340</top>
									<width>354</width>
									<height>70</height>
									<align>center</align>
									<font>font14y</font>
									<shadowcolor>shadow</shadowcolor>
									<textcolor>white2</textcolor>
									<label>[B]$INFO[ListItem.Label][/B]</label>
								</control>
								<control type="label">
									<left>13</left>
									<top>420</top>
									<width>354</width>
									<height>43</height>
									<align>center</align>
									<font>font14</font>
									<shadowcolor>shadow</shadowcolor>
									<textcolor>white2</textcolor>
									<label>$INFO[ListItem.Label2]</label>
								</control>
							</control>
						</focusedlayout>
					</control>
					<!-- Images -->
					<control type="panel" id="10055">
						<left>18</left>
						<width>1196</width>
						<height>500</height>
						<orientation>horizontal</orientation>
						<preloaditems>2</preloaditems>
						<scrolltime tween="quadratic" easing="out">300</scrolltime>
						<visible>Integer.IsGreater(Container(10055).NumItems,0)</visible>
						<itemlayout width="398" height="500">
							<control type="image">
								<left>-15</left>
								<top>90</top>
								<width>410</width>
								<height>500</height>
								<bordersize>22</bordersize>
								<bordertexture border="20">thumbs/shadow.png</bordertexture>
								<aspectratio aligny="top">keep</aspectratio>
								<texture background="true">$INFO[ListItem.Art(thumb)]</texture>
							</control>
							<control type="label">
								<left>3</left>
								<top>330</top>
								<width>374</width>
								<height>43</height>
								<align>center</align>
								<font>font14</font>
								<shadowcolor>shadow</shadowcolor>
								<textcolor>white2</textcolor>
								<label>[B]$INFO[ListItem.Label][/B]</label>
							</control>
						</itemlayout>
						<focusedlayout width="398" height="500">
							<control type="group">
								<animation effect="zoom" start="95" end="100" time="200" tween="sine" easing="inout" center="auto">Focus</animation>
								<control type="image">
									<left>-24</left>
									<top>-23</top>
									<width>430</width>
									<height>520</height>
									<bordersize>22</bordersize>
									<aspectratio>scale</aspectratio>
									<colordiffuse>dd258f8e</colordiffuse>
									<texture background="true">listselect_fo.png</texture>
								</control>
								<control type="image">
									<left>-15</left>
									<top>90</top>
									<width>410</width>
									<height>500</height>
									<bordersize>22</bordersize>
									<bordertexture border="20">thumbs/shadow.png</bordertexture>
									<aspectratio align="center" aligny="top">keep</aspectratio>
									<texture background="true">$INFO[ListItem.Art(thumb)]</texture>
								</control>
								<control type="label">
									<left>3</left>
									<top>330</top>
									<width>374</width>
									<height>43</height>
									<align>center</align>
									<font>font14</font>
									<shadowcolor>shadow</shadowcolor>
									<textcolor>white2</textcolor>
									<label>[B]$INFO[ListItem.Label][/B]</label>
								</control>
							</control>
						</focusedlayout>
					</control>
				</control>
				<control type="group">
					<top>980</top>
					<left>5</left>
					<visible>String.IsEqual(Container(10051).ListItem.DBTYPE,movie)</visible>
					<control type="grouplist">
						<visible>Control.HasFocus(90002)</visible>
						<width>1200</width>
						<height>90</height>
						<itemgap>45</itemgap>
						<align>center</align>
						<orientation>horizontal</orientation>
						<include>SettingsFadeAnimation</include>
						<control type="image">
							<width>198</width>
							<include>MediaFlagVars</include>
							<bordersize>2</bordersize>
							<texture>$INFO[Container(10051).ListItem.Property(Studio.icon.0)]</texture>
							<visible>!String.IsEmpty(Container(10051).ListItem.Property(Studio.icon.0))</visible>
						</control>
						<control type="image">
							<width>198</width>
							<include>MediaFlagVars</include>
							<bordersize>2</bordersize>
							<texture>$INFO[Container(10051).ListItem.Property(Studio.icon.1)]</texture>
							<visible>!String.IsEmpty(Container(10051).ListItem.Property(Studio.icon.1))</visible>
						</control>
						<control type="image">
							<width>198</width>
							<include>MediaFlagVars</include>
							<bordersize>2</bordersize>
							<texture>$INFO[Container(10051).ListItem.Property(Studio.icon.2)]</texture>
							<visible>!String.IsEmpty(Container(10051).ListItem.Property(Studio.icon.2))</visible>
						</control>
						<control type="image">
							<width>198</width>
							<include>MediaFlagVars</include>
							<bordersize>2</bordersize>
							<texture>$INFO[Container(10051).ListItem.Property(Studio.icon.3)]</texture>
							<visible>!String.IsEmpty(Container(10051).ListItem.Property(Studio.icon.3))</visible>
						</control>
						<control type="image">
							<width>198</width>
							<include>MediaFlagVars</include>
							<bordersize>2</bordersize>
							<texture>$INFO[Container(10051).ListItem.Property(Studio.icon.4)]</texture>
							<visible>!String.IsEmpty(Container(10051).ListItem.Property(Studio.icon.4))</visible>
						</control>
					</control>
				</control>
				<control type="group">
					<top>980</top>
					<left>5</left>
					<visible>String.IsEqual(Container(10051).ListItem.DBTYPE,tvshow)</visible>
					<control type="grouplist">
						<visible>Control.HasFocus(90002)</visible>
						<width>1200</width>
						<height>90</height>
						<itemgap>45</itemgap>
						<align>center</align>
						<orientation>horizontal</orientation>
						<include>SettingsFadeAnimation</include>
						<control type="image">
							<width>198</width>
							<include>MediaFlagVars</include>
							<bordersize>2</bordersize>
							<texture>$INFO[Container(10051).ListItem.Property(Network.icon.0)]</texture>
							<visible>!String.IsEmpty(Container(10051).ListItem.Property(Network.icon.0))</visible>
						</control>
						<control type="image">
							<width>198</width>
							<include>MediaFlagVars</include>
							<bordersize>2</bordersize>
							<texture>$INFO[Container(10051).ListItem.Property(Network.icon.1)]</texture>
							<visible>!String.IsEmpty(Container(10051).ListItem.Property(Network.icon.1))</visible>
						</control>
						<control type="image">
							<width>198</width>
							<include>MediaFlagVars</include>
							<bordersize>2</bordersize>
							<texture>$INFO[Container(10051).ListItem.Property(Network.icon.2)]</texture>
							<visible>!String.IsEmpty(Container(10051).ListItem.Property(Network.icon.2))</visible>
						</control>
						<control type="image">
							<width>198</width>
							<include>MediaFlagVars</include>
							<bordersize>2</bordersize>
							<texture>$INFO[Container(10051).ListItem.Property(Network.icon.3)]</texture>
							<visible>!String.IsEmpty(Container(10051).ListItem.Property(Network.icon.3))</visible>
						</control>
						<control type="image">
							<width>198</width>
							<include>MediaFlagVars</include>
							<bordersize>2</bordersize>
							<texture>$INFO[Container(10051).ListItem.Property(Network.icon.4)]</texture>
							<visible>!String.IsEmpty(Container(10051).ListItem.Property(Network.icon.4))</visible>
						</control>
					</control>
				</control>
			</control>
		</control>
	</controls>
</window>