<?xml version="1.0" encoding="UTF-8"?>
<window>
	<defaultcontrol always="true">3012</defaultcontrol>
	<onload>Dialog.Close(fullscreeninfo,true)</onload>
	<onload>Dialog.Close(videoosd,true)</onload>
	<controls>
		<control type="group">
			<animation type="WindowOpen" reversible="false">
				<effect type="fade" start="0" end="100" time="600"/>
				<effect type="slide" start="0,-115" end="0,0" time="600"/>
			</animation>
			<animation type="WindowClose" reversible="false">
				<effect type="fade" start="100" end="0" time="400"/>
				<effect type="slide" start="0,0" end="0,-115" time="400"/>
			</animation>
			<control type="group">
				<height>80</height>
				<!-- Background -->
				<control type="image">
					<left>-10</left>
					<top>-5</top>
					<width>108%</width>
					<height>80</height>
					<colordiffuse>88ffffff</colordiffuse>
					<texture border="40">dialogs/default/bg.png</texture>
				</control>
				<control type="group">
					<top>7</top>
					<left>20</left>
					<width>95%</width>
					<!-- buttons -->
					<control type="grouplist">
						<orientation>horizontal</orientation>
						<height>56</height>
						<itemgap>10</itemgap>
						<align>left</align>
						<control type="button" id="3012">
							<label>$ADDON[service.upnext 30036]</label>
							<height>56</height>
							<width>900</width>
							<font>Font_plot</font>
							<textoffsetx>25</textoffsetx>
							<textcolor>ddffffff</textcolor>
							<focusedcolor>eeffffff</focusedcolor>
							<selectedcolor>ddffffff</selectedcolor>
							<shadowcolor>22000000</shadowcolor>
							<aligny>center</aligny>
							<align>center</align>
							<texturefocus border="10" colordiffuse="ff0d6767">button.png</texturefocus>
							<texturenofocus border="10" colordiffuse="FF212121">button.png</texturenofocus>
							<pulseonselect>no</pulseonselect>
						</control>
						<control type="button" id="3013">
							<label>$ADDON[service.upnext 30034]</label>
							<height>56</height>
							<width min="50">auto</width>
							<font>Font_plot</font>
							<textoffsetx>15</textoffsetx>
							<textcolor>ddffffff</textcolor>
							<focusedcolor>eeffffff</focusedcolor>
							<selectedcolor>ddffffff</selectedcolor>
							<shadowcolor>22000000</shadowcolor>
							<aligny>center</aligny>
							<align>center</align>
							<texturefocus border="10" colordiffuse="ff0d6767">button.png</texturefocus>
							<texturenofocus border="10" colordiffuse="FF212121">button.png</texturenofocus>
							<pulseonselect>no</pulseonselect>
						</control>
						<!-- Label -->
						<control type="label">
							<width>auto</width>
							<height>56</height>
							<aligny>center</aligny>
							<font>font30_title</font>
							<textcolor>themecolor</textcolor>
							<shadowcolor>00000000</shadowcolor>
							<label>[CAPITALIZE][B]$ADDON[service.upnext 30024][/B][/CAPITALIZE]</label>
						</control>
					</control>
					<control type="image">
						<width>46</width>
						<height>46</height>
						<aspectratio>keep</aspectratio>
						<texture colordiffuse="ddffffff">nextupicons/30.png</texture>
						<animation effect="slide" end="13,5" time="0" condition="true">Conditional</animation>
						<visible>Integer.IsGreater(Player.TimeRemaining(ss),30)</visible>
					</control>
					<control type="image">
						<width>46</width>
						<height>46</height>
						<aspectratio>keep</aspectratio>
						<texture colordiffuse="ddffffff">$INFO[Player.TimeRemaining(ss),nextupicons/,.png]</texture>
						<animation effect="slide" end="13,5" time="0" condition="true">Conditional</animation>
						<visible>!Integer.IsGreater(Player.TimeRemaining(ss),30)</visible>
					</control>
				</control>
			</control>
		</control>
		<control type="progress" id="3014">
			<visible>false</visible>
		</control>
	</controls>
</window>