<?xml version="1.0" encoding="UTF-8"?>
<window>
	<defaultcontrol condition="Skin.HasSetting(Enable.StartupIntro)">10</defaultcontrol>
	<onload condition="System.HasAddon(plugin.video.themoviedb.helper) + Skin.HasSetting(OnlineRating)">Skin.SetBool(TMDbHelper.Service)</onload>
	<onload condition="System.HasAddon(plugin.video.themoviedb.helper) + Skin.HasSetting(OnlineRating)">Skin.SetBool(TMDbHelper.DisableArtwork)</onload>
	<onload condition="String.IsEmpty(Skin.String(Overlay.Toggle))">SetProperty(Overlay.Path,overlays/showcase/,home)</onload>
	<onload condition="String.IsEqual(Skin.String(Overlay.Toggle),1)">SetProperty(Overlay.Path,overlays/showcase/1/,home)</onload>
	<onload condition="String.IsEqual(Skin.String(Overlay.Toggle),2)">SetProperty(Overlay.Path,overlays/showcase/2/,home)</onload>
	<onload condition="String.IsEqual(Skin.String(Overlay.Toggle),3)">SetProperty(Overlay.Path,overlays/showcase/3/,home)</onload>
	<onload condition="Skin.HasSetting(Disable.Resumable)">SetProperty(Overlay.Resumable,True,home)</onload>
	<onload condition="System.HasAddon(aeon.tajo.ultra) + String.IsEqual(System.AddonVersion(aeon.tajo.ultra),1.0.0) + !Skin.HasSetting(SettingCommon)">Skin.SetBool(SettingCommon)</onload>
	<onload>RunScript(script.embuary.helper,action=txtfile,path=special://skin/extras/credits.txt,header=$LOCALIZE[470],prop=MyCredits)</onload>
	<!-- Intro -->
	<onload condition="!Skin.HasSetting(Enable.StartupIntro)">ReplaceWindow($INFO[System.StartupWindow])</onload>
	<onunload condition="Skin.HasSetting(Enable.StartupIntro)">PlayerControl(Stop)</onunload>
	<onunload condition="Skin.HasSetting(Enable.StartupIntro)">Playlist.Clear</onunload>
	<controls>
		<control type="button" id="10">
			<include>HiddenObject</include>
			<onfocus>PlayMedia(special://skin/extras/intro.mkv,1)</onfocus>
			<onfocus>SetFocus(11)</onfocus>
			<animation effect="fade" end="100" time="100">Focus</animation>
		</control>
		<control type="button" id="11">
			<include>HiddenObject</include>
			<onup>ReplaceWindow($INFO[System.StartupWindow])</onup>
			<ondown>ReplaceWindow($INFO[System.StartupWindow])</ondown>
			<onleft>ReplaceWindow($INFO[System.StartupWindow])</onleft>
			<onright>ReplaceWindow($INFO[System.StartupWindow])</onright>
			<onclick>ReplaceWindow($INFO[System.StartupWindow])</onclick>
			<onfocus>ReplaceWindow($INFO[System.StartupWindow])</onfocus>
			<animation effect="fade" end="100" time="8000">Focus</animation>
		</control>
		<control type="group">
			<visible>Player.HasVideo</visible>
			<control type="image">
				<include>FullscreenDimensions</include>
				<texture>black.png</texture>
			</control>
			<control type="videowindow">
				<include>FullscreenDimensions</include>
			</control>
		</control>
	</controls>
</window>