<includes>
	<!--#############################################################################   VISTA DISCOG - ID 585   #############################################################################-->
	<include name="ViewDiscog">
		<control type="group">
			<visible>Control.IsVisible(585)</visible>
			<left>8</left>
			<control type="image">
				<left>-120</left>
				<top>-130</top>
				<width>2240</width>
				<height>1500</height>
				<texture background="true">black.png</texture>
				<animation effect="fade" end="85" condition="true">Conditional</animation>
			</control>
			<control type="image">
				<visible>!ListItem.IsParentFolder</visible>
				<animation effect="slide" end="680,0" time="300" condition="!String.IsEmpty(Window(Home).Property(MoveArtist))">Conditional</animation>
				<visible>![Player.Playing + System.Idletime(15)]</visible>
				<animation effect="fade" end="0" time="4000">Hidden</animation>
				<left>1262</left>
				<top>-130</top>
				<width>2240</width>
				<height>1500</height>
				<texture diffuse="tajo/mask_cover3.png" background="true">black.png</texture>
				<animation effect="fade" end="45" condition="true">Conditional</animation>
			</control>
			<control type="group">
				<top>85</top>
				<animation effect="slide" end="0,-300" time="150" tween="cubic" easing="inout" condition="Integer.IsGreater(Container(5850).Row,0) + Integer.IsGreater(Container(5850).NumItems,12)">Conditional</animation>
				<control type="image">
					<visible>!Integer.IsGreater(Container(5850).NumItems,11) + !Integer.IsEqual(Container(5850).NumItems,4) + !Integer.IsEqual(Container(5850).NumItems,8)</visible>
					<animation effect="slide" end="520,0" time="300" condition="!String.IsEmpty(Window(Home).Property(MoveArtist))">Conditional</animation>
					<animation effect="slide" end="0,300" condition="Integer.IsGreater(Container(5850).NumItems,4)">Conditional</animation>
					<animation effect="slide" end="0,300" condition="Integer.IsGreater(Container(5850).NumItems,8)">Conditional</animation>
					<animation effect="fade" end="55" condition="true">Conditional</animation>
					<fadetime>200</fadetime>
					<left>930</left>
					<top>150</top>
					<width>310</width>
					<height>200</height>
					<aspectratio aligny="bottom" align="center">keep</aspectratio>
					<texture background="true" diffuse="tajo/osd_black_bg3.png">$INFO[Container(585).ListItem.Art(clearart)]</texture>
				</control>
				<control type="image">
					<visible>!Integer.IsGreater(Container(5850).NumItems,11) + !Integer.IsEqual(Container(5850).NumItems,4) + !Integer.IsEqual(Container(5850).NumItems,8) + String.IsEmpty(Container(585).ListItem.Art(clearart))</visible>
					<animation effect="slide" end="520,0" time="300" condition="!String.IsEmpty(Window(Home).Property(MoveArtist))">Conditional</animation>
					<animation effect="slide" end="0,300" condition="Integer.IsGreater(Container(5850).NumItems,4)">Conditional</animation>
					<animation effect="slide" end="0,300" condition="Integer.IsGreater(Container(5850).NumItems,8)">Conditional</animation>
					<animation effect="fade" end="65" condition="true">Conditional</animation>
					<fadetime>200</fadetime>
					<left>930</left>
					<top>150</top>
					<width>310</width>
					<height>200</height>
					<aspectratio aligny="bottom" align="center">keep</aspectratio>
					<texture background="true">$INFO[Container(585).ListItem.Art(clearlogo)]</texture>
				</control>
				<control type="group">
					<visible>Container.Content(artists)</visible>
					<left>-630</left>
					<top>-80</top>
					<control type="wraplist" id="585">
						<animation effect="slide" end="640,0" time="300" condition="!String.IsEmpty(Window(Home).Property(MoveArtist))">Conditional</animation>
						<animation effect="slide" end="50,0" time="150" condition="Control.HasFocus(5919)">Conditional</animation>
						<animation effect="slide" end="0,300" time="150" tween="cubic" easing="inout" condition="Integer.IsGreater(Container(5850).Row,0) + Integer.IsGreater(Container(5850).NumItems,12)">Conditional</animation>
						<viewtype label="$LOCALIZE[21888]">list</viewtype>
						<visible>Container.Content(artists)</visible>
						<visible>!Container.Content(musicvideos) + !String.StartsWith(container.folderpath,library://video/musicvideos/) + !String.StartsWith(container.folderpath,videodb://musicvideos)</visible>
						<width>520</width>
						<height>1050</height>
						<pagecontrol>80</pagecontrol>
						<scrolltime tween="cubic" easing="out">500</scrolltime>
						<orientation>vertical</orientation>
						<focusposition>7</focusposition>
						<onleft condition="[String.Contains(Container.SortMethod,$LOCALIZE[369]) | String.Contains(Container.SortMethod,$LOCALIZE[557])] + !ListItem.IsParentFolder">5919</onleft>
						<onleft>80</onleft>
						<onright>ClearProperty(MoveArtist,Home)</onright>
						<onright>5850</onright>
						<focusedlayout height="58">
							<control type="button" id="5858">
								<include>HiddenObject</include>
								<onfocus condition="String.IsEmpty(Window(Home).Property(MoveArtist))">SetFocus(5850,0,absolute)</onfocus>
							</control>
							<control type="textbox">
								<top>5</top>
								<left>20</left>
								<width>500</width>
								<height>58</height>
								<align>left</align>
								<aligny>center</aligny>
								<autoscroll delay="2000" time="2000" repeat="2000">Skin.HasSetting(Enable.AutoScroll)</autoscroll>
								<font>titlemus</font>
								<label>$INFO[ListItem.Label]</label>
								<textcolor>themecolor</textcolor>
								<shadowcolor>black</shadowcolor>
							</control>
						</focusedlayout>
						<itemlayout height="58">
							<control type="textbox">
								<animation effect="fade" end="65" condition="true">Conditional</animation>
								<top>5</top>
								<left>20</left>
								<width>500</width>
								<height>58</height>
								<align>left</align>
								<aligny>center</aligny>
								<font>fontmusic2</font>
								<label>$INFO[ListItem.Label]</label>
								<textcolor>white</textcolor>
								<shadowcolor>black</shadowcolor>
							</control>
						</itemlayout>
					</control>
				</control>
				<control type="list" id="6822">
					<content target="music">$VAR[Source_Parent-1]</content>
					<itemlayout/>
					<focusedlayout/>
				</control>
				<control type="list" id="6823">
					<content target="music">$VAR[Source_Parent]</content>
					<itemlayout/>
					<focusedlayout/>
				</control>
				<control type="list" id="6824">
					<content target="music">$VAR[Source_Parent1]</content>
					<itemlayout/>
					<focusedlayout/>
				</control>
				<control type="list" id="6825">
					<content target="music">$VAR[Source_Parent2]</content>
					<itemlayout/>
					<focusedlayout/>
				</control>
				<control type="group">
					<top>-1043</top>
					<animation effect="slide" end="520,0" time="300" condition="!String.IsEmpty(Window(Home).Property(MoveArtist))">Conditional</animation>
					<animation effect="slide" end="0,-300" condition="Integer.IsGreater(Container(6822).NumItems,3)">Conditional</animation>
					<animation effect="slide" end="0,-300" condition="Integer.IsGreater(Container(6822).NumItems,7)">Conditional</animation>
					<animation effect="slide" end="0,-300" condition="Integer.IsGreater(Container(6822).NumItems,11)">Conditional</animation>
					<animation effect="slide" end="0,-300" condition="Integer.IsGreater(Container(6822).NumItems,15)">Conditional</animation>
					<animation effect="slide" end="0,-300" condition="Integer.IsGreater(Container(6822).NumItems,19)">Conditional</animation>
					<control type="textbox" id="5289">
						<include>HiddenObject</include>
						<label>$INFO[Container(585).ListItem(-1).Label]</label>
					</control>
					<control type="textbox" id="5290">
						<include>HiddenObject</include>
						<label>$VAR[Prueba_di-1]</label>
					</control>
					<control type="image">
						<visible>!Integer.IsGreater(Container(6822).NumItems,10) + !Integer.IsEqual(Container(6822).NumItems,3) + !Integer.IsEqual(Container(6822).NumItems,7)</visible>
						<animation effect="slide" end="0,300" condition="Integer.IsGreater(Container(6822).NumItems,3)">Conditional</animation>
						<animation effect="slide" end="0,300" condition="Integer.IsGreater(Container(6822).NumItems,7)">Conditional</animation>
						<animation effect="fade" end="55" condition="true">Conditional</animation>
						<fadetime>200</fadetime>
						<left>930</left>
						<top>835</top>
						<width>310</width>
						<height>200</height>
						<aspectratio aligny="bottom" align="center">keep</aspectratio>
						<texture background="true" diffuse="tajo/osd_black_bg3.png">$INFO[Container(585).ListItem(-1).Art(clearart)]</texture>
					</control>
					<control type="image">
						<visible>!Integer.IsGreater(Container(6822).NumItems,10) + !Integer.IsEqual(Container(6822).NumItems,3) + !Integer.IsEqual(Container(6822).NumItems,7) + String.IsEmpty(Container(585).ListItem(-1).Art(clearart))</visible>
						<animation effect="slide" end="0,300" condition="Integer.IsGreater(Container(6822).NumItems,3)">Conditional</animation>
						<animation effect="slide" end="0,300" condition="Integer.IsGreater(Container(6822).NumItems,7)">Conditional</animation>
						<animation effect="fade" end="65" condition="true">Conditional</animation>
						<fadetime>200</fadetime>
						<left>930</left>
						<top>835</top>
						<width>310</width>
						<height>200</height>
						<aspectratio aligny="bottom" align="center">keep</aspectratio>
						<texture background="true">$INFO[Container(585).ListItem(-1).Art(clearlogo)]</texture>
					</control>
					<control type="panel" id="5355">
						<width>1300</width>
						<height>1820</height>
						<top>796</top>
						<left>30</left>
						<orientation>vertical</orientation>
						<focusedlayout width="300" height="300">
						</focusedlayout>
						<itemlayout width="300" height="300">
							<control type="group">
								<top>5</top>
								<control type="image">
									<visible>String.Contains(ListItem.Label2,singer)</visible>
									<top>10</top>
									<left>10</left>
									<width>270</width>
									<height>270</height>
									<colordiffuse>ffd5d5d5</colordiffuse>
									<texture background="true">tajo/mask_circle.png</texture>
									<aspectratio scalediffuse="false" align="center" aligny="center">scale</aspectratio>
								</control>
								<control type="image">
									<visible>String.Contains(ListItem.Label2,singer) + !String.IsEqual(Control.GetLabel(5289),..)</visible>
									<fadetime>400</fadetime>
									<top>15</top>
									<left>15</left>
									<width>260</width>
									<height>260</height>
									<texture fallback="tajo/DefaultArtist.png" diffuse="tajo/mask_circle.png" background="true">$INFO[Control.GetLabel(5290)]</texture>
									<aspectratio scalediffuse="false" align="center" aligny="center">scale</aspectratio>
								</control>
								<control type="image">
									<visible>String.Contains(ListItem.Label2,singer) + String.IsEqual(Control.GetLabel(5289),..)</visible>
									<fadetime>400</fadetime>
									<top>15</top>
									<left>15</left>
									<width>260</width>
									<height>260</height>
									<texture diffuse="tajo/mask_circle.png" background="true">DefaultFolderBack.png</texture>
									<aspectratio scalediffuse="false" align="center" aligny="center">scale</aspectratio>
								</control>
								<control type="image">
									<animation effect="fade" end="65" condition="true">Conditional</animation>
									<fadetime>400</fadetime>
									<visible>!String.Contains(ListItem.Label2,singer)</visible>
									<top>15</top>
									<left>15</left>
									<width>260</width>
									<height>260</height>
									<texture fallback="tajo/defaultalbumcover.png" diffuse="tajo/mask_cover3.png" background="true">$INFO[ListItem.Thumb]</texture>
									<aspectratio align="center">scale</aspectratio>
								</control>
								<control type="image">
									<visible>String.Contains(ListItem.Label2,singer)</visible>
									<left>14</left>
									<top>15</top>
									<width>262</width>
									<height>262</height>
									<colordiffuse>ffFFFFFF</colordiffuse>
									<aspectratio scalediffuse="false" align="center" aligny="center">scale</aspectratio>
									<texture diffuse="tajo/mask_circle.png" background="true">tajo/osd_black_bg.png</texture>
								</control>
								<control type="textbox">
									<visible>String.Contains(ListItem.Label2,singer) + !String.IsEqual(Control.GetLabel(5289),..)</visible>
									<top>165</top>
									<width>300</width>
									<height>105</height>
									<font>titlemus</font>
									<align>center</align>
									<aligny>center</aligny>
									<textcolor>white</textcolor>
									<shadowcolor>black</shadowcolor>
									<label>$INFO[Control.GetLabel(5289)]</label>
								</control>
							</control>
						</itemlayout>
						<content>
							<item>
								<label>$INFO[Container(585).ListItem(-1).Art(thumb)]</label>
								<label2>singer</label2>
							</item>
						</content>
						<content target="music" sortby="year" sortorder="ascending">$VAR[Source_Parent-1]</content>
					</control>
				</control>
				<control type="group">
					<animation effect="slide" end="520,0" time="300" condition="!String.IsEmpty(Window(Home).Property(MoveArtist))">Conditional</animation>
					<control type="image">
						<left>35</left>
						<top>75</top>
						<width>1220</width>
						<height>3</height>
						<texture>tajo/line.png</texture>
					</control>
					<control type="textbox" id="5487">
						<include>HiddenObject</include>
						<label>$INFO[Container(585).ListItem.Label]</label>
					</control>
					<control type="textbox" id="5388">
						<include>HiddenObject</include>
						<label>$VAR[Prueba_di]</label>
					</control>
					<control type="list" id="5822">
						<content target="music" sortby="year" sortorder="ascending">$INFO[Container(585).ListItem.DBID,musicdb://artists/,/*]</content>
						<itemlayout/>
						<focusedlayout/>
					</control>
					<control type="panel" id="5850">
						<width>1300</width>
						<height>1200</height>
						<top>100</top>
						<left>30</left>
						<orientation>vertical</orientation>
						<onleft>SetProperty(MoveArtist,True,home)</onleft>
						<onleft>585</onleft>
						<ondown>Control.Move(585,1)</ondown>
						<ondown>585</ondown>
						<onup>Control.Move(585,-1)</onup>
						<onup>585</onup>
						<onright>Control.Move(5850,1)</onright>
						<onclick condition="String.IsEqual(Control.GetLabel(5487),..)">SetProperty(MediaMenu,True,home)</onclick>
						<onclick condition="String.IsEqual(Control.GetLabel(5487),..)">SetFocus(9050)</onclick>
						<onclick condition="!String.IsEqual(Control.GetLabel(5487),..) + String.IsEqual(Container(5850).CurrentItem,1)">SetProperty(PlayArtist,True,home)</onclick>
						<onclick condition="!String.IsEqual(Control.GetLabel(5487),..) + !String.Contains(ListItem.Label2,singer)">SetFocus(5852,0,absolute)</onclick>
						<onclick condition="!String.IsEqual(Control.GetLabel(5487),..) + String.IsEqual(Container(5850).CurrentItem,1)">RunScript(script.embuary.helper,action=playall,id=5822,method=shuffle)</onclick>
						<focusedlayout width="300" height="300">
							<include>Button_Disc</include>
							<control type="button" id="5329">
								<visible>!String.IsEmpty(Window(Home).Property(PlayArtist))</visible>
								<include>HiddenObject</include>
								<onfocus>ClearProperty(PlayArtist,Home)</onfocus>
							</control>
							<control type="image">
								<left>-3</left>
								<top>2</top>
								<visible>Control.HasFocus(5850)</visible>
								<visible>!String.IsEqual(Container(5850).CurrentItem,1)</visible>
								<width>294</width>
								<height>294</height>
								<texture diffuse="tajo/mask_cover3.png">$VAR[Option_Back]</texture>
								<aspectratio align="center">stretch</aspectratio>
								<colordiffuse>ddffffff</colordiffuse>
							</control>
							<control type="image">
								<left>-2</left>
								<top>3</top>
								<visible>Control.HasFocus(5850)</visible>
								<visible>String.IsEqual(Container(5850).CurrentItem,1)</visible>
								<width>294</width>
								<height>294</height>
								<texture diffuse="tajo/mask_circle.png">$VAR[Option_Back]</texture>
								<aspectratio scalediffuse="false" align="center" aligny="center">scale</aspectratio>
								<colordiffuse>ddffffff</colordiffuse>
							</control>
							<control type="group">
								<top>5</top>
								<control type="image">
									<visible>!String.IsEqual(Container(5850).CurrentItem,1)</visible>
									<top>15</top>
									<left>15</left>
									<width>260</width>
									<height>260</height>
									<texture fallback="tajo/defaultalbumcover.png" diffuse="tajo/mask_cover3.png" background="true">$INFO[ListItem.Thumb]</texture>
									<aspectratio align="center">scale</aspectratio>
								</control>
								<control type="image">
									<visible>String.IsEqual(Container(5850).CurrentItem,1) + !String.IsEqual(Control.GetLabel(5487),..)</visible>
									<top>15</top>
									<left>15</left>
									<width>260</width>
									<height>260</height>
									<texture fallback="tajo/DefaultArtist.png" diffuse="tajo/mask_circle.png" background="true">$INFO[Control.GetLabel(5388)]</texture>
									<aspectratio scalediffuse="false" align="center" aligny="center">scale</aspectratio>
								</control>
								<control type="image">
									<visible>String.IsEqual(Container(5850).CurrentItem,1) + String.IsEqual(Control.GetLabel(5487),..)</visible>
									<top>15</top>
									<left>15</left>
									<width>260</width>
									<height>260</height>
									<texture diffuse="tajo/mask_circle.png" background="true">DefaultFolderBack.png</texture>
									<aspectratio scalediffuse="false" align="center" aligny="center">scale</aspectratio>
								</control>
								<control type="image">
									<visible>String.IsEqual(Container(5850).CurrentItem,1)</visible>
									<left>14</left>
									<top>15</top>
									<width>262</width>
									<height>262</height>
									<colordiffuse>ffFFFFFF</colordiffuse>
									<aspectratio scalediffuse="false" align="center" aligny="center">scale</aspectratio>
									<texture diffuse="tajo/mask_circle.png" background="true">tajo/osd_black_bg.png</texture>
								</control>
								<control type="textbox">
									<visible>String.IsEqual(Container(5850).CurrentItem,1) + !String.IsEqual(Control.GetLabel(5487),..)</visible>
									<top>165</top>
									<width>300</width>
									<height>105</height>
									<font>titlemus</font>
									<align>center</align>
									<aligny>center</aligny>
									<shadowcolor>black</shadowcolor>
									<label>$INFO[Control.GetLabel(5487)]</label>
								</control>
							</control>
						</focusedlayout>
						<itemlayout width="300" height="300">
							<control type="group">
								<top>5</top>
								<control type="image">
									<visible>!String.Contains(ListItem.Label2,singer)</visible>
									<top>15</top>
									<left>15</left>
									<width>260</width>
									<height>260</height>
									<texture fallback="tajo/defaultalbumcover.png" diffuse="tajo/mask_cover3.png" background="true">$INFO[ListItem.Thumb]</texture>
									<aspectratio align="center">scale</aspectratio>
								</control>
								<control type="image">
									<visible>String.Contains(ListItem.Label2,singer)</visible>
									<top>10</top>
									<left>10</left>
									<width>270</width>
									<height>270</height>
									<colordiffuse>ffd5d5d5</colordiffuse>
									<texture background="true">tajo/mask_circle.png</texture>
									<aspectratio scalediffuse="false" align="center" aligny="center">scale</aspectratio>
								</control>
								<control type="image">
									<visible>String.Contains(ListItem.Label2,singer)</visible>
									<top>15</top>
									<left>15</left>
									<width>260</width>
									<height>260</height>
									<texture fallback="tajo/DefaultArtist.png" diffuse="tajo/mask_circle.png" background="true">$INFO[Control.GetLabel(5388)]</texture>
									<aspectratio scalediffuse="false" align="center" aligny="center">scale</aspectratio>
								</control>
								<control type="image">
									<visible>String.Contains(ListItem.Label2,singer)</visible>
									<left>14</left>
									<top>15</top>
									<width>262</width>
									<height>262</height>
									<colordiffuse>ffFFFFFF</colordiffuse>
									<aspectratio scalediffuse="false" align="center" aligny="center">scale</aspectratio>
									<texture diffuse="tajo/mask_circle.png" background="true">tajo/osd_black_bg.png</texture>
								</control>
								<control type="textbox">
									<visible>String.Contains(ListItem.Label2,singer) + !String.IsEqual(Control.GetLabel(5487),..)</visible>
									<top>165</top>
									<width>300</width>
									<height>105</height>
									<font>titlemus</font>
									<align>center</align>
									<aligny>center</aligny>
									<shadowcolor>black</shadowcolor>
									<label>$INFO[Control.GetLabel(5487)]</label>
								</control>
							</control>
						</itemlayout>
						<content>
							<item>
								<label>$INFO[Container(585).ListItem.Art(thumb)]</label>
								<label2>singer</label2>
							</item>
						</content>
						<content target="music" sortby="year" sortorder="ascending">$VAR[Source_Parent]</content>
					</control>
				</control>
				<control type="group">
					<animation effect="slide" end="520,0" time="300" condition="!String.IsEmpty(Window(Home).Property(MoveArtist))">Conditional</animation>
					<animation effect="slide" end="0,300" condition="Integer.IsGreater(Container(6823).NumItems,3)">Conditional</animation>
					<animation effect="slide" end="0,300" condition="Integer.IsGreater(Container(6823).NumItems,7)">Conditional</animation>
					<animation effect="slide" end="0,300" condition="Integer.IsGreater(Container(6823).NumItems,11)">Conditional</animation>
					<control type="image">
						<left>35</left>
						<top>421</top>
						<width>1220</width>
						<height>3</height>
						<texture>tajo/line.png</texture>
					</control>
					<control type="textbox" id="5488">
						<include>HiddenObject</include>
						<label>$INFO[Container(585).ListItem(1).Label]</label>
					</control>
					<control type="textbox" id="5389">
						<include>HiddenObject</include>
						<label>$VAR[Prueba_di1]</label>
					</control>
					<control type="image">
						<visible>!Integer.IsGreater(Container(6824).NumItems,10) + !Integer.IsEqual(Container(6824).NumItems,3) + !Integer.IsEqual(Container(6824).NumItems,7)</visible>
						<animation effect="slide" end="0,300" condition="Integer.IsGreater(Container(6824).NumItems,3)">Conditional</animation>
						<animation effect="slide" end="0,300" condition="Integer.IsGreater(Container(6824).NumItems,7)">Conditional</animation>
						<animation effect="fade" end="55" condition="true">Conditional</animation>
						<fadetime>200</fadetime>
						<left>930</left>
						<top>475</top>
						<width>310</width>
						<height>200</height>
						<aspectratio aligny="bottom" align="center">keep</aspectratio>
						<texture background="true" diffuse="tajo/osd_black_bg3.png">$INFO[Container(585).ListItem(1).Art(clearart)]</texture>
					</control>
					<control type="image">
						<visible>!Integer.IsGreater(Container(6824).NumItems,10) + !Integer.IsEqual(Container(6824).NumItems,3) + !Integer.IsEqual(Container(6824).NumItems,7) + String.IsEmpty(Container(585).ListItem(1).Art(clearart))</visible>
						<animation effect="slide" end="0,300" condition="Integer.IsGreater(Container(6824).NumItems,3)">Conditional</animation>
						<animation effect="slide" end="0,300" condition="Integer.IsGreater(Container(6824).NumItems,7)">Conditional</animation>
						<animation effect="fade" end="65" condition="true">Conditional</animation>
						<fadetime>200</fadetime>
						<left>930</left>
						<top>475</top>
						<width>310</width>
						<height>200</height>
						<aspectratio aligny="bottom" align="center">keep</aspectratio>
						<texture background="true">$INFO[Container(585).ListItem(1).Art(clearlogo)]</texture>
					</control>
					<control type="panel" id="5851">
						<width>1300</width>
						<height>1064</height>
						<top>447</top>
						<left>30</left>
						<orientation>vertical</orientation>
						<focusedlayout width="300" height="300">
						</focusedlayout>
						<itemlayout width="300" height="300">
							<control type="group">
								<top>5</top>
								<control type="image">
									<visible>String.Contains(ListItem.Label2,singer)</visible>
									<top>10</top>
									<left>10</left>
									<width>270</width>
									<height>270</height>
									<colordiffuse>ffd5d5d5</colordiffuse>
									<texture background="true">tajo/mask_circle.png</texture>
									<aspectratio scalediffuse="false" align="center" aligny="center">scale</aspectratio>
								</control>
								<control type="image">
									<visible>String.Contains(ListItem.Label2,singer) + !String.IsEqual(Control.GetLabel(5488),..)</visible>
									<top>15</top>
									<left>15</left>
									<width>260</width>
									<height>260</height>
									<fadetime>400</fadetime>
									<texture fallback="tajo/DefaultArtist.png" diffuse="tajo/mask_circle.png" background="true">$INFO[Control.GetLabel(5389)]</texture>
									<aspectratio scalediffuse="false" align="center" aligny="center">scale</aspectratio>
								</control>
								<control type="image">
									<visible>String.Contains(ListItem.Label2,singer) + String.IsEqual(Control.GetLabel(5488),..)</visible>
									<top>15</top>
									<left>15</left>
									<width>260</width>
									<height>260</height>
									<fadetime>400</fadetime>
									<texture diffuse="tajo/mask_circle.png" background="true">DefaultFolderBack.png</texture>
									<aspectratio scalediffuse="false" align="center" aligny="center">scale</aspectratio>
								</control>
								<control type="image">
									<animation effect="fade" end="65" condition="true">Conditional</animation>
									<visible>!String.Contains(ListItem.Label2,singer)</visible>
									<top>15</top>
									<left>15</left>
									<width>260</width>
									<height>260</height>
									<fadetime>400</fadetime>
									<texture fallback="tajo/defaultalbumcover.png" diffuse="tajo/mask_cover3.png" background="true">$INFO[ListItem.Thumb]</texture>
									<aspectratio align="center">scale</aspectratio>
								</control>
								<control type="image">
									<visible>String.Contains(ListItem.Label2,singer)</visible>
									<left>14</left>
									<top>15</top>
									<width>262</width>
									<height>262</height>
									<colordiffuse>ffFFFFFF</colordiffuse>
									<aspectratio scalediffuse="false" align="center" aligny="center">scale</aspectratio>
									<texture diffuse="tajo/mask_circle.png" background="true">tajo/osd_black_bg.png</texture>
								</control>
								<control type="textbox">
									<visible>String.Contains(ListItem.Label2,singer) + !String.IsEqual(Control.GetLabel(5488),..)</visible>
									<top>165</top>
									<width>300</width>
									<height>105</height>
									<font>titlemus</font>
									<align>center</align>
									<aligny>center</aligny>
									<textcolor>white</textcolor>
									<shadowcolor>black</shadowcolor>
									<label>$INFO[Control.GetLabel(5488)]</label>
								</control>
							</control>
						</itemlayout>
						<content>
							<item>
								<label>$INFO[Container(585).ListItem(1).Art(thumb)]</label>
								<label2>singer</label2>
							</item>
						</content>
						<content target="music" sortby="year" sortorder="ascending">$VAR[Source_Parent1]</content>
					</control>
				</control>
				<control type="group">
					<animation effect="slide" end="520,0" time="300" condition="!String.IsEmpty(Window(Home).Property(MoveArtist))">Conditional</animation>
					<animation effect="slide" end="0,300" condition="Integer.IsGreater(Container(6823).NumItems,3)">Conditional</animation>
					<animation effect="slide" end="0,300" condition="Integer.IsGreater(Container(6823).NumItems,7)">Conditional</animation>
					<animation effect="slide" end="0,300" condition="Integer.IsGreater(Container(6823).NumItems,11)">Conditional</animation>
					<animation effect="slide" end="0,300" condition="Integer.IsGreater(Container(6824).NumItems,3)">Conditional</animation>
					<animation effect="slide" end="0,300" condition="Integer.IsGreater(Container(6824).NumItems,7)">Conditional</animation>
					<animation effect="slide" end="0,300" condition="Integer.IsGreater(Container(6824).NumItems,11)">Conditional</animation>
					<control type="image">
						<left>35</left>
						<top>770</top>
						<width>1220</width>
						<height>3</height>
						<texture>tajo/line.png</texture>
					</control>
					<control type="textbox" id="5489">
						<include>HiddenObject</include>
						<label>$INFO[Container(585).ListItem(2).Label]</label>
					</control>
					<control type="textbox" id="5390">
						<include>HiddenObject</include>
						<label>$VAR[Prueba_di2]</label>
					</control>
					<control type="image">
						<visible>!Integer.IsGreater(Container(6825).NumItems,10) + !Integer.IsEqual(Container(6825).NumItems,3) + !Integer.IsEqual(Container(6825).NumItems,7)</visible>
						<animation effect="slide" end="0,300" condition="Integer.IsGreater(Container(6825).NumItems,3)">Conditional</animation>
						<animation effect="slide" end="0,300" condition="Integer.IsGreater(Container(6825).NumItems,7)">Conditional</animation>
						<animation effect="fade" end="55" condition="true">Conditional</animation>
						<fadetime>200</fadetime>
						<left>930</left>
						<top>835</top>
						<width>310</width>
						<height>200</height>
						<aspectratio aligny="bottom" align="center">keep</aspectratio>
						<texture background="true" diffuse="tajo/osd_black_bg3.png">$INFO[Container(585).ListItem(2).Art(clearart)]</texture>
					</control>
					<control type="image">
						<visible>!Integer.IsGreater(Container(6825).NumItems,10) + !Integer.IsEqual(Container(6825).NumItems,3) + !Integer.IsEqual(Container(6825).NumItems,7) + String.IsEmpty(Container(585).ListItem(2).Art(clearart))</visible>
						<animation effect="slide" end="0,300" condition="Integer.IsGreater(Container(6825).NumItems,3)">Conditional</animation>
						<animation effect="slide" end="0,300" condition="Integer.IsGreater(Container(6825).NumItems,7)">Conditional</animation>
						<animation effect="fade" end="65" condition="true">Conditional</animation>
						<fadetime>200</fadetime>
						<left>930</left>
						<top>835</top>
						<width>310</width>
						<height>200</height>
						<aspectratio aligny="bottom" align="center">keep</aspectratio>
						<texture background="true">$INFO[Container(585).ListItem(2).Art(clearlogo)]</texture>
					</control>
					<control type="panel" id="5855">
						<width>1300</width>
						<height>1064</height>
						<top>796</top>
						<left>30</left>
						<orientation>vertical</orientation>
						<focusedlayout width="300" height="300">
						</focusedlayout>
						<itemlayout width="300" height="300">
							<control type="group">
								<top>5</top>
								<control type="image">
									<visible>String.Contains(ListItem.Label2,singer)</visible>
									<top>10</top>
									<left>10</left>
									<width>270</width>
									<height>270</height>
									<colordiffuse>ffd5d5d5</colordiffuse>
									<texture background="true">tajo/mask_circle.png</texture>
									<aspectratio scalediffuse="false" align="center" aligny="center">scale</aspectratio>
								</control>
								<control type="image">
									<visible>String.Contains(ListItem.Label2,singer) + !String.IsEqual(Control.GetLabel(5489),..)</visible>
									<fadetime>400</fadetime>
									<top>15</top>
									<left>15</left>
									<width>260</width>
									<height>260</height>
									<texture fallback="tajo/DefaultArtist.png" diffuse="tajo/mask_circle.png" background="true">$INFO[Control.GetLabel(5390)]</texture>
									<aspectratio scalediffuse="false" align="center" aligny="center">scale</aspectratio>
								</control>
								<control type="image">
									<visible>String.Contains(ListItem.Label2,singer) + String.IsEqual(Control.GetLabel(5489),..)</visible>
									<fadetime>400</fadetime>
									<top>15</top>
									<left>15</left>
									<width>260</width>
									<height>260</height>
									<texture diffuse="tajo/mask_circle.png" background="true">DefaultFolderBack.png</texture>
									<aspectratio scalediffuse="false" align="center" aligny="center">scale</aspectratio>
								</control>
								<control type="image">
									<animation effect="fade" end="65" condition="true">Conditional</animation>
									<visible>!String.Contains(ListItem.Label2,singer)</visible>
									<fadetime>400</fadetime>
									<top>15</top>
									<left>15</left>
									<width>260</width>
									<height>260</height>
									<texture fallback="tajo/defaultalbumcover.png" diffuse="tajo/mask_cover3.png" background="true">$INFO[ListItem.Thumb]</texture>
									<aspectratio align="center">scale</aspectratio>
								</control>
								<control type="image">
									<visible>String.Contains(ListItem.Label2,singer)</visible>
									<left>14</left>
									<top>15</top>
									<width>262</width>
									<height>262</height>
									<colordiffuse>ffFFFFFF</colordiffuse>
									<aspectratio scalediffuse="false" align="center" aligny="center">scale</aspectratio>
									<texture diffuse="tajo/mask_circle.png" background="true">tajo/osd_black_bg.png</texture>
								</control>
								<control type="textbox">
									<visible>String.Contains(ListItem.Label2,singer) + !String.IsEqual(Control.GetLabel(5489),..)</visible>
									<top>165</top>
									<width>300</width>
									<height>105</height>
									<font>titlemus</font>
									<align>center</align>
									<aligny>center</aligny>
									<textcolor>white</textcolor>
									<shadowcolor>black</shadowcolor>
									<label>$INFO[Control.GetLabel(5489)]</label>
								</control>
							</control>
						</itemlayout>
						<content>
							<item>
								<label>$INFO[Container(585).ListItem(2).Art(thumb)]</label>
								<label2>singer</label2>
							</item>
						</content>
						<content target="music" sortby="year" sortorder="ascending">$VAR[Source_Parent2]</content>
					</control>
				</control>
			</control>
			<control type="panel" id="5857">
				<width>1300</width>
				<height>1064</height>
				<top>2000</top>
				<left>30</left>
				<orientation>vertical</orientation>
				<focusedlayout width="300" height="300">
					<control type="image">
						<top>10</top>
						<left>10</left>
						<width>270</width>
						<height>270</height>
						<texture background="true">$INFO[ListItem.Icon]</texture>
					</control>
				</focusedlayout>
				<itemlayout width="300" height="300">
					<control type="image">
						<top>10</top>
						<left>10</left>
						<width>270</width>
						<height>270</height>
						<texture background="true">$INFO[ListItem.Icon]</texture>
					</control>
				</itemlayout>
				<content target="music" sortby="year" sortorder="ascending">$VAR[Source_Parent2]</content>
			</control>
			<control type="group">
				<visible>!ListItem.IsParentFolder</visible>
				<top>25</top>
				<left>-5</left>
				<animation effect="slide" end="630,0" time="300" condition="!String.IsEmpty(Window(Home).Property(MoveArtist))">Conditional</animation>
				<control type="group">
					<visible>!String.Contains(Container(5850).ListItem.Label2,singer)</visible>
					<control type="list" id="5852">
						<top>20</top>
						<left>1290</left>
						<width>620</width>
						<height>640</height>
						<orientation>vertical</orientation>
						<onclick>SetProperty(PlayArtist,True,home)</onclick>
						<onclick>RunScript(script.embuary.helper,action=playall,id=5852,method=fromhere)</onclick>
						<onleft>5850</onleft>
						<onright>5850</onright>
						<itemlayout width="620" height="45">
							<control type="label">
								<left>12</left>
								<width>55</width>
								<height>45</height>
								<align>left</align>
								<font>font13c</font>
								<textcolor>white</textcolor>
								<selectedcolor>themecolor</selectedcolor>
								<shadowcolor>black</shadowcolor>
								<label>$INFO[ListItem.Tracknumber].</label>
							</control>
							<control type="label">
								<left>70</left>
								<width>540</width>
								<height>45</height>
								<align>left</align>
								<font>font13c</font>
								<scroll>true</scroll>
								<scrollspeed>30</scrollspeed>
								<scrollsuffix>  |  </scrollsuffix>
								<textcolor>white</textcolor>
								<selectedcolor>themecolor</selectedcolor>
								<shadowcolor>black</shadowcolor>
								<label>$INFO[ListItem.Label] $INFO[ListItem.Duration,(,)]</label>
							</control>
						</itemlayout>
						<focusedlayout width="620" height="45">
							<control type="group">
								<visible>Control.HasFocus(5852)</visible>
								<control type="image">
									<left>-2</left>
									<width>625</width>
									<height>52</height>
									<texture diffuse="tajo/recua1c.png">$VAR[Option_Back]</texture>
									<aspectratio align="center">stretch</aspectratio>
									<colordiffuse>ddffffff</colordiffuse>
								</control>
								<control type="label">
									<left>12</left>
									<width>55</width>
									<height>45</height>
									<align>left</align>
									<font>font13c</font>
									<textcolor>white</textcolor>
									<selectedcolor>themecolor</selectedcolor>
									<shadowcolor>black</shadowcolor>
									<label>[B]$INFO[ListItem.Tracknumber].[/B]</label>
								</control>
								<control type="label">
									<left>70</left>
									<width>540</width>
									<height>45</height>
									<align>left</align>
									<font>font13c</font>
									<scroll>true</scroll>
									<scrollspeed>30</scrollspeed>
									<scrollsuffix>  |  </scrollsuffix>
									<textcolor>white</textcolor>
									<selectedcolor>themecolor</selectedcolor>
									<shadowcolor>black</shadowcolor>
									<label>[B]$INFO[ListItem.Label] $INFO[ListItem.Duration,(,)][/B]</label>
								</control>
							</control>
							<control type="group">
								<visible>!Control.HasFocus(5852)</visible>
								<control type="label">
									<left>12</left>
									<width>55</width>
									<height>45</height>
									<align>left</align>
									<font>font13c</font>
									<textcolor>white</textcolor>
									<selectedcolor>themecolor</selectedcolor>
									<shadowcolor>black</shadowcolor>
									<label>$INFO[ListItem.Tracknumber].</label>
								</control>
								<control type="label">
									<left>70</left>
									<width>540</width>
									<height>45</height>
									<align>left</align>
									<font>font13c</font>
									<scroll>true</scroll>
									<scrollspeed>30</scrollspeed>
									<scrollsuffix>  |  </scrollsuffix>
									<textcolor>white</textcolor>
									<selectedcolor>themecolor</selectedcolor>
									<shadowcolor>black</shadowcolor>
									<label>$INFO[ListItem.Label] $INFO[ListItem.Duration,(,)]</label>
								</control>
							</control>
						</focusedlayout>
						<content target="music" sortby="track" sortorder="ascending">$INFO[Container(5850).ListItem.FolderPath]</content>
					</control>
				</control>
				<control type="group">
					<top>-30</top>
					<visible>String.Contains(Container(5850).ListItem.Label2,singer)</visible>
					<control type="textbox">
						<left>1300</left>
						<top>17</top>
						<height>83</height>
						<width>610</width>
						<align>left</align>
						<aligny>center</aligny>
						<font>fontmusic2</font>
						<label>[B]$LOCALIZE[132]: [/B][COLOR=FFFFFAF0][B]$INFO[Container(5366).NumItems][/B][/COLOR]</label>
						<textcolor>themecolor</textcolor>
						<shadowcolor>black</shadowcolor>
						<selectedcolor>themecolor</selectedcolor>
					</control>
					<control type="list" id="5366">
						<top>100</top>
						<left>1300</left>
						<width>620</width>
						<height>605</height>
						<orientation>vertical</orientation>
						<scrolltime>1500</scrolltime>
						<autoscroll time="600">Skin.HasSetting(Enable.AutoScroll)</autoscroll>
						<itemlayout width="620" height="50">
							<control type="textbox">
								<width>620</width>
								<height>50</height>
								<align>left</align>
								<font>font13c</font>
								<autoscroll delay="2000" time="2000" repeat="2000">Skin.HasSetting(Enable.AutoScroll)</autoscroll>
								<shadowcolor>black</shadowcolor>
								<label>$INFO[ListItem.Label] $INFO[ListItem.Year,(,)]</label>
							</control>
						</itemlayout>
						<focusedlayout width="620" height="50">
							<control type="textbox">
								<width>620</width>
								<height>50</height>
								<align>left</align>
								<font>font13c</font>
								<autoscroll delay="2000" time="2000" repeat="2000">Skin.HasSetting(Enable.AutoScroll)</autoscroll>
								<shadowcolor>black</shadowcolor>
								<label>$INFO[ListItem.Label] $INFO[ListItem.Year,(,)]</label>
							</control>
						</focusedlayout>
						<content target="music" sortby="year" sortorder="ascending">$INFO[Container(585).ListItem.FolderPath]</content>
					</control>
				</control>
			</control>
			<control type="image">
				<animation effect="fade" end="40" condition="true">Conditional</animation>
				<animation effect="slide" end="630,0" time="300" condition="!String.IsEmpty(Window(Home).Property(MoveArtist))">Conditional</animation>
				<visible>Integer.IsGreater(Container(5852).NumItems,14) + !String.Contains(Container(5850).ListItem.Label2,singer)</visible>
				<visible>Container(5852).HasPrevious</visible>
				<top>2</top>
				<left>1293</left>
				<width>40</width>
				<height>40</height>
				<aspectratio>keep</aspectratio>
				<texture flipy="true" background="true">tajo/arrow_vd_wh.gif</texture>
			</control>
			<control type="image">
				<animation effect="fade" end="40" condition="true">Conditional</animation>
				<animation effect="slide" end="630,0" time="300" condition="!String.IsEmpty(Window(Home).Property(MoveArtist))">Conditional</animation>
				<visible>Integer.IsGreater(Container(5852).NumItems,14) + !String.Contains(Container(5850).ListItem.Label2,singer)</visible>
				<visible>Container(5852).HasNext</visible>
				<top>684</top>
				<left>1293</left>
				<width>40</width>
				<height>40</height>
				<aspectratio>keep</aspectratio>
				<texture background="true">tajo/arrow_vd_wh.gif</texture>
			</control>
			<control type="textbox">
				<animation effect="slide" end="630,0" time="300" condition="!String.IsEmpty(Window(Home).Property(MoveArtist))">Conditional</animation>
				<visible>!String.Contains(Container(5850).ListItem.Label2,singer)</visible>
				<left>1328</left>
				<top>1</top>
				<height>50</height>
				<width>518</width>
				<font>fontmusic2</font>
				<aligny>top</aligny>
				<align>left</align>
				<textcolor>themecolor</textcolor>
				<label>$INFO[Container(5850).ListItem.Property(Album_Duration),[B]   $LOCALIZE[180]: [/B][COLOR=FFFFFFFF],[/COLOR]]</label>
			</control>
			<control type="label">
				<animation effect="slide" end="630,0" time="300" condition="!String.IsEmpty(Window(Home).Property(MoveArtist))">Conditional</animation>
				<visible>Container(5852).HasNext</visible>
				<left>1342</left>
				<top>670</top>
				<width>430</width>
				<height>50</height>
				<font>Font_plot</font>
				<align>left</align>
				<textcolor>FFaaaaaa</textcolor>
				<shadowcolor>black</shadowcolor>
				<label>($INFO[Container(5852).NumItems] $LOCALIZE[134])</label>
				<visible>Integer.IsGreater(Container(5852).NumItems,14) + !String.Contains(Container(5850).ListItem.Label2,singer)</visible>
			</control>
			<control type="image">
				<visible>Player.Playing + System.Idletime(15)</visible>
				<animation effect="fade" start="0" end="65" time="4000" tween="sine" easing="inout">Visible</animation>
				<left>-120</left>
				<top>-130</top>
				<width>2240</width>
				<height>1500</height>
				<texture background="true">black.png</texture>
			</control>
			<control type="group">
				<visible>Player.Playing</visible>
				<animation effect="slide" end="700,0" time="300" condition="!String.IsEmpty(Window(Home).Property(MoveArtist))">Conditional</animation>
				<left>1290</left>
				<top>685</top>
				<control type="image">
					<left>310</left>
					<top>79</top>
					<width>300</width>
					<height>100</height>
					<aspectratio aligny="bottom" align="right">keep</aspectratio>
					<texture background="true">$INFO[Player.Art(artist.clearlogo)]</texture>
				</control>
				<control type="label">
					<left>-1</left>
					<top>110</top>
					<width>600</width>
					<height>80</height>
					<font>titleshelf</font>
					<align>right</align>
					<textcolor>white</textcolor>
					<shadowcolor>black</shadowcolor>
					<label> $INFO[MusicPlayer.Artist]</label>
					<scroll>true</scroll>
					<scrollsuffix>  -  </scrollsuffix>
					<visible>String.IsEmpty(Player.Art(artist.clearlogo))</visible>
				</control>
				<control type="label">
					<left>-1</left>
					<top>192</top>
					<width>600</width>
					<height>20</height>
					<align>right</align>
					<font>font13c</font>
					<label>$INFO[MusicPlayer.TrackNumber,,. ]$INFO[Player.Title,,]</label>
					<shadowcolor>black</shadowcolor>
					<scroll>true</scroll>
					<scrollsuffix>  -  </scrollsuffix>
				</control>
				<control type="label">
					<left>-1</left>
					<top>242</top>
					<width>600</width>
					<height>20</height>
					<align>right</align>
					<font>font13c</font>
					<label>$INFO[MusicPlayer.Album]$INFO[MusicPlayer.Year, (,)]</label>
					<textcolor>white</textcolor>
					<shadowcolor>black</shadowcolor>
					<scroll>true</scroll>
					<scrollsuffix>  -  </scrollsuffix>
				</control>
				<control type="label">
					<left>-1</left>
					<top>298</top>
					<width>600</width>
					<height>18</height>
					<align>right</align>
					<font>font30</font>
					<scroll>true</scroll>
					<scrollsuffix>  -  </scrollsuffix>
					<label>$INFO[Player.Time]$INFO[Player.Duration, / , ]</label>
					<shadowcolor>black</shadowcolor>
				</control>
				<control type="label">
					<left>-1</left>
					<top>330</top>
					<width>600</width>
					<height>65</height>
					<align>right</align>
					<textcolor>themecolor</textcolor>
					<shadowcolor>black</shadowcolor>
					<font>Font_plot</font>
					<scroll>true</scroll>
					<scrollsuffix>  -  </scrollsuffix>
					<label>[LOWERCASE][COLOR white]$INFO[MusicPlayer.Genre,, · ][/COLOR]$VAR[Spot_ify,,[COLOR white] ·[/COLOR]][COLOR white]$INFO[MusicPlayer.Bitrate, , [/COLOR]kbps[COLOR white] ·[/COLOR]][/LOWERCASE][COLOR white]$INFO[MusicPlayer.Samplerate, ,[/COLOR]  kHz]</label>
				</control>
				<control type="group">
					<left>15</left>
					<top>330</top>
					<control type="image">
						<animation effect="slide" end="-2,20" condition="true">Conditional</animation>
						<width>30</width>
						<height>30</height>
						<aspectratio>keep</aspectratio>
						<texture colordiffuse="$VAR[Player_Colour_UserRating]">star.png</texture>
						<visible>!String.IsEmpty(MusicPlayer.UserRating)</visible>
					</control>
					<control type="label">
						<animation effect="slide" end="34,13" condition="true">Conditional</animation>
						<width>40</width>
						<visible>!String.IsEmpty(MusicPlayer.UserRating)</visible>
						<align>left</align>
						<aligny>bottom</aligny>
						<font>font13_bold</font>
						<label>[COLOR white][B]$INFO[MusicPlayer.UserRating][/B][/COLOR]</label>
						<textcolor>FFFFFAF0</textcolor>
						<shadowcolor>black</shadowcolor>
					</control>
				</control>
			</control>
			<control type="group">
				<left>1210</left>
				<top>300</top>
				<control type="textbox">
					<visible>!Player.Playing</visible>
					<visible>String.Contains(Container(5850).ListItem.Label2,singer) + Control.HasFocus(5850)</visible>
					<animation effect="fade" start="0" end="100" time="1250" reversible="false">Visible</animation>
					<animation effect="slide" end="630,0" time="300" condition="!String.IsEmpty(Window(Home).Property(MoveArtist))">Conditional</animation>
					<left>90</left>
					<top>521</top>
					<width>585</width>
					<height>210</height>
					<font>font28b</font>
					<align>center</align>
					<label>$INFO[ListItem.Property(Artist_Description)]</label>
					<autoscroll delay="6000" time="2000" repeat="6000">Skin.HasSetting(Enable.AutoScroll)</autoscroll>
				</control>
				<control type="textbox">
					<visible>!Player.Playing</visible>
					<visible>!String.Contains(Container(5850).ListItem.Label2,singer) + [Control.HasFocus(5850) | Control.HasFocus(5852)]</visible>
					<animation effect="fade" start="0" end="100" time="1250" reversible="false">Visible</animation>
					<animation effect="slide" end="630,0" time="300" condition="!String.IsEmpty(Window(Home).Property(MoveArtist))">Conditional</animation>
					<left>90</left>
					<top>527</top>
					<width>585</width>
					<height>175</height>
					<font>font28b</font>
					<align>center</align>
					<label>$INFO[Container(5850).ListItem.Property(Album_Description)]</label>
					<autoscroll delay="6000" time="2000" repeat="6000">Skin.HasSetting(Enable.AutoScroll)</autoscroll>
				</control>
				<control type="group">
					<visible>!Player.Playing</visible>
					<visible>!String.Contains(Container(5850).ListItem.Label2,singer) + [Control.HasFocus(5850) | Control.HasFocus(5852)]</visible>
					<animation effect="fade" start="0" end="100" time="1250" reversible="false">Visible</animation>
					<animation effect="slide" end="630,0" time="300" condition="!String.IsEmpty(Window(Home).Property(MoveArtist))">Conditional</animation>
					<left>180</left>
					<top>710</top>
					<control type="image">
						<animation effect="slide" end="-2,20" condition="true">Conditional</animation>
						<width>30</width>
						<height>30</height>
						<aspectratio>keep</aspectratio>
						<texture colordiffuse="$VAR[Colour_UserRating_Discog]">star.png</texture>
						<visible>!String.IsEmpty(Container(5850).ListItem.UserRating)</visible>
					</control>
					<control type="label">
						<animation effect="slide" end="34,13" condition="true">Conditional</animation>
						<width>40</width>
						<visible>!String.IsEmpty(Container(5850).ListItem.UserRating)</visible>
						<align>left</align>
						<aligny>bottom</aligny>
						<font>font13_bold</font>
						<label>[COLOR white][B]$INFO[Container(5850).ListItem.UserRating][/B][/COLOR]</label>
						<textcolor>FFFFFAF0</textcolor>
						<shadowcolor>black</shadowcolor>
					</control>
				</control>
				<control type="group">
					<visible>!Player.Playing</visible>
					<visible>!String.Contains(Container(5850).ListItem.Label2,singer) + [Control.HasFocus(5850) | Control.HasFocus(5852)]</visible>
					<animation effect="fade" start="0" end="100" time="1250" reversible="false">Visible</animation>
					<animation effect="slide" end="630,0" time="300" condition="!String.IsEmpty(Window(Home).Property(MoveArtist))">Conditional</animation>
					<left>-20</left>
					<top>-292</top>
					<control type="image" id="4527">
						<width>120</width>
						<height>45</height>
						<left>370</left>
						<top>1015</top>
						<aspectratio>keep</aspectratio>
						<colordiffuse>99FFFFFF</colordiffuse>
						<texture>$INFO[Container(6774).ListItem.Icon]</texture>
					</control>
					<control type="label">
						<top>1017</top>
						<left>370</left>
						<width>130</width>
						<height>45</height>
						<align>center</align>
						<aligny>center</aligny>
						<label>[B]$INFO[Container(5850).ListItem.Property(Album_Label)][/B]</label>
						<font>font10t</font>
						<textcolor>grey</textcolor>
						<wrapmultiline>true</wrapmultiline>
						<visible>String.IsEmpty(Control.GetLabel(4527))</visible>
					</control>
				</control>
				<control type="group">
					<visible>!String.IsEqual(Control.GetLabel(5487),..)</visible>
					<animation effect="slide" end="0,125" time="0" condition="String.IsEmpty(ListItem.Property(Artist_Description)) + String.IsEmpty(Container(585).ListItem.Art(clearlogo))">Conditional</animation>
					<top>35</top>
					<control type="group">
						<visible>!Player.Playing</visible>
						<visible>String.Contains(Container(5850).ListItem.Label2,singer) + Control.HasFocus(5850)</visible>
						<animation effect="fade" start="0" end="100" time="1250" reversible="false">Visible</animation>
						<animation effect="slide" end="630,0" time="300" condition="!String.IsEmpty(Window(Home).Property(MoveArtist))">Conditional</animation>
						<left>85</left>
						<top>-300</top>
						<control type="textbox" id="25411">
							<animation effect="fade" start="0" end="100" time="250" tween="sine">Visible</animation>
							<visible>!Container(25411).HasNext</visible>
							<left>15</left>
							<top>670</top>
							<width>570</width>
							<height>120</height>
							<aligny>center</aligny>
							<align>center</align>
							<font>titlemove</font>
							<label>$INFO[ListItem.Label]</label>
							<shadowcolor>black</shadowcolor>
						</control>
						<control type="textbox" id="25413">
							<animation effect="fade" start="0" end="100" time="250" tween="sine">Visible</animation>
							<visible>Container(25411).HasNext + !Container(25413).HasNext</visible>
							<left>15</left>
							<top>670</top>
							<width>570</width>
							<height>120</height>
							<aligny>center</aligny>
							<align>center</align>
							<font>titleshelf2</font>
							<label>$INFO[ListItem.Label]</label>
							<shadowcolor>black</shadowcolor>
						</control>
						<control type="textbox">
							<animation effect="fade" start="0" end="100" time="250" tween="sine">Visible</animation>
							<visible>Container(25411).HasNext + Container(25413).HasNext</visible>
							<left>15</left>
							<top>670</top>
							<width>570</width>
							<height>120</height>
							<aligny>center</aligny>
							<align>center</align>
							<font>titlewall</font>
							<label>$INFO[ListItem.Label]</label>
							<autoscroll delay="1500" time="2000" repeat="2000">Skin.HasSetting(Enable.AutoScroll)</autoscroll>
							<shadowcolor>black</shadowcolor>
						</control>
					</control>
				</control>
				<control type="group">
					<visible>!Player.Playing</visible>
					<animation effect="slide" end="0,125" time="0" condition="String.IsEmpty(Container(5850).ListItem.Property(Album_Description)) + String.IsEmpty(Container(585).ListItem.Art(clearlogo))">Conditional</animation>
					<animation effect="slide" end="0,35" time="0" condition="String.IsEmpty(Container(5850).ListItem.Property(Album_Description)) + !String.IsEmpty(Container(585).ListItem.Art(clearlogo))">Conditional</animation>
					<visible>!String.Contains(Container(5850).ListItem.Label2,singer) + [Control.HasFocus(5850) | Control.HasFocus(5852)]</visible>
					<animation effect="fade" start="0" end="100" time="1250" reversible="false">Visible</animation>
					<animation effect="slide" end="630,0" time="300" condition="!String.IsEmpty(Window(Home).Property(MoveArtist))">Conditional</animation>
					<left>85</left>
					<top>-265</top>
					<control type="textbox" id="15411">
						<animation effect="fade" start="0" end="100" time="250" tween="sine">Visible</animation>
						<visible>!Container(15411).HasNext</visible>
						<left>15</left>
						<top>670</top>
						<width>570</width>
						<height>120</height>
						<aligny>center</aligny>
						<align>center</align>
						<font>titlemove</font>
						<label>$INFO[Container(5850).ListItem.Label] $INFO[Container(5850).ListItem.Year,(,)]</label>
						<shadowcolor>black</shadowcolor>
					</control>
					<control type="textbox" id="15413">
						<animation effect="fade" start="0" end="100" time="250" tween="sine">Visible</animation>
						<visible>Container(15411).HasNext + !Container(15413).HasNext</visible>
						<left>15</left>
						<top>670</top>
						<width>570</width>
						<height>120</height>
						<aligny>center</aligny>
						<align>center</align>
						<font>titleshelf2</font>
						<label>$INFO[Container(5850).ListItem.Label] $INFO[Container(5850).ListItem.Year,(,)]</label>
						<shadowcolor>black</shadowcolor>
					</control>
					<control type="textbox">
						<animation effect="fade" start="0" end="100" time="250" tween="sine">Visible</animation>
						<visible>Container(15411).HasNext + Container(15413).HasNext</visible>
						<left>15</left>
						<top>670</top>
						<width>570</width>
						<height>120</height>
						<aligny>center</aligny>
						<align>center</align>
						<font>titlewall</font>
						<label>$INFO[Container(5850).ListItem.Label] $INFO[Container(5850).ListItem.Year,(,)]</label>
						<autoscroll delay="1500" time="2000" repeat="2000">Skin.HasSetting(Enable.AutoScroll)</autoscroll>
						<shadowcolor>black</shadowcolor>
					</control>
				</control>
			</control>
			<control type="image">
				<visible>!Player.Playing</visible>
				<visible>[String.Contains(Container(5850).ListItem.Label2,singer) + Control.HasFocus(5850) + String.IsEmpty(ListItem.Property(Artist_Description))] | [!String.Contains(Container(5850).ListItem.Label2,singer) + String.IsEmpty(Container(5850).ListItem.Property(Album_Description)) + [Control.HasFocus(5850) | Control.HasFocus(5852)]]</visible>
				<animation effect="slide" end="630,0" time="300" condition="!String.IsEmpty(Window(Home).Property(MoveArtist))">Conditional</animation>
				<animation effect="fade" end="45" condition="true">Conditional</animation>
				<fadetime>200</fadetime>
				<left>1440</left>
				<top>820</top>
				<width>320</width>
				<height>180</height>
				<aspectratio aligny="bottom" align="center">keep</aspectratio>
				<texture background="true">$INFO[Container(585).ListItem.Art(clearlogo)]</texture>
			</control>
			<control type="scrollbar" id="80">
				<include>ScrollBar_Vertical</include>
				<animation effect="fade" start="0" end="100" time="1250">Visible</animation>
				<left>-15</left>
				<top>80</top>
				<height>1015</height>
				<onleft>SetProperty(MediaMenu,True,home)</onleft>
				<onleft>SetFocus(9050)</onleft>
				<onright>ClearProperty(MoveArtist,Home)</onright>
				<onright>5850</onright>
				<visible allowhiddenfocus="true">Control.IsVisible(585) + Control.HasFocus(80)</visible>
			</control>
		</control>
	</include>
</includes>
