<includes>
	<!--##################################################################################     VISTA Flix - ID 587     #############################################################################-->
	<include name="FlixFixedList">
		<control type="image">
			<visible>ListItem.IsParentFolder</visible>
			<visible>Container.Content(movies) | Container.Content(sets)</visible>
			<include>VisibleFadeAnimation</include>
			<top>-25</top>
			<left>-25</left>
			<width>1970</width>
			<height>1130</height>
			<texture>tajo/embuback2.jpg</texture>
		</control>
		<control type="image">
			<visible>ListItem.IsParentFolder</visible>
			<visible>Container.Content(tvshows) | Container.Content(seasons) | Container.Content(episodes)</visible>
			<include>VisibleFadeAnimation</include>
			<top>-25</top>
			<left>-25</left>
			<width>1970</width>
			<height>1130</height>
			<texture>tajo/embuback4.jpg</texture>
		</control>
		<control type="fixedlist" id="587">
			<visible>Container.Content(movies) | Container.Content(tvshows) | Container.Content(seasons) | Container.Content(sets)</visible>
			<include>Flix_Content</include>
		</control>
	</include>
	<include name="ViewFlix">
		<control type="group">
			<top>25</top>
			<!-- default group -->
			<visible>Control.IsVisible(587)</visible>
			<control type="group">
				<!-- panel de info fanart layout -->
				<left>-15</left>
				<top>-105</top>
				<control type="image">
					<left>-30</left>
					<top>28</top>
					<width>2040</width>
					<height>1277</height>
					<texture diffuse="tajo/mask_cover3.png">tajo/darkgrey.png</texture>
					<colordiffuse>themecolor</colordiffuse>
					<animation effect="fade" end="80" condition="true">Conditional</animation>
				</control>
				<control type="group">
					<animation effect="fade" start="100" end="0" time="1000" reversible="false" condition="Skin.HasSetting(playTrailer) + !String.IsEmpty(ListItem.Trailer) + !VideoPlayer.IsFullscreen + Player.Playing + !String.IsEqual(ListItem.FileExtension,strm) + !String.Contains(Player.Filenameandpath,theme.mp3) + !Control.HasFocus(8542)">Conditional</animation>
					<left>35</left>
					<control type="image">
						<left>550</left>
						<top>50</top>
						<width>1500</width>
						<height>845</height>
						<visible>String.IsEmpty(ListItem.Art(fanart1))</visible>
						<aspectratio aligny="top">scale</aspectratio>
						<texture diffuse="tajo/mask_cover3.png" background="true">$INFO[ListItem.Art(fanart)]</texture>
					</control>
					<control type="multiimage">
						<left>550</left>
						<top>50</top>
						<width>1500</width>
						<height>845</height>
						<aspectratio aligny="top">scale</aspectratio>
						<fadetime>500</fadetime>
						<visible>!String.IsEmpty(ListItem.Art(fanart1))</visible>
						<imagepath background="true">$INFO[Control.GetLabel(4410)]</imagepath>
					</control>
					<control type="image">
						<visible>Control.HasFocus(8542)</visible>
						<left>860</left>
						<top>75</top>
						<width>1250</width>
						<height>750</height>
						<texture background="true" flipx="true">tajo/gradient_small2.png</texture>
						<aspectratio>stretch</aspectratio>
					</control>
					<control type="group">
						<left>-35</left>
						<top>-10</top>
						<visible>!Container.Content(seasons)</visible>
						<control type="image">
							<visible>[!String.IsEmpty(Window(Home).Property(extras_yes)) | Integer.IsGreater(Container(3322).NumItems,0)] + Skin.HasSetting(SearchExtras)</visible>
							<visible>!System.IdleTime(6) + !Control.HasFocus(8542)</visible>
							<animation effect="fade" start="0" end="100" delay="600" time="200">Visible</animation>
							<animation effect="fade" start="60" end="0" time="1000" pulse="true" condition="true">Conditional</animation>
							<left>1850</left>
							<top>99</top>
							<width>33</width>
							<height>33</height>
							<aspectratio aligny="bottom" align="left">keep</aspectratio>
							<texture background="true">arrow_up.png</texture>
						</control>
						<control type="grouplist">
							<left>1464</left>
							<top>97</top>
							<width>400</width>
							<align>right</align>
							<orientation>horizontal</orientation>
							<itemgap>0</itemgap>
							<control type="label">
								<visible>Control.HasFocus(8542)</visible>
								<animation effect="fade" start="0" end="80" time="600">Visible</animation>
								<align>left</align>
								<width min="20" max="200">auto</width>
								<height>40</height>
								<textcolor>white</textcolor>
								<shadowcolor>black</shadowcolor>
								<font>fontDiscog</font>
								<label>$INFO[Container(8542).CurrentItem]</label>
							</control>
							<control type="label">
								<visible>Control.HasFocus(8542)</visible>
								<animation effect="fade" start="0" end="80" time="600">Visible</animation>
								<align>left</align>
								<width min="20" max="200">auto</width>
								<height>34</height>
								<textcolor>white</textcolor>
								<shadowcolor>black</shadowcolor>
								<font>Font_bro</font>
								<label>/$INFO[Container(8542).NumItems]</label>
							</control>
						</control>
						<control type="image">
							<animation effect="fade" start="0" end="100" delay="600" time="200">Visible</animation>
							<visible>[!String.IsEmpty(Window(Home).Property(extras_yes)) | Integer.IsGreater(Container(3322).NumItems,0)] + Skin.HasSetting(SearchExtras)</visible>
							<left>1870</left>
							<top>97</top>
							<width>60</width>
							<height>60</height>
							<colordiffuse>bbffffff</colordiffuse>
							<texture background="true">tajo/extras.png</texture>
							<aspectratio>keep</aspectratio>
						</control>
						<control type="label">
							<animation effect="fade" start="0" end="100" delay="600" time="200">Visible</animation>
							<visible>[!String.IsEmpty(Window(Home).Property(extras_yes)) | Integer.IsGreater(Container(3322).NumItems,0)] + Skin.HasSetting(SearchExtras)</visible>
							<align>left</align>
							<left>1874</left>
							<top>123</top>
							<width min="20" max="300">auto</width>
							<height>34</height>
							<textcolor>ffdadada</textcolor>
							<shadowcolor>black</shadowcolor>
							<font>font_Extras</font>
							<label>$LOCALIZE[31014]</label>
						</control>
						<control type="group">
							<visible>!String.IsEmpty(Window(Home).Property(extras_yes)) | Integer.IsGreater(Container(3322).NumItems,0)</visible>
							<animation effect="slide" start="-750,0" end="0,0" time="600" tween="cubic" easing="out" reversible="false">Visible</animation>
							<top>153</top>
							<left>1354</left>
							<include condition="Skin.HasSetting(SearchExtras)" content="Extras_view">
								<param name="View_n" value="587"/>
								<param name="HeightList" value="389"/>
								<param name="Num_control" value="8542"/>
								<param name="Num_movement" value="9"/>
							</include>
						</control>
					</control>
				</control>
				<control type="videowindow" id="2459">
					<visible>Integer.IsGreater(Player.Time,0) + Skin.HasSetting(playTrailer)</visible>
					<left>550</left>
					<top>-30</top>
					<width>1500</width>
					<height>845</height>
				</control>
			</control>
			<control type="image">
				<left>-100</left>
				<top>-360</top>
				<width>2150</width>
				<height>1420</height>
				<aspectratio aligny="top">scale</aspectratio>
				<colordiffuse>ff000000</colordiffuse>
				<texture diffuse="tajo/flix2.png" background="true">blackk.jpg</texture>
			</control>
			<control type="image">
				<left>28</left>
				<top>20</top>
				<width>526</width>
				<height>185</height>
				<aspectratio align="left" aligny="bottom">keep</aspectratio>
				<texture background="true">$INFO[ListItem.Art(clearlogo)]</texture>
			</control>
			<control type="image">
				<left>28</left>
				<top>20</top>
				<width>526</width>
				<height>185</height>
				<aspectratio align="left" aligny="bottom">keep</aspectratio>
				<texture background="true">$INFO[ListItem.Art(tvshow.clearlogo)]</texture>
			</control>
			<control type="list" id="5823">
				<visible>ListItem.IsCollection</visible>
				<scrolltime>1500</scrolltime>
				<autoscroll time="600">Skin.HasSetting(Enable.AutoScroll)</autoscroll>
				<left>25</left>
				<top>225</top>
				<height>275</height>
				<width>660</width>
				<itemlayout height="34">
					<control type="label">
						<left>0</left>
						<top>0</top>
						<height>34</height>
						<width>660</width>
						<align>left</align>
						<scroll>false</scroll>
						<font>font28</font>
						<textcolor>FFFFFFFF</textcolor>
						<selectedcolor>FFFFFFFF</selectedcolor>
						<label>- $INFO[ListItem.Label] $INFO[ListItem.Year,(,)]</label>
					</control>
				</itemlayout>
				<focusedlayout height="34">
					<control type="label">
						<left>0</left>
						<top>0</top>
						<height>34</height>
						<width>660</width>
						<align>left</align>
						<scroll>false</scroll>
						<font>font28</font>
						<textcolor>FFFFFFFF</textcolor>
						<selectedcolor>FFFFFFFF</selectedcolor>
						<label>- $INFO[ListItem.Label] $INFO[ListItem.Year,(,)]</label>
					</control>
				</focusedlayout>
				<content sortby="year" sortorder="ascending">$INFO[ListItem.FolderPath]</content>
			</control>
			<control type="textbox">
				<visible>!ListItem.IsParentFolder</visible>
				<visible>!ListItem.IsCollection</visible>
				<animation effect="fade" delay="250" time="250" reversible="false">Visible</animation>
				<left>25</left>
				<top>215</top>
				<width>660</width>
				<height>290</height>
				<font>font28</font>
				<label>[B][COLOR themecolor]$VAR[value_ground17_label]:[/COLOR][/B] [COLOR=FFFFFAF0]$VAR[value_ground17_value][/COLOR][B][COLOR themecolor]    [CAPITALIZE]$VAR[value_ground11_label]:[/B][/COLOR] [/CAPITALIZE][COLOR=FFFFFAF0]$VAR[value_ground11_value][/COLOR][CR][COLOR themecolor][B]$VAR[value_ground12_label]:[/B][/COLOR] [COLOR=FFFFFAF0]$VAR[value_ground12_value][/COLOR][B][COLOR themecolor]    $VAR[value_ground14_label]:[/B][/COLOR] [COLOR=FFFFFAF0]$VAR[value_ground14_value][/COLOR]$INFO[ListItem.OriginalTitle,[CR][B][COLOR themecolor]$LOCALIZE[20376]: [/B][/COLOR],][CR][B][COLOR themecolor]$LOCALIZE[207]:[/B][/COLOR] $VAR[value_plot]</label>
				<autoscroll delay="8000" time="2000" repeat="8000">Skin.HasSetting(Enable.AutoScroll)</autoscroll>
			</control>
			<include>FlixFixedList</include>
			<control type="scrollbar" id="86">
				<include>ScrollBar_Horizontal</include>
				<left>285</left>
				<top>1012</top>
				<width>1350</width>
				<onup>587</onup>
				<ondown>587</ondown>
				<visible allowhiddenfocus="true">Control.IsVisible(587) + Control.HasFocus(86)</visible>
			</control>
			<control type="image">
				<animation effect="rotatey" center="auto" start="8" end="8" time="0" condition="true">Conditional</animation>
				<left>-80</left>
				<top>920</top>
				<width>2050</width>
				<height>300</height>
				<texture>tajo/gradient_small.png</texture>
				<colordiffuse>black</colordiffuse>
			</control>
			<control type="image">
				<animation effect="rotatey" center="auto" start="8" end="8" time="0" condition="true">Conditional</animation>
				<left>-80</left>
				<top>920</top>
				<width>2050</width>
				<height>300</height>
				<texture>tajo/gradient_small.png</texture>
				<colordiffuse>black</colordiffuse>
			</control>
			<control type="group">
				<animation effect="slide" start="0,0" end="-810,0" time="0" condition="Container.Content(tvshows) | Container.Content(seasons)">Conditional</animation>
				<animation effect="slide" start="0,0" end="0,-15" time="300" tween="sine" easing="inout" condition="Control.HasFocus(86) | Control.HasFocus(5929)">Conditional</animation>
				<left>835</left>
				<top>980</top>
				<include>IconsVideo</include>
			</control>
			<control type="group">
				<visible>!Container.Content(tvshows) + !Container.Content(seasons)</visible>
				<left>430</left>
				<top>522</top>
				<include condition="Skin.HasSetting(OnlineRating)">RatingsOnline</include>
			</control>
			<control type="group">
				<visible>String.IsEmpty(ListItem.Art(clearlogo))</visible>
				<visible>!ListItem.IsParentFolder</visible>
				<visible>!Container.Content(seasons)</visible>
				<left>-42</left>
				<top>44</top>
				<control type="group">
					<top>-10</top>
					<left>15</left>
					<control type="textbox" id="6010">
						<top>-800</top>
						<left>60</left>
						<align>left</align>
						<width>840</width>
						<height>60</height>
						<font>titletest</font>
						<label>$INFO[ListItem.Label]</label>
						<textcolor>00ffffff</textcolor>
					</control>
					<control type="textbox">
						<visible>!Container(6010).HasNext</visible>
						<animation effect="fade" start="0" end="100" time="250" tween="sine">Visible</animation>
						<top>-16</top>
						<left>58</left>
						<align>left</align>
						<aligny>center</aligny>
						<width>640</width>
						<height>180</height>
						<font>titlelist</font>
						<label>$INFO[ListItem.Label]</label>
						<textcolor>black</textcolor>
					</control>
					<control type="textbox">
						<visible>!Container(6010).HasNext</visible>
						<animation effect="fade" start="0" end="100" time="200" tween="sine">Visible</animation>
						<top>-15</top>
						<left>59</left>
						<align>left</align>
						<aligny>center</aligny>
						<width>640</width>
						<height>180</height>
						<font>titlelist</font>
						<label>$INFO[ListItem.Label]</label>
						<shadowcolor>black</shadowcolor>
					</control>
					<control type="textbox" id="6011">
						<animation effect="fade" start="0" end="100" time="250" tween="sine">Visible</animation>
						<visible>Container(6010).HasNext + !Container(6011).HasNext</visible>
						<top>-20</top>
						<left>59</left>
						<align>left</align>
						<aligny>center</aligny>
						<width>640</width>
						<height>200</height>
						<font>titlemove</font>
						<label>$INFO[ListItem.Label]</label>
						<textcolor>black</textcolor>
					</control>
					<control type="textbox">
						<animation effect="fade" start="0" end="100" time="200" tween="sine">Visible</animation>
						<visible>Container(6010).HasNext + !Container(6011).HasNext</visible>
						<top>-19</top>
						<left>60</left>
						<align>left</align>
						<aligny>center</aligny>
						<width>640</width>
						<height>200</height>
						<font>titlemove</font>
						<label>$INFO[ListItem.Label]</label>
						<shadowcolor>black</shadowcolor>
					</control>
					<control type="textbox">
						<animation effect="fade" start="0" end="100" time="250" tween="sine">Visible</animation>
						<visible>Container(6011).HasNext</visible>
						<top>-25</top>
						<left>58</left>
						<align>left</align>
						<aligny>center</aligny>
						<width>640</width>
						<height>200</height>
						<font>titleshelf</font>
						<label>$INFO[ListItem.Label]</label>
						<textcolor>black</textcolor>
					</control>
					<control type="textbox">
						<animation effect="fade" start="0" end="100" time="200" tween="sine">Visible</animation>
						<visible>Container(6011).HasNext</visible>
						<top>-24</top>
						<left>59</left>
						<align>left</align>
						<aligny>center</aligny>
						<width>640</width>
						<height>200</height>
						<font>titleshelf</font>
						<label>$INFO[ListItem.Label]</label>
						<shadowcolor>black</shadowcolor>
					</control>
				</control>
			</control>
			<control type="textbox">
				<visible>Container.Content(seasons)</visible>
				<visible>!ListItem.IsParentFolder</visible>
				<visible>String.IsEmpty(ListItem.Art(tvshow.clearlogo))</visible>
				<left>25</left>
				<top>10</top>
				<width>600</width>
				<height>210</height>
				<aligny>center</aligny>
				<align>left</align>
				<font>titleshelf</font>
				<label>$INFO[ListItem.TvShowTitle]</label>
			</control>
			<control type="textbox">
				<visible>Container.Content(seasons)</visible>
				<animation effect="fade" start="0" end="100" time="250" tween="sine">Visible</animation>
				<top>508</top>
				<left>350</left>
				<align>left</align>
				<aligny>top</aligny>
				<width>900</width>
				<height>180</height>
				<font>titleshelf2</font>
				<label>$INFO[ListItem.Label]</label>
				<textcolor>white</textcolor>
			</control>
			<control type="label">
				<animation effect="slide" start="0,0" end="0,-15" time="300" tween="sine" easing="inout" condition="Control.HasFocus(86) | Control.HasFocus(5929)">Conditional</animation>
				<left>25</left>
				<top>966</top>
				<visible>!Container.Content(tvshows) + !Container.Content(seasons) + !String.IsEqual(ListItem.DBTYPE,set)</visible>
				<visible>!ListItem.IsParentFolder</visible>
				<height>70</height>
				<width>513</width>
				<font>Font_plot</font>
				<aligny>top</aligny>
				<align>left</align>
				<textcolor>themecolor</textcolor>
				<scroll>true</scroll>
				<scrollspeed>40</scrollspeed>
				<scrollsuffix>  -  </scrollsuffix>
				<label>[B]$VAR[value_ground16_label]:[/B] [COLOR=FFFFFAF0]$VAR[value_ground16_value]   [/COLOR] [CR][CAPITALIZE][B][LOWERCASE]$LOCALIZE[19081]:[/B][/LOWERCASE][/CAPITALIZE][COLOR=FFFFFAF0] $INFO[ListItem.EndTime][/COLOR]</label>
			</control>
			<control type="group">
				<animation effect="slide" start="0,0" end="0,-15" time="300" tween="sine" easing="inout" condition="Control.HasFocus(86) | Control.HasFocus(5929)">Conditional</animation>
				<animation effect="slide" end="0,22" time="0" condition="String.IsEmpty(ListItem.Property(AudioCodec.3))">Conditional</animation>
				<left>337</left>
				<top>906</top>
				<control type="grouplist">
					<left>10</left>
					<top>50</top>
					<width>1000</width>
					      <height>60</height>
					<orientation>horizontal</orientation>
					<itemgap>10</itemgap>
					<control type="label">
						<font>Font_plot</font>
						<align>right</align>
						<aligny>center</aligny>
						<width>60</width>
						<height>52</height>
						<label>$VAR[audiochannelstajo1]</label>
					</control>
					<control type="image">
						<width>80</width>
						<height>40</height>
						<animation effect="slide" start="0,0" end="0,10" time="0" condition="true">Conditional</animation>
						<aspectratio aligny="center" align="center">keep</aspectratio>
						<texture>$VAR[audioc_1]</texture>
					</control>
					<control type="label">
						<font>Font_plot</font>
						<scroll>false</scroll>
						<align>left</align>
						<aligny>center</aligny>
						<width>60</width>
						<height>50</height>
						<label>[LOWERCASE]$INFO[ListItem.Property(AudioLanguage.1)][/LOWERCASE]</label>
					</control>
				</control>
				<control type="grouplist">
					<left>10</left>
					<top>87</top>
					<width>1000</width>
					      <height>60</height>
					<orientation>horizontal</orientation>
					<itemgap>10</itemgap>
					<control type="label">
						<visible>!String.IsEmpty(ListItem.Property(AudioCodec.3))</visible>
						<font>Font_plot</font>
						<align>right</align>
						<aligny>center</aligny>
						<width>60</width>
						<height>52</height>
						<label>$VAR[audiochannelstajo3]</label>
					</control>
					<control type="image">
						<visible>!String.IsEmpty(ListItem.Property(AudioCodec.3))</visible>
						<width>80</width>
						<height>40</height>
						<animation effect="slide" start="0,0" end="0,10" time="0" condition="true">Conditional</animation>
						<aspectratio aligny="center" align="center">keep</aspectratio>
						<texture>$VAR[audioc_3]</texture>
					</control>
					<control type="label">
						<visible>!String.IsEmpty(ListItem.Property(AudioCodec.3))</visible>
						<font>Font_plot</font>
						<scroll>false</scroll>
						<align>left</align>
						<aligny>center</aligny>
						<width>60</width>
						<height>50</height>
						<label>[LOWERCASE]$INFO[ListItem.Property(AudioLanguage.3)][/LOWERCASE]</label>
					</control>
				</control>
			</control>
			<control type="group">
				<left>557</left>
				<top>906</top>
				<animation effect="slide" start="0,0" end="0,-15" time="300" tween="sine" easing="inout" condition="Control.HasFocus(86) | Control.HasFocus(5929)">Conditional</animation>
				<animation effect="slide" end="0,22" time="0" condition="String.IsEmpty(ListItem.Property(AudioCodec.4))">Conditional</animation>
				<control type="grouplist">
					<left>10</left>
					<top>50</top>
					<width>1000</width>
					      <height>60</height>
					<orientation>horizontal</orientation>
					<itemgap>10</itemgap>
					<control type="label">
						<font>Font_plot</font>
						<align>right</align>
						<aligny>center</aligny>
						<width>60</width>
						<height>52</height>
						<label>$VAR[audiochannelstajo2]</label>
					</control>
					<control type="image">
						<width>80</width>
						<height>40</height>
						<animation effect="slide" start="0,0" end="0,10" time="0" condition="true">Conditional</animation>
						<aspectratio aligny="center" align="center">keep</aspectratio>
						<texture>$VAR[audioc_2]</texture>
					</control>
					<control type="label">
						<font>Font_plot</font>
						<scroll>false</scroll>
						<align>left</align>
						<aligny>center</aligny>
						<width>60</width>
						<height>50</height>
						<label>[LOWERCASE]$INFO[ListItem.Property(AudioLanguage.2)][/LOWERCASE]</label>
					</control>
				</control>
				<control type="grouplist">
					<left>10</left>
					<top>87</top>
					<width>1000</width>
					      <height>60</height>
					<orientation>horizontal</orientation>
					<itemgap>10</itemgap>
					<control type="label">
						<visible>!String.IsEmpty(ListItem.Property(AudioCodec.4))</visible>
						<font>Font_plot</font>
						<align>right</align>
						<aligny>center</aligny>
						<width>60</width>
						<height>52</height>
						<label>$VAR[audiochannelstajo4]</label>
					</control>
					<control type="image">
						<visible>!String.IsEmpty(ListItem.Property(AudioCodec.4))</visible>
						<width>80</width>
						<height>40</height>
						<animation effect="slide" start="0,0" end="0,10" time="0" condition="true">Conditional</animation>
						<aspectratio aligny="center" align="center">keep</aspectratio>
						<texture>$VAR[audioc_4]</texture>
					</control>
					<control type="label">
						<visible>!String.IsEmpty(ListItem.Property(AudioCodec.4))</visible>
						<font>Font_plot</font>
						<scroll>false</scroll>
						<align>left</align>
						<aligny>center</aligny>
						<width>60</width>
						<height>50</height>
						<label>[LOWERCASE]$INFO[ListItem.Property(AudioLanguage.4)][/LOWERCASE]</label>
					</control>
				</control>
			</control>
			<control type="textbox">
				<visible>ListItem.IsCollection</visible>
				<left>25</left>
				<top>979</top>
				<height>80</height>
				<width>1015</width>
				<font>font13_title</font>
				<aligny>top</aligny>
				<align>left</align>
				<label>[B][COLOR=themecolor]$LOCALIZE[342]: [/COLOR]$INFO[Container(59631).NumItems][/B]      [B][COLOR=themecolor]$LOCALIZE[515]: [/COLOR][/B]$INFO[Container(59631).ListItemAbsolute(0).Genre]</label>
			</control>
		</control>
		<control type="image">
			<visible>Control.HasFocus(8542) + Player.HasVideo</visible>
			<include>FullscreenDimensions</include>
			<texture>black.png</texture>
		</control>
		<control type="videowindow" id="2569">
			<visible>Control.HasFocus(8542)</visible>
			<include>FullscreenDimensions</include>
		</control>
	</include>
	<include name="Flix_Content">
		<viewtype label="Flix">list</viewtype>
		<left>-162</left>
		<top>410</top>
		<width>2100</width>
		<height>1125</height>
		<onup condition="[!String.IsEmpty(Window(Home).Property(extras_yes)) | Integer.IsGreater(Container(3322).NumItems,0)] + !Container.Content(seasons) + Skin.HasSetting(SearchExtras) + Player.Playing + !String.Contains(Player.Filenameandpath,theme.mp3)">Stop</onup>
		<onup condition="[!String.IsEmpty(Window(Home).Property(extras_yes)) | Integer.IsGreater(Container(3322).NumItems,0)] + !Container.Content(seasons) + Skin.HasSetting(SearchExtras) + Player.Playing + !String.Contains(Player.Filenameandpath,theme.mp3)">SetFocus(8542)</onup>
		<onup condition="[!String.IsEmpty(Window(Home).Property(extras_yes)) | Integer.IsGreater(Container(3322).NumItems,0)] + !Container.Content(seasons) + Skin.HasSetting(SearchExtras)">SetFocus(8542)</onup>
		<onup condition="[String.IsEmpty(Window(Home).Property(extras_yes)) + !Integer.IsGreater(Container(3322).NumItems,0)] | !Skin.HasSetting(SearchExtras) | Container.Content(seasons)">SetProperty(MediaMenu,True,home)</onup>
		<onup condition="[String.IsEmpty(Window(Home).Property(extras_yes)) + !Integer.IsGreater(Container(3322).NumItems,0)] | !Skin.HasSetting(SearchExtras) | Container.Content(seasons)">SetFocus(9050)</onup>
		<ondown condition="!Container.Content(seasons) + !Container.Content(episodes) + !ListItem.IsParentFolder + String.Contains(Container.SortMethod,$LOCALIZE[369])">5929</ondown>
		<ondown>86</ondown>
		<orientation>horizontal</orientation>
		<focusposition>1</focusposition>
		<scrolltime tween="sine" easing="inout">500</scrolltime>
		<preloaditems>2</preloaditems>
		<pagecontrol>86</pagecontrol>
		<animation effect="slide" start="0,0" end="0,-15" time="300" tween="sine" easing="inout" condition="Control.HasFocus(86) | Control.HasFocus(5929)">Conditional</animation>
		<visible>Container.Content(movies) | Container.Content(tvshows) | Container.Content(seasons) | Container.Content(sets)</visible>
		<itemlayout width="272" height="434">
			<control type="group">
				<animation effect="zoom" end="100,105" center="auto" time="0" condition="true">Conditional</animation>
				<include>Carat_movieFL</include>
				<control type="image">
					<left>-95</left>
					<top>167</top>
					<width>252</width>
					<height>340</height>
					<colordiffuse>themecolor</colordiffuse>
					<animation effect="fade" start="40" end="40" condition="true">Conditional</animation>
					<texture diffuse="tajo/mask_cover3.png" background="true">tajo/darkgrey.png</texture>
					<aspectratio>stretch</aspectratio>
				</control>
			</control>
		</itemlayout>
		<focusedlayout width="272" height="434">
			<control type="button" id="2892">
				<include>HiddenObject</include>
				<onfocus condition="!String.IsEmpty(Window(Home).Property(FirstRow))">ClearProperty(FirstRow,home)</onfocus>
				<onfocus condition="!String.IsEmpty(Window(Home).Property(extras_yes))">ClearProperty(extras_yes,home)</onfocus>
			</control>
			<control type="group">
				<animation type="Conditional" reversible="false" condition="Control.HasFocus(8542) | Window.IsVisible(1196)">
					<effect type="zoom" center="-100,430" end="120" time="0"/>
				</animation>
				<animation type="Focus" reversible="false">
					<effect type="zoom" delay="500" center="-100,430" start="100" end="120" time="400" tween="cubic" easing="out"/>
				</animation>
				<animation effect="zoom" end="100,105" center="auto" time="0" condition="true">Conditional</animation>
				<include>Carat_movieFL</include>
			</control>
		</focusedlayout>
	</include>
</includes>