<includes>
	<!--##################################################################################   VISTA Magazine music - ID 599   #############################################################################-->
	<include name="ViewMagazine">
		<control type="group">
			<top>30</top>
			<visible>Container.Content(artists) + Control.IsVisible(599)</visible>
			<control type="group">
				<!-- default group -->
				<control type="group">
					<!-- panel de info fanart layout -->
					<left>1</left>
					<top>-175</top>
					<animation effect="slide" start="0,-900" end="0,0" time="500" tween="sine" easing="inout">Visible</animation>
					<animation effect="slide" start="0,0" end="0,-900" time="500" tween="sine" easing="inout">Hidden</animation>
					<animation effect="slide" start="0,0" end="0,-12" time="0" condition="Skin.HasSetting(Mag3D)">Conditional</animation>
					<control type="image">
						<left>-60</left>
						<top>88</top>
						<width>2040</width>
						<height>1265</height>
						<texture flipy="true" diffuse="tajo/mask_cover3.png">tajo/darkgrey.png</texture>
						<colordiffuse>themecolor</colordiffuse>
						<animation effect="fade" end="75" condition="true">Conditional</animation>
					</control>
					<control type="group">
						<left>30</left>
						<top>-10</top>
						<control type="image">
							<visible>String.IsEmpty(ListItem.Art(fanart1))</visible>
							<left>1020</left>
							<top>150</top>
							<width>900</width>
							<height>500</height>
							<aspectratio aligny="top">scale</aspectratio>
							<texture background="true">$INFO[ListItem.Art(fanart)]</texture>
						</control>
						<control type="multiimage">
							<visible>!String.IsEmpty(ListItem.Art(fanart1))</visible>
							<left>1020</left>
							<top>150</top>
							<width>900</width>
							<height>500</height>
							<aspectratio aligny="top">scale</aspectratio>
							<fadetime>500</fadetime>
							<imagepath background="true">$INFO[Control.GetLabel(5864)]</imagepath>
						</control>
					</control>
					<control type="group">
						<visible>!ListItem.IsParentFolder</visible>
						<left>70</left>
						<top>50</top>
						<control type="image">
							<left>1000</left>
							<top>70</top>
							<width>430</width>
							<height>1530</height>
							<texture background="true">tajo/osd_black_bg2.png</texture>
							<aspectratio>stretch</aspectratio>
						</control>
						<control type="image">
							<animation effect="rotate" center="auto" start="180" end="180" time="0" condition="true">Conditional</animation>
							<left>100</left>
							<top>70</top>
							<width>902</width>
							<height>1530</height>
							<texture background="true">tajo/osd_black_bg2.png</texture>
							<aspectratio>stretch</aspectratio>
						</control>
						<control type="image">
							<left>-100</left>
							<top>76</top>
							<width>2300</width>
							<height>524</height>
							<aspectratio>stretch</aspectratio>
							<texture background="true">tajo/osd_black_bg.png</texture>
						</control>
						<control type="image">
							<animation effect="rotate" center="auto" start="180" end="180" time="0" condition="true">Conditional</animation>
							<left>-100</left>
							<top>595</top>
							<width>2300</width>
							<height>524</height>
							<aspectratio>stretch</aspectratio>
							<texture background="true">tajo/osd_black_bg.png</texture>
						</control>
					</control>
					<control type="image">
						<visible>!String.IsEmpty(ListItem.Art(clearart))</visible>
						<left>1555</left>
						<top>526</top>
						<width>280</width>
						<height>110</height>
						<aspectratio align="center" aligny="center">keep</aspectratio>
						<texture background="true">$INFO[ListItem.Art(clearlogo)]</texture>
					</control>
					<control type="image">
						<left>215</left>
						<top>300</top>
						<width>400</width>
						<height>220</height>
						<colordiffuse>ddFFFFFF</colordiffuse>
						<aspectratio aligny="center">keep</aspectratio>
						<texture background="true" diffuse="tajo/osd_black_bg3.png">$INFO[ListItem.Art(clearart)]</texture>
					</control>
					<control type="image">
						<visible>String.IsEmpty(ListItem.Art(clearart))</visible>
						<left>215</left>
						<top>300</top>
						<width>400</width>
						<height>220</height>
						<colordiffuse>ddFFFFFF</colordiffuse>
						<aspectratio aligny="center">keep</aspectratio>
						<texture background="true">$INFO[ListItem.Art(clearlogo)]</texture>
					</control>
					<control type="group">
						<top>52</top>
						<left>30</left>
						<visible>Container.Content(artists) + !String.IsEmpty(ListItem.Artist) + Control.IsVisible(599)</visible>
						<control type="textbox">
							<top>157</top>
							<left>5</left>
							<height>40</height>
							<aligny>top</aligny>
							<include>ShelfmLabel_Fanart</include>
							<label>[B]$LOCALIZE[132]: [/B][COLOR=FFFFFAF0][B]$INFO[Container(5985).NumItems][/B][/COLOR]</label>
						</control>
						<control type="group">
							<top>192</top>
							<left>5</left>
							<control type="list" id="5985">
								<width>600</width>
								<height>224</height>
								<orientation>vertical</orientation>
								<scrolltime>1500</scrolltime>
								<autoscroll time="600">Skin.HasSetting(Enable.AutoScroll)</autoscroll>
								<viewtype label="4">list</viewtype>
								<itemlayout width="600" height="32">
									<control type="label">
										<font>Font_plot</font>
										<scroll>false</scroll>
										<left>1</left>
										<height>30</height>
										<aligny>center</aligny>
										<label>- [LOWERCASE][CAPITALIZE][B]$INFO[ListItem.Label][/B] $INFO[ListItem.Year,(,)][/CAPITALIZE][/LOWERCASE]</label>
									</control>
								</itemlayout>
								<focusedlayout width="600" height="32">
									<control type="label">
										<font>Font_plot</font>
										<scroll>false</scroll>
										<left>1</left>
										<height>30</height>
										<aligny>center</aligny>
										<label>- [LOWERCASE][CAPITALIZE][B]$INFO[ListItem.Label][/B] $INFO[ListItem.Year,(,)][/CAPITALIZE][/LOWERCASE]</label>
									</control>
								</focusedlayout>
								<content target="music" sortby="year" sortorder="ascending">$INFO[Container(599).ListItem.FolderPath]</content>
							</control>
						</control>
						<control type="textbox">
							<visible>!String.IsEmpty(ListItem.Property(Artist_Description))</visible>
							<left>620</left>
							<top>125</top>
							<width>530</width>
							<height>319</height>
							<font>font28</font>
							<align>center</align>
							<label>[COLOR=themecolor][B]$VAR[value_style][/B][/COLOR][COLOR=FFFFFAF0]$VAR[value_style2][/COLOR][COLOR=themecolor][B]$VAR[value_genre][/B][/COLOR][COLOR=FFFFFAF0]$VAR[value_genre2][/COLOR]$INFO[ListItem.Property(Artist_Description)]</label>
							<autoscroll delay="5000" time="2000" repeat="5000">Skin.HasSetting(Enable.AutoScroll)</autoscroll>
						</control>
						<control type="textbox">
							<visible>String.IsEmpty(ListItem.Property(Artist_Description))</visible>
							<top>125</top>
							<left>620</left>
							<height>40</height>
							<aligny>top</aligny>
							<include>ShelfmLabel_Fanart</include>
							<label>[B]$LOCALIZE[134]: [COLOR=FFFFFAF0]$INFO[Container(5898).NumItems][/B][/COLOR]</label>
						</control>
						<control type="list" id="5898">
							<visible>String.IsEmpty(ListItem.Property(Artist_Description))</visible>
							<width>530</width>
							<height>273</height>
							<left>620</left>
							<top>162</top>
							<orientation>vertical</orientation>
							<scrolltime>1500</scrolltime>
							<autoscroll time="600">Skin.HasSetting(Enable.AutoScroll)</autoscroll>
							<viewtype label="8">list</viewtype>
							<itemlayout width="490" height="30">
								<control type="label">
									<scroll>false</scroll>
									<height>30</height>
									<aligny>center</aligny>
									<font>Font_plot</font>
									<label>- $INFO[ListItem.Label] $INFO[ListItem.Duration,(,)]</label>
								</control>
							</itemlayout>
							<focusedlayout width="490" height="30">
								<control type="label">
									<scroll>false</scroll>
									<height>30</height>
									<aligny>center</aligny>
									<font>Font_plot</font>
									<label>- $INFO[ListItem.Label] $INFO[ListItem.Duration,(,)]</label>
								</control>
							</focusedlayout>
							<content target="music" sortby="track" sortorder="ascending">$INFO[Container(599).ListItem.DBID,musicdb://artists/,/*]</content>
						</control>
					</control>
				</control>
				<control type="group">
					<control type="fixedlist" id="599">
						<visible>Container.Content(artists)</visible>
						<visible>!Container.Content(musicvideos) + !String.StartsWith(container.folderpath,library://video/musicvideos/) + !String.StartsWith(container.folderpath,videodb://musicvideos)</visible>
						<viewtype label="Magazine">list</viewtype>
						<left>-18</left>
						<top>345</top>
						<height>920</height>
						<width>2250</width>
						<onup>SetProperty(MediaMenu,True,home)</onup>
						<onup>SetFocus(9050)</onup>
						<ondown condition="String.Contains(Container.SortMethod,$LOCALIZE[557]) + !ListItem.IsParentFolder">5929</ondown>
						<ondown>86</ondown>
						<orientation>horizontal</orientation>
						<focusposition>3</focusposition>
						<scrolltime tween="sine" easing="inout">500</scrolltime>
						<preloaditems>2</preloaditems>
						<pagecontrol>86</pagecontrol>
						<animation effect="zoom" start="110" end="110" center="auto" time="0" condition="!Skin.HasSetting(Mag3D)">Conditional</animation>
						<animation effect="rotatey" center="50" start="8" end="8" time="0" condition="Skin.HasSetting(Mag3D)">Conditional</animation>
						<animation effect="slide" start="0,0" end="0,35" time="0" condition="!Skin.HasSetting(Mag3D)">Conditional</animation>
						<animation effect="slide" start="0,0" end="0,-10" time="300" tween="sine" easing="inout" condition="Control.HasFocus(86) | Control.HasFocus(5929)">Conditional</animation>
						<itemlayout width="334" height="534">
							<control type="group">
								<left>150</left>
								<top>20</top>
								<include>Pormagaz</include>
							</control>
						</itemlayout>
						<focusedlayout width="334" height="534">
							<control type="button" id="5959">
								<include>HiddenObject</include>
								<onfocus condition="!String.IsEmpty(Window(Home).Property(MoveArtist))">ClearProperty(MoveArtist,Home)</onfocus>
							</control>
							<control type="group">
								<!--Portada-->
								<visible>Control.HasFocus(599) + [!Integer.IsGreaterOrEqual(Container(5985).NumItems,1) | String.StartsWith(ListItem.Label,*)]</visible>
								<visible>!ListItem.IsParentFolder</visible>
								<animation type="Focus" reversible="false">
									<effect type="zoom" delay="400" center="188,550" start="100" end="135" time="600" tween="cubic" easing="out"/>
								</animation>
								<left>150</left>
								<top>20</top>
								<include>Pormagaz2</include>
							</control>
							<control type="group">
								<!--Portada-->
								<visible>Control.HasFocus(599) + Integer.IsGreaterOrEqual(Container(5985).NumItems,1) + !String.StartsWith(ListItem.Label,*)</visible>
								<visible>!ListItem.IsParentFolder</visible>
								<animation type="Conditional" condition="System.IdleTime(4) + Skin.HasSetting(Mag3D)" reversible="false">
									<effect type="slide" delay="0" end="850,0" time="1300" tween="sine" easing="inout"/>
								</animation>
								<animation type="Focus" reversible="false">
									<effect type="zoom" delay="400" center="188,550" start="100" end="135" time="600" tween="cubic" easing="out"/>
								</animation>
								<left>150</left>
								<top>20</top>
								<include>Pormagaz2</include>
							</control>
							<control type="group">
								<!--Portada 2-->
								<visible>System.IdleTime(11) + Control.HasFocus(599) + Integer.IsGreaterOrEqual(Container(5985).NumItems,1) + Skin.HasSetting(Mag3D) + !String.StartsWith(ListItem.Label,*)</visible>
								<visible>!ListItem.IsParentFolder</visible>
								<animation type="Visible" reversible="false">
									<effect type="zoom" center="188,550" start="135" end="135" time="0" tween="cubic" easing="out"/>
									<effect type="rotatey" center="225" start="180" end="0" time="1600" tween="quadratic" easing="out"/>
									<effect type="fade" delay="400" start="0" end="100" time="50"/>
								</animation>
								<left>150</left>
								<top>20</top>
								<include>Pormagaz2</include>
							</control>
							<!--Portada nf-->
							<control type="group">
								<visible>!Control.HasFocus(599)</visible>
								<animation effect="zoom" center="188,550" start="135" end="135" condition="true">Conditional</animation>
								<left>150</left>
								<top>20</top>
								<include>Pormagaz2</include>
							</control>
							<control type="group">
								<visible>ListItem.IsParentFolder + Control.HasFocus(599)</visible>
								<animation type="Focus" reversible="false">
									<effect type="zoom" delay="400" center="188,550" start="100" end="135" time="600" tween="cubic" easing="out"/>
								</animation>
								<left>150</left>
								<top>20</top>
								<include>Pormagaz2</include>
							</control>
						</focusedlayout>
					</control>
					<control type="scrollbar" id="86">
						<include>ScrollBar_Horizontal</include>
						<left>285</left>
						<top>1009</top>
						<width>1350</width>
						<onup>599</onup>
						<ondown>599</ondown>
						<visible allowhiddenfocus="true">Control.IsVisible(599) + Control.HasFocus(86)</visible>
					</control>
				</control>
			</control>
			<!-- Nome do artista -->
			<control type="group">
				<visible>Container.Content(artists) + Control.IsVisible(599)</visible>
				<visible>!ListItem.IsParentFolder</visible>
				<top>-110</top>
				<control type="textbox" id="15010">
					<top>-800</top>
					<left>60</left>
					<align>right</align>
					<width>940</width>
					<height>60</height>
					<font>titlemus</font>
					<label>1234567 123456 12345 $INFO[ListItem.Label]</label>
					<textcolor>00ffffff</textcolor>
				</control>
				<control type="textbox">
					<animation effect="fade" start="0" end="100" time="200" tween="sine">Visible</animation>
					<visible>!Container(15010).HasNext</visible>
					<top>485</top>
					<width>940</width>
					<height>80</height>
					<align>right</align>
					<font>titlelist</font>
					<label>$INFO[ListItem.Label]</label>
					<shadowcolor>black</shadowcolor>
				</control>
				<control type="textbox">
					<animation effect="fade" start="0" end="100" time="250" tween="sine">Visible</animation>
					<visible>Container(15010).HasNext</visible>
					<top>465</top>
					<align>right</align>
					<aligny>center</aligny>
					<width>940</width>
					<height>140</height>
					<font>titlemove2</font>
					<label>$INFO[ListItem.Label]</label>
					<shadowcolor>black</shadowcolor>
				</control>
			</control>
			<control type="group">
				<!--Trasera caja-->
				<visible>Skin.HasSetting(Mag3D) + !String.StartsWith(ListItem.Label,*)</visible>
				<visible>!ListItem.IsParentFolder</visible>
				<top>203</top>
				<left>935</left>
				<animation effect="rotatey" center="50" start="8" end="8" time="0" condition="true">Conditional</animation>
				<visible>System.IdleTime(4) + !System.IdleTime(12) + Control.HasFocus(599) + Integer.IsGreaterOrEqual(Container(5985).NumItems,1)</visible>
				<animation type="Visible" reversible="false">
					<effect type="slide" delay="1600" start="800,0" end="0,0" time="1300" tween="sine" easing="inout"/>
				</animation>
				<animation type="Conditional" condition="System.IdleTime(11)" reversible="false">
					<effect type="rotatey" center="1212" start="0" end="-180" time="1600" tween="quadratic" easing="out"/>
					<effect type="fade" delay="400" start="100" end="0" time="50"/>
				</animation>
				<control type="group">
					<left>150</left>
					<top>20</top>
					<control type="image">
						<left>-92</left>
						<top>126</top>
						<width>436</width>
						<height>590</height>
						<texture fallback="tajo/artists.png" diffuse="tajo/mask_cover3.png" background="true">tajo/magazine/c$VAR[magazineVar]</texture>
						<aspectratio scalediffuse="false">stretch</aspectratio>
					</control>
					<control type="image">
						<left>-92</left>
						<top>126</top>
						<width>436</width>
						<height>590</height>
						<colordiffuse>CCFFFFFF</colordiffuse>
						<aspectratio scalediffuse="false" aligny="center">scale</aspectratio>
						<texture fallback="tajo/artists.png" diffuse="tajo/mask_cover3.png" background="true">tajo/magazine/b$VAR[magazineVar]</texture>
					</control>
				</control>
				<!--Contraportada artistas-->
				<control type="image">
					<left>55</left>
					<top>62</top>
					<width>439</width>
					<height>250</height>
					<colordiffuse>DDFFFFFF</colordiffuse>
					<texture diffuse="tajo/mask_cover3.png" background="true">$INFO[ListItem.Art(banner)]</texture>
					<aspectratio>keep</aspectratio>
				</control>
				<control type="group">
					<left>42</left>
					<top>110</top>
					<control type="group">
						<visible>Container.Content(artists) + Integer.IsLess(Container(5985).NumItems,5)</visible>
						<control type="image">
							<left>40</left>
							<top>164</top>
							<width>150</width>
							<height>150</height>
							<colordiffuse>EFFFFFFF</colordiffuse>
							<animation effect="rotate" center="auto" start="3" end="3" time="0" condition="true">Conditional</animation>
							<aspectratio align="center" aligny="top">scale</aspectratio>
							<texture background="true" diffuse="tajo/mask_cover3.png">$INFO[Container(5985).ListItemAbsolute(0).Thumb]</texture>
						</control>
						<control type="image">
							<left>40</left>
							<top>365</top>
							<width>150</width>
							<height>150</height>
							<colordiffuse>EFFFFFFF</colordiffuse>
							<animation effect="rotate" center="auto" start="3" end="3" time="0" condition="true">Conditional</animation>
							<aspectratio align="center" aligny="top">scale</aspectratio>
							<texture background="true" diffuse="tajo/mask_cover3.png">$INFO[Container(5985).ListItemAbsolute(2).Thumb]</texture>
						</control>
						<control type="image">
							<left>260</left>
							<top>150</top>
							<width>150</width>
							<height>150</height>
							<colordiffuse>EFFFFFFF</colordiffuse>
							<animation effect="rotate" center="auto" start="3" end="3" time="0" condition="true">Conditional</animation>
							<aspectratio align="center" aligny="top">scale</aspectratio>
							<texture background="true" diffuse="tajo/mask_cover3.png">$INFO[Container(5985).ListItemAbsolute(3).Thumb]</texture>
						</control>
						<control type="image">
							<left>260</left>
							<top>344</top>
							<width>150</width>
							<height>150</height>
							<colordiffuse>EFFFFFFF</colordiffuse>
							<animation effect="rotate" center="auto" start="3" end="3" time="0" condition="true">Conditional</animation>
							<aspectratio align="center" aligny="top">scale</aspectratio>
							<texture background="true" diffuse="tajo/mask_cover3.png">$INFO[Container(5985).ListItemAbsolute(1).Thumb]</texture>
						</control>
					</control>
					<control type="group">
						<visible>Container.Content(artists) + Integer.IsGreaterOrEqual(Container(5985).NumItems,5)</visible>
						<control type="image">
							<left>30</left>
							<top>124</top>
							<width>100</width>
							<height>100</height>
							<colordiffuse>EFFFFFFF</colordiffuse>
							<animation effect="rotate" center="auto" start="6" end="6" time="0" condition="true">Conditional</animation>
							<aspectratio align="center" aligny="top">scale</aspectratio>
							<texture background="true" diffuse="tajo/mask_cover3.png">$INFO[Container(5985).ListItemAbsolute(0).Thumb]</texture>
						</control>
						<control type="image">
							<left>35</left>
							<top>240</top>
							<width>100</width>
							<height>100</height>
							<colordiffuse>EFFFFFFF</colordiffuse>
							<animation effect="rotate" center="auto" start="-2" end="-2" time="0" condition="true">Conditional</animation>
							<aspectratio align="center" aligny="top">scale</aspectratio>
							<texture background="true" diffuse="tajo/mask_cover3.png">$INFO[Container(5985).ListItemAbsolute(1).Thumb]</texture>
						</control>
						<control type="image">
							<left>26</left>
							<top>368</top>
							<width>100</width>
							<height>100</height>
							<colordiffuse>EFFFFFFF</colordiffuse>
							<animation effect="rotate" center="auto" start="3" end="3" time="0" condition="true">Conditional</animation>
							<aspectratio align="center" aligny="top">scale</aspectratio>
							<texture background="true" diffuse="tajo/mask_cover3.png">$INFO[Container(5985).ListItemAbsolute(4).Thumb]</texture>
						</control>
						<control type="image">
							<left>28</left>
							<top>494</top>
							<width>100</width>
							<height>100</height>
							<colordiffuse>EFFFFFFF</colordiffuse>
							<animation effect="rotate" center="auto" start="-4" end="-4" time="0" condition="true">Conditional</animation>
							<aspectratio align="center" aligny="top">scale</aspectratio>
							<texture background="true" diffuse="tajo/mask_cover3.png">$INFO[Container(5985).ListItemAbsolute(6).Thumb]</texture>
						</control>
						<control type="image">
							<left>242</left>
							<top>124</top>
							<width>100</width>
							<height>100</height>
							<colordiffuse>EFFFFFFF</colordiffuse>
							<animation effect="rotate" center="auto" start="-3" end="-3" time="0" condition="true">Conditional</animation>
							<aspectratio align="center" aligny="top">scale</aspectratio>
							<texture background="true" diffuse="tajo/mask_cover3.png">$INFO[Container(5985).ListItemAbsolute(2).Thumb]</texture>
						</control>
						<control type="image">
							<left>235</left>
							<top>235</top>
							<width>100</width>
							<height>100</height>
							<colordiffuse>EFFFFFFF</colordiffuse>
							<animation effect="rotate" center="auto" start="2" end="2" time="0" condition="true">Conditional</animation>
							<aspectratio align="center" aligny="top">scale</aspectratio>
							<texture background="true" diffuse="tajo/mask_cover3.png">$INFO[Container(5985).ListItemAbsolute(3).Thumb]</texture>
						</control>
						<control type="image">
							<left>239</left>
							<top>358</top>
							<width>100</width>
							<height>100</height>
							<colordiffuse>EFFFFFFF</colordiffuse>
							<animation effect="rotate" center="auto" start="-5" end="-5" time="0" condition="true">Conditional</animation>
							<aspectratio align="center" aligny="top">scale</aspectratio>
							<texture background="true" diffuse="tajo/mask_cover3.png">$INFO[Container(5985).ListItemAbsolute(5).Thumb]</texture>
						</control>
						<control type="image">
							<left>231</left>
							<top>479</top>
							<width>100</width>
							<height>100</height>
							<colordiffuse>EFFFFFFF</colordiffuse>
							<animation effect="rotate" center="auto" start="6" end="6" time="0" condition="true">Conditional</animation>
							<aspectratio align="center" aligny="top">scale</aspectratio>
							<texture background="true" diffuse="tajo/mask_cover3.png">$INFO[Container(5985).ListItemAbsolute(7).Thumb]</texture>
						</control>
					</control>
					<control type="image">
						<left>8</left>
						<top>36</top>
						<width>446</width>
						<height>590</height>
						<texture diffuse="tajo/mask_cover3.png" background="true">tajo/magazine/ctmusicland.png</texture>
						<aspectratio>stretch</aspectratio>
					</control>
					<control type="group">
						<visible>Container.Content(artists) + Integer.IsLess(Container(5985).NumItems,5)</visible>
						<control type="textbox">
							<visible>!String.IsEmpty(Container(5985).ListItemAbsolute(0).Label)</visible>
							<left>20</left>
							<top>322</top>
							<width>200</width>
							<height>50</height>
							<align>center</align>
							<aligny>top</aligny>
							<font>Bluback4</font>
							<textcolor>white</textcolor>
							<shadowcolor>black</shadowcolor>
							<label>$INFO[Container(5985).ListItemAbsolute(0).Label] ($INFO[Container(5985).ListItemAbsolute(0).Year])</label>
						</control>
						<control type="textbox">
							<visible>!String.IsEmpty(Container(5985).ListItemAbsolute(2).Label)</visible>
							<left>20</left>
							<top>523</top>
							<width>200</width>
							<height>50</height>
							<align>center</align>
							<aligny>top</aligny>
							<font>Bluback4</font>
							<textcolor>white</textcolor>
							<shadowcolor>black</shadowcolor>
							<label>$INFO[Container(5985).ListItemAbsolute(2).Label] ($INFO[Container(5985).ListItemAbsolute(2).Year])</label>
						</control>
						<control type="textbox">
							<visible>!String.IsEmpty(Container(5985).ListItemAbsolute(3).Label)</visible>
							<left>235</left>
							<top>303</top>
							<width>200</width>
							<height>50</height>
							<align>center</align>
							<aligny>top</aligny>
							<font>Bluback4</font>
							<textcolor>white</textcolor>
							<shadowcolor>black</shadowcolor>
							<label>$INFO[Container(5985).ListItemAbsolute(3).Label] ($INFO[Container(5985).ListItemAbsolute(3).Year])</label>
						</control>
						<control type="textbox">
							<visible>!String.IsEmpty(Container(5985).ListItemAbsolute(1).Label)</visible>
							<left>235</left>
							<top>500</top>
							<width>200</width>
							<height>50</height>
							<align>center</align>
							<aligny>top</aligny>
							<font>Bluback4</font>
							<textcolor>white</textcolor>
							<shadowcolor>black</shadowcolor>
							<label>$INFO[Container(5985).ListItemAbsolute(1).Label] ($INFO[Container(5985).ListItemAbsolute(1).Year])</label>
						</control>
					</control>
					<control type="group">
						<visible>Container.Content(artists) + Integer.IsGreaterOrEqual(Container(5985).NumItems,5)</visible>
						<control type="textbox">
							<visible>!String.IsEmpty(Container(5985).ListItemAbsolute(0).Label)</visible>
							<left>135</left>
							<top>124</top>
							<width>110</width>
							<height>100</height>
							<align>left</align>
							<aligny>center</aligny>
							<font>Bluback4</font>
							<textcolor>white</textcolor>
							<shadowcolor>black</shadowcolor>
							<label>$INFO[Container(5985).ListItemAbsolute(0).Label] ($INFO[Container(5985).ListItemAbsolute(0).Year])</label>
						</control>
						<control type="textbox">
							<visible>!String.IsEmpty(Container(5985).ListItemAbsolute(1).Label)</visible>
							<left>135</left>
							<top>240</top>
							<width>110</width>
							<height>100</height>
							<align>left</align>
							<aligny>center</aligny>
							<font>Bluback4</font>
							<textcolor>white</textcolor>
							<shadowcolor>black</shadowcolor>
							<label>$INFO[Container(5985).ListItemAbsolute(1).Label] ($INFO[Container(5985).ListItemAbsolute(1).Year])</label>
						</control>
						<control type="textbox">
							<visible>!String.IsEmpty(Container(5985).ListItemAbsolute(4).Label)</visible>
							<left>130</left>
							<top>368</top>
							<width>110</width>
							<height>100</height>
							<align>left</align>
							<aligny>center</aligny>
							<font>Bluback4</font>
							<textcolor>white</textcolor>
							<shadowcolor>black</shadowcolor>
							<label>$INFO[Container(5985).ListItemAbsolute(4).Label] ($INFO[Container(5985).ListItemAbsolute(4).Year])</label>
						</control>
						<control type="textbox">
							<visible>!String.IsEmpty(Container(5985).ListItemAbsolute(6).Label)</visible>
							<left>135</left>
							<top>494</top>
							<width>110</width>
							<height>100</height>
							<align>left</align>
							<aligny>center</aligny>
							<font>Bluback4</font>
							<textcolor>white</textcolor>
							<shadowcolor>black</shadowcolor>
							<label>$INFO[Container(5985).ListItemAbsolute(6).Label] ($INFO[Container(5985).ListItemAbsolute(6).Year])</label>
						</control>
						<control type="textbox">
							<visible>!String.IsEmpty(Container(5985).ListItemAbsolute(2).Label)</visible>
							<left>345</left>
							<top>124</top>
							<width>100</width>
							<height>100</height>
							<align>left</align>
							<aligny>center</aligny>
							<font>Bluback4</font>
							<textcolor>white</textcolor>
							<shadowcolor>black</shadowcolor>
							<label>$INFO[Container(5985).ListItemAbsolute(2).Label] ($INFO[Container(5985).ListItemAbsolute(2).Year])</label>
						</control>
						<control type="textbox">
							<visible>!String.IsEmpty(Container(5985).ListItemAbsolute(3).Label)</visible>
							<left>340</left>
							<top>235</top>
							<width>100</width>
							<height>100</height>
							<align>left</align>
							<aligny>center</aligny>
							<font>Bluback4</font>
							<textcolor>white</textcolor>
							<shadowcolor>black</shadowcolor>
							<label>$INFO[Container(5985).ListItemAbsolute(3).Label] ($INFO[Container(5985).ListItemAbsolute(3).Year])</label>
						</control>
						<control type="textbox">
							<visible>!String.IsEmpty(Container(5985).ListItemAbsolute(5).Label)</visible>
							<left>345</left>
							<top>358</top>
							<width>100</width>
							<height>100</height>
							<align>left</align>
							<aligny>center</aligny>
							<font>Bluback4</font>
							<textcolor>white</textcolor>
							<shadowcolor>black</shadowcolor>
							<label>$INFO[Container(5985).ListItemAbsolute(5).Label] ($INFO[Container(5985).ListItemAbsolute(5).Year])</label>
						</control>
						<control type="textbox">
							<visible>!String.IsEmpty(Container(5985).ListItemAbsolute(7).Label)</visible>
							<left>335</left>
							<top>479</top>
							<width>100</width>
							<height>100</height>
							<align>left</align>
							<aligny>center</aligny>
							<font>Bluback4</font>
							<textcolor>white</textcolor>
							<shadowcolor>black</shadowcolor>
							<label>$INFO[Container(5985).ListItemAbsolute(7).Label] ($INFO[Container(5985).ListItemAbsolute(7).Year])</label>
						</control>
					</control>
					<control type="image">
						<animation effect="fade" end="50" condition="true">Conditional</animation>
						<left>16</left>
						<top>34</top>
						<width>436</width>
						<height>593</height>
						<aspectratio scalediffuse="false">stretch</aspectratio>
						<texture flipx="true" background="true">tajo/side_fade.png</texture>
					</control>
				</control>
			</control>
			<control type="group">
				<!--Trasera caja reflejo-->
				<visible>Skin.HasSetting(Mag3D) + !String.StartsWith(ListItem.Label,*)</visible>
				<visible>!ListItem.IsParentFolder</visible>
				<left>987</left>
				<top>339</top>
				<animation effect="rotatey" center="50" start="8" end="8" time="0" condition="true">Conditional</animation>
				<visible>System.IdleTime(4) + !System.IdleTime(12) + Control.HasFocus(599) + Integer.IsGreaterOrEqual(Container(5985).NumItems,1)</visible>
				<animation type="Visible" reversible="false">
					<effect type="slide" delay="1600" start="800,0" end="0,0" time="1300" tween="sine" easing="inout"/>
				</animation>
				<animation type="Conditional" condition="System.IdleTime(11)" reversible="false">
					<effect type="rotatey" center="1212" start="0" end="-180" time="1600" tween="quadratic" easing="out"/>
					<effect type="fade" delay="400" start="100" end="0" time="50"/>
				</animation>
				<control type="group">
					<left>98</left>
					<top>473</top>
					<control type="image">
						<left>-99</left>
						<top>126</top>
						<width>436</width>
						<height>590</height>
						<texture fallback="tajo/artists.png" flipy="true" diffuse="tajo/mask_cover3.png" background="true">tajo/shelf/back.png</texture>
						<aspectratio scalediffuse="false">stretch</aspectratio>
						<colordiffuse>88FFFFFF</colordiffuse>
					</control>
					<control type="image">
						<left>-92</left>
						<top>126</top>
						<width>436</width>
						<height>590</height>
						<texture fallback="tajo/artists.png" flipy="true" diffuse="tajo/mask_cover3.png" background="true">tajo/magazine/c$VAR[magazineVar]</texture>
						<aspectratio scalediffuse="false">stretch</aspectratio>
						<colordiffuse>27FFFFFF</colordiffuse>
					</control>
					<control type="image">
						<left>-92</left>
						<top>126</top>
						<width>436</width>
						<height>590</height>
						<colordiffuse>27FFFFFF</colordiffuse>
						<aspectratio scalediffuse="false" aligny="center">scale</aspectratio>
						<texture fallback="tajo/artists.png" flipy="true" diffuse="tajo/mask_cover3.png" background="true">tajo/magazine/b$VAR[magazineVar]</texture>
					</control>
				</control>
				<control type="image">
					<left>-2</left>
					<top>598</top>
					<width>446</width>
					<height>592</height>
					<colordiffuse>33FFFFFF</colordiffuse>
					<texture flipy="true" diffuse="tajo/mask_cover3.png" background="true">tajo/magazine/ctmusicland.png</texture>
					<aspectratio>stretch</aspectratio>
				</control>
			</control>
		</control>
	</include>
</includes>
