<includes>
	<!--##################################################################################   VISTA Fanart - ID 593   ##################################################################################-->
	<include name="ViewFanart">
		<control type="wraplist" id="593">
			<viewtype label="Fanart">bigwrap</viewtype>
			<width>1920</width>
			<height>1080</height>
			<onup>SetProperty(MediaMenu,True,home)</onup>
			<onup>SetFocus(9050)</onup>
			<onleft>593</onleft>
			<onright>593</onright>
			<ondown condition="!Container.Content(seasons) + !Container.Content(episodes) + !ListItem.IsParentFolder + [String.Contains(Container.SortMethod,$LOCALIZE[369]) | String.Contains(Container.SortMethod,$LOCALIZE[557])]">5929</ondown>
			<focusposition>0</focusposition>
			<orientation>horizontal</orientation>
			<scrolltime tween="quadratic" easing="out">750</scrolltime>
			<visible>Container.Content(movies) | Container.Content(sets) | Container.Content(tvshows) | Container.Content(artists)</visible>
			<visible>!Container.Content(musicvideos) + !String.StartsWith(container.folderpath,library://video/musicvideos/) + !String.StartsWith(container.folderpath,videodb://musicvideos)</visible>
			<itemlayout width="1920" height="1080">
				<control type="image">
					<width>1920</width>
					<height>1080</height>
					<texture background="true">$INFO[ListItem.Art(fanart)]</texture>
					<aspectratio align="center" aligny="center">scale</aspectratio>
				</control>
				<control type="image">
					<visible>ListItem.IsParentFolder</visible>
					<visible>Container.Content(movies) | Container.Content(sets)</visible>
					<width>1920</width>
					<height>1080</height>
					<texture background="true">tajo/embuback2.jpg</texture>
					<aspectratio align="center" aligny="center">scale</aspectratio>
				</control>
				<control type="image">
					<visible>ListItem.IsParentFolder</visible>
					<visible>Container.Content(tvshows) | Container.Content(seasons) | Container.Content(episodes)</visible>
					<width>1920</width>
					<height>1080</height>
					<texture background="true">tajo/embuback4.jpg</texture>
					<aspectratio align="center" aligny="center">scale</aspectratio>
				</control>
				<control type="image">
					<visible>ListItem.IsParentFolder</visible>
					<visible>Container.Content(artists)</visible>
					<width>1920</width>
					<height>1080</height>
					<texture background="true">tajo/embuback3.jpg</texture>
					<aspectratio align="center" aligny="center">scale</aspectratio>
				</control>
				<control type="image">
					<visible>ListItem.IsParentFolder</visible>
					<left>680</left>
					<top>240</top>
					<width>500</width>
					<height>500</height>
					<texture>tajo/FolderBack.png</texture>
					<aspectratio align="center">keep</aspectratio>
				</control>
				<control type="image">
					<visible>Container.Content(artists) + String.StartsWith(ListItem.Label,*)</visible>
					<width>1920</width>
					<height>1080</height>
					<texture background="true">tajo/magazine/allartists.jpg</texture>
					<aspectratio align="center" aligny="center">scale</aspectratio>
				</control>
				<control type="image">
					<top>358</top>
					<width>1920</width>
					<height>870</height>
					<texture>tajo/shadow_mask.png</texture>
					<colordiffuse>black</colordiffuse>
				</control>
				<control type="group">
					<visible>!ListItem.IsParentFolder</visible>
					<top>764</top>
					<left>-5</left>
					<control type="label">
						<top>5</top>
						<left>59</left>
						<align>left</align>
						<width>1800</width>
						<height>60</height>
						<font>titlefanart</font>
						<label>$INFO[ListItem.Label]</label>
						<textcolor>black</textcolor>
						<scroll>true</scroll>
						<scrollsuffix> - </scrollsuffix>
					</control>
					<control type="label">
						<top>4</top>
						<left>59</left>
						<align>left</align>
						<width>1800</width>
						<height>60</height>
						<font>titlefanart</font>
						<label>$INFO[ListItem.Label]</label>
						<textcolor>black</textcolor>
						<scroll>true</scroll>
						<scrollsuffix> - </scrollsuffix>
					</control>
					<control type="label">
						<top>5</top>
						<left>60</left>
						<align>left</align>
						<width>1800</width>
						<height>60</height>
						<font>titlefanart</font>
						<label>$INFO[ListItem.Label]</label>
						<textcolor>white</textcolor>
						<shadowcolor>black</shadowcolor>
						<scroll>true</scroll>
						<scrollsuffix> - </scrollsuffix>
					</control>
					<control type="label">
						<visible>!ListItem.IsCollection + Container.Content(movies)</visible>
						<left>63</left>
						<top>83</top>
						<width>1800</width>
						<height>38</height>
						<align>left</align>
						<aligny>center</aligny>
						<font>font13_bold</font>
						<label>$VAR[value_ground17_value,(,)  - ]$VAR[value_ground16_value,,  - ]$INFO[ListItem.Rating,,  - ]$VAR[value_ground12_value]</label>
					</control>
					<control type="label">
						<visible>Container.Content(artists)</visible>
						<left>63</left>
						<top>83</top>
						<width>1800</width>
						<height>38</height>
						<align>left</align>
						<aligny>center</aligny>
						<font>font13_bold</font>
						<label>$VAR[value_ground12_value]</label>
					</control>
					<control type="label">
						<visible>Container.Content(tvshows)</visible>
						<left>63</left>
						<top>83</top>
						<width>1450</width>
						<height>38</height>
						<align>left</align>
						<aligny>center</aligny>
						<font>font13_bold</font>
						<textcolor>themecolor</textcolor>
						<label>$LOCALIZE[33054]: [COLOR=FFFFFAF0]$INFO[ListItem.Property(TotalSeasons),,  - ]$VAR[value_ground12_value][/COLOR]</label>
					</control>
					<control type="textbox">
						<visible>Container.Content(artists)</visible>
						<left>66</left>
						<top>125</top>
						<width>1450</width>
						<height>145</height>
						<align>justify</align>
						<font>font13</font>
						<label>$INFO[ListItem.Property(Artist_Description)]</label>
						<textcolor>white</textcolor>
						<autoscroll delay="8000" time="2000" repeat="8000">Skin.HasSetting(Enable.AutoScroll)</autoscroll>
					</control>
					<control type="image">
						<left>1575</left>
						<top>115</top>
						<width>250</width>
						<height>150</height>
						<visible>String.IsEmpty(ListItem.Art(clearart))</visible>
						<texture background="true">$INFO[ListItem.Art(clearlogo)]</texture>
						<aspectratio>keep</aspectratio>
					</control>
					<control type="image">
						<left>1575</left>
						<top>115</top>
						<width>250</width>
						<height>150</height>
						<aspectratio>keep</aspectratio>
						<fadetime>650</fadetime>
						<visible>!String.IsEmpty(ListItem.Art(clearart))</visible>
						<texture background="true">$INFO[ListItem.Art(clearart)]</texture>
					</control>
				</control>
			</itemlayout>
			<focusedlayout width="1920" height="1080">
				<control type="button" id="5961">
					<include>HiddenObject</include>
					<onfocus condition="!String.IsEmpty(Window(Home).Property(MoveArtist))">ClearProperty(MoveArtist,Home)</onfocus>
				</control>
				<control type="button" id="2889">
					<include>HiddenObject</include>
					<visible>!String.IsEmpty(Window(Home).Property(FirstRow))</visible>
					<onfocus condition="!String.IsEmpty(Window(Home).Property(FirstRow))">ClearProperty(FirstRow,home)</onfocus>
				</control>
				<control type="image">
					<width>1920</width>
					<height>1080</height>
					<texture background="true">$INFO[ListItem.Art(fanart)]</texture>
					<aspectratio align="center" aligny="center">scale</aspectratio>
				</control>
				<control type="image">
					<visible>ListItem.IsParentFolder</visible>
					<visible>Container.Content(movies) | Container.Content(sets)</visible>
					<width>1920</width>
					<height>1080</height>
					<texture background="true">tajo/embuback2.jpg</texture>
					<aspectratio align="center" aligny="center">scale</aspectratio>
				</control>
				<control type="image">
					<visible>ListItem.IsParentFolder</visible>
					<visible>Container.Content(tvshows) | Container.Content(seasons) | Container.Content(episodes)</visible>
					<width>1920</width>
					<height>1080</height>
					<texture background="true">tajo/embuback4.jpg</texture>
					<aspectratio align="center" aligny="center">scale</aspectratio>
				</control>
				<control type="image">
					<visible>ListItem.IsParentFolder</visible>
					<visible>Container.Content(artists)</visible>
					<width>1920</width>
					<height>1080</height>
					<texture background="true">tajo/embuback3.jpg</texture>
					<aspectratio align="center" aligny="center">scale</aspectratio>
				</control>
				<control type="image">
					<visible>ListItem.IsParentFolder</visible>
					<left>680</left>
					<top>240</top>
					<width>500</width>
					<height>500</height>
					<texture>tajo/FolderBack.png</texture>
					<aspectratio align="center">keep</aspectratio>
				</control>
				<control type="image">
					<visible>Container.Content(artists) + String.StartsWith(ListItem.Label,*)</visible>
					<width>1920</width>
					<height>1080</height>
					<texture background="true">tajo/magazine/allartists.jpg</texture>
					<aspectratio align="center" aligny="center">scale</aspectratio>
				</control>
				<control type="image">
					<top>358</top>
					<width>1920</width>
					<height>870</height>
					<texture>tajo/shadow_mask.png</texture>
					<colordiffuse>black</colordiffuse>
				</control>
				<control type="image">
					<animation effect="fade" delay="900" start="0" end="100" time="500">Focus</animation>
					<top>-2</top>
					<left>1847</left>
					<width>75</width>
					<height>75</height>
					<texture colordiffuse="DDff0303">$VAR[watched_style]</texture>
					<visible>String.IsEqual(ListItem.Overlay,OverlayWatched.png)</visible>
					<bordersize>1</bordersize>
				</control>
				<control type="group">
					<visible>!ListItem.IsParentFolder</visible>
					<top>764</top>
					<left>-5</left>
					<control type="label">
						<top>5</top>
						<left>59</left>
						<align>left</align>
						<width>1800</width>
						<height>60</height>
						<font>titlefanart</font>
						<label>$INFO[ListItem.Label]</label>
						<textcolor>black</textcolor>
						<scroll>true</scroll>
						<scrollsuffix> - </scrollsuffix>
					</control>
					<control type="label">
						<top>4</top>
						<left>59</left>
						<align>left</align>
						<width>1800</width>
						<height>60</height>
						<font>titlefanart</font>
						<label>$INFO[ListItem.Label]</label>
						<textcolor>black</textcolor>
						<scroll>true</scroll>
						<scrollsuffix> - </scrollsuffix>
					</control>
					<control type="label">
						<top>5</top>
						<left>60</left>
						<align>left</align>
						<width>1800</width>
						<height>60</height>
						<font>titlefanart</font>
						<label>$INFO[ListItem.Label]</label>
						<textcolor>white</textcolor>
						<shadowcolor>black</shadowcolor>
						<scroll>true</scroll>
						<scrollsuffix> - </scrollsuffix>
					</control>
					<control type="label">
						<visible>!ListItem.IsCollection + Container.Content(movies)</visible>
						<left>63</left>
						<top>83</top>
						<width>1800</width>
						<height>38</height>
						<align>left</align>
						<aligny>center</aligny>
						<font>font13_bold</font>
						<label>$VAR[value_ground17_value,(,)  - ]$VAR[value_ground16_value,,  - ]$INFO[ListItem.Rating,,  - ]$VAR[value_ground12_value]</label>
					</control>
					<control type="label">
						<visible>Container.Content(artists)</visible>
						<left>63</left>
						<top>83</top>
						<width>1800</width>
						<height>38</height>
						<align>left</align>
						<aligny>center</aligny>
						<font>font13_bold</font>
						<label>$VAR[value_ground12_value]</label>
					</control>
					<control type="label">
						<visible>Container.Content(tvshows)</visible>
						<left>63</left>
						<top>83</top>
						<width>1450</width>
						<height>38</height>
						<align>left</align>
						<aligny>center</aligny>
						<font>font13_bold</font>
						<textcolor>themecolor</textcolor>
						<label>$LOCALIZE[33054]:[COLOR=FFFFFAF0] $INFO[ListItem.Property(TotalSeasons),,  - ][/COLOR]$VAR[value_ground14_label]: [COLOR=FFFFFAF0]$VAR[value_ground14_value,,  - ]$VAR[value_ground12_value][/COLOR]</label>
					</control>
					<control type="textbox">
						<visible>!ListItem.IsCollection</visible>
						<left>66</left>
						<top>125</top>
						<width>1450</width>
						<height>145</height>
						<align>justify</align>
						<font>font28</font>
						<label>$VAR[value_plot]</label>
						<textcolor>white</textcolor>
						<autoscroll delay="8000" time="2000" repeat="8000">Skin.HasSetting(Enable.AutoScroll)</autoscroll>
					</control>
					<control type="image">
						<left>1575</left>
						<top>115</top>
						<width>250</width>
						<height>150</height>
						<visible>String.IsEmpty(ListItem.Art(clearart))</visible>
						<texture background="true">$INFO[ListItem.Art(clearlogo)]</texture>
						<aspectratio>keep</aspectratio>
					</control>
					<control type="image">
						<left>1575</left>
						<top>115</top>
						<width>250</width>
						<height>150</height>
						<aspectratio>keep</aspectratio>
						<fadetime>650</fadetime>
						<visible>!String.IsEmpty(ListItem.Art(clearart))</visible>
						<texture background="true" diffuse="tajo/osd_black_bg3.png">$INFO[ListItem.Art(clearart)]</texture>
					</control>
				</control>
			</focusedlayout>
		</control>
		<control type="group">
			<visible>Control.IsVisible(593) + ListItem.IsCollection</visible>
			<animation effect="fade" delay="0" start="0" end="100" time="200" condition="System.IdleTime(1)">Conditional</animation>
			<left>60</left>
			<top>100</top>
			<control type="label">
				<top>755</top>
				<width>1500</width>
				<height>45</height>
				<font>font13_bold</font>
				<align>left</align>
				<aligny>center</aligny>
				<textcolor>white</textcolor>
				<selectedcolor>FFFFFFFF</selectedcolor>
				<shadowcolor>black</shadowcolor>
				<label>$INFO[Container(5993).ListItemAbsolute(0).Genre,,  - ]$INFO[Container(5993).NumItems] $LOCALIZE[342]</label>
			</control>
			<control type="list" id="5993">
				<scrolltime>1500</scrolltime>
				<autoscroll time="600">Skin.HasSetting(Enable.AutoScroll)</autoscroll>
				<left>1</left>
				<top>804</top>
				<height>172</height>
				<width>1500</width>
				<itemlayout height="34">
					<control type="label">
						<left>0</left>
						<top>0</top>
						<height>34</height>
						<width>1500</width>
						<align>left</align>
						<scroll>false</scroll>
						<font>font13</font>
						<textcolor>white</textcolor>
						<selectedcolor>FFFFFFFF</selectedcolor>
						<label>- $INFO[ListItem.Label] ($INFO[ListItem.Year])</label>
					</control>
				</itemlayout>
				<focusedlayout height="34">
					<control type="label">
						<left>0</left>
						<top>0</top>
						<height>34</height>
						<width>1500</width>
						<align>left</align>
						<scroll>false</scroll>
						<font>font13</font>
						<textcolor>white</textcolor>
						<selectedcolor>FFFFFFFF</selectedcolor>
						<label>- $INFO[ListItem.Label] ($INFO[ListItem.Year])</label>
					</control>
				</focusedlayout>
				<content sortby="year" sortorder="ascending">$INFO[ListItem.FolderPath]</content>
			</control>
		</control>
	</include>
</includes>
