<includes>
	<!--##################################################################################   VISTA Banner - ID 594   ##################################################################################-->
	<include name="ViewBanner">
		<control type="group">
			<visible>Control.IsVisible(594)</visible>
			<left>-104</left>
			<top>-80</top>
			<!-- default group -->
			<include>ViewBack2</include>
			<control type="group">
				<left>110</left>
				<top>85</top>
				<control type="group">
					<animation effect="fade" start="100" end="0" time="1000" reversible="false" condition="Skin.HasSetting(playTrailer) + !String.IsEmpty(ListItem.Trailer) + !VideoPlayer.IsFullscreen + Player.Playing + !String.Contains(Player.Filenameandpath,theme.mp3) + !String.IsEqual(ListItem.FileExtension,strm)">Conditional</animation>
					<control type="image">
						<left>-15</left>
						<top>-8</top>
						<width>700</width>
						<height>400</height>
						<visible>String.IsEmpty(ListItem.Art(fanart1))</visible>
						<aspectratio aligny="top">scale</aspectratio>
						<texture diffuse="tajo/mask_cover3.png" background="true">$INFO[ListItem.Art(fanart)]</texture>
					</control>
					<control type="multiimage">
						<left>-15</left>
						<top>-8</top>
						<width>700</width>
						<height>400</height>
						<aspectratio aligny="top">scale</aspectratio>
						<fadetime>500</fadetime>
						<visible>!String.IsEmpty(ListItem.Art(fanart1))</visible>
						<imagepath background="true">$INFO[Control.GetLabel(4410)]</imagepath>
					</control>
					<control type="image">
						<visible>!String.IsEmpty(ListItem.Art(clearlogo))</visible>
						<left>-15</left>
						<top>142</top>
						<width>700</width>
						<height>250</height>
						<texture background="true">tajo/osd_black_bg.png</texture>
						<aspectratio>stretch</aspectratio>
					</control>
				</control>
				<control type="videowindow" id="3734">
					<visible>Integer.IsGreater(Player.Time,0) + Skin.HasSetting(playTrailer)</visible>
					<left>-55</left>
					<top>-8</top>
					<width>780</width>
					<height>440</height>
				</control>
			</control>
			<control type="group">
				<visible>!ListItem.IsParentFolder</visible>
				<left>-220</left>
				<top>2</top>
				<control type="group">
					<left>65</left>
					<control type="image">
						<left>945</left>
						<top>70</top>
						<width>260</width>
						<height>1530</height>
						<texture background="true">tajo/osd_black_bg2.png</texture>
						<aspectratio>stretch</aspectratio>
					</control>
					<control type="image">
						<animation effect="rotate" center="auto" start="180" end="180" time="0" condition="true">Conditional</animation>
						<left>547</left>
						<top>70</top>
						<width>400</width>
						<height>1530</height>
						<texture background="true">tajo/osd_black_bg2.png</texture>
						<aspectratio>stretch</aspectratio>
					</control>
				</control>
				<control type="group">
					<top>40</top>
					<control type="image">
						<left>-100</left>
						<top>296</top>
						<width>2400</width>
						<height>140</height>
						<aspectratio>stretch</aspectratio>
						<texture background="true">tajo/osd_black_bg.png</texture>
					</control>
					<control type="image">
						<animation effect="rotate" center="auto" start="180" end="180" time="0" condition="true">Conditional</animation>
						<left>-100</left>
						<top>434</top>
						<width>2400</width>
						<height>460</height>
						<aspectratio>stretch</aspectratio>
						<texture background="true">tajo/osd_black_bg.png</texture>
					</control>
				</control>
			</control>
			<control type="group">
				<top>13</top>
				<control type="image">
					<left>720</left>
					<top>-10</top>
					<width>2220</width>
					<height>1280</height>
					<colordiffuse>themecolor</colordiffuse>
					<animation effect="fade" end="80" condition="true">Conditional</animation>
				</control>
				<control type="group">
					<animation effect="fade" delay="500" start="0" end="100" time="50">WindowOpen</animation>
					<animation effect="slide" end="0,135" time="300" tween="cubic" easing="inout" condition="Integer.IsGreater(Container(594).Row,6)">Conditional</animation>
					<animation effect="slide" end="0,135" time="300" tween="cubic" easing="inout" condition="Integer.IsGreater(Container(594).Row,5)">Conditional</animation>
					<animation effect="slide" end="0,135" time="300" tween="cubic" easing="inout" condition="Integer.IsGreater(Container(594).Row,4)">Conditional</animation>
					<animation effect="slide" end="0,135" time="300" tween="cubic" easing="inout" condition="Integer.IsGreater(Container(594).Row,3)">Conditional</animation>
					<animation effect="slide" end="0,135" time="300" tween="cubic" easing="inout" condition="Integer.IsGreater(Container(594).Row,2)">Conditional</animation>
					<animation effect="slide" end="0,135" time="300" tween="cubic" easing="inout" condition="Integer.IsGreater(Container(594).Row,1)">Conditional</animation>
					<animation effect="slide" end="0,135" time="300" tween="cubic" easing="inout" condition="Integer.IsGreater(Container(594).Row,0)">Conditional</animation>
					<animation effect="slide" end="615,0" time="300" tween="cubic" easing="inout" condition="Integer.IsGreater(Container(594).Column,0)">Conditional</animation>
					<control type="image">
						<visible>Control.IsVisible(594)</visible>
						<left>742</left>
						<top>66</top>
						<width>616</width>
						<height>136</height>
						<texture diffuse="tajo/mask_cover3.png">$VAR[Option_Back]</texture>
						<aspectratio align="center">stretch</aspectratio>
						<colordiffuse>ddFFFFFF</colordiffuse>
					</control>
				</control>
				<control type="panel" id="594">
					<viewtype label="Banner">icon</viewtype>
					<left>760</left>
					<top>80</top>
					<width>1250</width>
					<height>1085</height>
					<onleft>SetProperty(MediaMenu,True,home)</onleft>
					<onleft>SetFocus(9050)</onleft>
					<onright condition="!Container.Content(seasons) + !Container.Content(episodes) + [String.Contains(Container.SortMethod,$LOCALIZE[369]) | String.Contains(Container.SortMethod,$LOCALIZE[557])]">5919</onright>
					<onright>80</onright>
					<pagecontrol>80</pagecontrol>
					<scrolltime>300</scrolltime>
					<orientation>vertical</orientation>
					<preloaditems>2</preloaditems>
					<visible>Container.Content(movies) | Container.Content(tvshows)</visible>
					<itemlayout height="135" width="615">
						<control type="image">
							<animation effect="rotate" end="180" center="auto" condition="true">Conditional</animation>
							<left>0</left>
							<top>104</top>
							<width>580</width>
							<height>5</height>
							<aspectratio align="center">stretch</aspectratio>
							<texture>tajo/$VAR[GlobalCaseVarTajo]</texture>
						</control>
						<control type="image">
							<left>0</left>
							<width>580</width>
							<height>105</height>
							<aspectratio>scale</aspectratio>
							<texture background="true">$VAR[BannerThumb]</texture>
							<visible>!String.IsEmpty(ListItem.Art(banner)) | String.IsEmpty(ListItem.Art(fanart))</visible>
						</control>
						<control type="group">
							<visible>String.IsEmpty(ListItem.Art(banner))</visible>
							<control type="image">
								<left>0</left>
								<width>580</width>
								<height>105</height>
								<aspectratio>scale</aspectratio>
								<texture background="true">$INFO[ListItem.Art(fanart)]</texture>
							</control>
							<control type="image">
								<left>0</left>
								<top>5</top>
								<width>300</width>
								<height>95</height>
								<aspectratio>keep</aspectratio>
								<texture background="true">$INFO[ListItem.Art(clearlogo)]</texture>
								<bordersize>4</bordersize>
							</control>
						</control>
						<control type="image">
							<left>0</left>
							<width>580</width>
							<height>105</height>
							<texture>tajo/darkgrey.png</texture>
							<colordiffuse>themecolor</colordiffuse>
							<animation effect="fade" start="30" end="30" condition="true">Conditional</animation>
						</control>
						<control type="textbox">
							<visible>String.IsEmpty(ListItem.Art(Banner)) + String.IsEmpty(ListItem.Art(clearlogo))</visible>
							<visible>!ListItem.IsParentFolder</visible>
							<left>10</left>
							<top>10</top>
							<width>480</width>
							<height>80</height>
							<aligny>center</aligny>
							<align>left</align>
							<font>titletri</font>
							<label>$INFO[ListItem.Label]</label>
							<textcolor>white</textcolor>
							<shadowcolor>black</shadowcolor>
						</control>
						<control type="image">
							<top>1</top>
							<left>530</left>
							<width>50</width>
							<height>50</height>
							<texture colordiffuse="DDff0303">$VAR[watched_style]</texture>
							<visible>String.IsEqual(ListItem.Overlay,OverlayWatched.png)</visible>
							<aspectratio align="center" aligny="top">scale</aspectratio>
						</control>
						<control type="image">
							<visible>!ListItem.IsParentFolder</visible>
							<left>530</left>
							<width>50</width>
							<height>50</height>
							<texture background="true">tajo/shelf/corner2.png</texture>
							<aspectratio scalediffuse="false">keep</aspectratio>
							<visible>!String.IsEqual(ListItem.Overlay,OverlayWatched.png) + [Container.Content(tvshows) | Container.Content(seasons)]</visible>
						</control>
						<control type="label">
							<visible>!String.IsEqual(ListItem.Overlay,OverlayWatched.png)</visible>
							<left>518</left>
							<top>-17</top>
							<font>titlesmall3</font>
							<textcolor>white</textcolor>
							<shadowcolor>black</shadowcolor>
							<align>right</align>
							<aligny>center</aligny>
							<width>60</width>
							<height>52</height>
							<label>$INFO[ListItem.Property(UnWatchedEpisodes)]</label>
						</control>
					</itemlayout>
					<focusedlayout height="135" width="615">
						<control type="button" id="2891">
							<include>HiddenObject</include>
							<onfocus condition="!String.IsEmpty(Window(Home).Property(FirstRow))">ClearProperty(FirstRow,home)</onfocus>
							<onfocus condition="!String.IsEmpty(Window(Home).Property(extras_yes))">ClearProperty(extras_yes,home)</onfocus>
						</control>
						<control type="image">
							<animation effect="rotate" end="180" center="auto" condition="true">Conditional</animation>
							<left>0</left>
							<top>104</top>
							<width>580</width>
							<height>5</height>
							<aspectratio align="center">stretch</aspectratio>
							<texture>tajo/$VAR[GlobalCaseVarTajo]</texture>
						</control>
						<control type="image">
							<left>0</left>
							<width>580</width>
							<height>105</height>
							<aspectratio>scale</aspectratio>
							<texture background="true">$VAR[BannerThumb]</texture>
							<visible>!String.IsEmpty(ListItem.Art(banner)) | String.IsEmpty(ListItem.Art(fanart))</visible>
						</control>
						<control type="group">
							<visible>String.IsEmpty(ListItem.Art(banner))</visible>
							<control type="image">
								<left>0</left>
								<width>580</width>
								<height>105</height>
								<aspectratio>scale</aspectratio>
								<texture background="true">$INFO[ListItem.Art(fanart)]</texture>
							</control>
							<control type="image">
								<left>0</left>
								<top>5</top>
								<width>300</width>
								<height>95</height>
								<aspectratio>keep</aspectratio>
								<texture background="true">$INFO[ListItem.Art(clearlogo)]</texture>
								<bordersize>4</bordersize>
							</control>
						</control>
						<control type="image">
							<left>0</left>
							<width>580</width>
							<height>105</height>
							<texture>tajo/darkgrey.png</texture>
							<colordiffuse>themecolor</colordiffuse>
							<animation effect="fade" start="5" end="5" condition="true">Conditional</animation>
						</control>
						<control type="textbox">
							<visible>String.IsEmpty(ListItem.Art(Banner)) + String.IsEmpty(ListItem.Art(clearlogo))</visible>
							<visible>!ListItem.IsParentFolder</visible>
							<left>10</left>
							<top>10</top>
							<width>480</width>
							<height>80</height>
							<aligny>center</aligny>
							<align>left</align>
							<font>titletri</font>
							<label>$INFO[ListItem.Label]</label>
							<textcolor>white</textcolor>
							<shadowcolor>black</shadowcolor>
						</control>
						<control type="image">
							<top>1</top>
							<left>530</left>
							<width>50</width>
							<height>50</height>
							<texture colordiffuse="DDff0303">$VAR[watched_style]</texture>
							<visible>String.IsEqual(ListItem.Overlay,OverlayWatched.png)</visible>
							<aspectratio align="center" aligny="top">scale</aspectratio>
						</control>
						<control type="image">
							<visible>!ListItem.IsParentFolder</visible>
							<left>530</left>
							<width>50</width>
							<height>50</height>
							<texture background="true">tajo/shelf/corner2.png</texture>
							<aspectratio scalediffuse="false">keep</aspectratio>
							<visible>!String.IsEqual(ListItem.Overlay,OverlayWatched.png) + [Container.Content(tvshows) | Container.Content(seasons)]</visible>
						</control>
						<control type="label">
							<visible>!String.IsEqual(ListItem.Overlay,OverlayWatched.png)</visible>
							<left>518</left>
							<top>-17</top>
							<font>titlesmall3</font>
							<textcolor>white</textcolor>
							<shadowcolor>black</shadowcolor>
							<align>right</align>
							<aligny>center</aligny>
							<width>60</width>
							<height>52</height>
							<label>$INFO[ListItem.Property(UnWatchedEpisodes)]</label>
						</control>
					</focusedlayout>
				</control>
			</control>
			<!-- Info Panel -->
			<control type="group">
				<visible>Control.IsVisible(594)</visible>
				<visible>!ListItem.IsParentFolder</visible>
				<left>118</left>
				<top>134</top>
				<control type="textbox">
					<visible>!ListItem.IsCollection + [!Skin.HasSetting(showCast) | !System.HasAddon(script.embuary.helper)]</visible>
					<left>30</left>
					<top>373</top>
					<width>535</width>
					<height>303</height>
					<font>font28b</font>
					<align>center</align>
					<label>$VAR[value_plot]</label>
					<autoscroll delay="6000" time="2000" repeat="6000">Skin.HasSetting(Enable.AutoScroll)</autoscroll>
				</control>
				<control type="textbox">
					<visible>!ListItem.IsCollection + [Skin.HasSetting(showCast) + System.HasAddon(script.embuary.helper)]</visible>
					<left>220</left>
					<top>373</top>
					<width>360</width>
					<height>303</height>
					<font>font28b</font>
					<align>center</align>
					<label>$VAR[value_plot]</label>
					<autoscroll delay="4000" time="2000" repeat="4000">Skin.HasSetting(Enable.AutoScroll)</autoscroll>
				</control>
				<control type="group">
					<top>50</top>
					<control type="image">
						<visible>!ListItem.IsCollection</visible>
						<left>370</left>
						<top>620</top>
						<width>200</width>
						<height>200</height>
						<fadetime>200</fadetime>
						<aspectratio aligny="bottom" align="right">keep</aspectratio>
						<texture background="true">$INFO[Container(5927).ListItem.Label]</texture>
					</control>
					<control type="group">
						<top>-25</top>
						<control type="textbox" id="30411">
							<animation effect="fade" start="0" end="100" time="250" tween="sine">Visible</animation>
							<visible>!ListItem.IsCollection + !Container(30411).HasNext</visible>
							<left>15</left>
							<top>670</top>
							<width>570</width>
							<height>130</height>
							<aligny>center</aligny>
							<align>center</align>
							<font>titlemove</font>
							<label>$INFO[ListItem.Label]</label>
							<shadowcolor>black</shadowcolor>
						</control>
						<control type="textbox" id="30413">
							<animation effect="fade" start="0" end="100" time="250" tween="sine">Visible</animation>
							<visible>!ListItem.IsCollection + Container(30411).HasNext + !Container(30413).HasNext</visible>
							<left>15</left>
							<top>670</top>
							<width>570</width>
							<height>130</height>
							<aligny>center</aligny>
							<align>center</align>
							<font>titleshelf</font>
							<label>$INFO[ListItem.Label]</label>
							<shadowcolor>black</shadowcolor>
						</control>
						<control type="textbox">
							<animation effect="fade" start="0" end="100" time="250" tween="sine">Visible</animation>
							<visible>!ListItem.IsCollection + Container(30411).HasNext + Container(30413).HasNext</visible>
							<left>15</left>
							<top>670</top>
							<width>570</width>
							<height>130</height>
							<aligny>center</aligny>
							<align>center</align>
							<font>titlewall</font>
							<label>$INFO[ListItem.Label]</label>
							<autoscroll delay="1500" time="2000" repeat="2000">Skin.HasSetting(Enable.AutoScroll)</autoscroll>
							<shadowcolor>black</shadowcolor>
						</control>
						<control type="textbox" id="30412">
							<animation effect="fade" start="0" end="100" time="250" tween="sine">Visible</animation>
							<visible>ListItem.IsCollection + !Container(30412).HasNext</visible>
							<left>15</left>
							<top>615</top>
							<width>570</width>
							<height>130</height>
							<aligny>center</aligny>
							<align>center</align>
							<font>titlemove</font>
							<label>$INFO[ListItem.Label]</label>
							<shadowcolor>black</shadowcolor>
						</control>
						<control type="textbox" id="30414">
							<animation effect="fade" start="0" end="100" time="250" tween="sine">Visible</animation>
							<visible>ListItem.IsCollection + Container(30412).HasNext + !Container(30414).HasNext</visible>
							<left>15</left>
							<top>615</top>
							<width>570</width>
							<height>130</height>
							<aligny>center</aligny>
							<align>center</align>
							<font>titleshelf</font>
							<label>$INFO[ListItem.Label]</label>
							<shadowcolor>black</shadowcolor>
						</control>
						<control type="textbox">
							<animation effect="fade" start="0" end="100" time="250" tween="sine">Visible</animation>
							<visible>ListItem.IsCollection + Container(30412).HasNext + Container(30414).HasNext</visible>
							<left>15</left>
							<top>615</top>
							<width>570</width>
							<height>130</height>
							<aligny>center</aligny>
							<align>center</align>
							<font>titlewall</font>
							<label>$INFO[ListItem.Label]</label>
							<autoscroll delay="1500" time="2000" repeat="2000">Skin.HasSetting(Enable.AutoScroll)</autoscroll>
							<shadowcolor>black</shadowcolor>
						</control>
					</control>
					<control type="list" id="5933">
						<visible>ListItem.IsCollection</visible>
						<scrolltime>1500</scrolltime>
						<autoscroll time="600">Skin.HasSetting(Enable.AutoScroll)</autoscroll>
						<left>15</left>
						<top>786</top>
						<height>140</height>
						<width>570</width>
						<itemlayout height="34">
							<control type="label">
								<left>0</left>
								<top>0</top>
								<height>34</height>
								<width>570</width>
								<align>center</align>
								<scroll>false</scroll>
								<font>Font_plot</font>
								<textcolor>FFFFFFFF</textcolor>
								<selectedcolor>FFFFFFFF</selectedcolor>
								<label>- $INFO[ListItem.Label] ($INFO[ListItem.Year])</label>
							</control>
						</itemlayout>
						<focusedlayout height="34">
							<control type="label">
								<left>0</left>
								<top>0</top>
								<height>34</height>
								<width>570</width>
								<align>center</align>
								<scroll>false</scroll>
								<font>Font_plot</font>
								<textcolor>FFFFFFFF</textcolor>
								<selectedcolor>FFFFFFFF</selectedcolor>
								<label>- $INFO[ListItem.Label] ($INFO[ListItem.Year])</label>
							</control>
						</focusedlayout>
						<content sortby="year" sortorder="ascending">$INFO[ListItem.FolderPath]</content>
					</control>
					<control type="textbox">
						<visible>!Container.Content(movies) + !Container.Content(sets)</visible>
						<left>-10</left>
						<top>810</top>
						<width>630</width>
						<height>38</height>
						<visible>!String.IsEmpty(ListItem.Rating) + !ListItem.IsCollection</visible>
						<align>center</align>
						<aligny>top</aligny>
						<font>font28b</font>
						<label>$VAR[value_ground17_label]: [COLOR=FFFFFAF0]$VAR[value_ground17_value][/COLOR] - $VAR[value_ground14_label]: [COLOR=FFFFFAF0]$VAR[value_ground14_value][/COLOR]</label>
						<textcolor>themecolor</textcolor>
					</control>
					<control type="textbox">
						<visible>Container.Content(movies) | Container.Content(sets)</visible>
						<animation effect="slide" start="0,0" end="-45,0" time="0" condition="String.IsEmpty(ListItem.Trailer)">Conditional</animation>
						<left>55</left>
						<top>810</top>
						<width>560</width>
						<height>38</height>
						<visible>!String.IsEmpty(ListItem.Rating) + !ListItem.IsCollection</visible>
						<align>center</align>
						<aligny>top</aligny>
						<font>font28b</font>
						<label>$VAR[value_ground17_label]: [COLOR=FFFFFAF0]$VAR[value_ground17_value][/COLOR] - $VAR[value_ground14_label]: [COLOR=FFFFFAF0]$VAR[value_ground14_value][/COLOR]</label>
						<textcolor>themecolor</textcolor>
					</control>
					<control type="textbox">
						<left>15</left>
						<top>750</top>
						<width>560</width>
						<height>38</height>
						<visible>ListItem.IsCollection</visible>
						<align>center</align>
						<font>font13_bold</font>
						<label>[COLOR=themecolor]$LOCALIZE[342]: [/COLOR][B]$INFO[Container(5933).NumItems][/B]</label>
						<textcolor>FFFFFFFF</textcolor>
					</control>
					<control type="image">
						<animation effect="fade" start="100" end="0" time="1000" reversible="false" condition="Skin.HasSetting(playTrailer) + !String.IsEmpty(ListItem.Trailer) + !VideoPlayer.IsFullscreen + Player.Playing + !String.Contains(Player.Filenameandpath,theme.mp3) + !String.IsEqual(ListItem.FileExtension,strm)">Conditional</animation>
						<left>300</left>
						<top>170</top>
						<width>250</width>
						<height>150</height>
						<texture background="true">$INFO[ListItem.Art(clearlogo)]</texture>
						<aspectratio>keep</aspectratio>
					</control>
					<control type="image">
						<animation effect="fade" start="100" end="0" time="1000" reversible="false" condition="Skin.HasSetting(playTrailer) + !String.IsEmpty(ListItem.Trailer) + !VideoPlayer.IsFullscreen + Player.Playing + !String.Contains(Player.Filenameandpath,theme.mp3) + !String.IsEqual(ListItem.FileExtension,strm)">Conditional</animation>
						<visible>[!String.IsEmpty(Window(Home).Property(extras_yes)) | Integer.IsGreater(Container(3322).NumItems,0)] + Skin.HasSetting(SearchExtras)</visible>
						<animation effect="fade" start="0" end="100" delay="600" time="200">Visible</animation>
						<left>546</left>
						<top>-101</top>
						<width>60</width>
						<height>60</height>
						<colordiffuse>ccffffff</colordiffuse>
						<texture background="true">tajo/extras.png</texture>
						<aspectratio>keep</aspectratio>
					</control>
					<control type="label">
						<animation effect="fade" start="100" end="0" time="1000" reversible="false" condition="Skin.HasSetting(playTrailer) + !String.IsEmpty(ListItem.Trailer) + !VideoPlayer.IsFullscreen + Player.Playing + !String.Contains(Player.Filenameandpath,theme.mp3) + !String.IsEqual(ListItem.FileExtension,strm)">Conditional</animation>
						<visible>[!String.IsEmpty(Window(Home).Property(extras_yes)) | Integer.IsGreater(Container(3322).NumItems,0)] + Skin.HasSetting(SearchExtras)</visible>
						<animation effect="fade" start="0" end="100" delay="600" time="200">Visible</animation>
						<align>left</align>
						<left>551</left>
						<top>-74</top>
						<width min="20" max="300">auto</width>
						<height>34</height>
						<textcolor>ffdadada</textcolor>
						<shadowcolor>black</shadowcolor>
						<font>font_Extras</font>
						<label>$LOCALIZE[31014]</label>
					</control>
					<control type="textbox">
						<visible>ListItem.IsCollection</visible>
						<left>30</left>
						<top>335</top>
						<width>535</width>
						<height>240</height>
						<font>font28b</font>
						<align>center</align>
						<label>[B][COLOR themecolor]$INFO[Container(5933).ListItemAbsolute(0).Label][/B][/COLOR][CR]$INFO[Container(5933).ListItemAbsolute(0).Plot][CR][CR][B][COLOR themecolor]$INFO[Container(5933).ListItemAbsolute(1).Label][/B][/COLOR][CR]$INFO[Container(5933).ListItemAbsolute(1).Plot][CR][CR][B][COLOR themecolor]$INFO[Container(5933).ListItemAbsolute(2).Label][/B][/COLOR][CR]$INFO[Container(5933).ListItemAbsolute(2).Plot][CR][CR][B][COLOR themecolor]$INFO[Container(5933).ListItemAbsolute(3).Label][/B][/COLOR][CR]$INFO[Container(5933).ListItemAbsolute(3).Plot][CR][CR][B][COLOR themecolor]$INFO[Container(5933).ListItemAbsolute(4).Label][/B][/COLOR][CR]$INFO[Container(5933).ListItemAbsolute(4).Plot][CR][CR][B][COLOR themecolor]$INFO[Container(5933).ListItemAbsolute(5).Label][/B][/COLOR][CR]$INFO[Container(5933).ListItemAbsolute(5).Plot][CR][CR][B][COLOR themecolor]$INFO[Container(5933).ListItemAbsolute(6).Label][/B][/COLOR][CR]$INFO[Container(5933).ListItemAbsolute(6).Plot][CR][CR][B][COLOR themecolor]$INFO[Container(5933).ListItemAbsolute(7).Label][/B][/COLOR][CR]$INFO[Container(5933).ListItemAbsolute(7).Plot][CR][CR]</label>
						<autoscroll delay="4000" time="2000" repeat="4000">Skin.HasSetting(Enable.AutoScroll)</autoscroll>
					</control>
					<control type="group">
						<animation effect="zoom" start="92" end="92" time="0" condition="true">Conditional</animation>
						<animation effect="slide" end="200,0" time="0" condition="Container.Content(tvshows) + !Container.Content(tvshows)">Conditional</animation>
						<animation effect="slide" end="70,0" time="0" condition="Container.Content(tvshows) + Container.Content(tvshows)">Conditional</animation>
						<animation effect="slide" end="100,0" time="0" condition="Container.Content(tvshows) + Container.Content(tvshows) + Skin.HasSetting(OnlineRating)">Conditional</animation>
						<left>7</left>
						<top>937</top>
						<include>IconsVideo</include>
					</control>
				</control>
				<control type="textbox">
					<visible>[!System.IdleTime(3) | Integer.IsLess(Container(5952).NumItems,2)] + !ListItem.IsCollection + Skin.HasSetting(showCast)</visible>
					<visible>Integer.IsGreater(Container(524).NumItems,0)</visible>
					<font>Font_plot4</font>
					<align>center</align>
					<left>10</left>
					<top>372</top>
					<width>190</width>
					<height>303</height>
					<label>[B][COLOR themecolor]$LOCALIZE[206]:[/COLOR][/B][CR][COLOR white]$INFO[Container(524).ListItemAbsolute(0).Label,-,][CR]$INFO[Container(524).ListItemAbsolute(1).Label,-,][CR]$INFO[Container(524).ListItemAbsolute(2).Label,-,][CR]$INFO[Container(524).ListItemAbsolute(3).Label,-,][CR]$INFO[Container(524).ListItemAbsolute(4).Label,-,][CR]$INFO[Container(524).ListItemAbsolute(5).Label,-,][CR]$INFO[Container(524).ListItemAbsolute(6).Label,-,][CR]$INFO[Container(524).ListItemAbsolute(7).Label,-,][CR]$INFO[Container(524).ListItemAbsolute(8).Label,-,][CR]$INFO[Container(524).ListItemAbsolute(9).Label,-,][/COLOR]</label>
				</control>
				<control type="image">
					<visible>Integer.IsGreater(Container(5952).NumItems,1) + !ListItem.IsCollection + Skin.HasSetting(showCast)</visible>
					<include>HiddenObject</include>
					<texture background="true">$INFO[Container(5952).ListItem.Icon]</texture>
				</control>
				<control type="group">
					<control type="textbox">
						<visible>System.IdleTime(3) + Integer.IsGreater(Container(5952).NumItems,1) + !ListItem.IsCollection + Skin.HasSetting(showCast)</visible>
						<visible>!String.IsEqual(Container(5952).ListItem.Label2,Cast)</visible>
						<font>Font_plot4</font>
						<align>center</align>
						<aligny>top</aligny>
						<left>10</left>
						<top>610</top>
						<width>190</width>
						<height>70</height>
						<label>$INFO[Container(5952).ListItem.Label]</label>
					</control>
					<control type="textbox">
						<visible>System.IdleTime(3) + Integer.IsGreater(Container(5952).NumItems,1) + !ListItem.IsCollection + Skin.HasSetting(showCast)</visible>
						<visible>String.IsEqual(Container(5952).ListItem.Label2,Cast)</visible>
						<textcolor>themecolor</textcolor>
						<font>Font_plot4</font>
						<align>center</align>
						<aligny>top</aligny>
						<left>10</left>
						<top>372</top>
						<width>190</width>
						<height>303</height>
						<label>$INFO[Container(5952).ListItem.Label]</label>
					</control>
					<control type="image">
						<visible>System.IdleTime(3) + Integer.IsGreater(Container(5952).NumItems,1) + !ListItem.IsCollection + Skin.HasSetting(showCast)</visible>
						<left>30</left>
						<top>385</top>
						<width>170</width>
						<height>220</height>
						<colordiffuse>DFffffff</colordiffuse>
						<aspectratio align="center" aligny="bottom">keep</aspectratio>
						<fadetime>200</fadetime>
						<texture background="true">$INFO[Container(5952).ListItem.Icon]</texture>
					</control>
				</control>
			</control>
			<control type="scrollbar" id="80">
				<include>ScrollBar_Vertical</include>
				<left>1975</left>
				<top>90</top>
				<height>1060</height>
				<onleft>50</onleft>
				<onright>50</onright>
				<visible allowhiddenfocus="true">Control.IsVisible(594) + Control.HasFocus(80)</visible>
			</control>
		</control>
	</include>
</includes>
