<includes>
	<!--#############################################################################   VISTA TRIPLEm - ID 591   #############################################################################-->
	<include name="ViewTriplem">
		<control type="group">
			<visible>Control.IsVisible(591)</visible>
			<top>-13</top>
			<left>8</left>
			<include>ViewBack4</include>
			<control type="image">
				<left>-100</left>
				<top>-100</top>
				<width>2200</width>
				<height>1300</height>
				<animation effect="fade" end="65" condition="true">Conditional</animation>
				<texture diffuse="tajo/mask_cover3.png">tajo/solid_bg.png</texture>
				<aspectratio align="center">stretch</aspectratio>
				<colordiffuse>black</colordiffuse>
			</control>
			<control type="image">
				<animation effect="rotate" center="auto" start="90" end="90" condition="true">Conditional</animation>
				<left>551</left>
				<top>548</top>
				<width>1062</width>
				<height>3</height>
				<visible>!ListItem.IsParentFolder</visible>
				<texture>tajo/line.png</texture>
			</control>
			<control type="image">
				<animation effect="rotate" center="auto" start="-90" end="-90" condition="true">Conditional</animation>
				<left>-10</left>
				<top>548</top>
				<width>1062</width>
				<height>3</height>
				<texture>tajo/line.png</texture>
			</control>
			<control type="group">
				<visible>Container.Content(artists)</visible>
				<control type="wraplist" id="591">
					<viewtype label="Triple">list</viewtype>
					<width>600</width>
					<height>1105</height>
					<top>12</top>
					<left>25</left>
					<pagecontrol>80</pagecontrol>
					<scrolltime tween="cubic" easing="out">500</scrolltime>
					<orientation>vertical</orientation>
					<autoscroll>false</autoscroll>
					<movement>2</movement>
					<focusposition>1</focusposition>
					<preloaditems>2</preloaditems>
					<onleft condition="[String.Contains(Container.SortMethod,$LOCALIZE[369]) | String.Contains(Container.SortMethod,$LOCALIZE[557])] + !ListItem.IsParentFolder">5919</onleft>
					<onleft>80</onleft>
					<onright condition="Container.Content(artists) + Control.IsVisible(5910)">5910</onright>
					<onup>591</onup>
					<ondown>591</ondown>
					<visible>Container.Content(artists)</visible>
					<focusedlayout height="270">
						<control type="button" id="5962">
							<include>HiddenObject</include>
							<onfocus condition="!String.IsEmpty(Window(Home).Property(MoveArtist))">ClearProperty(MoveArtist,Home)</onfocus>
						</control>
						<control type="image">
							<visible>!Container.OnNext + !Container.OnPrevious</visible>
							<animation effect="fade" start="0" end="100" time="500" tween="sine" easing="inout">Visible</animation>
							<left>25</left>
							<width>469</width>
							<height>270</height>
							<texture diffuse="tajo/recua1.png">$VAR[Option_Back]</texture>
							<aspectratio align="center">stretch</aspectratio>
							<colordiffuse>ddffffff</colordiffuse>
						</control>
						<control type="group">
							<top>14</top>
							<left>30</left>
							<control type="image">
								<left>10</left>
								<width>440</width>
								<height>242</height>
								<texture diffuse="tajo/mask_cover3.png" background="true">$INFO[ListItem.Art(landscape)]</texture>
								<aspectratio align="center">scale</aspectratio>
								<visible>!ListItem.IsParentFolder</visible>
							</control>
							<control type="group">
								<visible>String.IsEmpty(ListItem.Art(landscape))</visible>
								<control type="image">
									<left>10</left>
									<width>440</width>
									<height>242</height>
									<texture fallback="tajo/magazine/allartists.jpg" diffuse="tajo/mask_cover3.png" background="true">$INFO[ListItem.Art(fanart)]</texture>
									<aspectratio align="center">scale</aspectratio>
									<visible>!ListItem.IsParentFolder</visible>
								</control>
								<control type="image">
									<animation effect="fade" end="45" condition="true">Conditional</animation>
									<left>9</left>
									<top>72</top>
									<width>443</width>
									<height>172</height>
									<texture diffuse="tajo/mask_cover3.png">tajo/shadow_mask.png</texture>
									<colordiffuse>black</colordiffuse>
								</control>
								<control type="image">
									<left>130</left>
									<top>80</top>
									<width>260</width>
									<height>157</height>
									<aspectratio aligny="bottom" align="right">keep</aspectratio>
									<texture background="true">$INFO[ListItem.Art(clearlogo)]</texture>
								</control>
								<control type="textbox">
									<visible>String.IsEmpty(ListItem.Art(clearlogo))</visible>
									<left>20</left>
									<top>107</top>
									<width>390</width>
									<height>117</height>
									<align>right</align>
									<aligny>center</aligny>
									<font>titletri</font>
									<label>$INFO[ListItem.Label]</label>
									<textcolor>white</textcolor>
									<shadowcolor>black</shadowcolor>
								</control>
								<control type="image">
									<visible>ListItem.IsParentFolder</visible>
									<left>10</left>
									<width>440</width>
									<height>242</height>
									<texture background="true">tajo/fondo_2.png</texture>
									<aspectratio align="center">scale</aspectratio>
								</control>
								<control type="image">
									<visible>ListItem.IsParentFolder</visible>
									<left>10</left>
									<width>440</width>
									<height>242</height>
									<texture>tajo/FolderBack.png</texture>
									<aspectratio align="center">keep</aspectratio>
								</control>
							</control>
						</control>
					</focusedlayout>
					<itemlayout height="270">
						<control type="image">
							<left>-130</left>
							<width>630</width>
							<height>3</height>
							<texture diffuse="tajo/shadow_mask_v5.png">tajo/line.png</texture>
						</control>
						<control type="group">
							<top>14</top>
							<left>30</left>
							<control type="image">
								<left>10</left>
								<width>440</width>
								<height>242</height>
								<texture diffuse="tajo/mask_cover3.png" background="true">$INFO[ListItem.Art(landscape)]</texture>
								<aspectratio align="center">scale</aspectratio>
								<visible>!ListItem.IsParentFolder</visible>
							</control>
							<control type="group">
								<visible>String.IsEmpty(ListItem.Art(landscape))</visible>
								<control type="image">
									<left>10</left>
									<width>440</width>
									<height>242</height>
									<texture fallback="tajo/magazine/allartists.jpg" diffuse="tajo/mask_cover3.png" background="true">$INFO[ListItem.Art(fanart)]</texture>
									<aspectratio align="center">scale</aspectratio>
									<visible>!ListItem.IsParentFolder</visible>
								</control>
								<control type="image">
									<animation effect="fade" end="45" condition="true">Conditional</animation>
									<left>9</left>
									<top>72</top>
									<width>443</width>
									<height>171</height>
									<texture diffuse="tajo/mask_cover3.png">tajo/shadow_mask.png</texture>
									<colordiffuse>black</colordiffuse>
								</control>
								<control type="image">
									<left>130</left>
									<top>80</top>
									<width>260</width>
									<height>157</height>
									<aspectratio aligny="bottom" align="right">keep</aspectratio>
									<texture background="true">$INFO[ListItem.Art(clearlogo)]</texture>
								</control>
								<control type="textbox">
									<visible>String.IsEmpty(ListItem.Art(clearlogo))</visible>
									<left>20</left>
									<top>107</top>
									<width>390</width>
									<height>117</height>
									<align>right</align>
									<aligny>center</aligny>
									<font>titletri</font>
									<label>$INFO[ListItem.Label]</label>
									<textcolor>white</textcolor>
									<shadowcolor>black</shadowcolor>
								</control>
								<control type="image">
									<visible>ListItem.IsParentFolder</visible>
									<left>10</left>
									<width>440</width>
									<height>242</height>
									<texture background="true">tajo/fondo_2.png</texture>
									<aspectratio align="center">scale</aspectratio>
								</control>
								<control type="image">
									<visible>ListItem.IsParentFolder</visible>
									<left>10</left>
									<width>440</width>
									<height>242</height>
									<texture>tajo/FolderBack.png</texture>
									<aspectratio align="center">keep</aspectratio>
								</control>
							</control>
							<control type="image">
								<colordiffuse>50000000</colordiffuse>
								<left>8</left>
								<width>444</width>
								<height>243</height>
								<texture diffuse="tajo/mask_cover3.png">tajo/solid_bg.png</texture>
								<aspectratio align="center">scale</aspectratio>
							</control>
							<control type="image">
								<visible>!Control.HasFocus(591)</visible>
								<colordiffuse>65000000</colordiffuse>
								<left>8</left>
								<width>444</width>
								<height>243</height>
								<texture diffuse="tajo/mask_cover3.png">tajo/solid_bg.png</texture>
								<aspectratio align="center">scale</aspectratio>
							</control>
						</control>
					</itemlayout>
				</control>
			</control>
			<control type="group">
				<visible>Control.IsVisible(591) + Container.Content(artists)</visible>
				<control type="fixedlist" id="5910">
					<animation effect="fade" start="100" end="70" condition="!Control.HasFocus(5910) + !Control.HasFocus(5912)">Conditional</animation>
					<width>640</width>
					<height>1080</height>
					<top>10</top>
					<left>518</left>
					<scrolltime tween="cubic" easing="out">500</scrolltime>
					<orientation>vertical</orientation>
					<preloaditems>2</preloaditems>
					<movement>3</movement>
					<focusposition>0</focusposition>
					<onleft>591</onleft>
					<onright>5912</onright>
					<onup>5910</onup>
					<ondown>5910</ondown>
					<viewtype label="Triple">list</viewtype>
					<visible>Container.Content(artists)</visible>
					<visible>!ListItem.IsParentFolder</visible>
					<onclick condition="!Container.Content(musicvideos) + !String.StartsWith(container.folderpath,library://video/musicvideos/) + !String.StartsWith(container.folderpath,videodb://musicvideos)">PlayMedia($ESCINFO[ListItem.FolderPath],isdir)</onclick>
					<focusedlayout height="270">
						<control type="image">
							<left>-80</left>
							<top>268</top>
							<width>648</width>
							<height>3</height>
							<texture diffuse="tajo/shadow_mask_v5.png">tajo/line.png</texture>
						</control>
						<control type="image">
							<visible>Control.HasFocus(5910) | Control.HasFocus(5912)</visible>
							<visible>!Container(5910).OnNext + !Container(5910).OnPrevious</visible>
							<animation effect="fade" start="0" end="100" time="500" tween="sine" easing="inout">Visible</animation>
							<top>1.5</top>
							<width>564</width>
							<height>270</height>
							<texture diffuse="tajo/recua1.png">$VAR[Option_Back]</texture>
							<aspectratio align="center">stretch</aspectratio>
							<colordiffuse>ddffffff</colordiffuse>
						</control>
						<control type="group">
							<left>35</left>
							<top>13</top>
							<control type="image">
								<top>3</top>
								<left>0</left>
								<width>234</width>
								<height>234</height>
								<texture fallback="tajo/defaultalbumcover.png" diffuse="tajo/mask_cover3.png" background="true">$INFO[ListItem.Thumb]</texture>
								<aspectratio align="center">scale</aspectratio>
							</control>
							<control type="textbox">
								<left>245</left>
								<top>-8</top>
								<height>250</height>
								<right>30</right>
								<width>260</width>
								<font>fontmusic</font>
								<align>left</align>
								<aligny>center</aligny>
								<textcolor>ffd4d4d4</textcolor>
								<label>$INFO[ListItem.Label] $INFO[ListItem.Year,(,)]</label>
								<shadowcolor>black</shadowcolor>
							</control>
						</control>
					</focusedlayout>
					<itemlayout height="270">
						<control type="image">
							<left>-80</left>
							<top>268</top>
							<width>648</width>
							<height>3</height>
							<texture diffuse="tajo/shadow_mask_v5.png">tajo/line.png</texture>
						</control>
						<control type="group">
							<left>35</left>
							<top>13</top>
							<control type="image">
								<top>3</top>
								<left>0</left>
								<width>234</width>
								<height>234</height>
								<texture fallback="tajo/defaultalbumcover.png" diffuse="tajo/mask_cover3.png" background="true">$INFO[ListItem.Thumb]</texture>
								<aspectratio align="center">scale</aspectratio>
							</control>
							<control type="textbox">
								<visible>Control.HasFocus(5910)</visible>
								<left>245</left>
								<top>-8</top>
								<height>250</height>
								<right>30</right>
								<width>260</width>
								<font>fontmusic2</font>
								<align>left</align>
								<aligny>center</aligny>
								<textcolor>white</textcolor>
								<label>$INFO[ListItem.Label]  $INFO[ListItem.Year,(,)]</label>
								<shadowcolor>black</shadowcolor>
							</control>
							<control type="textbox">
								<visible>!Control.HasFocus(5910)</visible>
								<left>245</left>
								<top>-8</top>
								<height>250</height>
								<right>30</right>
								<width>260</width>
								<font>fontmusic2</font>
								<align>left</align>
								<aligny>center</aligny>
								<textcolor>ff696967</textcolor>
								<label>$INFO[ListItem.Label]  $INFO[ListItem.Year,(,)]</label>
								<shadowcolor>black</shadowcolor>
							</control>
							<control type="image">
								<colordiffuse>50000000</colordiffuse>
								<top>2</top>
								<left>-1</left>
								<width>236</width>
								<height>236</height>
								<texture diffuse="tajo/mask_cover3.png">tajo/solid_bg.png</texture>
								<aspectratio align="center">scale</aspectratio>
							</control>
							<control type="image">
								<visible>!Control.HasFocus(5910)</visible>
								<colordiffuse>65000000</colordiffuse>
								<top>2</top>
								<left>-1</left>
								<width>236</width>
								<height>236</height>
								<texture diffuse="tajo/mask_cover3.png">tajo/solid_bg.png</texture>
								<aspectratio align="center">scale</aspectratio>
							</control>
						</control>
					</itemlayout>
					<content target="music" sortby="year" sortorder="ascending">$INFO[Container(591).ListItem.FolderPath]</content>
				</control>
			</control>
			<control type="group">
				<top>-48</top>
				<left>89</left>
				<visible>Control.IsVisible(591)</visible>
				<visible>Container.Content(artists) | Container.Content(albums)</visible>
				<control type="fixedlist" id="5912">
					<animation effect="fade" start="100" end="70" condition="!Control.HasFocus(5910) + !Control.HasFocus(5912)">Conditional</animation>
					<width>1000</width>
					<height>1080</height>
					<top>60</top>
					<left>989</left>
					<preloaditems>2</preloaditems>
					<onright>5912</onright>
					<onleft>5910</onleft>
					<onup>5912</onup>
					<ondown>5912</ondown>
					<scrolltime tween="cubic" easing="out">500</scrolltime>
					<orientation>vertical</orientation>
					<movement>15</movement>
					<focusposition>0</focusposition>
					<viewtype label="Triple">list</viewtype>
					<visible>Container.Content(artists) | Container.Content(albums)</visible>
					<visible>!ListItem.IsParentFolder</visible>
					<itemlayout height="67.5">
						<control type="image">
							<left>-80</left>
							<top>65.5</top>
							<width>915</width>
							<height>3</height>
							<texture diffuse="tajo/shadow_mask_v5.png">tajo/line.png</texture>
						</control>
						<control type="label">
							<visible>Control.HasFocus(5912)</visible>
							<top>1</top>
							<left>50</left>
							<height>58</height>
							<width>784</width>
							<align>left</align>
							<font>fontmusic2</font>
							<textcolor>white</textcolor>
							<label>$INFO[ListItem.TrackNumber,, - ]$INFO[ListItem.Label] $INFO[ListItem.Duration,(,)]</label>
							<selectedcolor>themecolor</selectedcolor>
							<shadowcolor>black</shadowcolor>
						</control>
						<control type="label">
							<visible>!Control.HasFocus(5912)</visible>
							<top>1</top>
							<left>50</left>
							<height>58</height>
							<width>784</width>
							<align>left</align>
							<font>fontmusic2</font>
							<textcolor>ff696967</textcolor>
							<label>$INFO[ListItem.TrackNumber,, - ]$INFO[ListItem.Label] $INFO[ListItem.Duration,(,)]</label>
							<selectedcolor>themecolor</selectedcolor>
							<shadowcolor>black</shadowcolor>
						</control>
					</itemlayout>
					<focusedlayout height="135" condition="System.IdleTime(2) + Control.HasFocus(5912)">
						<control type="group">
							<visible>System.IdleTime(2) + Control.HasFocus(5912)</visible>
							<control type="image">
								<visible>Control.HasFocus(5912)</visible>
								<visible>!Container(5912).OnNext + !Container(5912).OnPrevious</visible>
								<animation effect="fade" start="0" end="100" time="400" tween="sine" easing="inout">Visible</animation>
								<left>2</left>
								<width>833</width>
								<height>134</height>
								<texture diffuse="tajo/recua2.png">$VAR[Option_Back]</texture>
								<aspectratio align="center">stretch</aspectratio>
								<colordiffuse>ddffffff</colordiffuse>
							</control>
							<control type="group">
								<control type="label">
									<top>1</top>
									<left>50</left>
									<height>58</height>
									<width>770</width>
									<align>left</align>
									<font>fontmusic</font>
									<scroll>true</scroll>
									<label>[B]$INFO[ListItem.TrackNumber,, - ]$INFO[ListItem.Label] $INFO[ListItem.Duration,(,)][/B]</label>
									<textcolor>white</textcolor>
									<shadowcolor>black</shadowcolor>
									<selectedcolor>themecolor</selectedcolor>
								</control>
							</control>
							<control type="label">
								<visible>String.IsEmpty(ListItem.UserRating)</visible>
								<left>53</left>
								<top>48</top>
								<width>750</width>
								<height>65</height>
								<align>left</align>
								<textcolor>themecolor</textcolor>
								<shadowcolor>black</shadowcolor>
								<font>font14</font>
								<scroll>true</scroll>
								<scrollsuffix>  -  </scrollsuffix>
								<label>[LOWERCASE][COLOR white]$INFO[ListItem.Genre,, · ][/COLOR][COLOR white]$INFO[ListItem.Bitrate, , [/COLOR]kbps[COLOR white] ·[/COLOR]][COLOR white]$INFO[ListItem.MusicChannels, ,[/COLOR] $LOCALIZE[14301][COLOR white] ·[/COLOR]][/LOWERCASE][COLOR white]$INFO[ListItem.Samplerate, ,[/COLOR]  kHz]</label>
							</control>
							<control type="label">
								<visible>!String.IsEmpty(ListItem.UserRating)</visible>
								<left>153</left>
								<top>48</top>
								<width>650</width>
								<height>65</height>
								<align>left</align>
								<textcolor>themecolor</textcolor>
								<shadowcolor>black</shadowcolor>
								<font>font14</font>
								<scroll>true</scroll>
								<scrollsuffix>  -  </scrollsuffix>
								<label>[LOWERCASE][COLOR white]$INFO[ListItem.Genre,, · ][/COLOR][COLOR white]$INFO[ListItem.Bitrate, , [/COLOR]kbps[COLOR white] ·[/COLOR]][COLOR white]$INFO[ListItem.MusicChannels, ,[/COLOR] $LOCALIZE[14301][COLOR white] ·[/COLOR]][/LOWERCASE][COLOR white]$INFO[ListItem.Samplerate, ,[/COLOR]  kHz]</label>
							</control>
							<control type="group">
								<top>47</top>
								<left>60</left>
								<control type="image">
									<animation effect="slide" end="31,20" condition="true">Conditional</animation>
									<width>30</width>
									<height>30</height>
									<aspectratio>keep</aspectratio>
									<texture colordiffuse="$VAR[Colour_UserRatingTriple]">star.png</texture>
									<visible>!String.IsEmpty(ListItem.UserRating)</visible>
								</control>
								<control type="label">
									<animation effect="slide" end="-14,12" condition="true">Conditional</animation>
									<width>40</width>
									<visible>!String.IsEmpty(ListItem.UserRating)</visible>
									<align>right</align>
									<aligny>bottom</aligny>
									<font>font15_bold</font>
									<label>[COLOR white][B]$INFO[ListItem.UserRating][/B][/COLOR]</label>
									<textcolor>FFFFFAF0</textcolor>
									<shadowcolor>black</shadowcolor>
								</control>
							</control>
						</control>
					</focusedlayout>
					<focusedlayout height="67.5" condition="!System.IdleTime(2) + Control.HasFocus(5912)">
						<control type="image">
							<left>-80</left>
							<top>65.5</top>
							<width>915</width>
							<height>3</height>
							<texture diffuse="tajo/shadow_mask_v5.png">tajo/line.png</texture>
						</control>
						<control type="image">
							<visible>Control.HasFocus(5912)</visible>
							<visible>!Container(5912).OnNext + !Container(5912).OnPrevious</visible>
							<animation effect="fade" start="0" end="100" time="400" tween="sine" easing="inout">Visible</animation>
							<left>2</left>
							<width>833</width>
							<height>67</height>
							<texture diffuse="tajo/recua1c.png">$VAR[Option_Back]</texture>
							<aspectratio align="center">stretch</aspectratio>
							<colordiffuse>ddffffff</colordiffuse>
						</control>
						<control type="group">
							<control type="label">
								<top>1</top>
								<left>50</left>
								<height>58</height>
								<width>770</width>
								<align>left</align>
								<font>fontmusic</font>
								<scroll>true</scroll>
								<label>[B]$INFO[ListItem.TrackNumber,, - ]$INFO[ListItem.Label] $INFO[ListItem.Duration,(,)][/B]</label>
								<textcolor>white</textcolor>
								<shadowcolor>black</shadowcolor>
								<selectedcolor>themecolor</selectedcolor>
							</control>
						</control>
					</focusedlayout>
					<focusedlayout height="67.5" condition="!Control.HasFocus(5912)">
						<control type="image">
							<left>-80</left>
							<top>65.5</top>
							<width>915</width>
							<height>3</height>
							<texture diffuse="tajo/shadow_mask_v5.png">tajo/line.png</texture>
						</control>
						<control type="label">
							<visible>!Control.HasFocus(5912)</visible>
							<top>1</top>
							<left>50</left>
							<height>58</height>
							<width>784</width>
							<align>left</align>
							<font>fontmusic2</font>
							<textcolor>ff696967</textcolor>
							<label>$INFO[ListItem.TrackNumber,, - ]$INFO[ListItem.Label] $INFO[ListItem.Duration,(,)]</label>
							<selectedcolor>themecolor</selectedcolor>
							<shadowcolor>black</shadowcolor>
						</control>
					</focusedlayout>
					<content target="music" sortby="track" sortorder="ascending">$INFO[Container(5910).ListItem.FolderPath]</content>
				</control>
			</control>
			<control type="image">
				<visible>!Control.HasFocus(5910) + !Control.HasFocus(5912) + String.IsEmpty(Window(Home).Property(MediaMenu))</visible>
				<visible>!ListItem.IsParentFolder</visible>
				<top>-50</top>
				<left>500</left>
				<width>2000</width>
				<height>2000</height>
				<texture border="1">text_shadow2.png</texture>
				<bordersize>20</bordersize>
			</control>
			<!-- Info Panel -->
			<control type="group">
				<visible>!Control.HasFocus(5910) + !Control.HasFocus(5912) + String.IsEmpty(Window(Home).Property(MediaMenu))</visible>
				<visible>!ListItem.IsParentFolder</visible>
				<left>1175</left>
				<top>125</top>
				<control type="textbox">
					<left>-40</left>
					<top>625</top>
					<width>715</width>
					<height>305</height>
					<font>font28b</font>
					<align>right</align>
					<label>$INFO[ListItem.Plot]$INFO[ListItem.Property(Artist_Description)]</label>
					<visible>!String.IsEmpty(ListItem.Property(Artist_Description)) | !String.IsEmpty(ListItem.Plot)</visible>
					<autoscroll delay="6000" time="2000" repeat="6000">Skin.HasSetting(Enable.AutoScroll)</autoscroll>
				</control>
				<control type="group">
					<animation effect="slide" end="0,275" time="0" condition="String.IsEmpty(ListItem.Property(Artist_Description)) + String.IsEmpty(ListItem.Plot)">Conditional</animation>
					<top>35</top>
					<control type="image">
						<left>-50</left>
						<top>300</top>
						<width>220</width>
						<height>220</height>
						<fadetime>200</fadetime>
						<colordiffuse>BBffffff</colordiffuse>
						<aspectratio aligny="bottom" align="left">keep</aspectratio>
						<texture background="true" diffuse="tajo/osd_black_bg3.png">$INFO[ListItem.Art(clearart)]</texture>
					</control>
					<control type="group">
						<left>85</left>
						<top>-300</top>
						<control type="textbox" id="22411">
							<animation effect="fade" start="0" end="100" time="250" tween="sine">Visible</animation>
							<visible>!Container(22411).HasNext</visible>
							<left>15</left>
							<top>670</top>
							<width>570</width>
							<height>130</height>
							<aligny>center</aligny>
							<align>right</align>
							<font>titlemove</font>
							<label>$INFO[ListItem.Label]</label>
							<shadowcolor>black</shadowcolor>
						</control>
						<control type="textbox" id="22413">
							<animation effect="fade" start="0" end="100" time="250" tween="sine">Visible</animation>
							<visible>Container(22411).HasNext + !Container(22413).HasNext</visible>
							<left>15</left>
							<top>670</top>
							<width>570</width>
							<height>130</height>
							<aligny>center</aligny>
							<align>right</align>
							<font>titleshelf</font>
							<label>$INFO[ListItem.Label]</label>
							<shadowcolor>black</shadowcolor>
						</control>
						<control type="textbox">
							<animation effect="fade" start="0" end="100" time="250" tween="sine">Visible</animation>
							<visible>Container(22411).HasNext + Container(22413).HasNext</visible>
							<left>15</left>
							<top>670</top>
							<width>570</width>
							<height>130</height>
							<aligny>center</aligny>
							<align>right</align>
							<font>titlewall</font>
							<label>$INFO[ListItem.Label]</label>
							<autoscroll delay="1500" time="2000" repeat="2000">Skin.HasSetting(Enable.AutoScroll)</autoscroll>
							<shadowcolor>black</shadowcolor>
						</control>
					</control>
					<control type="textbox">
						<visible>String.IsEmpty(ListItem.Appearances)</visible>
						<left>-40</left>
						<top>509</top>
						<width>715</width>
						<height>72</height>
						<align>right</align>
						<aligny>top</aligny>
						<font>font28b</font>
						<label>[B]$LOCALIZE[132]: [/B][COLOR=FFFFFAF0][B]$INFO[Container(5910).NumItems][/B][/COLOR][CR][COLOR=themecolor][B]$VAR[value_style][/B][/COLOR][COLOR=FFFFFAF0]$VAR[value_style2][/COLOR][COLOR=themecolor][B]$VAR[value_genre][/B][/COLOR][COLOR=FFFFFAF0]$VAR[value_genre2][/COLOR]</label>
						<textcolor>themecolor</textcolor>
					</control>
					<control type="textbox">
						<visible>!String.IsEmpty(ListItem.Appearances)</visible>
						<left>-40</left>
						<top>509</top>
						<width>715</width>
						<height>72</height>
						<align>right</align>
						<aligny>top</aligny>
						<font>font28b</font>
						<label>[B]$LOCALIZE[20389]: [/B][COLOR=FFFFFAF0][B]$INFO[ListItem.Appearances][/B][/COLOR]</label>
						<textcolor>themecolor</textcolor>
					</control>
				</control>
			</control>
			<control type="group">
				<visible>Control.IsVisible(591)</visible>
				<top>93</top>
				<left>103</left>
				<control type="grouplist">
					<visible>!Skin.HasSetting(noshow_Time)</visible>
					<left>-106</left>
					<top>-82</top>
					<width>400</width>
					<align>left</align>
					<orientation>horizontal</orientation>
					<itemgap>0</itemgap>
					<control type="label">
						<align>left</align>
						<width min="20" max="200">auto</width>
						<height>40</height>
						<textcolor>grey2</textcolor>
						<shadowcolor>black</shadowcolor>
						<font>fontDiscog</font>
						<label>$INFO[System.Time(hh)]</label>
					</control>
					<control type="label">
						<align>left</align>
						<width min="20" max="200">auto</width>
						<height>34</height>
						<textcolor>grey2</textcolor>
						<shadowcolor>black</shadowcolor>
						<font>Font_bro</font>
						<label>:$INFO[System.Time(mm)]</label>
					</control>
				</control>
				<control type="grouplist">
					<visible>!Skin.HasSetting(noshow_numItems) + !Control.HasFocus(5910) + !Control.HasFocus(5912)</visible>
					<left>-104</left>
					<top>958</top>
					<width>400</width>
					<align>left</align>
					<orientation>horizontal</orientation>
					<itemgap>0</itemgap>
					<control type="label">
						<align>left</align>
						<width min="20" max="200">auto</width>
						<height>40</height>
						<textcolor>grey2</textcolor>
						<shadowcolor>black</shadowcolor>
						<font>fontDiscog</font>
						<label>$INFO[Container.CurrentItem]</label>
					</control>
					<control type="label">
						<align>left</align>
						<width min="20" max="200">auto</width>
						<height>52</height>
						<textcolor>grey2</textcolor>
						<shadowcolor>black</shadowcolor>
						<font>Font_bro</font>
						<label>/$INFO[Container.NumItems]</label>
					</control>
				</control>
				<control type="grouplist">
					<visible>!Skin.HasSetting(noshow_numItems) + Control.HasFocus(5910)</visible>
					<left>-104</left>
					<top>958</top>
					<width>400</width>
					<align>left</align>
					<orientation>horizontal</orientation>
					<itemgap>0</itemgap>
					<control type="label">
						<align>left</align>
						<width min="20" max="200">auto</width>
						<height>40</height>
						<textcolor>grey2</textcolor>
						<shadowcolor>black</shadowcolor>
						<font>fontDiscog</font>
						<label>$INFO[Container(5910).Currentitem]</label>
					</control>
					<control type="label">
						<align>left</align>
						<width min="20" max="200">auto</width>
						<height>52</height>
						<textcolor>grey2</textcolor>
						<shadowcolor>black</shadowcolor>
						<font>Font_bro</font>
						<label>/$INFO[Container(5910).NumItems]</label>
					</control>
				</control>
				<control type="grouplist">
					<visible>!Skin.HasSetting(noshow_numItems) + Control.HasFocus(5912)</visible>
					<left>-104</left>
					<top>958</top>
					<width>400</width>
					<align>left</align>
					<orientation>horizontal</orientation>
					<itemgap>0</itemgap>
					<control type="label">
						<align>left</align>
						<width min="20" max="200">auto</width>
						<height>40</height>
						<textcolor>grey2</textcolor>
						<shadowcolor>black</shadowcolor>
						<font>fontDiscog</font>
						<label>$INFO[Container(5912).Currentitem]</label>
					</control>
					<control type="label">
						<align>left</align>
						<width min="20" max="200">auto</width>
						<height>52</height>
						<textcolor>grey2</textcolor>
						<shadowcolor>black</shadowcolor>
						<font>Font_bro</font>
						<label>/$INFO[Container(5912).NumItems]</label>
					</control>
				</control>
			</control>
			<control type="scrollbar" id="80">
				<include>ScrollBar_Vertical</include>
				<left>-2</left>
				<top>58</top>
				<height>995</height>
				<onleft>SetProperty(MediaMenu,True,home)</onleft>
				<onleft>SetFocus(9050)</onleft>
				<onright>591</onright>
				<visible allowhiddenfocus="true">Control.IsVisible(591) + Control.HasFocus(80)</visible>
			</control>
		</control>
	</include>
</includes>
