<?xml version="1.0" encoding="UTF-8"?>
<window type="dialog" id="1141">
  <animation effect="fade" start="0" end="100" time="400" delay="300" tween="quadratic" condition="Window.IsActive(1141)">WindowOpen</animation>
  <defaultcontrol always="true">5999</defaultcontrol>
  <onload>SetProperty(TMDbHelper.Blur.Fallback,$INFO[Window(home).Property(spotlight_Fanart)],Home)</onload>
  <controls>
    <control type="group">
      <control type="image">
        <!-- <top>-300</top> -->
        <!-- <left>-300</left> -->
        <width>1920</width>
        <height>1080</height>
        <texture background="true">common/flixspotlight2-shadowspot.png</texture>
        <visible>Player.HasVideo</visible>
        <animation effect="fade" start="0" end="100" time="1200" tween="quadratic" condition="Player.HasVideo">Conditional</animation>
      </control>
      <control type="group" id="5600">
        <control type="group">
          <top>90</top>
          <left>350</left>
          <include content="Object_Item_Expose">
          <param name="title" value="$INFO[Window(home).Property(Expose_ListItem_Title)]"/>
          <param name="title_top" value="200"/>
          <param name="title_width" value="1000" />
          <param name="title_visible" value="$EXP[SecondExpose]"/>
          <param name="plot" value="$INFO[Window(home).Property(Expose_ListItem_Plot)]"/>
          <param name="visible" value="$EXP[SecondExpose]"/>
        </include>
        </control>
        <control type="image">
          <top>180</top>
          <left>1380</left>
          <!-- <bottom>830</bottom> -->
          <width>16</width>
          <height>500</height>
          <texture>common/fancy-line.png</texture>
        </control>
        <control type="grouplist">
          <top>210</top>
          <left>1400</left>
          <width>450</width>
          <orientation>vertical</orientation>
          <control type="label">
            <width>auto</width>
            <height>35</height>
            <scroll>false</scroll>
            <label>Director</label>
            <align>left</align>
            <aligny>center</aligny>
            <font>font_small_header</font>
            <visible>!String.IsEmpty(Window(home).Property(Expose_ListItem_Director))</visible>
          </control>
          <control type="label">
            <width>auto</width>
            <height>35</height>
            <scroll>false</scroll>
            <label>$INFO[Window(home).Property(Expose_ListItem_Director)]</label>
            <align>left</align>
            <aligny>center</aligny>
            <font>font_tiny_hintlabel</font>
          </control>
          <control type="label">
            <width>auto</width>
            <height>50</height>
            <scroll>false</scroll>
            <label>Cast</label>
            <align>left</align>
            <aligny>center</aligny>
            <font>font_small_header</font>
            <visible>!String.IsEmpty(Window(home).Property(Expose_ListItem_Cast))</visible>
          </control>
          <control type="label">
            <width>auto</width>
            <height>215</height>
            <scroll>false</scroll>
            <label>$INFO[Window(home).Property(Expose_ListItem_Cast)]</label>
            <align>left</align>
            <aligny>center</aligny>
            <font>font_tiny_hintlabel</font>
          </control>
          <control type="label">
            <width>auto</width>
            <height>50</height>
            <scroll>false</scroll>
            <label>Writer</label>
            <align>left</align>
            <aligny>center</aligny>
            <font>font_small_header</font>
            <visible>!String.IsEmpty(Window(home).Property(Expose_ListItem_Writer))</visible>
          </control>
          <control type="label">
            <width>auto</width>
            <height>35</height>
            <scroll>false</scroll>
            <label>$INFO[Window(home).Property(Expose_ListItem_Writer)]</label>
            <align>left</align>
            <aligny>center</aligny>
            <font>font_tiny_hintlabel</font>
          </control>
        </control>
      </control>
    </control>
    <!-- buttons area -->
    <control type="group">
      <top>490</top>
      <bottom>80</bottom>
      <left>450</left>
      <height>200</height>
      <control type="grouplist" id="5999">
        <orientation>horizontal</orientation>
        <onup>Dialog.Close(1141)</onup>
        <ondown>Dialog.Close(1141)</ondown>
        <onback>Dialog.Close(1141)</onback>
        <include content="SpotlightButton">
          <param name="id" value="6003"/>
          <param name="icon" value="special://skin/extras/icons/collection.png"/>
          <param name="label" value="$LOCALIZE[31409]"/>
          <param name="visible" value="String.IsEqual(Window(home).Property(spotlight_isFolder),true)" />
          <param name="onclick_1" value="Dialog.Close(1141,true)" />
          <param name="onclick_2" value="Dialog.Close(1140,true)" />
          <param name="onclick_3" value="RunScript(plugin.video.themoviedb.helper,close_dialog=1190,call_path=$INFO[ListItem.FolderPath])" />
        </include>
        <include content="SpotlightButton">
          <param name="id" value="6004"/>
          <param name="icon" value="special://skin/extras/icons/videoplay.png"/>
          <param name="label" value="$LOCALIZE[31410]"/>
          <param name="visible" value="String.IsEqual(Window(home).Property(spotlight_isTrailer),true)" />
          <param name="onclick_1" value="RunScript(plugin.video.themoviedb.helper,close_dialog=1190,playmedia='$ESCINFO[Window(home).Property(spotlight_Trailer)]')" />
        </include>
        <include content="SpotlightButton">
          <param name="id" value="6005"/>
          <param name="icon" value="special://skin/extras/icons/dependencies.png"/>
          <param name="label" value="$LOCALIZE[31411]"/>
          <param name="visible" value="String.IsEqual(Window(home).Property(spotlight_FindSimilar),true)" />
          <param name="onclick_1" value="SetProperty(spotlight.similar_titles,true,1142)" />
          <param name="onclick_2" value="Dialog.Close(all,true)" />
          <param name="onclick_3" value="ActivateWindow(1142)" />
        </include>
        <include content="SpotlightButton">
          <param name="id" value="6006"/>
          <param name="icon" value="special://skin/extras/icons/ribbon.png"/>
          <param name="label" value="$LOCALIZE[31413]"/>
          <param name="visible" value="String.IsEqual(Window(home).Property(spotlight_DBType),movie) | String.IsEqual(Window(home).Property(spotlight_DBType),tvshow)" />
          <param name="onclick_1" value="SetProperty(spotlight.recommended_titles,true,1143)" />
          <param name="onclick_2" value="Dialog.Close(all,true)" />
          <param name="onclick_3" value="ActivateWindow(1143)" />
        </include>
        <include content="SpotlightButton">
          <param name="id" value="6007"/>
          <param name="icon" value="special://skin/extras/icons/actor.png"/>
          <param name="label" value="$LOCALIZE[31414]"/>
          <param name="visible" value="String.IsEqual(Window(home).Property(spotlight_DBType),movie) | String.IsEqual(Window(home).Property(spotlight_DBType),tvshow)" />
          <param name="onclick_1" value="SetProperty(spotlight.cast_of_title,true,1144)" />
          <param name="onclick_2" value="Dialog.Close(all,true)" />
          <param name="onclick_3" value="ActivateWindow(1144)" />
        </include>
        <include content="SpotlightButton">
          <param name="id" value="6008"/>
          <param name="icon" value="special://skin/extras/icons/director.png"/>
          <param name="label" value="$LOCALIZE[31415]"/>
          <param name="visible" value="String.IsEqual(Window(home).Property(spotlight_DBType),movie) | String.IsEqual(Window(home).Property(spotlight_DBType),tvshow)" />
          <param name="onclick_1" value="SetProperty(spotlight.crew_of_title,true,1145)" />
          <param name="onclick_2" value="Dialog.Close(all,true)" />
          <param name="onclick_3" value="ActivateWindow(1145)" />
        </include>
        <include content="SpotlightButton">
          <param name="id" value="6009"/>
          <param name="icon" value="special://skin/extras/icons/thumb-up.png"/>
          <param name="label" value="$LOCALIZE[31412]"/>
          <param name="visible" value="String.IsEqual(Window(home).Property(spotlight_EnableRating),true)" />
          <param name="onclick_1" value="SetProperty(spotlight.user_rating,true,home)" />
          <param name="onclick_2" value="Dialog.Close(all,true)" />
          <param name="onclick_3" value="ActivateWindow(1149)" />
        </include>
        <include content="SpotlightButton">
          <param name="id" value="6010"/>
          <param name="icon" value="special://skin/extras/icons/livetv.png"/>
          <param name="label" value="$LOCALIZE[10700]"/>
          <param name="visible" value="String.IsEqual(Window(home).Property(spotlight_isPVR),true)" />
          <param name="onclick_1" value="Dialog.Close(all,true)" />
          <param name="onclick_2" value="ActivateWindow(tvchannels)" />
        </include>
        <include content="SpotlightButton">
          <param name="id" value="6011"/>
          <param name="icon" value="special://skin/extras/icons/playlist.png"/>
          <param name="label" value="$LOCALIZE[10702]"/>
          <param name="visible" value="String.IsEqual(Window(home).Property(spotlight_isPVR),true)" />
          <param name="onclick_1" value="Dialog.Close(all,true)" />
          <param name="onclick_2" value="ActivateWindow(tvguide)" />
        </include>
        <include content="SpotlightButton">
          <param name="id" value="6012"/>
          <param name="icon" value="special://skin/extras/icons/info.png"/>
          <param name="label" value="$LOCALIZE[22081]"/>
          <param name="visible" value="String.IsEqual(Window(home).Property(spotlight_isPVR),true)" />
          <param name="onclick_1" value="Dialog.Close(all,true)" />
          <param name="onclick_2" value="Action(Info)" />
        </include>
      </control>
    </control>
  </controls>
</window>
