<?xml version="1.0" encoding="UTF-8"?>
<window>
  <defaultcontrol always="true">11</defaultcontrol>
  <controls>
    <control type="group">
      <animation effect="fade" start="100" end="0" time="200" tween="sine" condition="$EXP[infodialog_active]">Conditional</animation>
      <include condition="!Skin.HasSetting(LegacyPVR)">PVRChannelsOSDLayout_Modern</include>
      <!-- <include condition="!Skin.HasSetting(LegacyPVR)">PVRChannelsOSDLayout_Familiar</include> -->
      <include condition="Skin.HasSetting(LegacyPVR)">PVRChannelsOSDLayout_Legacy</include>
    </control>
    <include>PVRChannelNumberInput</include>
  </controls>
</window>
