<?xml version="1.0" encoding="UTF-8"?>
<includes>
  <include name="DefaultDialogSelectLayout">
    <control type="group">
      <centertop>50%</centertop>
      <centerleft>50%</centerleft>
      <height>750</height>
      <width>1440</width>
      <include content="DialogBackgroundCommons">
        <param name="width" value="1420"/>
        <param name="height" value="750"/>
        <param name="header_label" value=""/>
        <param name="header_id" value="1"/>
      </include>
      <control type="list" id="3">
        <left>0</left>
        <top>100</top>
        <width>1100</width>
        <bottom>20</bottom>
        <onup>3</onup>
        <ondown>3</ondown>
        <onleft>61</onleft>
        <onright>9001</onright>
        <pagecontrol>61</pagecontrol>
        <scrolltime>200</scrolltime>
        <include content="DefaultSimpleListLayout">
          <param name="width" value="1100"/>
          <param name="list_id" value="3"/>
        </include>
      </control>
      <control type="list" id="6">
        <left>0</left>
        <top>100</top>
        <width>1100</width>
        <bottom>20</bottom>
        <onup>6</onup>
        <ondown>6</ondown>
        <onleft>61</onleft>
        <onright>9001</onright>
        <pagecontrol>61</pagecontrol>
        <scrolltime>200</scrolltime>
        <itemlayout height="125" width="1100">
          <control type="image">
            <left>64</left>
            <centertop>50%</centertop>
            <width>24</width>
            <height>24</height>
            <texture colordiffuse="$VAR[ColorHighlight]">buttons/check-on.png</texture>
            <visible>ListItem.IsSelected</visible>
          </control>
          <control type="image">
            <left>64</left>
            <centertop>50%</centertop>
            <width>24</width>
            <height>24</height>
            <texture colordiffuse="dialog_fg_70">buttons/check-off.png</texture>
            <visible>!ListItem.IsSelected</visible>
          </control>
          <control type="image">
            <left>150</left>
            <top>7</top>
            <width>110</width>
            <height>110</height>
            <texture>$VAR[InfoWallThumbVar]</texture>
            <aspectratio>keep</aspectratio>
          </control>
          <control type="label">
            <left>300</left>
            <top>0</top>
            <right>20</right>
            <height>125</height>
            <font>font27</font>
            <aligny>center</aligny>
            <label>$INFO[ListItem.Label][CR]$INFO[ListItem.Label2]</label>
          </control>
        </itemlayout>
        <focusedlayout height="125" width="1100">
          <control type="group">
            <left>0</left>
            <top>0</top>
            <right>0</right>
            <bottom>0</bottom>
            <control type="image">
              <texture colordiffuse="$VAR[ColorHighlight]" border="10">common/white.png</texture>
            </control>
            <control type="image">
              <texture colordiffuse="$VAR[ColorGradient]" border="10">common/white-gradient.png</texture>
            </control>
            <visible>Control.HasFocus(6)</visible>
          </control>
          <control type="image">
            <left>64</left>
            <centertop>50%</centertop>
            <width>24</width>
            <height>24</height>
            <texture colordiffuse="dialog_fg_70">buttons/check-on.png</texture>
            <visible>ListItem.IsSelected</visible>
          </control>
          <control type="image">
            <left>64</left>
            <centertop>50%</centertop>
            <width>24</width>
            <height>24</height>
            <texture colordiffuse="dialog_fg_70">buttons/check-off.png</texture>
            <visible>!ListItem.IsSelected</visible>
          </control>
          <control type="image">
            <left>150</left>
            <top>7</top>
            <width>110</width>
            <height>110</height>
            <texture>$VAR[InfoWallThumbVar]</texture>
            <aspectratio>keep</aspectratio>
          </control>
          <control type="label">
            <left>300</left>
            <top>0</top>
            <right>20</right>
            <height>125</height>
            <font>font27</font>
            <aligny>center</aligny>
            <textcolor>dialog_fg_70</textcolor>
            <label>$INFO[ListItem.Label][CR]$INFO[ListItem.Label2]</label>
          </control>
        </focusedlayout>
      </control>
      <control type="scrollbar" id="61">
        <left>0</left>
        <top>100</top>
        <width>12</width>
        <bottom>20</bottom>
        <onleft condition="Control.IsVisible(3)">3</onleft>
        <onleft condition="Control.IsVisible(6)">6</onleft>
        <onright>6</onright>
        <orientation>vertical</orientation>
      </control>
      <control type="label">
        <left>1100</left>
        <bottom>10</bottom>
        <width>275</width>
        <height>35</height>
        <font>font12</font>
        <align>right</align>
        <textcolor>dialog_fg_70</textcolor>
        <label>$VAR[SelectLabel]</label>
      </control>
      <control type="grouplist" id="9001">
        <left>1120</left>
        <top>100</top>
        <onleft>6</onleft>
        <itemgap>20</itemgap>
        <onright>61</onright>
        <include content="DefaultDialogButton">
          <param name="id" value="5"/>
          <param name="label" value="$LOCALIZE[21452]"/>
        </include>
        <include content="DefaultDialogButton">
          <param name="id" value="8"/>
          <param name="label" value="$LOCALIZE[186]"/>
        </include>
        <include content="DefaultDialogButton">
          <param name="id" value="7"/>
          <param name="label" value="$LOCALIZE[222]"/>
        </include>
      </control>
    </control>
    <control type="group">
      <control type="image">
        <left>1340</left>
        <top>265</top>
        <width>1</width>
        <height>625</height>
        <texture colordiffuse="main_fg_12">common/white.png</texture>
      </control>
    </control>
  </include>
  <include name="GameDialogSelectFilterLayout">
    <control type="button">
      <description>background close area</description>
      <left>0</left>
      <top>0</top>
      <width>100%</width>
      <bottom>540</bottom>
      <texturefocus/>
      <texturenofocus/>
      <onclick>Action(close)</onclick>
    </control>
    <control type="group">
      <bottom>0</bottom>
      <height>540</height>
      <width>100%</width>
      <control type="image">
        <animation effect="fade" start="0" end="100" time="300">WindowOpen</animation>
        <animation effect="fade" start="100" end="0" time="300">WindowClose</animation>
        <texture colordiffuse="E6FFFFFF">dialogs/dialog-bg-nobo.png</texture>
      </control>
      <control type="panel" id="11">
        <top>30</top>
        <scrolltime tween="sine">200</scrolltime>
        <orientation>horizontal</orientation>
        <itemlayout width="480" height="340">
          <control type="group">
            <left>18</left>
            <right>18</right>
            <top>5</top>
            <control type="image">
              <width>444</width>
              <height>250</height>
              <aspectratio>scale</aspectratio>
              <texture border="4">DefaultVideo.png</texture>
              <bordertexture colordiffuse="border_alpha">colors/black.png</bordertexture>
              <bordersize>4</bordersize>
            </control>
            <control type="gamewindow">
              <width>444</width>
              <height>250</height>
              <videofilter>$INFO[ListItem.Property(game.videofilter)]</videofilter>
              <stretchmode>$INFO[ListItem.Property(game.stretchmode)]</stretchmode>
              <rotation>$INFO[ListItem.Property(game.videorotation)]</rotation>
            </control>
            <control type="label">
              <top>250</top>
              <width>444</width>
              <height>80</height>
              <label>$INFO[ListItem.Label][CR][COLOR dialog_fg_70]$INFO[ListItem.Label2][/COLOR]</label>
              <font>font37</font>
              <shadowcolor>text_shadow</shadowcolor>
              <align>center</align>
            </control>
          </control>
        </itemlayout>
        <focusedlayout width="480" height="340">
          <control type="group">
            <left>18</left>
            <right>18</right>
            <top>5</top>
            <control type="image">
              <width>444</width>
              <height>250</height>
              <aspectratio>scale</aspectratio>
              <texture border="4">DefaultVideo.png</texture>
              <bordertexture colordiffuse="border_alpha">colors/black.png</bordertexture>
              <bordersize>4</bordersize>
            </control>
            <control type="gamewindow">
              <width>444</width>
              <height>250</height>
              <videofilter>$INFO[ListItem.Property(game.videofilter)]</videofilter>
              <stretchmode>$INFO[ListItem.Property(game.stretchmode)]</stretchmode>
              <rotation>$INFO[ListItem.Property(game.videorotation)]</rotation>
            </control>
            <control type="label">
              <top>250</top>
              <width>444</width>
              <height>80</height>
              <label>$INFO[ListItem.Label][CR][COLOR dialog_fg_70]$INFO[ListItem.Label2][/COLOR]</label>
              <font>font37</font>
              <shadowcolor>text_shadow</shadowcolor>
              <align>center</align>
            </control>
            <control type="image">
              <width>444</width>
              <height>250</height>
              <texture border="8" colordiffuse="$VAR[ColorHighlight]">buttons/thumbnail_focused.png</texture>
              <visible>Control.HasFocus(11)</visible>
            </control>
          </control>
        </focusedlayout>
      </control>
      <control type="textbox" id="12">
        <description>Description Area</description>
        <top>410</top>
        <left>100</left>
        <right>100</right>
        <height>200</height>
        <font>font37</font>
        <align>justify</align>
        <shadowcolor>text_shadow</shadowcolor>
        <autoscroll time="3000" delay="5000" repeat="5000">true</autoscroll>
      </control>
    </control>
  </include>
  <include name="GameDialogSelectViewLayout">
    <control type="button">
      <description>background close area</description>
      <left>0</left>
      <top>0</top>
      <width>100%</width>
      <bottom>410</bottom>
      <texturefocus/>
      <texturenofocus/>
      <onclick>Action(close)</onclick>
    </control>
    <control type="group">
      <bottom>0</bottom>
      <height>410</height>
      <width>100%</width>
      <control type="image">
        <animation effect="fade" start="0" end="100" time="300">WindowOpen</animation>
        <animation effect="fade" start="100" end="0" time="300">WindowClose</animation>
        <texture colordiffuse="E6FFFFFF">dialogs/dialog-bg-nobo.png</texture>
      </control>
      <control type="panel" id="11">
        <top>30</top>
        <scrolltime tween="sine">200</scrolltime>
        <orientation>horizontal</orientation>
        <itemlayout width="480" height="340">
          <control type="group">
            <left>18</left>
            <right>18</right>
            <top>5</top>
            <control type="image">
              <width>444</width>
              <height>250</height>
              <aspectratio>scale</aspectratio>
              <texture border="4">DefaultVideo.png</texture>
              <bordertexture colordiffuse="border_alpha">colors/black.png</bordertexture>
              <bordersize>4</bordersize>
            </control>
            <control type="gamewindow">
              <width>444</width>
              <height>250</height>
              <videofilter>$INFO[ListItem.Property(game.videofilter)]</videofilter>
              <stretchmode>$INFO[ListItem.Property(game.stretchmode)]</stretchmode>
              <rotation>$INFO[ListItem.Property(game.videorotation)]</rotation>
            </control>
            <control type="label">
              <top>250</top>
              <width>444</width>
              <height>40</height>
              <label>$INFO[ListItem.Label][CR][COLOR dialog_fg_70]$INFO[ListItem.Label2][/COLOR]</label>
              <font>font37</font>
              <shadowcolor>text_shadow</shadowcolor>
              <align>center</align>
            </control>
          </control>
        </itemlayout>
        <focusedlayout width="480" height="340">
          <control type="group">
            <left>18</left>
            <right>18</right>
            <top>5</top>
            <control type="image">
              <width>444</width>
              <height>250</height>
              <aspectratio>scale</aspectratio>
              <texture border="4">DefaultVideo.png</texture>
              <bordertexture colordiffuse="border_alpha">colors/black.png</bordertexture>
              <bordersize>4</bordersize>
            </control>
            <control type="gamewindow">
              <width>444</width>
              <height>250</height>
              <videofilter>$INFO[ListItem.Property(game.videofilter)]</videofilter>
              <stretchmode>$INFO[ListItem.Property(game.stretchmode)]</stretchmode>
              <rotation>$INFO[ListItem.Property(game.videorotation)]</rotation>
            </control>
            <control type="label">
              <top>250</top>
              <width>444</width>
              <height>40</height>
              <label>$INFO[ListItem.Label][CR][COLOR dialog_fg_70]$INFO[ListItem.Label2][/COLOR]</label>
              <font>font37</font>
              <shadowcolor>text_shadow</shadowcolor>
              <align>center</align>
            </control>
            <control type="image">
              <width>444</width>
              <height>250</height>
              <texture border="8" colordiffuse="$VAR[ColorHighlight]">buttons/thumbnail_focused.png</texture>
              <visible>Control.HasFocus(11)</visible>
            </control>
          </control>
        </focusedlayout>
      </control>
    </control>
  </include>
</includes>
