<?xml version="1.0" encoding="UTF-8"?>
<window>
  <defaultcontrol always="true">50</defaultcontrol>
  <backgroundcolor>Background</backgroundcolor>
  <menucontrol>9000</menucontrol>
  <views>50,52,53,54,55,500</views>
  <controls>
    <include>DefaultBackground</include>
    <control type="group">
      <animation effect="fade" start="100" end="0" time="200" tween="sine" condition="$EXP[infodialog_active]">Conditional</animation>
      <include>View_50_List</include>
      <include>View_52_IconWall</include>
      <include>View_53_Shift</include>
      <include>View_54_InfoWall</include>
      <include>View_55_WideList</include>
      <include>View_500_Wall</include>
      <include>CommonScrollbars</include>
      <control type="group">
        <include>OpenClose_Bottom</include>
        <visible>Control.Isvisible(54) | Control.IsVisible(55)</visible>
        <include>Visible_Left</include>
        <include>ListThumbInfoPanel</include>
      </control>
      <include content="TopBar">
        <param name="breadcrumbs_label" value="$LOCALIZE[2]"/>
      </include>
      <include>MediaMenuMouseOverlay</include>
      <control type="group">
        <include content="MediaMenuCommon">
          <param name="visible">$EXP[MediaMenu]</param>
          <param name="onleft">50</param>
          <param name="onright">50</param>
          <param name="onback">50</param>
        </include>
      </control>
      <!-- hidden buttons -->
      <include>Defs_MediaMenuCommon</include>
      <control type="button" id="8">
        <description>Search</description>
        <label>137</label>
        <include>HiddenObject</include>
      </control>
      <control type="button" id="16">
        <description>Party Mode</description>
        <label>589</label>
        <include>HiddenObject</include>
      </control>
      <control type="button" id="20">
        <description>Library</description>
        <label>653</label>
        <include>HiddenObject</include>
      </control>
    </control>
  </controls>
</window>
