<?xml version="1.0" encoding="UTF-8"?>
<window>
  <defaultcontrol always="true">55</defaultcontrol>
  <backgroundcolor>Background</backgroundcolor>
  <menucontrol>9000</menucontrol>
  <views>55,503</views>
  <controls>
    <include>DefaultBackground</include>
    <control type="group">
      <animation effect="fade" start="100" end="0" time="200" tween="sine" condition="$EXP[infodialog_active]">Conditional</animation>
      <include>View_55_WideList</include>
      <include condition="Window.IsActive(musicplaylist)">View_503_NowPlaying</include>
      <include>CommonScrollbars</include>
      <control type="group">
        <include>OpenClose_Bottom</include>
        <include>Visible_Left</include>
        <include>ListThumbInfoPanel</include>
      </control>
      <include content="TopBar" condition="Window.IsActive(videoplaylist)">
        <param name="breadcrumbs_label" value="$LOCALIZE[31065]"/>
        <param name="sublabel">$LOCALIZE[31073] - $INFO[Container.TotalTime,,  •  ]$INFO[Container.CurrentItem,,/]$INFO[Container.NumItems]</param>
      </include>
      <include content="TopBar" condition="Window.IsActive(musicplaylist)">
        <param name="breadcrumbs_label" value="$LOCALIZE[31066]"/>
        <param name="sublabel">$LOCALIZE[31074] - $INFO[Container.TotalTime]</param>
      </include>
      <control type="group">
        <visible>!Container.Content(songs)</visible>
        <depth>DepthBars</depth>
        <bottom>0</bottom>
        <height>70</height>
        <animation effect="fade" start="0" end="100" time="300" delay="300">WindowOpen</animation>
        <animation effect="fade" start="100" end="0" time="200">WindowClose</animation>
        <include condition="!Skin.HasSetting(hide_mediaflags)">MediaFlags</include>
      </control>
      <include>MediaMenuMouseOverlay</include>
      <control type="group">
        <include content="MediaMenuCommon">
          <param name="visible">$EXP[MediaMenu]</param>
          <param name="onleft">55</param>
          <param name="onright">55</param>
          <param name="onback">55</param>
        </include>
        <!-- <include>MediaMenuNowPlaying</include> -->
      </control>
    </control>
    <include>Defs_MediaMenuCommon</include>
    <control type="button" id="21">
      <description>Save</description>
      <label>$LOCALIZE[190]</label>
      <include>HiddenObject</include>
    </control>
    <control type="button" id="22">
      <description>Clear</description>
      <label>$LOCALIZE[192]</label>
      <include>HiddenObject</include>
    </control>
    <control type="button" id="23">
      <label>$LOCALIZE[208]</label>
      <description>Play</description>
      <include>HiddenObject</include>
    </control>
    <control type="button" id="26">
      <description>Repeat</description>
      <include>HiddenObject</include>
    </control>
    <control type="togglebutton" id="20">
      <description>Shuffle</description>
      <label>$LOCALIZE[191]: $LOCALIZE[351]</label>
      <altlabel>$LOCALIZE[191]: $LOCALIZE[16041]</altlabel>
      <usealttexture>Playlist.IsRandom</usealttexture>
      <include>HiddenObject</include>
    </control>
  </controls>
</window>
