<?xml version="1.0" encoding="UTF-8"?>
<window>
  <defaultcontrol always="true">22</defaultcontrol>
  <include>Animation_DialogPopupOpenClose</include>
  <controls>
    <control type="group">
      <top>150</top>
      <centerleft>50%</centerleft>
      <width>1700</width>
      <include content="DialogBackgroundCommons">
        <param name="width" value="1700"/>
        <param name="height" value="840"/>
        <param name="header_label" value=""/>
        <param name="header_id" value="2"/>
      </include>
      <include content="DefaultSettingButtonGradient">
        <param name="id" value="500"/>
        <param name="height" value="80"/>
        <top>95</top>
        <height>80</height>
        <width>700</width>
        <left>10</left>
        <visible>ControlGroup(500).HasFocus()</visible>
      </include>
      <control type="grouplist" id="500">
        <orientation>vertical</orientation>
        <left>10</left>
        <top>95</top>
        <onright>10</onright>
        <onleft>9001</onleft>
        <!-- <itemgap>-20</itemgap> -->
        <control type="button" id="22">
          <description>Set Playlist type</description>
          <width>700</width>
          <include>SettingsItemCommon</include>
          <label>$LOCALIZE[467]</label>
        </control>
        <control type="button" id="12">
          <description>Name Button</description>
          <label>$LOCALIZE[21433]</label>
          <width>700</width>
          <include>SettingsItemCommon</include>
        </control>
        <control type="label" id="1101">
          <description>Name Label</description>
          <width>700</width>
          <height>80</height>
          <aligny>center</aligny>
          <label>$LOCALIZE[31042]</label>
          <include>SettingsLabelCommon</include>
        </control>
        <control type="button" id="16">
          <width>700</width>
          <label>$LOCALIZE[21424]</label>
          <include>SettingsItemCommon</include>
        </control>
        <control type="button" id="17">
          <width>700</width>
          <label>$LOCALIZE[21427]</label>
          <include>SettingsItemCommon</include>
        </control>
        <control type="button" id="18">
          <label>$LOCALIZE[21429]</label>
          <width>700</width>
          <include>SettingsItemCommon</include>
        </control>
        <control type="button" id="19">
          <width>700</width>
          <include>SettingsItemCommon</include>
          <label>$LOCALIZE[31032]</label>
        </control>
        <control type="button" id="23">
          <width>700</width>
          <label>$LOCALIZE[21458]</label>
          <include>SettingsItemCommon</include>
        </control>
        <control type="radiobutton" id="24">
          <width>700</width>
          <include>SettingsItemCommon</include>
          <label>$LOCALIZE[467]: $LOCALIZE[21459]</label>
        </control>
      </control>
      <control type="list" id="10">
        <description>Rules List Control</description>
        <left>740</left>
        <top>115</top>
        <width>600</width>
        <height>480</height>
        <onleft>500</onleft>
        <onright>9001</onright>
        <orientation>vertical</orientation>
        <include content="DefaultSimpleListLayout">
          <param name="width" value="600"/>
          <param name="list_id" value="10"/>
        </include>
      </control>
      <control type="textbox">
        <left>740</left>
        <top>620</top>
        <width>610</width>
        <height>348</height>
        <aligny>top</aligny>
        <label>$LOCALIZE[31043]</label>
        <textcolor>grey</textcolor>
        <font>font12</font>
      </control>
      <control type="grouplist" id="9001">
        <orientation>vertical</orientation>
        <left>1380</left>
        <width>1300</width>
        <itemgap>20</itemgap>
        <top>100</top>
        <onleft>10</onleft>
        <onright>500</onright>
        <include content="DefaultDialogButton">
          <param name="id" value="20"/>
          <param name="label" value="$LOCALIZE[186]"/>
        </include>
        <include content="DefaultDialogButton">
          <param name="id" value="21"/>
          <param name="label" value="$LOCALIZE[222]"/>
        </include>
      </control>
    </control>
  </controls>
</window>
