<?xml version="1.0" encoding="UTF-8"?>
<shortcuts>
    <shortcut>
		<label>3</label>
		<label2>32034</label2>
		<icon>DefaultVideo.png</icon>
		<thumb />
		<action>ActivateWindow(Videos)</action>
		<defaultID>videos</defaultID>
	</shortcut>
	<shortcut>
		<label>19020</label>
		<label2>32034</label2>
		<icon>DefaultTVShows.png</icon>
		<thumb />
		<action>ActivateWindow(TVChannels)</action>
		<defaultID>livetv</defaultID>
	</shortcut>
	<shortcut>
		<label>19021</label>
		<label2>32034</label2>
		<icon>DefaultAudio.png</icon>
		<thumb />
		<action>ActivateWindow(RadioChannels)</action>
		<defaultID>radio</defaultID>
	</shortcut>
	<shortcut>
		<label>342</label>
		<label2>32034</label2>
		<icon>DefaultMovies.png</icon>
		<thumb />
		<visible>Library.HasContent(Movies)</visible>
		<action>ActivateWindow(Videos,videodb://movies/titles/,return)</action>
	</shortcut>
	<shortcut>
		<label>20343</label>
		<label2>32034</label2>
		<icon>DefaultTVShows.png</icon>
		<thumb />
		<visible>Library.HasContent(TVShows)</visible>
		<action>ActivateWindow(Videos,videodb://tvshows/titles/,return)</action>
	</shortcut>
	<shortcut>
		<label>2</label>
		<label2>32034</label2>
		<icon>DefaultMusicAlbums.png</icon>
		<thumb />
		<action>ActivateWindow(Music)</action>
		<defaultID>music</defaultID>
	</shortcut>
	<shortcut>
		<label>Addons</label>
		<label2>Addons</label2>
		<icon>DefaultProgram.png</icon>
		<thumb />
		<action>ActivateWindow(AddonBrowser)</action>
		<defaultID>programs</defaultID>
	</shortcut>
	<shortcut>
		<label>13000</label>
		<label2>32034</label2>
		<icon>DefaultShortcut.png</icon>
		<thumb />
		<action>ActivateWindow(Settings)</action>
		<defaultID>settings</defaultID>
	</shortcut>
	<shortcut>
		<label>8</label>
		<label2>32034</label2>
		<icon>DefaultShortcut.png</icon>
		<thumb />
		<action>ActivateWindow(Weather)</action>
		<defaultID>weather</defaultID>
	</shortcut>
	<shortcut>
		<label>1</label>
		<label2>32034</label2>
		<icon>DefaultPicture.png</icon>
		<thumb />
		<action>ActivateWindow(Pictures)</action>
		<defaultID>pictures</defaultID>
	</shortcut>
	<shortcut>
		<label>31001</label>
		<label2>32034</label2>
		<icon>DefaultShortcut.png</icon>
		<thumb />
		<action>ActivateWindow(Games)</action>
		<defaultID>games</defaultID>
	</shortcut>
</shortcuts>
