<?xml version="1.0" encoding="UTF-8"?>
<window id="1170">
  <animation effect="fade" start="0" end="100" time="1300" delay="200" tween="quadratic" condition="Window.IsActive(1170)">WindowOpen</animation>
  <animation effect="fade" start="100" end="0" time="200" delay="200" tween="quadratic">WindowClose</animation>
  <defaultcontrol always="true">9000</defaultcontrol>
  <backgroundcolor>Background</backgroundcolor>
  <controls>
    <include>DefaultBackground</include>
    <include>Visible_Fade</include>
    <include>MoviesHub_Main</include>
    <control type="group">
      <control type="image">
        <texture>colors/black.png</texture>
        <include>FullScreenDimensions</include>
        <animation effect="fade" start="100" end="70" time="0" condition="true">Conditional</animation>
      </control>
      <include>DialogBusy</include>
      <visible>Container(7501).IsUpdating</visible>
    </control>
  </controls>
</window>
