<?xml version="1.0" encoding="UTF-8"?>
<window>
  <defaultcontrol>10</defaultcontrol>
  <include>Animation_DialogPopupOpenClose</include>
  <controls>
    <control type="group">
      <centertop>50%</centertop>
      <height>1080</height>
      <centerleft>50%</centerleft>
      <width>1920</width>
      <include content="DialogBackgroundCommonsBlur">
        <param name="width" value="1920"/>
        <param name="height" value="1080"/>
        <param name="header_label" value="$LOCALIZE[13406]"/>
        <param name="header_id" value="2"/>
      </include>
      <control type="group">
        <left>1560</left>
        <top>220</top>
        <height>240</height>
        <width>1</width>
        <control type="image">
          <texture colordiffuse="main_fg_12">common/white.png</texture>
        </control>
      </control>
      <control type="edit" id="12">
        <description>Name Button</description>
        <left>50</left>
        <top>100</top>
        <width>1820</width>
        <height>90</height>
        <align>center</align>
        <aligny>center</aligny>
        <label/>
        <font>font30_title_upp</font>
        <onup>noop</onup>
        <ondown>10</ondown>
        <include content="ButtonType">
          <param name="texturefocus" value="true"/>
        </include>
        <include content="ButtonType_TextureNoFocus">
          <param name="colordiffuse" value="dialog_bg_30"/>
          <param name="texture" value="common/button-dialog.png"/>
        </include>
      </control>
      <control type="list" id="10">
        <left>45</left>
        <top>220</top>
        <width>1480</width>
        <height>245</height>
        <onup>12</onup>
        <ondown>9001</ondown>
        <onleft>9000</onleft>
        <onright>60</onright>
        <ondown>12</ondown>
        <pagecontrol>60</pagecontrol>
        <scrolltime>200</scrolltime>
        <itemlayout height="70" width="1480">
          <control type="label">
            <left>10</left>
            <right>10</right>
            <top>0</top>
            <bottom>0</bottom>
            <aligny>center</aligny>
            <textcolor>grey</textcolor>
            <label>$INFO[ListItem.Label]</label>
          </control>
        </itemlayout>
        <focusedlayout height="70" width="1480">
          <control type="group">
            <left>0</left>
            <top>0</top>
            <bottom>0</bottom>
            <right>0</right>
            <visible>Control.HasFocus(10)</visible>
            <control type="image">
              <texture colordiffuse="$VAR[ColorHighlight]" border="10">common/box.png</texture>
            </control>
            <control type="image">
              <texture colordiffuse="$VAR[ColorGradient]" border="10">common/box-gradient.png</texture>
            </control>
          </control>
          <control type="label">
            <left>10</left>
            <top>0</top>
            <bottom>0</bottom>
            <right>10</right>
            <aligny>center</aligny>
            <label>$INFO[ListItem.Label]</label>
          </control>
        </focusedlayout>
      </control>
      <control type="scrollbar" id="60">
        <left>1590</left>
        <top>166</top>
        <width>12</width>
        <height>243</height>
        <onleft>10</onleft>
        <onright>9000</onright>
        <orientation>vertical</orientation>
      </control>
      <control type="grouplist" id="9000">
        <left>1600</left>
        <top>220</top>
        <orientation>vertical</orientation>
        <onleft>10</onleft>
        <onright>10</onright>
        <onup>12</onup>
        <ondown>9001</ondown>
        <itemgap>12</itemgap>
        <include content="DefaultDialogButton">
          <param name="id" value="11"/>
          <param name="label" value="$LOCALIZE[1024]"/>
          <param name="texturenofocus" value="" />
        </include>
        <include content="DefaultDialogButton">
          <param name="id" value="13"/>
          <param name="label" value="$LOCALIZE[15019]"/>
          <param name="texturenofocus" value="" />
        </include>
        <include content="DefaultDialogButton">
          <param name="id" value="14"/>
          <param name="label" value="$LOCALIZE[1210]"/>
          <param name="texturenofocus" value="" />
        </include>
      </control>
      <control type="grouplist" id="9001">
        <left>0</left>
        <bottom>40</bottom>
        <height>100</height>
        <width>1920</width>
        <align>center</align>
        <orientation>horizontal</orientation>
        <onup>10</onup>
        <itemgap>32</itemgap>
        <include content="DefaultDialogButton">
          <param name="id" value="18"/>
          <param name="label" value="$LOCALIZE[186]"/>
        </include>
        <include content="DefaultDialogButton">
          <param name="id" value="19"/>
          <param name="label" value="$LOCALIZE[222]"/>
        </include>
      </control>
    </control>
  </controls>
</window>
