<?xml version="1.0" encoding="UTF-8"?>
<window>
  <visible>Player.Seeking | Player.DisplayAfterSeek | [Player.Paused + !Player.Caching] | Player.Forwarding | Player.Rewinding | Player.ShowInfo | Window.IsActive(fullscreeninfo) | Player.ShowTime | Window.IsActive(videoosd) | Window.IsActive(musicosd) | Window.IsActive(playerprocessinfo) | !String.IsEmpty(Player.SeekNumeric) | !String.IsEmpty(PVR.ChannelNumberInput)</visible>
  <visible>![Window.IsActive(sliderdialog) | Window.IsActive(pvrosdchannels) | Window.IsActive(pvrchannelguide) | Window.IsActive(pvrguideinfo) | Window.IsActive(1110)]</visible>
  <visible>Window.IsActive(fullscreenvideo) | Window.IsActive(visualisation)</visible>
  <include>Animation_BottomSlide</include>
  <depth>DepthOSD</depth>
  <zorder>0</zorder>
  <controls>
    <include>PVRChannelNumberInput</include>
    <!-- LiveTV start -->
    <control type="group">
      <visible>!Window.IsVisible(playerprocessinfo) + !Window.IsVisible(videoosd)</visible>
      <visible>[Player.ShowInfo | Window.IsActive(fullscreeninfo)] + VideoPlayer.Content(LiveTV)</visible>
      <visible>Player.ShowInfo | Window.IsActive(fullscreeninfo) | !Player.Seeking | !Player.DisplayAfterSeek | !Player.Forwarding | !Player.Rewinding | !Player.Paused</visible>
      <include>Animation_BottomSlide</include>
      <width>1920</width>
      <control type="group">
        <top>900</top>
        <visible>VideoPlayer.Content(livetv)</visible>
        <control type="image">
          <left>0</left>
          <bottom>0</bottom>
          <width>1920</width>
          <height>640</height>
          <texture flipy="true">frame/osdfade.png</texture>
        </control>
        <control type="image">
          <left>355</left>
          <bottom>64</bottom>
          <width>32</width>
          <height>512</height>
          <texture>common/fancy-line.png</texture>
          <animation effect="rotatex" end="70" time="0" condition="true">Conditional</animation>
        </control>
        <control type="group">
          <left>305</left>
          <top>-70</top>
          <control type="label">
            <font>font32_bold</font>
            <label>$INFO[VideoPlayer.ChannelNumberLabel]</label>
          </control>
        </control>
        <control type="group">
          <left>612</left>
          <top>-200</top>
          <control type="label">
            <font>font32</font>
            <label>$INFO[System.Time,, &#8226; ]$INFO[VideoPlayer.ChannelName]$INFO[VideoPlayer.ChannelGroup, / ,]</label>
          </control>
        </control>
        <control type="group">
          <left>546</left>
          <top>-280</top>
          <control type="group">
            <height>128</height>
            <width>230</width>
            <top>160</top>
            <left>0</left>
            <control type="image">
              <height>128</height>
              <aspectratio>keep</aspectratio>
              <texture>$INFO[Player.Icon]</texture>
            </control>
          </control>
          <control type="grouplist">
            <orientation>vertical</orientation>
            <usecontrolcoords>true</usecontrolcoords>
            <control type="label">
              <top>180</top>
              <left>256</left>
              <font>font45</font>
              <width max="1000">auto</width>
              <label>$INFO[VideoPlayer.Title]</label>
            </control>
            <control type="label">
              <top>64</top>
              <left>256</left>
              <font>font27</font>
              <width max="1000">auto</width>
              <label>$INFO[VideoPlayer.StartTime,, - ]$INFO[VideoPlayer.EndTime,, / ]$INFO[VideoPlayer.NextTitle, $LOCALIZE[19031]: ]</label>
              <visible>!Pvr.IsTimeShift</visible>
            </control>
            <control type="label">
              <top>64</top>
              <left>256</left>
              <font>font27</font>
              <width max="1000">auto</width>
              <label>$INFO[System.Time] (-$INFO[PVR.TimeshiftOffset]) - $INFO[VideoPlayer.EndTime,, / ]$INFO[VideoPlayer.NextTitle, $LOCALIZE[19031]: ]</label>
              <visible>Pvr.IsTimeShift</visible>
            </control>
            <control type="group">
              <top>78</top>
              <include content="ProgressGradient">
                <param name="id" value="29999"/>
                <param name="top" value="0"/>
                <width>1200</width>
                <height>8</height>
                <left>0</left>
                <info>PVR.EpgEventProgress</info>
              </include>
            </control>
          </control>
        </control>
      </control>
    </control>
    <!-- LiveTV end -->
    <control type="group">
      <control type="image">
        <height>480</height>
        <bottom>0</bottom>
        <texture>common/dim-osd.png</texture>
      </control>
      <animation effect="slide" start="0,480" end="0,0" time="400" tween="cubic" easing="inout">VisibleChange</animation>
      <visible>Player.ShowInfo | Window.IsActive(fullscreeninfo) | Player.ShowTime | Window.IsActive(videoosd) | Window.IsActive(musicosd) | Window.IsActive(playerprocessinfo) | !String.IsEmpty(PVR.ChannelNumberInput) | Window.IsActive(pvrosdchannels) | Window.IsActive(pvrchannelguide) | ![!String.IsEmpty(Player.SeekNumeric) | Player.Seeking | Player.DisplayAfterSeek | Player.Forwarding | Player.Rewinding | Player.Paused]</visible>
      <visible>!Player.HasGame</visible>
      <visible>!VideoPlayer.Content(livetv)</visible>
      <bottom>0</bottom>
      <height>190</height>
      <control type="image">
        <left>-40</left>
        <width>120%</width>
        <height>200</height>
        <texture flipy="true">frame/osdfade.png</texture>
      </control>
      <control type="group">
        <animation effect="fade" time="200">VisibleChange</animation>
        <control type="grouplist">
          <visible>[PVR.IsRecordingPlayingChannel + !Player.ChannelPreviewActive] | PVR.IsPlayingActiveRecording</visible>
          <left>20</left>
          <centertop>125</centertop>
          <height>60</height>
          <align>left</align>
          <orientation>horizontal</orientation>
          <itemgap>-5</itemgap>
          <control type="image">
            <top>100</top>
            <left>20</left>
            <width>60</width>
            <height>60</height>
            <aligny>center</aligny>
            <texture>osd/fullscreen/buttons/record.png</texture>
          </control>
          <control type="label">
            <top>110</top>
            <left>90</left>
            <width>400</width>
            <height>60</height>
            <aligny>center</aligny>
            <font>font25_title</font>
            <label>[COLOR red][B]$LOCALIZE[19158][/B][/COLOR]</label>
          </control>
        </control>
        <control type="grouplist">
          <right>110</right>
          <bottom>105</bottom>
          <width>800</width>
          <height>50</height>
          <align>right</align>
          <include>Animation_BottomSlide</include>
          <orientation>horizontal</orientation>
          <itemgap>10</itemgap>
          <visible>Player.ShowInfo + !Player.ChannelPreviewActive + Window.IsActive(visualisation)</visible>
          <animation effect="fade" start="0" end="100" time="200" delay="1000">Visible</animation>
          <include content="MediaFlag">
            <param name="texture" value="flags/rds/rds.png"/>
            <param name="visible" value="RDS.HasRDS"/>
          </include>
          <include content="MediaFlag">
            <param name="texture" value="$INFO[MusicPlayer.Codec,flags/audiocodec/,.png]"/>
          </include>
          <include content="MediaFlag">
            <param name="texture" value="$INFO[MusicPlayer.Channels,flags/audiochannel/,.png]"/>
          </include>
          <control type="group">
            <visible>!String.IsEmpty(MusicPlayer.SampleRate)</visible>
            <width>115</width>
            <control type="label">
              <width>115</width>
              <height>60</height>
              <align>center</align>
              <aligny>center</aligny>
              <label>$INFO[MusicPlayer.SampleRate, ,kHz]</label>
              <font>font_flag</font>
            </control>
            <include content="MediaFlag">
              <param name="texture" value="flags/flag.png"/>
            </include>
          </control>
          <control type="group">
            <visible>!String.IsEmpty(MusicPlayer.BitRate)</visible>
            <width>115</width>
            <control type="label">
              <width>115</width>
              <height>60</height>
              <align>center</align>
              <aligny>center</aligny>
              <label>$INFO[MusicPlayer.BitRate, ,kbps ]</label>
              <font>font_flag</font>
            </control>
            <include content="MediaFlag">
              <param name="texture" value="flags/flag.png"/>
            </include>
          </control>
          <control type="group">
            <visible>!String.IsEmpty(MusicPlayer.BitsPerSample)</visible>
            <width>115</width>
            <control type="label">
              <width>115</width>
              <height>60</height>
              <align>center</align>
              <aligny>center</aligny>
              <label>$INFO[MusicPlayer.BitsPerSample, ,bit]</label>
              <font>font_flag</font>
            </control>
            <include content="MediaFlag">
              <param name="texture" value="flags/flag.png"/>
            </include>
          </control>
        </control>
      </control>
      <control type="label">
        <top>140</top>
        <left>360</left>
        <width>1450</width>
        <height>60</height>
        <align>right</align>
        <label>$VAR[SeekTimeLabelVar]</label>
        <font>font25_title</font>
        <shadowcolor>black</shadowcolor>
        <visible>!Player.ChannelPreviewActive | VideoPlayer.HasEpg</visible>
      </control>
      <control type="label" id="40000">
        <centerleft>50%</centerleft>
        <centertop>-180</centertop>
        <width>50%</width>
        <height>1080</height>
        <align>center</align>
        <aligny>top</aligny>
        <label>$VAR[SeekLabel]</label>
        <font>font_clock</font>
        <shadowcolor>black</shadowcolor>
      </control>
      <control type="group">
        <visible>Window.IsVisible(videoosd) + !Window.IsVisible(playerprocessinfo) + !Window.IsVisible(videobookmarks) + !Window.IsVisible(osdsubtitlesettings) + !Window.IsVisible(1101)</visible>
        <control type="image">
          <left>125</left>
          <top>-350</top>
          <width>200</width>
          <aspectratio>keep</aspectratio>
          <texture fallback="DefaultAddonVideo.png">$VAR[SeekbarPoster]</texture>
        </control>
        <control type="label">
          <top>-60</top>
          <left>440</left>
          <right>20</right>
          <height>160</height>
          <width>1400</width>
          <font>font52_title</font>
          <label>$INFO[Player.Title]</label>
          <animation effect="slide" start="0" end="0,-180" time="300" tween="cubic" easing="inout" condition="String.IsEqual(Window(home).Property(osd_extended_info),true)">Conditional</animation>
        </control>
        <control type="group">
          <left>410</left>
          <width>1450</width>
          <top>22</top>
          <include>Object_Info_First_Line_OSD</include>
        </control>
        <control type="textbox">
          <left>430</left>
          <top>-170</top>
          <width>1380</width>
          <label>$VAR[Label_OSD_InfoLine]</label>
          <visible>String.IsEqual(Window(home).Property(osd_extended_info),true)</visible>
          <animation effect="fade" start="0" end="100" time="500" tween="cubic" easing="inout" condition="String.IsEqual(Window(home).Property(osd_extended_info),true)">Conditional</animation>
          <animation effect="slide" start="0,50" end="0,0" time="300" tween="cubic" easing="inout" condition="String.IsEqual(Window(home).Property(osd_extended_info),true)">Conditional</animation>
        </control>
        <control type="textbox">
          <left>440</left>
          <top>-120</top>
          <right>20</right>
          <height>90</height>
          <width>1380</width>
          <label fallback="19055">$INFO[VideoPlayer.Plot]</label>
          <align>justify</align>
          <autoscroll delay="5000" repeat="7500" time="5000">!Skin.HasSetting(autoscroll)</autoscroll>
          <visible>String.IsEqual(Window(home).Property(osd_extended_info),true)</visible>
          <animation effect="fade" start="0" end="100" time="500" tween="cubic" easing="inout" condition="String.IsEqual(Window(home).Property(osd_extended_info),true)">Conditional</animation>
          <animation effect="slide" start="0,50" end="0,0" time="300" tween="cubic" easing="inout" condition="String.IsEqual(Window(home).Property(osd_extended_info),true)">Conditional</animation>
        </control>
      </control>
      <control type="group">
        <visible>Window.IsActive(musicosd) + !MusicPlayer.Content(livetv)</visible>
        <height>460</height>
        <bottom>-100</bottom>
        <control type="image">
          <left>20</left>
          <top>-140</top>
          <include>Visible_Left</include>
          <visible>[Player.ShowInfo | Window.IsActive(musicosd)] + !MusicPlayer.Content(livetv)</visible>
          <width>400</width>
          <height>400</height>
          <fadetime>400</fadetime>
          <aspectratio aligny="bottom">keep</aspectratio>
          <texture fallback="DefaultAlbumCover.png" border="2">$INFO[MusicPlayer.Cover]</texture>
          <bordertexture colordiffuse="border_alpha">colors/black.png</bordertexture>
          <bordersize>4</bordersize>
        </control>
        <control type="group">
          <visible>[Player.ShowInfo | Window.IsActive(musicosd)] + ![Window.IsActive(playerprocessinfo) | MusicPlayer.Content(livetv)]</visible>
          <include>Visible_Left</include>
          <left>440</left>
          <top>10</top>
          <control type="label">
            <top>10</top>
            <width>1450</width>
            <height>50</height>
            <aligny>center</aligny>
            <label>[B]$INFO[MusicPlayer.TrackNumber,,. ]$INFO[Player.Title][/B]</label>
            <font>font45</font>
            <shadowcolor>black</shadowcolor>
            <scroll>true</scroll>
          </control>
          <control type="label">
            <top>65</top>
            <width>1450</width>
            <height>50</height>
            <aligny>center</aligny>
            <label>$INFO[MusicPlayer.Artist]</label>
            <font>font45</font>
            <shadowcolor>black</shadowcolor>
            <scroll>true</scroll>
          </control>
          <control type="grouplist">
            <top>120</top>
            <width>1450</width>
            <height>40</height>
            <align>left</align>
            <orientation>horizontal</orientation>
            <itemgap>20</itemgap>
            <control type="label">
              <width>100</width>
              <height>40</height>
              <label>$INFO[MusicPlayer.Year]</label>
              <font>font37</font>
              <shadowcolor>black</shadowcolor>
              <aligny>center</aligny>
              <align>left</align>
              <visible>!String.IsEmpty(MusicPlayer.Year)</visible>
            </control>
            <control type="label">
              <width min="0" max="1130">auto</width>
              <height>40</height>
              <label>$INFO[MusicPlayer.Genre]</label>
              <font>font37</font>
              <shadowcolor>black</shadowcolor>
              <aligny>center</aligny>
              <align>left</align>
              <scroll>true</scroll>
              <visible>!String.IsEmpty(MusicPlayer.Genre)</visible>
            </control>
            <control type="image">
              <width>190</width>
              <height>40</height>
              <texture fallback="flags/starrating/0.png">$INFO[MusicPlayer.UserRating,flags/starrating/,.png]</texture>
              <aspectratio>keep</aspectratio>
              <aligny>center</aligny>
              <align>left</align>
            </control>
          </control>
          <control type="label">
            <top>165</top>
            <width>1450</width>
            <height>40</height>
            <aligny>center</aligny>
            <label>$INFO[MusicPlayer.Album]$VAR[MultiDiscVar]</label>
            <font>font37</font>
            <shadowcolor>black</shadowcolor>
            <scroll>true</scroll>
          </control>
          <control type="label">
            <top>210</top>
            <width>1450</width>
            <height>40</height>
            <aligny>center</aligny>
            <font>font_tiny_hintlabel</font>
            <label>$VAR[OSDNextLabelVar]</label>
            <shadowcolor>black</shadowcolor>
            <scroll>true</scroll>
            <visible>Integer.IsGreater(Playlist.Length(music),1)</visible>
          </control>
        </control>
      </control>
      <control type="group">
        <visible>VideoPlayer.Content(LiveTV)</visible>
        <control type="group">
          <visible>Player.SeekEnabled + VideoPlayer.HasEPG</visible>
          <include content="PVRProgress">
            <param name="ts_bar_top" value="70"/>
            <param name="epg_bar_top" value="78"/>
            <param name="ts_bar_height" value="8"/>
            <param name="epg_bar_height" value="8"/>
          </include>
        </control>
        <control type="group">
          <visible>Player.SeekEnabled + !VideoPlayer.HasEPG</visible>
          <include content="PVRProgress">
            <param name="ts_bar_top" value="70"/>
            <param name="ts_bar_height" value="16"/>
          </include>
        </control>
        <control type="group">
          <visible>!Player.SeekEnabled + VideoPlayer.HasEPG</visible>
          <include content="PVRProgress">
            <param name="epg_bar_top" value="70"/>
            <param name="epg_bar_height" value="16"/>
          </include>
        </control>
        <control type="group">
          <visible>!Player.SeekEnabled + !VideoPlayer.HasEPG</visible>
          <include content="PVRProgress"/>
        </control>
        <control type="slider" id="403">
          <left>0</left>
          <top>65</top>
          <width>100%</width>
          <height>26</height>
          <texturesliderbar colordiffuse="00FFFFFF">osd/progress/nub_bar.png</texturesliderbar>
          <textureslidernib colordiffuse="$VAR[ColorHighlight]">osd/progress/nub_bar.png</textureslidernib>
          <textureslidernibfocus colordiffuse="$VAR[ColorHighlight]">colors/white.png</textureslidernibfocus>
          <visible>Player.SeekEnabled + !Player.ChannelPreviewActive</visible>
        </control>
      </control>
      <control type="group">
        <visible>!VideoPlayer.Content(LiveTV)</visible>
        <left>435</left>
        <control type="progress" description="cache">
          <top>115</top>
          <width>1380</width>
          <height>12</height>
          <info>Player.ProgressCache</info>
          <texturebg colordiffuse="00ffffff" border="6">diffuse/progress-bg.png</texturebg>
          <lefttexture colordiffuse="main_fg_12" border="6">diffuse/progress-left.png</lefttexture>
          <midtexture colordiffuse="main_fg_12" border="6">diffuse/progress-end.png</midtexture>
          <righttexture colordiffuse="main_fg_12" border="6">diffuse/progress-right.png</righttexture>
          <visible>Player.Playing | Player.Paused | Player.Caching</visible>
          <visible>!Player.Seeking</visible>
          <visible>Player.HasMedia</visible>
        </control>
        <control type="progress" id="400">
          <width>1380</width>
          <top>115</top>
          <height>12</height>
          <info>Player.Progress</info>
        </control>
        <control type="progress">
          <left>0</left>
          <top>115</top>
          <width>1380</width>
          <height>12</height>
          <info>Player.Progress</info>
          <texturebg colordiffuse="00ffffff" border="6">diffuse/progress-bg.png</texturebg>
          <lefttexture colordiffuse="00ffffff" border="6">diffuse/progress-left.png</lefttexture>
          <midtexture colordiffuse="$VAR[ColorGradient]" border="6" diffuse="progress/diffuse.png">diffuse/progress-end.png</midtexture>
          <righttexture colordiffuse="$VAR[ColorGradient]" border="6" diffuse="progress/diffuse-end.png">diffuse/progress-right.png</righttexture>
          <include content="ProgressColorFade">
            <param name="id" value="400"/>
          </include>
        </control>
        <control type="slider" id="401">
          <left>0</left>
          <top>108</top>
          <width>1380</width>
          <height>26</height>
          <texturesliderbar colordiffuse="00FFFFFF">osd/progress/nub_bar.png</texturesliderbar>
          <textureslidernib colordiffuse="00777777">osd/progress/nub_bar.png</textureslidernib>
          <textureslidernibfocus colordiffuse="00777777">colors/white.png</textureslidernibfocus>
          <visible>Player.SeekEnabled</visible>
        </control>
      </control>
  </control>
<!--  <control type="group">-->
<!--    <visible>!Window.IsVisible(playerprocessinfo)</visible>-->
<!--    <visible>[Player.ShowInfo | Window.IsActive(fullscreeninfo)] + !VideoPlayer.Content(LiveTV) + Window.IsActive(fullscreenvideo)</visible>-->
<!--    <visible>Player.ShowInfo | Window.IsActive(fullscreeninfo) | !Player.Seeking | !Player.DisplayAfterSeek | !Player.Forwarding | !Player.Rewinding | !Player.Paused</visible>-->
<!--    <animation effect="fade" start="0" end="100" time="300" delay="250">Visible</animation>-->
<!--    <animation effect="fade" start="100" end="0" time="100">Hidden</animation>-->
<!--    <bottom>0</bottom>-->
<!--    <height>470</height>-->
<!--    <control type="group">-->
<!--      <control type="image">-->
<!--        <left>125</left>-->
<!--        <top>-70</top>-->
<!--        <width>200</width>-->
<!--        <aspectratio>keep</aspectratio>-->
<!--        <texture>$VAR[SeekbarPoster]</texture>-->
<!--      </control>-->
<!--      <control type="label">-->
<!--        <top>60</top>-->
<!--        <left>440</left>-->
<!--        <right>20</right>-->
<!--        <height>160</height>-->
<!--        <width>1400</width>-->
<!--        <font>font52_title</font>-->
<!--        <label>$INFO[Player.Title]</label>-->
<!--      </control>-->
<!--      <control type="group">-->
<!--        <left>410</left>-->
<!--        <width>1450</width>-->
<!--        <top>300</top>-->
<!--        <include>Object_Info_First_Line_OSD</include>-->
<!--      </control>-->
<!--      <control type="textbox">-->
<!--        <left>440</left>-->
<!--        <top>160</top>-->
<!--        <right>20</right>-->
<!--        <height>90</height>-->
<!--        <width>1380</width>-->
<!--        <label fallback="19055">$INFO[VideoPlayer.Plot]</label>-->
<!--        <align>justify</align>-->
<!--        <autoscroll delay="5000" repeat="7500" time="5000">Skin.HasSetting(autoscroll)</autoscroll>-->
<!--      </control>-->
<!--    </control>-->
<!--  </control>-->
  </controls>
</window>
