<?xml version="1.0" encoding="UTF-8"?>
<window>
  <defaultcontrol always="true">450</defaultcontrol>
  <include>Animation_DialogPopupOpenClose</include>
  <controls>
    <control type="group">
      <centerleft>50%</centerleft>
      <centertop>50%</centertop>
      <width>1920</width>
      <height>1080</height>
      <include content="DialogBackgroundCommons">
        <param name="width" value="1920"/>
        <param name="height" value="1080"/>
        <param name="header_label" value=""/>
        <param name="header_id" value="411"/>
      </include>
      <control type="grouplist" id="9000">
        <left>1580</left>
        <top>105</top>
        <width>300</width>
        <height>400</height>
        <itemgap>10</itemgap>
        <orientation>vertical</orientation>
        <onleft>450</onleft>
        <onright>60</onright>
        <onup>9000</onup>
        <ondown>9000</ondown>
        <include content="DefaultDialogButton">
          <param name="id" value="413"/>
          <param name="label" value="$LOCALIZE[186]"/>
        </include>
        <include content="DefaultDialogButton">
          <param name="id" value="414"/>
          <param name="label" value="$LOCALIZE[222]"/>
        </include>
        <include content="DefaultDialogButton">
          <param name="id" value="415"/>
          <param name="label" value="$LOCALIZE[119]"/>
          <param name="visible" value="Control.IsEnabled(415)"/>
        </include>
        <include content="DefaultDialogButton">
          <param name="id" value="416"/>
          <param name="label" value="$LOCALIZE[749]"/>
          <param name="visible" value="Control.IsEnabled(416)"/>
        </include>
      </control>
      <control type="image">
        <left>1580</left>
        <top>420</top>
        <width>260</width>
        <height>380</height>
        <aspectratio aligny="center">keep</aspectratio>
        <texture background="true" diffuse="diffuse/thumbinfopanel-diffuse.png" colordiffuse="dialog_fg_70">$INFO[ListItem.Icon]</texture>
        <bordertexture border="72" colordiffuse="AltPosterBack">common/dark-shadow-24-2.png</bordertexture>
        <bordersize>22</bordersize>
      </control>
      <control type="panel" id="450">
        <left>0</left>
        <top>100</top>
        <width>1550</width>
        <height>920</height>
        <onright>9000</onright>
        <onleft>60</onleft>
        <onup>450</onup>
        <ondown>450</ondown>
        <pagecontrol>60</pagecontrol>
        <scrolltime>200</scrolltime>
        <itemlayout height="92" width="1550">
          <control type="image">
            <top>0</top>
            <left>24</left>
            <width>92</width>
            <height>92</height>
            <aligny>center</aligny>
            <texture colordiffuse="b3ededed">$INFO[ListItem.Icon]</texture>
            <aspectratio>keep</aspectratio>
          </control>
          <control type="label">
            <left>120</left>
            <top>0</top>
            <right>20</right>
            <height>92</height>
            <aligny>center</aligny>
            <selectedcolor>dialog_fg_70</selectedcolor>
            <label>$INFO[ListItem.Label]</label>
          </control>
        </itemlayout>
        <focusedlayout height="92" width="1550">
          <control type="group">
            <left>0</left>
            <top>0</top>
            <right>0</right>
            <height>92</height>
            <visible>Control.HasFocus(450)</visible>
            <control type="image">
              <texture colordiffuse="$VAR[ColorHighlight]" border="10">common/white.png</texture>
            </control>
            <control type="image">
              <texture colordiffuse="$VAR[ColorGradient]" border="10">common/white-gradient.png</texture>
            </control>
          </control>
          <control type="image">
            <top>0</top>
            <left>24</left>
            <width>92</width>
            <height>92</height>
            <aligny>center</aligny>
            <texture colordiffuse="b3ededed">$INFO[ListItem.Icon]</texture>
            <aspectratio>keep</aspectratio>
          </control>
          <control type="label">
            <left>120</left>
            <top>0</top>
            <right>20</right>
            <height>92</height>
            <aligny>center</aligny>
            <selectedcolor>dialog_fg_70</selectedcolor>
            <textcolor>b3ededed</textcolor>
            <label>$INFO[ListItem.Label]</label>
          </control>
        </focusedlayout>
      </control>
      <control type="panel" id="451">
        <left>0</left>
        <top>100</top>
        <width>1580</width>
        <height>930</height>
        <onleft>60</onleft>
        <onright>9000</onright>
        <onup>451</onup>
        <ondown>451</ondown>
        <pagecontrol>60</pagecontrol>
        <scrolltime>200</scrolltime>
        <itemlayout height="155" width="155">
          <control type="image">
            <bordersize>5</bordersize>
            <aspectratio scalediffuse="false">keep</aspectratio>
            <texture fallback="DefaultAddonNone.png" background="true">$INFO[Listitem.Icon]</texture>
            <visible>!String.StartsWith(ListItem.Path,special://skin/extras/icons) + !String.StartsWith(ListItem.Icon,Default)</visible>
          </control>
          <control type="image">
            <colordiffuse>dialog_fg_70</colordiffuse>
            <bordersize>5</bordersize>
            <aspectratio scalediffuse="false">keep</aspectratio>
            <texture fallback="DefaultAddonNone.png" background="true">$INFO[Listitem.Icon]</texture>
            <visible>String.StartsWith(ListItem.Path,special://skin/extras/icons) | String.StartsWith(ListItem.Icon,Default)</visible>
          </control>
        </itemlayout>
        <focusedlayout height="155" width="155">
          <control type="image">
            <texture colordiffuse="$VAR[ColorHighlight]" border="10">common/box.png</texture>
          </control>
          <control type="image">
            <texture colordiffuse="$VAR[ColorGradient]" border="10">common/box-gradient.png</texture>
          </control>
          <control type="image">
            <bordersize>5</bordersize>
            <aspectratio scalediffuse="false">keep</aspectratio>
            <texture fallback="DefaultAddonNone.png" background="true">$INFO[Listitem.Icon]</texture>
          </control>
        </focusedlayout>
      </control>
      <control type="scrollbar" id="60">
        <left>0</left>
        <top>100</top>
        <width>12</width>
        <height>920</height>
        <onleft>9000</onleft>
        <onright>450</onright>
        <orientation>vertical</orientation>
      </control>
      <control type="label" id="412">
        <description>Path label</description>
        <left>25</left>
        <bottom>10</bottom>
        <width>595</width>
        <height>30</height>
        <haspath>true</haspath>
        <font>font12</font>
        <aligny>bottom</aligny>
        <textcolor>dialog_fg_70</textcolor>
      </control>
      <control type="label">
        <right>60</right>
        <bottom>30</bottom>
        <width>1270</width>
        <height>30</height>
        <align>right</align>
        <aligny>bottom</aligny>
        <textcolor>dialog_fg_70</textcolor>
        <font>font12</font>
        <label>$VAR[FileBrowserSelectLabel]</label>
      </control>
    </control>
    <control type="group">
      <control type="image">
        <right>370</right>
        <top>100</top>
        <width>1</width>
        <height>920</height>
        <texture colordiffuse="main_fg_12">common/white.png</texture>
      </control>
    </control>
    <include content="UpDownArrows">
      <param name="container_id" value="450"/>
      <param name="posx" value="830"/>
      <param name="up_posy" value="50"/>
      <param name="down_posy" value="980"/>
      <param name="visible" value="!System.HasActiveModalDialog"/>
    </include>
  </controls>
</window>
