<?xml version="1.0" encoding="UTF-8"?>
<includes>
  <include name="Dialog_Notification_Group">
    <param name="main_id" default="30"/>
    <param name="sub_id" default="31"/>
    <param name="nowplaying" default="false"/>
    <param name="progress" default="Control.GetLabel(32)"/>
    <param name="progress-id" default="32"/>
    <param name="icon" default="buttons/info.png"/>
    <param name="fgcolor" default="main_fg"/>
    <definition>
      <top>45</top>
      <!-- <left>80</left> -->
      <!-- <right>80</right> -->
      <height>40</height>
      <control type="group">
        <include>Animation_TopSlide</include>
        <centerleft>50%</centerleft>
        <top>0</top>
        <width>700</width>
        <height>50</height>
        <control type="image">
          <width>100%</width>
          <height>140</height>
          <aspectratio scalediffuse="false">stretch</aspectratio>
          <texture colordiffuse="main_bg_100" border="5">common/dialog.png</texture>
          <bordertexture border="24">common/shadow-20.png</bordertexture>
          <bordersize>12</bordersize>
          <visible>!Skin.HasSetting(TransparentNotification)</visible>
        </control>
        <control type="image">
          <width>100%</width>
          <height>140</height>
          <aspectratio scalediffuse="false">stretch</aspectratio>
          <texture colordiffuse="main_bg_70" border="5">common/dialog.png</texture>
          <bordertexture border="24">common/shadow-20.png</bordertexture>
          <bordersize>12</bordersize>
          <visible>Skin.HasSetting(TransparentNotification)</visible>
        </control>
      </control>
      <control type="image" description="Back">
        <left>630</left>
        <top>25</top>
        <width>80</width>
        <height>80</height>
        <aspectratio align="center" aligny="center">keep</aspectratio>
        <texture>dialog/loading-back.png</texture>
        <colordiffuse>$VAR[ColorHighlight]</colordiffuse>
      </control>
      <control type="group">
        <left>630</left>
        <top>25</top>
        <width>80</width>
        <height>80</height>
        <visible>[Window.IsVisible(DialogExtendedProgressBar.xml) + Control.IsVisible(32)] | $PARAM[nowplaying]</visible>
        <control type="image">
          <texture colordiffuse="$VAR[ColorHighlight]">$INFO[$PARAM[progress],progress/circle/p,.png]</texture>
          <aspectratio align="center" aligny="center">keep</aspectratio>
        </control>
        <control type="image">
          <texture colordiffuse="$VAR[ColorGradient]">$INFO[$PARAM[progress],progress/circle/p,.png]</texture>
          <animation effect="fade" end="66" condition="true">Conditional</animation>
          <aspectratio align="center" aligny="center">keep</aspectratio>
          <include content="ProgressColorFade">
            <param name="id" value="$PARAM[progress-id]"/>
          </include>
        </control>
      </control>
      <control type="image">
        <left>654</left>
        <top>49</top>
        <height>32</height>
        <width>32</width>
        <aspectratio align="right">keep</aspectratio>
        <texture colordiffuse="$PARAM[fgcolor]_100">$PARAM[icon]</texture>
      </control>
      <control type="group">
        <left>720</left>
        <top>25</top>
        <height>72</height>
        <control type="label" id="$PARAM[main_id]">
          <centertop>33%</centertop>
          <height>26</height>
          <label>$PARAM[label]</label>
          <align>left</align>
          <width max="455">auto</width>
          <font>font_small_notify_main_bold</font>
          <textcolor>$PARAM[fgcolor]_100</textcolor>
        </control>
        <control type="grouplist">
          <top>0</top>
          <left>0</left>
          <align>left</align>
          <usecontrolcoords>true</usecontrolcoords>
          <orientation>horizontal</orientation>
          <itemgap>32</itemgap>
          <control type="label" id="$PARAM[sub_id]">
            <centerbottom>33%</centerbottom>
            <height>26</height>
            <label>$PARAM[label2]</label>
            <width max="455">auto</width>
            <scroll>true</scroll>
            <font>font13</font>
            <textcolor>$PARAM[fgcolor]_100</textcolor>
          </control>
        </control>
        <control type="label">
          <left>480</left>
          <top>20</top>
          <height>26</height>
          <width>auto</width>
          <textcolor>$PARAM[fgcolor]_100</textcolor>
          <font>font13</font>
          <label>$INFO[Control.GetLabel(32),,%]</label>
          <visible>Window.IsVisible(DialogExtendedProgressBar.xml) + Control.IsVisible(32)</visible>
        </control>
      </control>
    </definition>
  </include>
</includes>
