<?xml version="1.0" encoding="UTF-8"?>
<includes>
  <include name="DialogVideoInfo">
    <control type="group">
      <include>OpenClose_Bottom</include>
      <control type="group" id="98">
        <control type="group">
          <control type="image">
            <bottom>-60</bottom>
            <left>-40</left>
            <width>2000</width>
            <height>200</height>
            <texture colordiffuse="AltPosterBack">diffuse/poster-wall.png</texture>
            <bordertexture border="21">overlays/shadow.png</bordertexture>
            <bordersize>20</bordersize>
          </control>
          <control type="image">
            <bottom>120</bottom>
            <left>-40</left>
            <width>2000</width>
            <height>1</height>
            <texture colordiffuse="ffffffff">common/white.png</texture>
          </control>
          <control type="image">
            <left>40</left>
            <centertop>45%</centertop>
            <width>520</width>
            <aspectratio scalediffuse="true">keep</aspectratio>
            <texture background="true" diffuse="diffuse/thumbinfopanel-diffuse.png">$VAR[IconWallThumbVar]</texture>
            <bordertexture border="72" colordiffuse="AltPosterBack">common/dark-shadow-24-2.png</bordertexture>
            <bordersize>22</bordersize>
          </control>
        </control>
        <animation effect="slide" start="0" end="0,-2000" time="200" easing="inout" condition="ControlGroup(100).HasFocus">Conditional</animation>
        <control type="grouplist" id="99">
          <top>970</top>
          <align>center</align>
          <height>142</height>
          <ondown>100</ondown>
          <onback>RunScript(plugin.video.themoviedb.helper,close_dialog=1190)</onback>
          <orientation>horizontal</orientation>
          <onup>SetProperty(Plot,"$VAR[Label_OverlayPlot]",1130)</onup>
          <onup>SetProperty(Critics,"$VAR[Label_OverlayCritics]",1130)</onup>
          <onup>ActivateWindow(1130)</onup>
          <include content="InfoButton">
            <param name="id" value="8"/>
            <param name="groupid" value="8008"/>
            <param name="icon" value="special://skin/extras/icons/play3.png"/>
            <param name="label" value="$LOCALIZE[208]"/>
            <param name="visible" value="Control.IsVisible(8)"/>
          </include>
          <include content="InfoButton">
            <param name="id" value="11"/>
            <param name="groupid" value="8011"/>
            <param name="icon" value="special://skin/extras/icons/film.png"/>
            <param name="label" value="$LOCALIZE[20410]"/>
            <param name="visible" value="Control.IsVisible(11)"/>
          </include>
          <include content="InfoButton">
            <param name="id" value="8897"/>
            <param name="groupid" value="8097"/>
            <param name="icon" value="special://skin/extras/icons/watchlist.png"/>
            <param name="label" value="$LOCALIZE[31317]"/>
            <param name="onclick_1_condition" value="!String.IsEmpty(ListItem.Property(tmdb_id))"/>
            <param name="onclick_1" value="RunScript(plugin.video.themoviedb.helper,sync_trakt=watchlist,tmdb_id=$INFO[ListItem.Property(tmdb_id)],type=$VAR[TMDB_TYPE],cache_refresh)"/>
            <param name="onclick_2_condition" value="String.IsEmpty(ListItem.Property(tmdb_id))"/>
            <param name="onclick_2" value="RunScript(plugin.video.themoviedb.helper,sync_trakt=watchlist,tmdb_id=$INFO[window(home).property(TMDbHelper.listitem.tmdb_id)],type=$VAR[TMDB_TYPE],cache_refresh)"/>
            <param name="visible" value="Control.IsVisible(8897)"/>
          </include>
          <include content="InfoButton">
            <param name="id" value="8898"/>
            <param name="groupid" value="8098"/>
            <param name="icon" value="special://skin/extras/icons/settings.png"/>
            <param name="label" value="$LOCALIZE[31312]"/>
            <param name="onclick_1" value="Control.SetFocus(9000,1,absolute)"/>
            <param name="visible" value="Control.IsVisible(8898)"/>
          </include>
        </control>
        <control type="button" id="5080">
          <centerleft>50%</centerleft>
          <top>900</top>
          <width>32</width>
          <height>12</height>
          <texturefocus colordiffuse="b3ededed">overlays/arrowdown.png</texturefocus>
          <texturenofocus colordiffuse="b3ededed">overlays/arrowdown.png</texturenofocus>
          <onclick>PageDown</onclick>
        </control>
      </control>
      <control type="group">
        <left>620</left>
        <animation effect="slide" start="0" end="0,-2000" time="200" easing="inout" condition="ControlGroup(100).HasFocus">Conditional</animation>
        <control type="grouplist">
          <orientation>vertical</orientation>
          <include content="Object_Item_Showcase">
            <param name="title" value="$VAR[Label_Title]"/>
            <param name="title_width" value="1000" />
            <param name="plot" value="$VAR[Label_PlotTextBoxVar]"/>
            <param name="visible" value="$EXP[infodialog_active]"/>
          </include>
          <include content="Object_Info_Line_Label">
            <param name="label" value="$VAR[Label_InfoDialog_VideoInfoLine]"/>
            <param name="textcolor" value="main_fg_100"/>
            <param name="font" value="font_tiny_hintlabel"/>
            <param name="divider" value="false"/>
            <param name="visible" value="$PARAM[visible_infoline]"/>
            <param name="autoscroll" value="false"/>
            <param name="width" value="720" />
            <param name="top" value="660"/>
          </include>
        </control>
      </control>
      <control type="grouplist" id="100">
        <onup>99</onup>
        <left>20</left>
        <height>1060</height>
        <width>1920</width>
        <itemgap>0</itemgap>
        <orientation>vertical</orientation>
        <animation effect="slide" start="0,0" end="0,1080" time="200" tween="cubic" easing="inout" condition="!ControlGroup(100).HasFocus">Conditional</animation>
        <include content="InfoDialogLabel">
          <param name="groupid" value="1051"/>
          <param name="id" value="50"/>
          <param name="label" value="$INFO[ListItem.Label]"/>
          <param name="altlabel" value="$LOCALIZE[31261]"/>
          <param name="visible" value="true"/>
        </include>
        <control type="list" id="50">
          <scrolltime tween="quadratic">400</scrolltime>
          <orientation>horizontal</orientation>
          <height>350</height>
          <usecontrolcoords>true</usecontrolcoords>
          <visible>!Skin.HasSetting(InfoDialog.Cast)</visible>
          <scrolltime tween="sine" easing="out">200</scrolltime>
          <itemlayout width="185" height="300">
            <include content="InfoDialogItemLayout">
              <param name="icon" value="$INFO[ListItem.Icon]"/>
              <param name="label" value="$INFO[ListItem.Label]"/>
              <param name="label2" value="$INFO[ListItem.Label2]"/>
            </include>
          </itemlayout>
          <focusedlayout width="185" height="300">
            <include content="InfoDialogFocusedLayout">
              <param name="icon" value="$INFO[ListItem.Icon]"/>
              <param name="label" value="$INFO[ListItem.Label]"/>
              <param name="label2" value="$INFO[ListItem.Label2]"/>
              <param name="id" value="50"/>
            </include>
          </focusedlayout>
        </control>
        <include content="InfoDialogLabel">
          <param name="groupid" value="10056"/>
          <param name="id" value="1056"/>
          <param name="label" value="$INFO[ListItem.Label]"/>
          <param name="altlabel" value="$LOCALIZE[31264]"/>
          <param name="visible" value="true"/>
        </include>
        <control type="list" id="1056">
          <scrolltime tween="quadratic">400</scrolltime>
          <orientation>horizontal</orientation>
          <height>350</height>
          <usecontrolcoords>true</usecontrolcoords>
          <scrolltime tween="sine" easing="out">200</scrolltime>
          <itemlayout width="185" height="300">
            <include content="InfoDialogItemLayout">
              <param name="icon" value="$INFO[ListItem.Icon]"/>
              <param name="label" value="$INFO[ListItem.Label]"/>
              <param name="label2" value="$INFO[ListItem.Label2]"/>
            </include>
          </itemlayout>
          <focusedlayout width="185" height="300">
            <include content="InfoDialogFocusedLayout">
              <param name="icon" value="$INFO[ListItem.Icon]"/>
              <param name="label" value="$INFO[ListItem.Label]"/>
              <param name="label2" value="$INFO[ListItem.Label2]"/>
              <param name="id" value="1056"/>
            </include>
          </focusedlayout>
          <content>$VAR[Def_Crew_List]</content>
          <visible>Skin.HasSetting(InfoDialog.Crew)</visible>
        </control>
        <include content="InfoDialogWallContainer" condition="!Skin.HasSetting(InfoDialog.Sets) + [!String.IsEmpty(ListItem.Set) | ListItem.IsCollection]">
          <param name="id" value="1052"/>
          <param name="groupid" value="10052"/>
          <param name="icon" value="$INFO[ListItem.Icon]"/>
          <param name="altlabel" value="$LOCALIZE[31262]"/>
          <param name="label" value="$INFO[ListItem.Label]"/>
          <param name="label2" value="$INFO[ListItem.Label2]"/>
          <param name="content" value="$VAR[Def_Set_List]"/>
          <param name="target" value="videos"/>
          <param name="limit" value="25"/>
          <param name="itemwidth" value="185"/>
          <param name="itemheight" value="350"/>
          <param name="visible" value="true"/>
        </include>
        <include content="InfoDialogWallContainer" condition="!String.IsEmpty(ListItem.IMDBNumber) + Skin.HasSetting(InfoDialog.Similar)">
          <param name="id" value="1053"/>
          <param name="groupid" value="10053"/>
          <param name="icon" value="$INFO[ListItem.Icon]"/>
          <param name="altlabel" value="$LOCALIZE[31263]"/>
          <param name="label" value="$INFO[ListItem.Label]"/>
          <param name="label2" value="$INFO[ListItem.Label2]"/>
          <param name="content" value="$VAR[Def_Similar_List]"/>
          <param name="target" value="videos"/>
          <param name="limit" value="25"/>
          <param name="itemwidth" value="185"/>
          <param name="itemheight" value="350"/>
          <param name="visible" value="true"/>
        </include>
        <include content="InfoDialogWallContainer" condition="!String.IsEmpty(ListItem.Director) + Skin.HasSetting(InfoDialog.Director)">
          <param name="id" value="1054"/>
          <param name="groupid" value="10054"/>
          <param name="icon" value="$INFO[ListItem.Icon]"/>
          <param name="altlabel" value="$LOCALIZE[31257]"/>
          <param name="label" value="$INFO[ListItem.Label]"/>
          <param name="label2" value="$INFO[ListItem.Label2]"/>
          <param name="content" value="$VAR[Def_Director_List]"/>
          <param name="target" value="videos"/>
          <param name="limit" value="25"/>
          <param name="itemwidth" value="185"/>
          <param name="itemheight" value="350"/>
          <param name="visible" value="true"/>
        </include>
        <include content="InfoDialogWallContainer" condition="!String.IsEmpty(ListItem.Studio) + Skin.HasSetting(InfoDialog.Studio)">
          <param name="id" value="1055"/>
          <param name="groupid" value="10055"/>
          <param name="icon" value="$INFO[ListItem.Icon]"/>
          <param name="altlabel" value="$LOCALIZE[31256]"/>
          <param name="label" value="$INFO[ListItem.Label]"/>
          <param name="label2" value="$INFO[ListItem.Label2]"/>
          <param name="content" value="$VAR[Def_Studio_List]"/>
          <param name="target" value="videos"/>
          <param name="limit" value="25"/>
          <param name="itemwidth" value="185"/>
          <param name="itemheight" value="350"/>
          <param name="visible" value="true"/>
        </include>
        <include content="InfoDialogWallContainer" condition="Skin.HasSetting(InfoDialog.Recommended)">
          <param name="id" value="1057"/>
          <param name="groupid" value="10057"/>
          <param name="icon" value="$INFO[ListItem.Icon]"/>
          <param name="altlabel" value="$LOCALIZE[31265]"/>
          <param name="label" value="$INFO[ListItem.Label]"/>
          <param name="label2" value="$INFO[ListItem.Label2]"/>
          <param name="content" value="$VAR[Def_Recommended_List]"/>
          <param name="target" value="videos"/>
          <param name="limit" value="25"/>
          <param name="itemwidth" value="185"/>
          <param name="itemheight" value="350"/>
          <param name="visible" value="true"/>
        </include>
        <include content="InfoDialogWallContainer" condition="Skin.HasSetting(InfoDialog.FromYear) + !String.IsEmpty(ListItem.Year)">
          <param name="id" value="1058"/>
          <param name="groupid" value="10058"/>
          <param name="icon" value="$INFO[ListItem.Icon]"/>
          <param name="altlabel" value="$LOCALIZE[31356]"/>
          <param name="label" value="$INFO[ListItem.Label]"/>
          <param name="label2" value="$INFO[ListItem.Label2]"/>
          <param name="content" value="$VAR[Def_FromYear_List]"/>
          <param name="target" value="videos"/>
          <param name="limit" value="25"/>
          <param name="itemwidth" value="185"/>
          <param name="itemheight" value="350"/>
          <param name="visible" value="true"/>
        </include>
        <include content="InfoDialogWallContainer" condition="Skin.HasSetting(InfoDialog.Genre) + !String.IsEmpty(ListItem.Genre)">
          <param name="id" value="1059"/>
          <param name="groupid" value="10059"/>
          <param name="icon" value="$INFO[ListItem.Icon]"/>
          <param name="altlabel" value="$LOCALIZE[31255]"/>
          <param name="label" value="$INFO[ListItem.Label]"/>
          <param name="label2" value="$INFO[ListItem.Label2]"/>
          <param name="content" value="$VAR[Def_Genre_List]"/>
          <param name="target" value="videos"/>
          <param name="limit" value="25"/>
          <param name="itemwidth" value="185"/>
          <param name="itemheight" value="350"/>
          <param name="visible" value="true"/>
        </include>
        <include content="InfoDialogWallContainer" condition="Skin.HasSetting(InfoDialog.Posters) + [String.IsEqual(ListItem.DBTYPE,movie) | String.IsEqual(ListItem.DBTYPE,tvshow)]">
          <param name="id" value="1060"/>
          <param name="groupid" value="10060"/>
          <param name="icon" value="$INFO[ListItem.Icon]"/>
          <param name="altlabel" value="$LOCALIZE[31266]"/>
          <param name="label" value="$INFO[ListItem.Label]"/>
          <param name="label2" value="$INFO[ListItem.Label2]"/>
          <param name="content" value="$VAR[Def_Posters_List]"/>
          <param name="target" value="pictures"/>
          <param name="limit" value="25"/>
          <param name="itemwidth" value="185"/>
          <param name="itemheight" value="350"/>
          <param name="visible" value="true"/>
        </include>
        <include content="InfoDialogYoutubeContainer" condition="Skin.HasSetting(InfoDialog.YouTube) + System.HasAddon(plugin.video.youtube) + [String.IsEqual(ListItem.DBTYPE,movie) | String.IsEqual(ListItem.DBTYPE,tvshow) | String.IsEqual(ListItem.DBTYPE,season) | String.IsEqual(ListItem.DBTYPE,episode)]">
        </include>
      </control>
      <control type="group" id="8999">
        <visible>ControlGroup(9000).HasFocus()</visible>
        <control type="image">
          <left>-1920</left>
          <top>-1080</top>
          <width>5760</width>
          <height>3240</height>
          <texture colordiffuse="B0FFFFFF">colors/black.png</texture>
        </control>
        <control type="button">
          <left>-1920</left>
          <top>-1080</top>
          <width>5760</width>
          <height>3240</height>
          <texturefocus/>
          <texturenofocus/>
          <onclick>Action(close)</onclick>
        </control>
        <control type="group">
          <centertop>50%</centertop>
          <centerleft>50%</centerleft>
          <width>506</width>
          <height>330</height>
          <control type="image" id="999">
            <description>background image</description>
            <top>-24</top>
            <left>-24</left>
            <width>506</width>
            <height>330</height>
            <bordersize>24</bordersize>
            <bordertexture border="32">common/shadow-dialog-24.png</bordertexture>
            <texture border="16" colordiffuse="dialog_bg_100">common/dialog.png</texture>
          </control>
          <include content="DefaultSettingButtonGradient">
            <param name="id" value="9000"/>
            <param name="height" value="70"/>
            <top>0</top>
            <height>70</height>
            <width>458</width>
            <visible>ControlGroup(9000).HasFocus()</visible>
          </include>
          <control type="grouplist" id="9000">
            <description>grouplist for context buttons</description>
            <left>0</left>
            <top>0</top>
            <width>506</width>
            <onleft>Control.SetFocus(8898)</onleft>
            <onright>Control.SetFocus(8898)</onright>
            <ondown>Control.SetFocus(8898)</ondown>
            <onback>Control.SetFocus(8)</onback>
            <height max="780">auto</height>
            <usecontrolcoords>true</usecontrolcoords>
            <control type="button" id="6">
              <label>$LOCALIZE[31313]</label>
              <left>0</left>
              <width>458</width>
              <height>70</height>
              <align>center</align>
              <texturefocus/>
              <texturenofocus/>
            </control>
            <control type="button" id="7">
              <label>$LOCALIZE[31314]</label>
              <left>0</left>
              <width>458</width>
              <height>70</height>
              <align>center</align>
              <texturefocus/>
              <texturenofocus/>
            </control>
            <control type="button" id="10">
              <label>$LOCALIZE[31315]</label>
              <left>0</left>
              <width>458</width>
              <height>70</height>
              <align>center</align>
              <texturefocus/>
              <texturenofocus/>
            </control>
            <control type="button" id="13">
              <label>$LOCALIZE[137]</label>
              <left>0</left>
              <width>458</width>
              <height>70</height>
              <align>center</align>
              <texturefocus/>
              <texturenofocus/>
            </control>
          </control>
        </control>
      </control>
    </control>
  </include>
</includes>
