<?xml version="1.0" encoding="utf-8"?>
<window>
  <onload condition="!Player.PauseEnabled">SetFocus(603)</onload>
  <defaultcontrol always="true">602</defaultcontrol>
  <depth>DepthOSD</depth>
  <controls>
    <control type="button">
      <description>background close area</description>
      <left>0</left>
      <top>0</top>
      <width>100%</width>
      <bottom>180</bottom>
      <texturefocus/>
      <texturenofocus/>
      <onclick>Action(close)</onclick>
    </control>
    <control type="button" id="99220">
      <include>HiddenObject</include>
      <onfocus>SetFocus(15)</onfocus>
      <onfocus condition="Window.IsVisible(videoosd)">Action(Close)</onfocus>
    </control>
    <include condition="Skin.HasSetting(touchmode)">TouchBackOSDButton</include>
    <control type="group" id="200">
      <bottom>0</bottom>
      <height>180</height>
      <include>Animation_BottomSlide</include>
      <control type="grouplist" id="201">
        <left>20</left>
        <top>90</top>
        <width>440</width>
        <height>135</height>
        <itemgap>10</itemgap>
        <align>center</align>
        <scrolltime tween="sine">200</scrolltime>
        <orientation>horizontal</orientation>
        <onup>87</onup>
        <ondown>noop</ondown>
        <onleft>199</onleft>
        <onright>70053</onright>
        <control type="radiobutton" id="600">
          <include content="OSDButton">
            <param name="texture" value="osd/fullscreen/buttons/previous.png"/>
          </include>
          <onclick>PlayerControl(Previous)</onclick>
          <visible>MusicPlayer.HasPrevious | Player.SeekEnabled</visible>
        </control>
        <control type="radiobutton" id="601">
          <include content="OSDButton">
            <param name="texture" value="osd/fullscreen/buttons/rewind.png"/>
          </include>
          <onclick>PlayerControl(Rewind)</onclick>
          <visible>Player.SeekEnabled</visible>
        </control>
        <control type="group" id="698">
          <width>42</width>
          <height>42</height>
          <visible>Player.PauseEnabled</visible>
          <control type="button" id="602">
            <left>0</left>
            <top>0</top>
            <width>42</width>
            <height>42</height>
            <label/>
            <font/>
            <texturefocus colordiffuse="$VAR[ColorHighlight]">common/box.png</texturefocus>
            <texturenofocus/>
            <onleft>601</onleft>
            <onright>603</onright>
            <onup>87</onup>
            <ondown>noop</ondown>
            <onclick>PlayerControl(Play)</onclick>
          </control>
          <control type="image">
            <left>0</left>
            <top>0</top>
            <width>42</width>
            <height>42</height>
            <animation center="38,38" effect="zoom" end="100" reversible="false" start="95" time="480" tween="back" condition="Control.HasFocus(602)">Conditional</animation>
            <texture colordiffuse="white">$VAR[PlayerControlsPlayImageVar]</texture>
          </control>
        </control>
        <control type="radiobutton" id="603">
          <include content="OSDButton">
            <param name="texture" value="osd/fullscreen/buttons/stop.png"/>
          </include>
          <onclick>PlayerControl(Stop)</onclick>
        </control>
        <control type="radiobutton" id="606">
          <include content="OSDButton">
            <param name="texture" value="osd/fullscreen/buttons/forward.png"/>
          </include>
          <onclick>PlayerControl(Forward)</onclick>
          <visible>Player.SeekEnabled</visible>
        </control>
        <control type="radiobutton" id="607">
          <include content="OSDButton">
            <param name="texture" value="osd/fullscreen/buttons/next.png"/>
          </include>
          <onclick>PlayerControl(Next)</onclick>
          <visible>MusicPlayer.HasNext | [MusicPlayer.Content(LiveTV) + Player.SeekEnabled]</visible>
        </control>
        <control type="radiobutton" id="608">
          <textureradioonfocus colordiffuse="white">osd/fullscreen/buttons/record-white.png</textureradioonfocus>
          <textureradioonnofocus>osd/fullscreen/buttons/record-white.png</textureradioonnofocus>
          <textureradioofffocus colordiffuse="white">osd/fullscreen/buttons/record.png</textureradioofffocus>
          <textureradiooffnofocus>osd/fullscreen/buttons/record.png</textureradiooffnofocus>
          <texturefocus colordiffuse="$VAR[ColorHighlight]">common/box.png</texturefocus>
          <width>42</width>
          <animation center="38,38" effect="zoom" end="100" reversible="false" start="95" time="480" tween="back">Focus</animation>
          <height>42</height>
          <radiowidth>42</radiowidth>
          <radioheight>42</radioheight>
          <font/>
          <texturenofocus/>
          <radioposx>1</radioposx>
          <radioposy>0</radioposy>
          <selected>!PVR.IsRecordingPlayingChannel</selected>
          <onclick>PVR.ToggleRecordPlayingChannel</onclick>
          <visible>PVR.CanRecordPlayingChannel</visible>
          <visible>MusicPlayer.Content(livetv)</visible>
        </control>
        <control type="radiobutton" id="609">
          <include content="OSDButton">
            <param name="texture" value="osd/fullscreen/buttons/settings.png"/>
          </include>
          <onclick>ActivateWindow(1150)</onclick>
          <include>OSD_Button_OnFocus</include>
        </control>
      </control>
    </control>
    <control type="group">
      <bottom>0</bottom>
      <height>120</height>
      <animation type="WindowOpen" condition="!Player.ShowInfo" reversible="False">
        <effect type="fade" start="0" end="100" time="300"/>
        <effect type="slide" start="0,200" end="0,0" time="300" tween="cubic" easing="out"/>
      </animation>
      <animation type="WindowClose" condition="!Player.ShowInfo" reversible="False">
        <effect type="fade" start="100" end="0" time="300"/>
        <effect type="slide" start="0,0" end="0,200" time="300" tween="cubic" easing="out"/>
      </animation>
      <animation type="WindowOpen" condition="Player.ShowInfo" reversible="False">
        <effect type="fade" start="0" end="100" time="300"/>
      </animation>
      <animation type="WindowClose" condition="Player.ShowInfo" reversible="False">
        <effect type="fade" start="100" end="0" time="300"/>
      </animation>
      <control type="button" id="87">
        <include>HiddenObject</include>
        <onup>200</onup>
        <ondown>200</ondown>
        <onleft>StepBack</onleft>
        <onright>StepForward</onright>
      </control>
      <!-- <control type="slider">
				<left>0</left>
				<top>-5</top>
				<width>100%</width>
				<height>26</height>
				<onup>8010</onup>
				<ondown>650</ondown>
				<texturesliderbar colordiffuse="00FFFFFF">osd/progress/nub_leftright.png</texturesliderbar>
				<textureslidernib>osd/progress/nub_leftright.png</textureslidernib>
				<textureslidernibfocus colordiffuse="$VAR[ColorHighlight]">osd/progress/nub_leftright.png</textureslidernibfocus>
				<info>Player.Progress</info>
				<onup>201</onup>
				<ondown>200</ondown>
				<visible>Player.SeekEnabled + !Control.HasFocus(87) + !MusicPlayer.Content(LiveTV)</visible>
				<action>seek</action>
			</control> -->
      <!-- <control type="slider">
				<left>0</left>
				<top>-5</top>
				<width>100%</width>
				<height>26</height>
				<onup>8010</onup>
				<ondown>650</ondown>
				<texturesliderbar colordiffuse="00FFFFFF">osd/progress/nub_leftright.png</texturesliderbar>
				<textureslidernib colordiffuse="$VAR[ColorHighlight]">osd/progress/nub_leftright.png</textureslidernib>
				<textureslidernibfocus colordiffuse="$VAR[ColorHighlight]">osd/progress/nub_leftright.png</textureslidernibfocus>
				<info>Player.Progress</info>
				<onup>201</onup>
				<ondown>200</ondown>
				<visible>Player.SeekEnabled + Control.HasFocus(87) + !MusicPlayer.Content(LiveTV)</visible>
				<action>seek</action>
			</control> -->
      <control type="slider">
        <left>0</left>
        <top>-5</top>
        <width>100%</width>
        <height>26</height>
        <onup>8010</onup>
        <ondown>650</ondown>
        <texturesliderbar colordiffuse="00FFFFFF">osd/progress/nub_leftright.png</texturesliderbar>
        <textureslidernib>osd/progress/nub_leftright.png</textureslidernib>
        <textureslidernibfocus colordiffuse="$VAR[ColorHighlight]">osd/progress/nub_leftright.png</textureslidernibfocus>
        <info>PVR.TimeshiftProgressPlayPos</info>
        <onup>201</onup>
        <ondown>200</ondown>
        <action>pvr.seek</action>
        <visible>Player.SeekEnabled + !Control.HasFocus(87) + MusicPlayer.Content(LiveTV)</visible>
      </control>
      <control type="slider">
        <left>0</left>
        <top>-5</top>
        <width>100%</width>
        <height>26</height>
        <onup>8010</onup>
        <ondown>650</ondown>
        <texturesliderbar colordiffuse="00FFFFFF">osd/progress/nub_leftright.png</texturesliderbar>
        <textureslidernib colordiffuse="$VAR[ColorHighlight]">osd/progress/nub_leftright.png</textureslidernib>
        <textureslidernibfocus colordiffuse="$VAR[ColorHighlight]">osd/progress/nub_leftright.png</textureslidernibfocus>
        <info>PVR.TimeshiftProgressPlayPos</info>
        <onup>201</onup>
        <ondown>200</ondown>
        <action>pvr.seek</action>
        <visible>Player.SeekEnabled + Control.HasFocus(87) + MusicPlayer.Content(LiveTV)</visible>
      </control>
    </control>
  </controls>
</window>
