<?xml version="1.0" encoding="UTF-8"?>
<includes>
  <include name="View_503_NowPlaying">
    <control type="group">
      <include>OpenClose_Bottom</include>
      <left>596</left>
      <visible>Control.IsVisible(503)</visible>
      <include>Visible_Right</include>
      <include content="ListContainer">
        <param name="list_id" value="503"/>
        <param name="right" value="594"/>
        <param name="viewtype_label" value="$LOCALIZE[31000]"/>
        <param name="visible" value="Container.Content(movies) | Container.Content(sets) | Container.Content(tvshows) | Container.Content(seasons) | Container.Content(episodes) | Container.Content(games) | Window.IsActive(videoplaylist) | Window.IsActive(musicplaylist)"/>
      </include>
      <control type="group">
        <depth>DepthContentPanel</depth>
        <control type="group">
          <right>-20</right>
          <width>634</width>
          <include content="ContentPanel">
            <param name="left" value="0"/>
            <param name="top" value="-20"/>
            <param name="width" value="656"/>
            <param name="flipx" value="true"/>
          </include>
          <include content="RightListPanel">
            <param name="list_id" value="503"/>
          </include>
        </control>
      </control>
    </control>
  </include>
</includes>
