<?xml version="1.0" encoding="UTF-8" standalone="yes"?>
<addon id="script.module.accountmgr"
       version="25.6.25"
       name="Account Manager"
       provider-name="[COLOR springgreen]Tech[/COLOR] [COLOR green]E.[/COLOR] [COLOR lime]Coyote[/COLOR]">
    <requires>
        <import addon="xbmc.python" version="3.0.0" />
        <import addon="script.module.requests" version="2.19.1" />
        <import addon="script.module.acctview" version="25.3.25" />
    </requires>
    <extension point="xbmc.service" library="lib/startup.py" start="startup" />
    <extension point="xbmc.python.script" library="lib/default.py">
        <provides>executable</provides>
    </extension>
    <extension point="xbmc.python.module" library="lib" />
    <extension point="xbmc.addon.metadata">
        <reuselanguageinvoker>false</reuselanguageinvoker>
        <summary lang="en">Account Manager</summary>
        <description>Manage your Trakt, Debrid, Torbox, Easy Debrid, OffCloud, Easynews, FilePursuit and Metadata logins</description>
        <platform>all</platform>
        <license>GNU GENERAL PUBLIC LICENSE. Version 3, 29 June 2007</license>
        <disclaimer lang="en">The author is not responsible for the use of this addon. [CR]The author is in no way affiliated with Kodi, Team Kodi, or the XBMC Foundation.[CR]This is a Non-profit resource, organized solely for educational purposes which is protected under the Fair-Use doctrine of the Copyright Act, Specifically section 107, which does promote freedom of expression, by permitting the unlicensed use of copyright-protected works.</disclaimer>
        <forum>https://t.me/+3cns4YYJWh03N2Ex</forum>
        <website>https://tinyurl.com/TheL48</website>
        <email></email>
        <assets>
            <icon>icon.png</icon>
            <fanart>fanart.jpg</fanart>
        </assets>
    </extension>
</addon>
