<?xml version="1.0" encoding="UTF-8"?>
<window type="dialog" id="1261">
    <defaultcontrol>11</defaultcontrol>
    <controls>
        <include>GlobalOverlay</include>
        <control type="group">
            <include>DefDialogOK</include>
            <control type="label">
                <include content="DefDialogHeader">
                    <param name="left" value="75"/>
                    <param name="posy" value="0"/>
                </include>
                <label>$LOCALIZE[31679]$INFO[Skin.String(color.preset.name.own), - ,]</label>
            </control>
            <control type="textbox">
                <height>230</height>
                <align>left</align>
                <left>10</left>
                <font>Tiny</font>
                <posy>108</posy>
                <label>$VAR[Label_ColorSave]</label>
            </control>
            <control type="grouplist">
                <posy>310</posy>
                <height>66</height>
                <width>100%</width>
                <align>center</align>
                <orientation>horizontal</orientation>
                <itemgap>30</itemgap>
                <control type="button" id="11">
                    <description>Yes</description>
                    <width>320</width>
                    <label>107</label>
                    <font>Button</font>
                    <texturefocus colordiffuse="$VAR[ColorHighlight]" border="5">common/box.png</texturefocus>
                    <texturenofocus colordiffuse="Black12" border="5">common/box.png</texturenofocus>
                    
                    <!-- Reset old config values -->
                    <onclick>Skin.Reset(focuscolor.name.own)</onclick>
                    <onclick>Skin.Reset(squarecolor.name.own)</onclick>
                    <onclick>Skin.Reset(squarecolor2.name.own)</onclick>
                    <onclick>Skin.Reset(selectotherbarcolor.name.own)</onclick>
                    <onclick>Skin.Reset(focuscolorotherbar.name.own)</onclick>
                    <onclick>Skin.Reset(kodilogocolor.name.own)</onclick>
                    <onclick>Skin.Reset(kodilogocolorgradient.name.own)</onclick>
                    <onclick>Skin.Reset(userratingcolor.name.own)</onclick>
                    <onclick>Skin.Reset(ratingcolor.name.own)</onclick>
                    <onclick>Skin.Reset(starscolor.name.own)</onclick>
                    <onclick>Skin.Reset(focuscolor2.name.own)</onclick>
                    <onclick>Skin.Reset(selectbarcolor.name.own)</onclick>
                    
                    <!-- Set new config values -->
                    <onclick condition="!String.IsEmpty(Skin.String(focuscolor.name))">Skin.SetString(focuscolor.name.own,$INFO[Skin.String(focuscolor.name)])</onclick>
                    <onclick condition="!String.IsEmpty(Skin.String(squarecolor.name))">Skin.SetString(squarecolor.name.own,$INFO[Skin.String(squarecolor.name)])</onclick>
                    <onclick condition="!String.IsEmpty(Skin.String(squarecolor2.name))">Skin.SetString(squarecolor2.name.own,$INFO[Skin.String(squarecolor2.name)])</onclick>
                    <onclick condition="!String.IsEmpty(Skin.String(selectotherbarcolor.name))">Skin.SetString(selectotherbarcolor.name.own,$INFO[Skin.String(selectotherbarcolor.name)])</onclick>
                    <onclick condition="!String.IsEmpty(Skin.String(focuscolorotherbar.name))">Skin.SetString(focuscolorotherbar.name.own,$INFO[Skin.String(focuscolorotherbar.name)])</onclick>
                    <onclick condition="!String.IsEmpty(Skin.String(kodilogocolor.name))">Skin.SetString(kodilogocolor.name.own,$INFO[Skin.String(kodilogocolor.name)])</onclick>
                    <onclick condition="!String.IsEmpty(Skin.String(kodilogocolorgradient.name))">Skin.SetString(kodilogocolorgradient.name.own,$INFO[Skin.String(kodilogocolorgradient.name)])</onclick>
                    <onclick condition="!String.IsEmpty(Skin.String(userratingcolor.name))">Skin.SetString(userratingcolor.name.own,$INFO[Skin.String(userratingcolor.name)])</onclick>
                    <onclick condition="!String.IsEmpty(Skin.String(ratingcolor.name))">Skin.SetString(ratingcolor.name.own,$INFO[Skin.String(ratingcolor.name)])</onclick>
                    <onclick condition="!String.IsEmpty(Skin.String(starscolor.name))">Skin.SetString(starscolor.name.own,$INFO[Skin.String(starscolor.name)])</onclick>
                    <onclick condition="!String.IsEmpty(Skin.String(focuscolor2.name))">Skin.SetString(focuscolor2.name.own,$INFO[Skin.String(focuscolor2.name)])</onclick>
                    <onclick condition="!String.IsEmpty(Skin.String(selectbarcolor.name))">Skin.SetString(selectbarcolor.name.own,$INFO[Skin.String(selectbarcolor.name)])</onclick>
                    
                    <!-- Set config name -->
                    <onclick>Skin.SetString(color.preset.name.own)</onclick>
                    <onclick>Skin.SetString(colorpresent,8)</onclick>
                            
                    <onclick>close</onclick>
                </control>
                <control type="button" id="10">
                    <description>No</description>
                    <width>320</width>
                    <label>106</label>
                    <font>Button</font>
                    <texturefocus colordiffuse="$VAR[ColorHighlight]" border="5">common/box.png</texturefocus>
                    <texturenofocus colordiffuse="Black12" border="5">common/box.png</texturenofocus>
                    <onclick>close</onclick>
                </control>
            </control>
        </control>
    </controls>
</window>