<?xml version="1.0" encoding="UTF-8"?>
<!-- Foundation -->
<window id="115">
    <defaultcontrol always="true">901</defaultcontrol>
    <visible>Window.IsActive(fullscreenvideo) + !Window.IsActive(script.pseudotv.TVOverlay.xml) + !Window.IsActive(script.pseudotv.live.TVOverlay.xml)</visible>
    <allowoverlay>no</allowoverlay>
    <visible>[[VideoPlayer.IsFullscreen] + [Window.IsVisible(videoosd) | Window.IsVisible(fullscreeninfo) | Player.Seeking | Player.DisplayAfterSeek | Player.Paused | !String.IsEmpty(Player.SeekNumeric) | !String.IsEmpty(PVR.ChannelNumberInput) | Player.Forwarding | Player.Rewinding | Player.ShowInfo | !String.IsEmpty(Window(home).Property(osdshowinfo))]] | !String.IsEmpty(Window(home).Property(osdinfo))</visible>
    <zorder>0</zorder>
    <controls>
        <include condition="!Skin.HasSetting(osd.usethemeNewOSD) + !Skin.HasSetting(osd.usethemeNewOSDSide)">Seekbar1</include>
        <include condition="Skin.HasSetting(osd.usethemeNewOSD)">Seekbar2</include>
        <include condition="Skin.HasSetting(osd.usethemeNewOSDSide)">Seekbar3</include>
        <include>ChannelNumberInput</include>

        <!-- Clock -->
        <include>Furniture_OSDClock</include>
    </controls>
</window>