<?xml version="1.0" encoding="UTF-8"?>
<includes>

    <include name="InfoSubWidgetWeatherNormal">
        <control type="group">
            <animation effect="slide" start="0" end="0,385" time="0" condition="[Integer.IsEqual(Container(301).NumItems,1) + !String.IsEqual(Container(300).ListItem.Property(widgetFullscreen),yes)] +  !Skin.HasSetting(homemenu.netflix) + !Skin.HasSetting(home.widgets.show.reflections)">Conditional</animation>
            <animation effect="slide" start="0" end="0,415" time="0" condition="[Integer.IsEqual(Container(301).NumItems,1) + !String.IsEqual(Container(300).ListItem.Property(widgetFullscreen),yes)] +  !Skin.HasSetting(homemenu.netflix) + Skin.HasSetting(home.widgets.show.reflections)">Conditional</animation>
            <include condition="!Skin.HasSetting(widgets.fade)">Animation.Vertical.Widgets.Label</include>
            <width>1920</width>
            <height>400</height>
            <control type="group">
                <left>0</left>
                <orientation>vertical</orientation>
                <itemgap>11</itemgap>
                <include content="MultiWidgetsHeaderLabel">
                    <param name="label" value="$VAR[LabelWeatherLocation]" />
                    <param name="visible" value="true" />
                </include>
                <include condition="Skin.HasSetting(homemenu.netflix) + !Skin.HasSetting(home.netflix.clearlogo) | Skin.HasSetting(homemenu.clean.flix)">IntentButton</include>
                <control type="group">
                    <include content="def_top" condition="Skin.HasSetting(homemenu.netflix) + Skin.HasSetting(home.netflix.clearlogo)">
                        <param name="top" value="73" />
                    </include>
                    <top>89</top>
                    <orientation>horizontal</orientation>
                    <control type="grouplist">
                        <include>Animation.Weather.FadeInOut</include>
                        <visible>[[Integer.IsGreater(System.Time(ss),0) | String.IsEqual(System.Time(ss),00)] + !Integer.IsGreater(System.Time(ss),10)] | [Integer.IsGreater(System.Time(ss),20) + !Integer.IsGreater(System.Time(ss),30)] | [Integer.IsGreater(System.Time(ss),40) + !Integer.IsGreater(System.Time(ss),50)]</visible>
                        <itemgap>0</itemgap>
                        <width>350</width>
                        <usecontrolcoords>true</usecontrolcoords>
                        <orientation>vertical</orientation>
                        <control type="grouplist">
                            <orientation>horizontal</orientation>
                            <align>left</align>
                            <height>48</height>
                            <control type="button">
                                <height>48</height>
                                <font>Tiny</font>
                                <align>left</align>
                                <textoffsetx>0</textoffsetx>
                                <width>auto</width>
                                <texturenofocus border="8" colordiffuse="Dark3">common/underline.png</texturenofocus>
                                <textcolor>Dark2</textcolor>
                                <disabledcolor>Dark2</disabledcolor>
                                <label>$LOCALIZE[19030]: $INFO[Weather.Temperature]</label>
                                <enable>false</enable>
                            </control>
                        </control>
                        <control type="label">
                            <height>32</height>
                            <aligny>top</aligny>
                            <align>left</align>
                            <font>Tiny</font>
                            <textcolor>Dark2</textcolor>
                            <label>$INFO[Window(Weather).Property(Current.Condition)]</label>
                        </control>
                        <control type="grouplist">
                            <top>24</top>
                            <orientation>horizontal</orientation>
                            <align>left</align>
                            <height>48</height>
                            <control type="button">
                                <height>48</height>
                                <font>Tiny</font>
                                <align>left</align>
                                <textoffsetx>0</textoffsetx>
                                <width>auto</width>
                                <texturenofocus border="8" colordiffuse="Dark3">common/underline.png</texturenofocus>
                                <textcolor>Dark2</textcolor>
                                <disabledcolor>Dark2</disabledcolor>
                                <label>$LOCALIZE[402]$INFO[Window(Weather).Property(Current.FeelsLike), ,°]</label>
                                <enable>false</enable>
                            </control>
                        </control>
                        <control type="label">
                            <height>32</height>
                            <aligny>top</aligny>
                            <align>left</align>
                            <font>Tiny</font>
                            <textcolor>Dark2</textcolor>
                            <label>$INFO[Window(Weather).Property(Current.Humidity),, [LOWERCASE]$LOCALIZE[406][/LOWERCASE]]</label>
                        </control>
                    </control>
                    <control type="grouplist">
                        <include>Animation.Weather.FadeInOut</include>
                        <visible>[[Integer.IsGreater(System.Time(ss),0) | String.IsEqual(System.Time(ss),00)] + !Integer.IsGreater(System.Time(ss),10)] | [Integer.IsGreater(System.Time(ss),20) + !Integer.IsGreater(System.Time(ss),30)] | [Integer.IsGreater(System.Time(ss),40) + !Integer.IsGreater(System.Time(ss),50)]</visible>
                        <itemgap>0</itemgap>
                        <width>350</width>
                        <left>350</left>
                        <usecontrolcoords>true</usecontrolcoords>
                        <orientation>vertical</orientation>
                        <control type="grouplist">
                            <orientation>horizontal</orientation>
                            <align>left</align>
                            <height>48</height>
                            <control type="button">
                                <height>48</height>
                                <font>Tiny</font>
                                <align>left</align>
                                <textoffsetx>0</textoffsetx>
                                <width>auto</width>
                                <texturenofocus border="8" colordiffuse="Dark3">common/underline.png</texturenofocus>
                                <textcolor>Dark2</textcolor>
                                <disabledcolor>Dark2</disabledcolor>
                                <label>$VAR[Weather_Sunrise]</label>
                                <enable>false</enable>
                            </control>
                        </control>
                        <control type="label">
                            <height>32</height>
                            <aligny>top</aligny>
                            <align>left</align>
                            <font>Tiny</font>
                            <textcolor>Dark2</textcolor>
                            <label>$INFO[Window(Weather).Property(Current.DewPoint),$LOCALIZE[405] ,°]</label>
                        </control>
                        <control type="grouplist">
                            <top>24</top>
                            <orientation>horizontal</orientation>
                            <align>left</align>
                            <height>48</height>
                            <control type="button">
                                <height>48</height>
                                <font>Tiny</font>
                                <align>left</align>
                                <textoffsetx>0</textoffsetx>
                                <width>auto</width>
                                <texturenofocus border="8" colordiffuse="Dark3">common/underline.png</texturenofocus>
                                <textcolor>Dark2</textcolor>
                                <disabledcolor>Dark2</disabledcolor>
                                <label>$VAR[Weather_Sunset]</label>
                                <enable>false</enable>
                            </control>
                        </control>
                        <control type="label">
                            <height>32</height>
                            <aligny>top</aligny>
                            <align>left</align>
                            <font>Tiny</font>
                            <textcolor>Dark2</textcolor>
                            <label>$VAR[Weather_LowTemp,$LOCALIZE[391] ,]$VAR[Weather_HighTemp,  -  $LOCALIZE[393] ,]</label>
                        </control>
                    </control>
                    <control type="grouplist">
                        <include>Animation.Weather.FadeInOut</include>
                        <visible>![[[Integer.IsGreater(System.Time(ss),0) | String.IsEqual(System.Time(ss),00)] + !Integer.IsGreater(System.Time(ss),10)] | [Integer.IsGreater(System.Time(ss),20) + !Integer.IsGreater(System.Time(ss),30)] | [Integer.IsGreater(System.Time(ss),40) + !Integer.IsGreater(System.Time(ss),50)]]</visible>
                        <left>0</left>
                        <itemgap>0</itemgap>
                        <width>350</width>
                        <usecontrolcoords>true</usecontrolcoords>
                        <orientation>vertical</orientation>
                        <control type="grouplist">
                            <orientation>horizontal</orientation>
                            <align>left</align>
                            <height>48</height>
                            <control type="button">
                                <height>48</height>
                                <font>Tiny</font>
                                <align>left</align>
                                <textoffsetx>0</textoffsetx>
                                <width>auto</width>
                                <texturenofocus border="8" colordiffuse="Dark3">common/underline.png</texturenofocus>
                                <textcolor>Dark2</textcolor>
                                <disabledcolor>Dark2</disabledcolor>
                                <label>$LOCALIZE[383]</label>
                                <enable>false</enable>
                            </control>
                        </control>
                        <control type="label">
                            <height>32</height>
                            <aligny>top</aligny>
                            <align>left</align>
                            <font>Tiny</font>
                            <textcolor>Dark2</textcolor>
                            <label>$INFO[Window(Weather).Property(Current.Wind)]</label>
                        </control>
                        <control type="grouplist">
                            <top>24</top>
                            <orientation>horizontal</orientation>
                            <align>left</align>
                            <height>48</height>
                            <control type="button">
                                <height>48</height>
                                <font>Tiny</font>
                                <align>left</align>
                                <textoffsetx>0</textoffsetx>
                                <width>auto</width>
                                <texturenofocus border="8" colordiffuse="Dark3">common/underline.png</texturenofocus>
                                <textcolor>Dark2</textcolor>
                                <disabledcolor>Dark2</disabledcolor>
                                <label>$VAR[Weather_UVIndex_Label]</label>
                                <enable>false</enable>
                            </control>
                        </control>
                        <control type="label">
                            <height>32</height>
                            <aligny>top</aligny>
                            <align>left</align>
                            <font>Tiny</font>
                            <textcolor>Dark2</textcolor>
                            <label>$VAR[Weather_UVIndex_Info]</label>
                        </control>
                    </control>
                    <control type="grouplist">
                        <include>Animation.Weather.FadeInOut</include>
                        <visible>![[[Integer.IsGreater(System.Time(ss),0) | String.IsEqual(System.Time(ss),00)] + !Integer.IsGreater(System.Time(ss),10)] | [Integer.IsGreater(System.Time(ss),20) + !Integer.IsGreater(System.Time(ss),30)] | [Integer.IsGreater(System.Time(ss),40) + !Integer.IsGreater(System.Time(ss),50)]]</visible>
                        <left>350</left>
                        <itemgap>0</itemgap>
                        <width>350</width>
                        <usecontrolcoords>true</usecontrolcoords>
                        <orientation>vertical</orientation>
                        <control type="grouplist">
                            <orientation>horizontal</orientation>
                            <align>left</align>
                            <height>48</height>
                            <control type="button">
                                <height>48</height>
                                <font>Tiny</font>
                                <align>left</align>
                                <textoffsetx>0</textoffsetx>
                                <width>auto</width>
                                <texturenofocus border="8" colordiffuse="Dark3">common/underline.png</texturenofocus>
                                <textcolor>Dark2</textcolor>
                                <disabledcolor>Dark2</disabledcolor>
                                <label>$LOCALIZE[31413]</label>
                                <enable>false</enable>
                            </control>
                        </control>
                        <control type="label">
                            <height>32</height>
                            <aligny>top</aligny>
                            <align>left</align>
                            <font>Tiny</font>
                            <textcolor>Dark2</textcolor>
                            <label>$INFO[Weather.location]</label>
                        </control>
                    </control>
                    <control type="grouplist">
                        <width>422</width>
                        <right>SidePad</right>
                        <orientation>vertical</orientation>
                        <usecontrolcoords>true</usecontrolcoords>
                        <animation effect="fade" start="100" end="0" time="400" condition="!ControlGroup(301).HasFocus() + $EXP[HomeIsVerticalMultiWidgets]">Conditional</animation>
                        <itemgap>15</itemgap>
                        <control type="image">
                            <top>0</top>
                            <left>20</left>
                            <height>300</height>
                            <width>300</width>
                            <aspectratio align="center" aligny="center">keep</aspectratio>
                            <texture>$INFO[Skin.String(weather.icons.path),,/]$INFO[Window(weather).Property(Current.FanartCode),,.png]</texture>
                            <visible>!String.IsEmpty(Skin.String(weather.icons.path))</visible>
                        </control>
                        <control type="multiimage">
                            <top>0</top>
                            <left>20</left>
                            <width>300</width>
                            <height>300</height>
                            <aspectratio align="center" aligny="center">keep</aspectratio>
                            <imagepath>$INFO[Skin.String(weather.icons.path),,/]$INFO[Window(weather).Property(Current.FanartCode)]</imagepath>
                            <visible>!String.IsEmpty(Skin.String(weather.icons.path)) + String.Contains(Skin.String(weather.icons.path),animated)</visible>
                        </control>
                        <control type="image">
                            <top>0</top>
                            <left>20</left>
                            <height>300</height>
                            <width>300</width>
                            <aspectratio align="center" aligny="center">keep</aspectratio>
                            <texture>$INFO[Window(Weather).Property(Current.ConditionIcon)]</texture>
                            <visible>String.IsEmpty(Skin.String(weather.icons.path))</visible>
                        </control>
                    </control>
                </control>
            </control>
            <control type="textbox">
                <height>82</height>
                <bottom>18</bottom>
                <aligny>bottom</aligny>
                <align>left</align>
                <font>Tiny</font>
                <textcolor>Dark3</textcolor>
                <visible>Skin.HasSetting(homemenu.netflix)</visible>
                <label>$INFO[System.AddonTitle(Weather.plugin)]  •  $INFO[Window(Weather).Property(Updated),$LOCALIZE[12014]: ,]</label>
                <animation effect="slide" start="0" end="0,-10" time="0" condition="!Skin.HasSetting(homemenu.clean.flix)">Conditional</animation>
            </control>
            <control type="textbox">
                <height>82</height>
                <bottom>33</bottom>
                <aligny>bottom</aligny>
                <align>left</align>
                <font>Tiny</font>
                <textcolor>Dark3</textcolor>
                <visible>!Skin.HasSetting(homemenu.netflix)</visible>
                <label>$INFO[System.AddonTitle(Weather.plugin)][CR]$INFO[Window(Weather).Property(Updated),$LOCALIZE[12014]: ,]</label>
                <animation effect="slide" start="0" end="0,-10" time="0" condition="!Skin.HasSetting(homemenu.clean.flix) + !Skin.HasSetting(homemenu.netflix)">Conditional</animation>
            </control>
        </control>
    </include>

    <include name="InfoSubWidgetSystemInclude">
        <control type="group">
            <animation effect="slide" start="0" end="0,385" time="0" condition="[Integer.IsEqual(Container(301).NumItems,1) + !String.IsEqual(Container(300).ListItem.Property(widgetFullscreen),yes)] +  !Skin.HasSetting(homemenu.netflix) + !Skin.HasSetting(home.widgets.show.reflections)">Conditional</animation>
            <animation effect="slide" start="0" end="0,415" time="0" condition="[Integer.IsEqual(Container(301).NumItems,1) + !String.IsEqual(Container(300).ListItem.Property(widgetFullscreen),yes)] +  !Skin.HasSetting(homemenu.netflix) + Skin.HasSetting(home.widgets.show.reflections)">Conditional</animation>
            <include>Animation.Vertical.Widgets.Label</include>
            <control type="grouplist">
                <left>0</left>
                <orientation>vertical</orientation>
                <itemgap>15</itemgap>
                <include content="MultiWidgetsHeaderLabel">
                    <param name="label" value="$LOCALIZE[130]" />
                    <param name="visible" value="true" />
                </include>
                <include condition="Skin.HasSetting(homemenu.netflix) + !Skin.HasSetting(home.netflix.clearlogo) | Skin.HasSetting(homemenu.clean.flix)">IntentButton</include>
                <control type="grouplist">
                    <animation effect="slide" start="0" end="0,-2" time="0" condition="true">Conditional</animation>
                    <width>1500</width>
                    <orientation>vertical</orientation>
                    <usecontrolcoords>true</usecontrolcoords>
                    <itemgap>0</itemgap>
                    <control type="label">
                        <font>Tiny</font>
                        <width>100%</width>
                        <height>36</height>
                        <align>left</align>
                        <textcolor>Dark2</textcolor>
                        <label>$INFO[System.ScreenResolution,$LOCALIZE[13287] ,]</label>
                        <visible>!String.IsEmpty(System.ScreenResolution)</visible>
                    </control>
                    <control type="label">
                        <font>Tiny</font>
                        <width>100%</width>
                        <height>36</height>
                        <align>left</align>
                        <textcolor>Dark2</textcolor>
                        <label>$INFO[System.VideoEncoderInfo,$LOCALIZE[13286] ,]</label>
                        <visible>!String.IsEmpty(System.VideoEncoderInfo)</visible>
                    </control>
                    <control type="label">
                        <font>Tiny</font>
                        <width>100%</width>
                        <height>36</height>
                        <align>left</align>
                        <textcolor>Dark2</textcolor>
                        <label>$INFO[System.OSVersionInfo,$LOCALIZE[24051] ,]</label>
                        <visible>!String.IsEmpty(System.OSVersionInfo)</visible>
                    </control>
                    <control type="label">
                        <font>Tiny</font>
                        <width>100%</width>
                        <height>36</height>
                        <align>left</align>
                        <textcolor>Dark2</textcolor>
                        <label/>
                    </control>
                    <control type="label">
                        <font>Tiny</font>
                        <width>100%</width>
                        <height>36</height>
                        <align>left</align>
                        <textcolor>Dark2</textcolor>
                        <label>$INFO[System.Uptime,$LOCALIZE[12390]: ,]</label>
                        <visible>!String.IsEmpty(System.Uptime)</visible>
                    </control>
                    <control type="label">
                        <font>Tiny</font>
                        <width>100%</width>
                        <height>36</height>
                        <align>left</align>
                        <textcolor>Dark2</textcolor>
                        <label>$INFO[System.TotalUptime,$LOCALIZE[12394]: ,]</label>
                        <visible>!String.IsEmpty(System.TotalUptime)</visible>
                    </control>
                    <control type="label">
                        <font>Tiny</font>
                        <width>100%</width>
                        <height>36</height>
                        <align>left</align>
                        <textcolor>Dark2</textcolor>
                        <label/>
                    </control>
                    <control type="label">
                        <font>Tiny</font>
                        <width>100%</width>
                        <height>36</height>
                        <align>left</align>
                        <textcolor>Dark2</textcolor>
                        <visible>!Skin.HasSetting(homemenu.netflix)</visible>
                        <label>$LOCALIZE[31399] v$INFO[System.AddonVersion(skin.arctic.zephyr.mod)]</label>
                    </control>
                </control>
            </control>
        </control>
    </include>
    
    <include name="InfoSubWidgetSettingsInclude">
        <control type="group">
            <animation effect="slide" start="0" end="0,385" time="0" condition="[Integer.IsEqual(Container(301).NumItems,1) + !String.IsEqual(Container(300).ListItem.Property(widgetFullscreen),yes)] +  !Skin.HasSetting(homemenu.netflix) + !Skin.HasSetting(home.widgets.show.reflections)">Conditional</animation>
            <animation effect="slide" start="0" end="0,415" time="0" condition="[Integer.IsEqual(Container(301).NumItems,1) + !String.IsEqual(Container(300).ListItem.Property(widgetFullscreen),yes)] +  !Skin.HasSetting(homemenu.netflix) + Skin.HasSetting(home.widgets.show.reflections)">Conditional</animation>
            <include>Animation.Vertical.Widgets.Label</include>
            <control type="grouplist">
                <left>0</left>
                <orientation>vertical</orientation>
                <itemgap>15</itemgap>
                <include content="MultiWidgetsHeaderLabel">
                    <param name="label" value="$INFO[Container($PARAM[id]).ListItem.Label]" />
                    <param name="visible" value="true" />
                </include>
                <include condition="Skin.HasSetting(homemenu.netflix) + !Skin.HasSetting(home.netflix.clearlogo) | Skin.HasSetting(homemenu.clean.flix)">IntentButton</include>
                <control type="textbox">
                    <include content="def_height" condition="Skin.HasSetting(homemenu.clean.flix)">
                        <param name="height" value="216" />
                    </include>
                    <height min="36" max="252">auto</height>
                    <align>left</align>
                    <font>Tiny</font>
                    <textcolor>Dark2</textcolor>
                    <label>$INFO[Container($PARAM[id]).ListItem.Label2]</label>
                </control>
            </control>
        </control>
    </include>
</includes>