<?xml version="1.0" encoding="UTF-8"?>
<window type="dialog">
    <controls>
        <control type="group">
            <right>72</right>
            <posy>70</posy>
            <width>660</width>
            <height>100</height>
            <include>Animation.FadeIn.Slide</include>
            <include>Animation.FadeOut</include>
            <visible>!Window.IsActive(DialogNotification.xml)</visible>
            <visible>!Window.IsActive(DialogVideoInfo.xml)</visible>
            <visible>!Window.IsActive(DialogMusicInfo.xml)</visible>
            <visible>!Window.IsActive(DialogAddonInfo.xml)</visible>
            <visible>!Window.IsActive(DialogPVRInfo.xml)</visible>
            <visible>!Window.IsVisible(fullscreenvideo)</visible>
            <visible>!Window.IsVisible(visualisation)</visible>
            <control type="image">
                <description>background image</description>
                <posx>0</posx>
                <posy>0</posy>
                <width>660</width>
                <height>100</height>
                <animation effect="fade" start="100" end="90" condition="true">Conditional</animation>
                <texture border="16" diffuse="diffuse/wall-fanart.png" colordiffuse="Background">common/rounded-shadow8.png</texture>
            </control>
            <control type="image">
                <left>7</left>
                <top>7</top>
                <right>7</right>
                <bottom>7</bottom>
                <texture colordiffuse="BoxNotification" border="4" background="true">common/box21.png</texture>
                <visible>!Skin.HasSetting(thumbnails.white)</visible>
            </control>
            <control type="group">
                <control type="group">
                    <left>20</left>
                    <centertop>50%</centertop>
                    <width>64</width>
                    <height>64</height>
                    <control type="image" description="Back">
                        <centerleft>50%</centerleft>
                        <centertop>50%</centertop>
                        <width>100</width>
                        <height>100</height>
                        <aspectratio align="center" aligny="center">keep</aspectratio>
                        <texture>dialog/loading-back-busy.png</texture>
                        <colordiffuse>Dark1</colordiffuse>
                        <animation effect="fade" start="0" end="100" time="150">VisibleChange</animation>
                    </control>
                    <control type="image">
                        <centerleft>50%</centerleft>
                        <centertop>50%</centertop>
                        <width>100</width>
                        <height>100</height>
                        <texture colordiffuse="$VAR[ColorHighlight]">$INFO[Control.GetLabel(32),progress/circle/p,.png]</texture>
                        <aspectratio align="center">keep</aspectratio>
                    </control>
                </control>
                <control type="label" id="30">
                    <left>104</left>
                    <right>20</right>
                    <top>22</top>
                    <height>24</height>
                    <aligny>center</aligny>
                    <font>NotificationBold</font>
                    <textcolor>Dark1</textcolor>
                </control>
                <control type="label" id="31">
                    <left>104</left>
                    <right>20</right>
                    <bottom>22</bottom>
                    <height>24</height>
                    <aligny>center</aligny>
                    <font>Tiny</font>
                    <textcolor>Dark1</textcolor>
                </control>
            </control>
        </control>
        <control type="progress" id="32">
            <texturebg />
            <lefttexture />
            <midtexture />
            <righttexture />
            <info>Player.Progress</info>
            <animation effect="fade" start="0" end="0" condition="true">Conditional</animation>
        </control>
    </controls>
</window>
