<?xml version="1.0" encoding="UTF-8"?>
<!-- Foundation -->
<window id="11">
    <defaultcontrol always="true">8</defaultcontrol>
    <controls>
        <control type="image" description="Background">
            <include>Dimensions_Fullscreen</include>
            <texture colordiffuse="Background">common/bg.jpg</texture>
            <visible>!Player.HasVideo</visible>
        </control>
        <control type="videowindow" id="20">
            <description>videowindow</description>
            <include>Dimensions_Fullscreen</include>
            <visible>Player.HasVideo</visible>
        </control>
        <control type="mover" id="8">
            <description>top left mover</description>
            <posx>0</posx>
            <posy>0</posy>
            <width>192</width>
            <height>192</height>
            <texturefocus>other_textures/calibratetopleft.png</texturefocus>
            <texturenofocus />
        </control>
        <control type="mover" id="9">
            <description>right bottom mover</description>
            <posx>1050</posx>
            <posy>750</posy>
            <width>192</width>
            <height>192</height>
            <texturefocus>other_textures/calibratebottomright.png</texturefocus>
            <texturenofocus />
        </control>
        <control type="mover" id="10">
            <description>subtitle position mover</description>
            <posx>300</posx>
            <posy>750</posy>
            <width>768</width>
            <height>192</height>
            <texturefocus>other_textures/calibratesubtitles.png</texturefocus>
            <texturenofocus />
        </control>
        <control type="resize" id="11">
            <description>pixel aspect ratio box</description>
            <posx>0</posx>
            <posy>348</posy>
            <width>384</width>
            <height>384</height>
            <texturefocus>other_textures/calibratepixelratio.png</texturefocus>
            <texturenofocus />
        </control>
        <control type="label" id="2">
            <description>coordinates label</description>
            <posx>30</posx>
            <posy>480</posy>
            <width>1860</width>
            <align>center</align>
            <textcolor>Dark1</textcolor>
            <animation effect="slide" start="0" end="0,350" time="0" condition="Control.HasFocus(11)">Conditional</animation>
            <label />
        </control>
        <control type="label" id="3">
            <description>help information</description>
            <posx>30</posx>
            <posy>525</posy>
            <width>1860</width>
            <align>center</align>
            <textcolor>Dark1</textcolor>
            <animation effect="slide" start="0" end="0,350" time="0" condition="Control.HasFocus(11)">Conditional</animation>
            <label />
        </control>
    </controls>
</window>