<?xml version="1.0" encoding="UTF-8"?>
<!-- Foundation -->
<includes>

    <include name="View_505_506_Wall">
        <control type="group">
            <include>Animation.Common</include>
            <visible>Control.IsVisible(505)</visible>
            <include>ViewSlideForJumpBar</include>
            <control type="panel" id="505">
                <visible>String.Contains(Container.FolderPath,plugin://plugin.program.advanced.launcher/,left) | Container.Content(artists) | Container.Content(albums) | Container.Content(musicvideos)</visible>
                <top>206</top>
                <right>70</right>
                <width>1120</width>
                <height>674</height>
                <onleft condition="!Skin.HasSetting(global.kioskmode)">9000</onleft>
                <onright>60</onright>
                <onup>505</onup>
                <ondown>505</ondown>
                <preloaditems>2</preloaditems>
                <pagecontrol>60</pagecontrol>
                <include content="forced_view" condition="Skin.HasSetting(enable.forcedviews)">
                    <param name="string" value="$LOCALIZE[31241]" />
                </include>
                <viewtype label="31241">list</viewtype>
                <include>ScrolltimeViewsList</include>
                <itemlayout height="337" width="222">
                    <control type="group">
                        <height>222</height>
                        <include content="include.widget.poster">
                            <param name="id" value="505"/>
                            <param name="height" value="222"/>
                        </include>
                    </control>
                    <control type="textbox">
                        <top>222</top>
                        <left>20</left>
                        <right>20</right>
                        <height>106</height>
                        <textcolor>Dark1</textcolor>
                        <font>Tiny</font>
                        <align>center</align>
                        <autoscroll>false</autoscroll>
                        <label>$INFO[ListItem.Label]</label>
                    </control>
                </itemlayout>
                <focusedlayout height="337" width="222">
                    <control type="group">
                        <height>222</height>
                        <include content="include.widget.poster.focus">
                            <param name="id" value="505"/>
                            <param name="height" value="222"/>
                            <param name="glow_height" value="224"/>
                            <param name="glow_top" value="-1"/>
                            <param name="glow_left" value="-1"/>
                        </include>
                    </control>
                    <control type="textbox">
                        <top>222</top>
                        <left>20</left>
                        <right>20</right>
                        <height>106</height>
                        <textcolor>Dark1</textcolor>
                        <font>Tiny</font>
                        <align>center</align>
                        <autoscroll>false</autoscroll>
                        <label>$INFO[ListItem.Label]</label>
                    </control>
                </focusedlayout>
            </control>
            <include>Furniture_Scrollbar</include>
            <control type="group" description="Poster">
                <width>PosterH</width>
                <include content="Fanart_Info">
                    <param name="posx" value="70"/>
                </include>
            </control>
        </control>
        <control type="group">
            <include>Animation.Common</include>
            <visible>Control.IsVisible(506)</visible>
            <control type="panel" id="506">
                <visible>String.Contains(Container.FolderPath,plugin://plugin.program.advanced.launcher/,left) | Container.Content(musicvideos) | Container.Content(albums)</visible>
                <top>206</top>
                <right>70</right>
                <width>1120</width>
                <height>660</height>
                <onleft condition="!Skin.HasSetting(global.kioskmode)">9000</onleft>
                <onright>60</onright>
                <onup>506</onup>
                <ondown>506</ondown>
                <preloaditems>2</preloaditems>
                <pagecontrol>60</pagecontrol>
                <include content="forced_view" condition="Skin.HasSetting(enable.forcedviews)">
                    <param name="string" value="$LOCALIZE[536]" />
                </include>
                <viewtype label="536">list</viewtype>
                <include>ScrolltimeViewsList</include>
                <itemlayout height="220" width="224">
                    <include content="include.widget.poster">
                        <param name="id" value="506"/>
                        <param name="height" value="220"/>
                    </include>
                </itemlayout>
                <focusedlayout height="220" width="224">
                    <include content="include.widget.poster.focus">
                        <param name="id" value="506"/>
                        <param name="height" value="220"/>
                        <param name="glow_height" value="222"/>
                        <param name="glow_top" value="-1"/>
                        <param name="glow_left" value="-1"/>
                    </include>
                </focusedlayout>
            </control>
            <include>Furniture_Scrollbar</include>
            <control type="group" description="Poster">
                <left>SidePad</left>
                <top>PosterPad</top>
                <control type="image">
                    <centertop>PosterH</centertop>
                    <width>PosterH</width>
                    <height>48</height>
                    <aspectratio>stretch</aspectratio>
                    <texture>diffuse/shadowspot.png</texture>
                </control>
                <control type="image">
                    <width>PosterH</width>
                    <height>PosterH</height>
                    <texture border="5" colordiffuse="FF181818">common/box.png</texture>
                </control>
                <control type="image">
                    <width>PosterH</width>
                    <height>PosterH</height>
                    <fadetime>PosterFanartFadetime</fadetime>
                    <aspectratio align="center" aligny="center" scalediffuse="false">scale</aspectratio>
                    <texture diffuse="diffuse/listposter.png" background="true">$VAR[PosterImage]</texture>
                </control>
                <control type="image">
                    <left>-24</left>
                    <top>-24</top>
                    <width>PosterShadowH</width>
                    <height>PosterShadowH</height>
                    <texture border="32">common/$VAR[shadow-24]</texture>
                </control>
            </control>
        </control>
        <control type="group">
            <include>Animation.Common</include>
            <visible>Control.IsVisible(507)</visible>
            <include>ViewSlideForJumpBar</include>
            <control type="panel" id="507">
                <visible>String.Contains(Container.FolderPath,plugin://plugin.program.advanced.launcher/,left) | Container.Content(musicvideos) | Container.Content(artists) | Container.Content(albums)</visible>
                <top>206</top>
                <right>70</right>
                <left>70</left>
                <height>674</height>
                <onleft condition="!Skin.HasSetting(global.kioskmode)">9000</onleft>
                <onright>60</onright>
                <onup>507</onup>
                <ondown>507</ondown>
                <preloaditems>2</preloaditems>
                <pagecontrol>60</pagecontrol>
                <include content="forced_view" condition="Skin.HasSetting(enable.forcedviews)">
                    <param name="string" value="$LOCALIZE[536]" />
                </include>
                <viewtype label="536">list</viewtype>
                <include>ScrolltimeViewsList</include>
                <itemlayout height="337" width="222">
                    <control type="group">
                        <height>225</height>
                        <include content="include.widget.poster">
                            <param name="id" value="507"/>
                            <param name="height" value="225"/>
                        </include>
                    </control>
                    <control type="textbox">
                        <top>222</top>
                        <left>20</left>
                        <right>20</right>
                        <height>106</height>
                        <textcolor>Dark1</textcolor>
                        <font>Tiny</font>
                        <align>center</align>
                        <autoscroll>false</autoscroll>
                        <label>$INFO[ListItem.Label]</label>
                    </control>
                </itemlayout>
                <focusedlayout height="337" width="222">
                    <control type="group">
                        <height>225</height>
                        <include content="include.widget.poster.focus">
                            <param name="id" value="507"/>
                            <param name="height" value="225"/>
                            <param name="glow_height" value="225"/>
                            <param name="glow_top" value="-1"/>
                            <param name="glow_left" value="-1"/>
                        </include>
                    </control>
                    <control type="textbox">
                        <top>222</top>
                        <left>20</left>
                        <right>20</right>
                        <height>106</height>
                        <textcolor>Dark1</textcolor>
                        <font>Tiny</font>
                        <align>center</align>
                        <autoscroll>false</autoscroll>
                        <label>$INFO[ListItem.Label]</label>
                    </control>
                </focusedlayout>
            </control>
            <include>Furniture_Scrollbar</include>
        </control>
    </include>
</includes>
