<?xml version="1.0" encoding="UTF-8"?>
<!-- Foundation -->
<includes>

    <include name="DoubleView511">
        <control type="panel" id="511">
            <animation effect="slide" start="0,0" end="1040,0" time="200" condition="Skin.HasSetting(flip511rightleft)">Conditional</animation>
            <visible>String.Contains(Container.FolderPath,plugin://plugin.program.advanced.launcher/,left) | Container.Content(musicvideos) | Container.Content(movies) | Container.Content(tvshows) | Container.Content(seasons) | Container.Content(sets) | Container.Content(videos)</visible>
            <top>304</top>
            <left>70</left>
            <width>922</width>
            <height>572</height>
            <onleft condition="!Skin.HasSetting(global.kioskmode)">9000</onleft>
            <onright>1691</onright>
            <orientation>vertical</orientation>
            <preloaditems>2</preloaditems>
            <pagecontrol>1691</pagecontrol>
            <viewtype label="31081">list</viewtype>
            <include>ScrolltimeViewsList</include>
            <itemlayout height="286" width="185">
                <control type="group">
                    <height>275</height>
                    <include content="include.widget.poster">
                        <param name="id" value="511"/>
                        <param name="indicatorbackground" value="true"/>
                        <param name="height" value="275"/>
                    </include>
                </control>
            </itemlayout>
            <focusedlayout height="286" width="185">
                <control type="group">
                    <height>275</height>
                    <include content="include.widget.poster.focus">
                        <param name="id" value="511"/>
                        <param name="indicatorbackground" value="true"/>
                        <param name="height" value="275"/>
                        <param name="glow_height" value="269"/>
                    </include>
                </control>
            </focusedlayout>
        </control>
    </include>

    <include name="ListView511">
        <control type="panel" id="511">
            <animation effect="slide" start="0,0" end="1040,0" time="200" condition="Skin.HasSetting(flip511rightleft)">Conditional</animation>
            <visible>String.Contains(Container.FolderPath,plugin://plugin.program.advanced.launcher/,left) | Container.Content(musicvideos) | Container.Content(movies) | Container.Content(tvshows) | Container.Content(episodes) | Container.Content(seasons) | Container.Content(sets) | Container.Content(videos)</visible>
            <include content="forced_view" condition="Skin.HasSetting(enable.forcedviews)">
                <param name="string" value="$LOCALIZE[31081]" />
            </include>
            <top>314</top>
            <left>SidePad</left>
            <width>742</width>
            <height>548</height>
            <onleft condition="!Skin.HasSetting(global.kioskmode)">9000</onleft>
            <onright>1691</onright>
            <orientation>vertical</orientation>
            <preloaditems>2</preloaditems>
            <pagecontrol>1691</pagecontrol>
            <viewtype label="31081">list</viewtype>
            <include>ScrolltimeViewsList</include>
            <itemlayout condition="!Skin.HasSetting(511ListInfo)" width="720" height="67.5">
                <include>56itemlayout</include>
            </itemlayout>
            <focusedlayout condition="!Skin.HasSetting(511ListInfo)" width="720" height="67.5">
                <control type="group">
                    <include>56focuslayout</include>
                </control>
            </focusedlayout>
            <itemlayout condition="Skin.HasSetting(511ListInfo)" width="720" height="90">
                <include>56itemlayout_info</include>
            </itemlayout>
            <focusedlayout condition="Skin.HasSetting(511ListInfo)" width="720" height="90">
                <control type="group">
                    <include>56focuslayout_info</include>
                </control>
            </focusedlayout>
        </control>
    </include>

    <include name="View_511_Double">
        <description>List View (id=511)</description>
        <control type="group">
            <include>Animation.Common</include>
            <!--<include>JumpBarHorizontal</include>-->
            <include>ViewSlideForJumpBar</include>
            <visible>Control.IsVisible(511)</visible>
            <control type="group">
                <width>1920</width>
                <left>0</left>
                <top>-50</top>
                <animation effect="slide" start="0,0" end="0,-20" time="200" condition="Skin.HasSetting(ShowClearart511)">Conditional</animation>
                <control type="image" description="clearlogo">
                    <visible>Skin.HasSetting(ShowClearart511) + $EXP[TitleClearlogoAvailable]</visible>
                    <top>255</top>
                    <height>102</height>
                    <centerleft>50%</centerleft>
                    <aspectratio scalediffuse="true" align="center">keep</aspectratio>
                    <texture background="true">$VAR[ClearLogoTopVar]</texture>
                    <fadetime>ClearArtFadetime</fadetime>
                </control>
                <control type="label">
                    <visible>!Skin.HasSetting(ShowClearart511) | [Skin.HasSetting(ShowClearart511) + !$EXP[TitleClearlogoAvailable]]</visible>
                    <top>260</top>
                    <align>center</align>
                    <description>Header Label</description>
                    <textcolor>Dark1</textcolor>
                    <font>SmallBold</font>
                    <label fallback="19055">$INFO[ListItem.Title]</label>
                </control>
            </control>
            <control type="group">
                <animation effect="slide" start="0,0" end="-737,0" time="200" condition="Skin.HasSetting(flip511rightleft)">Conditional</animation>
                <visible>!Skin.HasSetting(FullscreenFanart511) + !Skin.HasSetting(511fanartposter)</visible>
                <width>638</width>
                <height>540</height>
                <top>305</top>
                <right>82</right>
                <animation effect="slide" start="0,0" end="-380,0" time="200" condition="Skin.HasSetting(Flip511)">Conditional</animation>
                <control type="image">
                    <left>-10</left>
                    <top>3</top>
                    <width>658</width>
                    <height>375</height>
                    <texture border="10">common/$VAR[nofocus-shadow10]</texture>
                </control>
                <control type="image">
                    <width>639</width>
                    <height>359</height>
                    <top>10</top>
                    <texture colordiffuse="Fallback" border="4" background="true">common/diffuse_box.png</texture>
                </control>
                <control type="image">
                    <width>639</width>
                    <height>359</height>
                    <top>10</top>
                    <fadetime>PosterFanartFadetime</fadetime>
                    <aspectratio aligny="center" align="center" scalediffuse="false">scale</aspectratio>
                    <texture diffuse="diffuse/widgetfanart_new.png" background="true">$VAR[FanartImageFanart]</texture>
                </control>
                <control type="image">
                    <left>-1</left>
                    <top>9</top>
                    <width>641</width>
                    <height>361</height>
                    <texture colordiffuse="Box2" border="4" background="true">common/box21.png</texture>
                    <visible>!Skin.HasSetting(thumbnails.white)</visible>
                </control>
                <control type="label">
                    <visible>!String.IsEqual(ListItem.Label,..)</visible>
                    <top>387</top>
                    <left>5</left>
                    <height>36</height>
                    <font>Tiny</font>
                    <textcolor>Dark1</textcolor>
                    <label>$VAR[LabelGenre]</label>
                </control>
                <control type="textbox">
                    <top>436</top>
                    <bottom>0</bottom>
                    <left>5</left>
                    <right>5</right>
                    <font>Tiny</font>
                    <textcolor>Dark2</textcolor>
                    <selectedcolor>Dark2</selectedcolor>
                    <label>$INFO[ListItem.Plot]</label>
                    <align>justify</align>
                </control>
            </control>
            <control type="group">
                <animation effect="slide" start="0,0" end="-740,0" time="200" condition="Skin.HasSetting(flip511rightleft)">Conditional</animation>
                <visible>Skin.HasSetting(511fanartposter)</visible>
                <width>638</width>
                <height>545</height>
                <top>305</top>
                <right>162</right>
                <control type="group">
                    <animation effect="slide" start="0,0" end="-296,0" time="200" condition="Skin.HasSetting(Flip511)">Conditional</animation>
                    <control type="image">
                        <left>-10</left>
                        <top>1</top>
                        <width>738</width>
                        <height>421</height>
                        <texture border="10">common/$VAR[nofocus-shadow10]</texture>
                    </control>
                    <control type="image">
                        <width>720</width>
                        <height>404</height>
                        <top>10</top>
                        <texture colordiffuse="Fallback" border="4" background="true">common/diffuse_box.png</texture>
                    </control>
                    <control type="image">
                        <width>720</width>
                        <height>404</height>
                        <top>10</top>
                        <fadetime>PosterFanartFadetime</fadetime>
                        <aspectratio aligny="center" align="center" scalediffuse="false">scale</aspectratio>
                        <texture diffuse="diffuse/widgetfanart_new.png" background="true">$VAR[FanartImageFanart]</texture>
                    </control>
                    <control type="image">
                        <left>-1</left>
                        <top>9</top>
                        <width>722</width>
                        <height>406</height>
                        <texture colordiffuse="Box2" border="4" background="true">common/box21.png</texture>
                        <visible>!Skin.HasSetting(thumbnails.white)</visible>
                    </control>
                </control>
            </control>
            <control type="group">
                <animation effect="slide" start="0,0" end="-740,0" time="200" condition="Skin.HasSetting(flip511rightleft)">Conditional</animation>
                <visible>Skin.HasSetting(511fanartposter)</visible>
                <top>315</top>
                <left>823</left>
                <animation effect="slide" start="0,0" end="743,0" time="200" condition="Skin.HasSetting(Flip511)">Conditional</animation>
                <control type="image">
                    <left>-9</left>
                    <top>-9</top>
                    <width>291</width>
                    <height>422</height>
                    <texture border="10">common/$VAR[nofocus-shadow10]</texture>
                </control>
                <control type="image">
                    <width>273</width>
                    <height>404</height>
                    <texture colordiffuse="Fallback" border="4" background="true">common/box.png</texture>
                </control>
                <control type="image">
                    <left>-1</left>
                    <top>-1</top>
                    <width>275</width>
                    <height>406</height>
                    <texture colordiffuse="Box2" border="4" background="true">common/box21.png</texture>
                    <visible>!Skin.HasSetting(thumbnails.white)</visible>
                </control>
                <control type="image">
                    <width>273</width>
                    <height>404</height>
                    <fadetime>PosterFanartFadetime</fadetime>
                    <aspectratio aligny="center" align="center" scalediffuse="false">scale</aspectratio>
                    <texture diffuse="diffuse/listposter.png" background="true">$VAR[PosterImage]</texture>
                </control>
            </control>
            <control type="group">
                <animation effect="slide" start="0,0" end="-740,0" time="200" condition="Skin.HasSetting(flip511rightleft)">Conditional</animation>
                <visible>Skin.HasSetting(511fanartposter)</visible>
                <top>315</top>
                <left>821</left>
                <right>SidePad</right>
                <bottom>230</bottom>
                <control type="label">
                    <visible>!String.IsEqual(ListItem.Label,..)</visible>
                    <top>425</top>
                    <left>5</left>
                    <height>36</height>
                    <font>Tiny</font>
                    <textcolor>Dark1</textcolor>
                    <label>$VAR[LabelGenre]</label>
                </control>
                <control type="textbox">
                    <top>470</top>
                    <left>5</left>
                    <right>5</right>
                    <font>Tiny</font>
                    <textcolor>Dark2</textcolor>
                    <selectedcolor>Dark2</selectedcolor>
                    <label>$INFO[ListItem.Plot]</label>
                    <align>justify</align>
                </control>
            </control>
            <control type="group">
                <animation effect="slide" start="0,0" end="-736,0" time="200" condition="Skin.HasSetting(flip511rightleft)">Conditional</animation>
                <visible>!Skin.HasSetting(FullscreenFanart511) + !Skin.HasSetting(511fanartposter)</visible>
                <top>315</top>
                <left>818</left>
                <animation effect="slide" start="0,0" end="659,0" time="200" condition="Skin.HasSetting(Flip511)">Conditional</animation>
                <control type="image">
                    <left>-9</left>
                    <top>-9</top>
                    <width>382</width>
                    <height>557</height>
                    <texture border="10">common/$VAR[nofocus-shadow10]</texture>
                </control>
                <control type="image">
                    <width>363</width>
                    <height>539</height>
                    <texture colordiffuse="Fallback" border="4" background="true">common/box.png</texture>
                </control>
                <control type="image">
                    <width>363</width>
                    <height>539</height>
                    <fadetime>PosterFanartFadetime</fadetime>
                    <aspectratio aligny="center" align="center" scalediffuse="false">scale</aspectratio>
                    <texture diffuse="diffuse/listposter.png" background="true">$VAR[PosterImage]</texture>
                </control>
                <control type="image">
                    <left>-1</left>
                    <top>-1</top>
                    <width>365</width>
                    <height>541</height>
                    <texture colordiffuse="Box2" border="4" background="true">common/box21.png</texture>
                    <visible>!Skin.HasSetting(thumbnails.white)</visible>
                </control>
            </control>
            <control type="group">
                <animation effect="slide" start="0,0" end="-740,0" time="200" condition="Skin.HasSetting(flip511rightleft)">Conditional</animation>
                <visible>Skin.HasSetting(FullscreenFanart511) + !Skin.HasSetting(511fanartposter)</visible>
                <top>305</top>
                <left>818</left>
                <control type="image">
                    <left>-10</left>
                    <top>1</top>
                    <width>1041</width>
                    <height>557</height>
                    <texture border="10">common/$VAR[nofocus-shadow10]</texture>
                </control>
                <control type="image">
                    <width>1022</width>
                    <height>538</height>
                    <top>10</top>
                    <texture colordiffuse="Fallback" border="4" background="true">common/box.png</texture>
                </control>
                <control type="image">
                    <width>1022</width>
                    <height>538</height>
                    <top>10</top>
                    <fadetime>PosterFanartFadetime</fadetime>
                    <aspectratio aligny="center" align="center" scalediffuse="false">scale</aspectratio>
                    <texture diffuse="diffuse/widgetfanart_new.png" background="true">$VAR[FanartImageFanart]</texture>
                </control>
                <control type="image">
                    <left>-1</left>
                    <top>9</top>
                    <width>1024</width>
                    <height>540</height>
                    <texture colordiffuse="Box2" border="4" background="true">common/box21.png</texture>
                    <visible>!Skin.HasSetting(thumbnails.white)</visible>
                </control>
                <control type="image" description="clearlogo">
                    <visible>!Skin.HasSetting(ShowClearartFanart511)</visible>
                    <right>100</right>
                    <bottom>250</bottom>
                    <height>102</height>
                    <fadetime>ClearArtFadetime</fadetime>
                    <aspectratio aligny="bottom" align="right">keep</aspectratio>
                    <texture background="true">$VAR[ClearLogoTopVar]</texture>
                </control>
            </control>
            <include condition="Skin.HasSetting(ListView511)">ListView511</include>
            <include condition="!Skin.HasSetting(ListView511)">DoubleView511</include>
            <control type="scrollbar" id="1691">
                <include content="scrollbar_vertical">
                    <param name="scrollid" value="1691"/>
                    <param name="posy" value="315"/>
                    <param name="height" value="534"/>
                </include>
            </control>
        </control>
    </include>
</includes>
