<?xml version='1.0' encoding='UTF-8'?>
<shortcuts>
	<shortcut>
		<defaultID>16101</defaultID>
		<label>16101</label>
		<label2/>
		<icon/>
		<thumb/>
		<action>ActivateWindow(Videos,special://skin/extras/Unwatched.xsp,return)</action>
	</shortcut>
	<shortcut>
		<defaultID>575</defaultID>
		<label>575</label>
		<label2/>
		<icon/>
		<thumb/>
		<action>ActivateWindow(Videos,special://skin/extras/InProgress.xsp,return)</action>
	</shortcut>
	<shortcut>
		<defaultID>31328</defaultID>
		<label>31328</label>
		<label2/>
		<icon/>
		<thumb/>
		<action>ActivateWindow(Videos,library://video/movies/recentlyaddedmovies.xml,return)</action>
	</shortcut>
	<shortcut>
		<defaultID>20434</defaultID>
		<label>20434</label>
		<label2/>
		<icon/>
		<thumb/>
		<action>ActivateWindow(Videos,library://video/movies/sets.xml,return)</action>
	</shortcut>
	<shortcut>
		<defaultID>135</defaultID>
		<label>135</label>
		<label2/>
		<icon/>
		<thumb/>
		<action>ActivateWindow(Videos,library://video/movies/genres.xml,return)</action>
	</shortcut>
	<shortcut>
		<defaultID>652</defaultID>
		<label>652</label>
		<label2/>
		<icon/>
		<thumb/>
		<action>ActivateWindow(Videos,library://video/movies/years.xml,return)</action>
	</shortcut>
	<shortcut>
		<defaultID>344</defaultID>
		<label>344</label>
		<label2/>
		<icon/>
		<thumb/>
		<action>ActivateWindow(Videos,library://video/movies/actors.xml,return)</action>
	</shortcut>
	<shortcut>
		<defaultID>20459</defaultID>
		<label>20459</label>
		<label2/>
		<icon/>
		<thumb/>
		<action>ActivateWindow(Videos,library://video/movies/tags.xml,return)</action>
	</shortcut>
	<shortcut>
		<defaultID>653</defaultID>
		<label>653</label>
		<label2/>
		<icon/>
		<thumb/>
		<action>UpdateLibrary(video,,true)</action>
	</shortcut>
	<shortcut>
		<defaultID>14247</defaultID>
		<label>14247</label>
		<label2/>
		<icon/>
		<thumb/>
		<action>CleanLibrary(video,true)</action>
	</shortcut>
</shortcuts>