<?xml version='1.0' encoding='UTF-8'?>
<shortcuts>
	<shortcut>
		<defaultID>133</defaultID>
		<label>133</label>
		<label2 />
		<icon />
		<thumb />
		<action>ActivateWindow(Videos,videodb://musicvideos/artists/,return)</action>
	</shortcut>
	<shortcut>
		<defaultID>132</defaultID>
		<label>132</label>
		<label2 />
		<icon />
		<thumb />
		<action>ActivateWindow(Videos,videodb://musicvideos/albums/,return)</action>
	</shortcut>
	<shortcut>
		<defaultID>10024</defaultID>
		<label>10024</label>
		<label2 />
		<icon />
		<thumb />
		<action>ActivateWindow(Videos,videodb://musicvideos/titles/,return)</action>
	</shortcut>
	<shortcut>
		<defaultID>135</defaultID>
		<label>135</label>
		<label2 />
		<icon />
		<thumb />
		<action>ActivateWindow(Videos,videodb://musicvideos/genres/,return)</action>
	</shortcut>
	<shortcut>
		<defaultID>589</defaultID>
		<label>589</label>
		<label2 />
		<icon />
		<thumb />
		<action>PlayerControl(Partymode(video))</action>
	</shortcut>
	<shortcut>
		<defaultID>31328</defaultID>
		<label>31328</label>
		<label2 />
		<icon />
		<thumb />
		<action>ActivateWindow(Videos,videodb://recentlyaddedmusicvideos/,return)</action>
	</shortcut>
	<shortcut>
		<defaultID>652</defaultID>
		<label>652</label>
		<label2 />
		<icon />
		<thumb />
		<action>ActivateWindow(Videos,videodb://musicvideos/years/,return)</action>
	</shortcut>
	<shortcut>
		<defaultID>20459</defaultID>
		<label>20459</label>
		<label2 />
		<icon />
		<thumb />
		<action>ActivateWindow(Videos,videodb://musicvideos/tags/,return)</action>
	</shortcut>
	<shortcut>
		<defaultID>590</defaultID>
		<label>590</label>
		<label2 />
		<icon />
		<thumb />
		<action>ActivateWindow(Videos,special://skin/extras/playlists/random_musicvideos.xsp)</action>
	</shortcut>
</shortcuts>