<?xml version="1.0" encoding="UTF-8"?>
<window>
    <onload>SetProperty(SkinInitStarted,1,home)</onload>
    <onload>ClearProperty(SkinSplashStarted,home)</onload>
    <onload>Skin.SetBool(TMDbHelper.Service)</onload>

    <!-- Skin Init -->
    <onload condition="String.IsEmpty(Skin.String(focuscolor.name))">Skin.SetString(focuscolor.name,ff0091ea)</onload>
    <onload condition="String.IsEmpty(Skin.String(gradientcolor.name))">Skin.SetString(gradientcolor.name,ff00bfa5)</onload>
    <onload condition="!Skin.HasSetting(SkinInit)">Skin.SetString(weather.icons.path,resource://resource.images.weathericons.outline-hd/)</onload>
    <onload condition="!Skin.HasSetting(SkinInit)">Skin.SetBool(SubmenuOnly)</onload>
    <onload condition="!Skin.HasSetting(SkinInit)">Skin.SetString(widgetPath,special://skin/extras/playlists/RandomMovies.xsp)</onload>
    <onload condition="!Skin.HasSetting(SkinInit)">Skin.SetString(widgetTarget,videos)</onload>
    <onload condition="!Skin.HasSetting(SkinInit)">Skin.SetBool(SkinInit)</onload>


    <onload condition="!String.IsEmpty(Skin.String(StartupPlaylist))">ReplaceWindow(1113)</onload>
    <onload condition="String.IsEmpty(Skin.String(StartupPlaylist))">ReplaceWindow($INFO[System.StartupWindow])</onload>
    <controls />
</window>
